Installing toolchain llvm...
Installing LLVM stage-1 build in /tmp/tmp.R4DfmRPr45/llvm.
Configured C compiler: /home/tim911004/miniconda3/envs/cuda-quantum/bin/x86_64-conda-linux-gnu-gcc
Configured C++ compiler: /home/tim911004/miniconda3/envs/cuda-quantum/bin/x86_64-conda-linux-gnu-g++
Cloning LLVM submodule...
fatal: destination path '/home/tim911004/.llvm-project' already exists and is not an empty directory.
HEAD is now at 7cbf1a2591 [lld][WebAssembly] Fix stub library parsing with windows line endings
M	compiler-rt/cmake/Modules/CompilerRTUtils.cmake
M	llvm/include/llvm/ExecutionEngine/SectionMemoryManager.h
M	llvm/lib/ExecutionEngine/SectionMemoryManager.cpp
M	llvm/unittests/ExecutionEngine/MCJIT/MCJITMemoryManagerTest.cpp
M	mlir/lib/Transforms/Utils/RegionUtils.cpp
Applying LLVM patches in /home/tim911004/cuda-quantum/scripts/../tpls/customizations/llvm...
Skipping /home/tim911004/cuda-quantum/scripts/../tpls/customizations/llvm/CompilerRTUtils.cmake.diff because it has already been applied.
Skipping /home/tim911004/cuda-quantum/scripts/../tpls/customizations/llvm/fix_region_simplification.diff because it has already been applied.
Skipping /home/tim911004/cuda-quantum/scripts/../tpls/customizations/llvm/llvm_pr71968_mod.diff because it has already been applied.
Preparing LLVM build...
- including runtime components
- including Clang components
- including LLD components
- including general tools and components
Using CMake cache in /home/tim911004/cuda-quantum/scripts/../cmake/caches/LLVM.cmake.
loading initial cache file custom_toolchain.cmake
-- Setting defaults to use LLVM runtimes.
CMake Deprecation Warning at /home/tim911004/.llvm-project/cmake/Modules/CMakePolicy.cmake:6 (cmake_policy):
  The OLD behavior for policy CMP0114 will be removed from a future version
  of CMake.

  The cmake-policies(7) manual explains that the OLD behaviors of all
  policies are deprecated and that a policy should be set to OLD only under
  specific short-term circumstances.  Projects should be ported to the NEW
  behavior and not rely on setting a policy to OLD.
Call Stack (most recent call first):
  CMakeLists.txt:13 (include)


CMake Deprecation Warning at /home/tim911004/.llvm-project/cmake/Modules/CMakePolicy.cmake:11 (cmake_policy):
  The OLD behavior for policy CMP0116 will be removed from a future version
  of CMake.

  The cmake-policies(7) manual explains that the OLD behaviors of all
  policies are deprecated and that a policy should be set to OLD only under
  specific short-term circumstances.  Projects should be ported to the NEW
  behavior and not rely on setting a policy to OLD.
Call Stack (most recent call first):
  CMakeLists.txt:13 (include)


-- The C compiler identification is GNU 11.4.0
-- The CXX compiler identification is GNU 11.4.0
-- The ASM compiler identification is GNU
-- Found assembler: /home/tim911004/miniconda3/envs/cuda-quantum/bin/x86_64-conda-linux-gnu-gcc
-- Detecting C compiler ABI info
-- Detecting C compiler ABI info - done
-- Check for working C compiler: /home/tim911004/miniconda3/envs/cuda-quantum/bin/x86_64-conda-linux-gnu-gcc - skipped
-- Detecting C compile features
-- Detecting C compile features - done
-- Detecting CXX compiler ABI info
-- Detecting CXX compiler ABI info - done
-- Check for working CXX compiler: /home/tim911004/miniconda3/envs/cuda-quantum/bin/x86_64-conda-linux-gnu-g++ - skipped
-- Detecting CXX compile features
-- Detecting CXX compile features - done
-- bolt project is disabled
-- clang project is enabled
-- clang-tools-extra project is disabled
-- compiler-rt project is disabled
-- cross-project-tests project is disabled
-- libc project is disabled
-- libclc project is disabled
-- lld project is enabled
-- lldb project is disabled
-- mlir project is disabled
-- openmp project is disabled
-- polly project is disabled
-- pstl project is disabled
-- flang project is disabled
-- Found Python3: /home/tim911004/miniconda3/bin/python3.12 (found suitable version "3.12.7", minimum required is "3.6") found components: Interpreter 
-- Performing Test CXX_COMPILER_SUPPORTS_STDLIB
-- Performing Test CXX_COMPILER_SUPPORTS_STDLIB - Failed
-- Performing Test CXX_LINKER_SUPPORTS_STDLIB
-- Performing Test CXX_LINKER_SUPPORTS_STDLIB - Failed
CMake Warning at cmake/modules/HandleLLVMStdlib.cmake:28 (message):
  Can't specify libc++ with '-stdlib='
Call Stack (most recent call first):
  cmake/config-ix.cmake:17 (include)
  CMakeLists.txt:848 (include)


-- Looking for dlfcn.h
-- Looking for dlfcn.h - found
-- Looking for errno.h
-- Looking for errno.h - found
-- Looking for fcntl.h
-- Looking for fcntl.h - found
-- Looking for link.h
-- Looking for link.h - found
-- Looking for malloc/malloc.h
-- Looking for malloc/malloc.h - not found
-- Looking for pthread.h
-- Looking for pthread.h - found
-- Looking for signal.h
-- Looking for signal.h - found
-- Looking for sys/ioctl.h
-- Looking for sys/ioctl.h - found
-- Looking for sys/mman.h
-- Looking for sys/mman.h - found
-- Looking for sys/param.h
-- Looking for sys/param.h - found
-- Looking for sys/resource.h
-- Looking for sys/resource.h - found
-- Looking for sys/stat.h
-- Looking for sys/stat.h - found
-- Looking for sys/time.h
-- Looking for sys/time.h - found
-- Looking for sys/types.h
-- Looking for sys/types.h - found
-- Looking for sysexits.h
-- Looking for sysexits.h - found
-- Looking for termios.h
-- Looking for termios.h - found
-- Looking for unistd.h
-- Looking for unistd.h - found
-- Looking for valgrind/valgrind.h
-- Looking for valgrind/valgrind.h - not found
-- Looking for fenv.h
-- Looking for fenv.h - found
-- Looking for FE_ALL_EXCEPT
-- Looking for FE_ALL_EXCEPT - found
-- Looking for FE_INEXACT
-- Looking for FE_INEXACT - found
-- Looking for mach/mach.h
-- Looking for mach/mach.h - not found
-- Looking for CrashReporterClient.h
-- Looking for CrashReporterClient.h - not found
-- Looking for linux/magic.h
-- Looking for linux/magic.h - found
-- Looking for pthread_create in pthread
-- Looking for pthread_create in pthread - found
-- Looking for pthread_rwlock_init in pthread
-- Looking for pthread_rwlock_init in pthread - found
-- Looking for pthread_mutex_lock in pthread
-- Looking for pthread_mutex_lock in pthread - found
-- Looking for dlopen in dl
-- Looking for dlopen in dl - found
-- Looking for clock_gettime in rt
-- Looking for clock_gettime in rt - found
-- Looking for pfm_initialize in pfm
-- Looking for pfm_initialize in pfm - not found
-- Performing Test CMAKE_HAVE_LIBC_PTHREAD
-- Performing Test CMAKE_HAVE_LIBC_PTHREAD - Failed
-- Looking for pthread_create in pthreads
-- Looking for pthread_create in pthreads - not found
-- Looking for pthread_create in pthread
-- Looking for pthread_create in pthread - found
-- Found Threads: TRUE  
-- Found ZLIB: /home/tim911004/miniconda3/envs/cuda-quantum/lib/libz.a (found version "1.3.1")  
-- Looking for compress2
-- Looking for compress2 - found
-- Found LibXml2: /home/tim911004/miniconda3/envs/cuda-quantum/lib/libxml2.so (found version "2.13.5") 
-- Looking for xmlReadMemory
-- Looking for xmlReadMemory - found
-- Could NOT find LibEdit (missing: LibEdit_INCLUDE_DIRS LibEdit_LIBRARIES) 
-- Performing Test Terminfo_LINKABLE
-- Performing Test Terminfo_LINKABLE - Success
-- Found Terminfo: /home/tim911004/miniconda3/envs/cuda-quantum/lib/libtinfo.so  
-- Looking for xar_open in xar
-- Looking for xar_open in xar - not found
-- Looking for arc4random
-- Looking for arc4random - not found
-- Looking for backtrace
-- Looking for backtrace - found
-- backtrace facility detected in default set of libraries
-- Found Backtrace: /home/tim911004/miniconda3/envs/cuda-quantum/x86_64-conda-linux-gnu/sysroot/usr/include  
-- Performing Test C_SUPPORTS_WERROR_UNGUARDED_AVAILABILITY_NEW
-- Performing Test C_SUPPORTS_WERROR_UNGUARDED_AVAILABILITY_NEW - Failed
-- Looking for __register_frame
-- Looking for __register_frame - found
-- Looking for __deregister_frame
-- Looking for __deregister_frame - found
-- Looking for __unw_add_dynamic_fde
-- Looking for __unw_add_dynamic_fde - not found
-- Looking for _Unwind_Backtrace
-- Looking for _Unwind_Backtrace - found
-- Looking for getpagesize
-- Looking for getpagesize - found
-- Looking for sysconf
-- Looking for sysconf - found
-- Looking for getrusage
-- Looking for getrusage - found
-- Looking for setrlimit
-- Looking for setrlimit - found
-- Looking for isatty
-- Looking for isatty - found
-- Looking for futimens
-- Looking for futimens - found
-- Looking for futimes
-- Looking for futimes - found
-- Looking for sigaltstack
-- Looking for sigaltstack - found
-- Looking for mallctl
-- Looking for mallctl - not found
-- Looking for mallinfo
-- Looking for mallinfo - found
-- Looking for mallinfo2
-- Looking for mallinfo2 - not found
-- Looking for malloc_zone_statistics
-- Looking for malloc_zone_statistics - not found
-- Looking for getrlimit
-- Looking for getrlimit - found
-- Looking for posix_spawn
-- Looking for posix_spawn - found
-- Looking for pread
-- Looking for pread - found
-- Looking for sbrk
-- Looking for sbrk - found
-- Looking for strerror
-- Looking for strerror - found
-- Looking for strerror_r
-- Looking for strerror_r - found
-- Looking for strerror_s
-- Looking for strerror_s - not found
-- Looking for setenv
-- Looking for setenv - found
-- Performing Test HAVE_STRUCT_STAT_ST_MTIMESPEC_TV_NSEC
-- Performing Test HAVE_STRUCT_STAT_ST_MTIMESPEC_TV_NSEC - Failed
-- Performing Test HAVE_STRUCT_STAT_ST_MTIM_TV_NSEC
-- Performing Test HAVE_STRUCT_STAT_ST_MTIM_TV_NSEC - Success
-- Looking for __GLIBC__
-- Looking for __GLIBC__ - found
-- Looking for pthread_getname_np
-- Looking for pthread_getname_np - found
-- Looking for pthread_setname_np
-- Looking for pthread_setname_np - found
-- Looking for dlopen
-- Looking for dlopen - found
-- Looking for dladdr
-- Looking for dladdr - found
-- Looking for proc_pid_rusage
-- Looking for proc_pid_rusage - not found
-- Performing Test HAVE_CXX_ATOMICS_WITHOUT_LIB
-- Performing Test HAVE_CXX_ATOMICS_WITHOUT_LIB - Success
-- Performing Test HAVE_CXX_ATOMICS64_WITHOUT_LIB
-- Performing Test HAVE_CXX_ATOMICS64_WITHOUT_LIB - Success
-- Performing Test LLVM_HAS_ATOMICS
-- Performing Test LLVM_HAS_ATOMICS - Success
-- Performing Test SUPPORTS_VARIADIC_MACROS_FLAG
-- Performing Test SUPPORTS_VARIADIC_MACROS_FLAG - Success
-- Performing Test SUPPORTS_GNU_ZERO_VARIADIC_MACRO_ARGUMENTS_FLAG
-- Performing Test SUPPORTS_GNU_ZERO_VARIADIC_MACRO_ARGUMENTS_FLAG - Failed
-- Performing Test HAS_MAYBE_UNINITIALIZED
-- Performing Test HAS_MAYBE_UNINITIALIZED - Success
-- Native target architecture is X86
-- Threads enabled.
-- Doxygen disabled.
-- Ninja version: 1.13.1
-- Could NOT find OCaml (missing: OCAMLFIND OCAML_VERSION OCAML_STDLIB_PATH) 
-- OCaml bindings disabled.
-- Could NOT find Python module pygments
-- Could NOT find Python module pygments.lexers.c_cpp
-- Found Python module yaml
-- LLVM host triple: x86_64-unknown-linux-gnu
-- LLVM default target triple: x86_64-unknown-linux-gnu
-- Performing Test C_SUPPORTS_FPIC
-- Performing Test C_SUPPORTS_FPIC - Success
-- Performing Test CXX_SUPPORTS_FPIC
-- Performing Test CXX_SUPPORTS_FPIC - Success
-- Building with -fPIC
-- Performing Test C_SUPPORTS_FNO_SEMANTIC_INTERPOSITION
-- Performing Test C_SUPPORTS_FNO_SEMANTIC_INTERPOSITION - Success
-- Performing Test CXX_SUPPORTS_FNO_SEMANTIC_INTERPOSITION
-- Performing Test CXX_SUPPORTS_FNO_SEMANTIC_INTERPOSITION - Success
-- Performing Test SUPPORTS_FVISIBILITY_INLINES_HIDDEN_FLAG
-- Performing Test SUPPORTS_FVISIBILITY_INLINES_HIDDEN_FLAG - Success
-- Performing Test C_SUPPORTS_WERROR_DATE_TIME
-- Performing Test C_SUPPORTS_WERROR_DATE_TIME - Success
-- Performing Test CXX_SUPPORTS_WERROR_DATE_TIME
-- Performing Test CXX_SUPPORTS_WERROR_DATE_TIME - Success
-- Performing Test CXX_SUPPORTS_WERROR_UNGUARDED_AVAILABILITY_NEW
-- Performing Test CXX_SUPPORTS_WERROR_UNGUARDED_AVAILABILITY_NEW - Failed
-- Performing Test CXX_SUPPORTS_MISSING_FIELD_INITIALIZERS_FLAG
-- Performing Test CXX_SUPPORTS_MISSING_FIELD_INITIALIZERS_FLAG - Success
-- Performing Test C_SUPPORTS_CXX98_COMPAT_EXTRA_SEMI_FLAG
-- Performing Test C_SUPPORTS_CXX98_COMPAT_EXTRA_SEMI_FLAG - Failed
-- Performing Test CXX_SUPPORTS_CXX98_COMPAT_EXTRA_SEMI_FLAG
-- Performing Test CXX_SUPPORTS_CXX98_COMPAT_EXTRA_SEMI_FLAG - Failed
-- Performing Test C_SUPPORTS_IMPLICIT_FALLTHROUGH_FLAG
-- Performing Test C_SUPPORTS_IMPLICIT_FALLTHROUGH_FLAG - Success
-- Performing Test CXX_SUPPORTS_IMPLICIT_FALLTHROUGH_FLAG
-- Performing Test CXX_SUPPORTS_IMPLICIT_FALLTHROUGH_FLAG - Success
-- Performing Test C_SUPPORTS_COVERED_SWITCH_DEFAULT_FLAG
-- Performing Test C_SUPPORTS_COVERED_SWITCH_DEFAULT_FLAG - Failed
-- Performing Test CXX_SUPPORTS_COVERED_SWITCH_DEFAULT_FLAG
-- Performing Test CXX_SUPPORTS_COVERED_SWITCH_DEFAULT_FLAG - Failed
-- Performing Test CXX_SUPPORTS_CLASS_MEMACCESS_FLAG
-- Performing Test CXX_SUPPORTS_CLASS_MEMACCESS_FLAG - Success
-- Performing Test CXX_SUPPORTS_REDUNDANT_MOVE_FLAG
-- Performing Test CXX_SUPPORTS_REDUNDANT_MOVE_FLAG - Success
-- Performing Test CXX_SUPPORTS_PESSIMIZING_MOVE_FLAG
-- Performing Test CXX_SUPPORTS_PESSIMIZING_MOVE_FLAG - Success
-- Performing Test CXX_SUPPORTS_NOEXCEPT_TYPE_FLAG
-- Performing Test CXX_SUPPORTS_NOEXCEPT_TYPE_FLAG - Success
-- Performing Test CXX_WONT_WARN_ON_FINAL_NONVIRTUALDTOR
-- Performing Test CXX_WONT_WARN_ON_FINAL_NONVIRTUALDTOR - Success
-- Performing Test CXX_SUPPORTS_SUGGEST_OVERRIDE_FLAG
-- Performing Test CXX_SUPPORTS_SUGGEST_OVERRIDE_FLAG - Success
-- Performing Test CXX_WSUGGEST_OVERRIDE_ALLOWS_ONLY_FINAL
-- Performing Test CXX_WSUGGEST_OVERRIDE_ALLOWS_ONLY_FINAL - Success
-- Performing Test C_WCOMMENT_ALLOWS_LINE_WRAP
-- Performing Test C_WCOMMENT_ALLOWS_LINE_WRAP - Failed
-- Performing Test C_SUPPORTS_STRING_CONVERSION_FLAG
-- Performing Test C_SUPPORTS_STRING_CONVERSION_FLAG - Failed
-- Performing Test CXX_SUPPORTS_STRING_CONVERSION_FLAG
-- Performing Test CXX_SUPPORTS_STRING_CONVERSION_FLAG - Failed
-- Performing Test CXX_SUPPORTS_MISLEADING_INDENTATION_FLAG
-- Performing Test CXX_SUPPORTS_MISLEADING_INDENTATION_FLAG - Success
-- Performing Test C_SUPPORTS_CTAD_MAYBE_UNSPPORTED_FLAG
-- Performing Test C_SUPPORTS_CTAD_MAYBE_UNSPPORTED_FLAG - Failed
-- Performing Test CXX_SUPPORTS_CTAD_MAYBE_UNSPPORTED_FLAG
-- Performing Test CXX_SUPPORTS_CTAD_MAYBE_UNSPPORTED_FLAG - Success
-- Performing Test LINKER_SUPPORTS_COLOR_DIAGNOSTICS
-- Performing Test LINKER_SUPPORTS_COLOR_DIAGNOSTICS - Failed
-- Performing Test C_SUPPORTS_FNO_FUNCTION_SECTIONS
-- Performing Test C_SUPPORTS_FNO_FUNCTION_SECTIONS - Success
-- Performing Test C_SUPPORTS_FFUNCTION_SECTIONS
-- Performing Test C_SUPPORTS_FFUNCTION_SECTIONS - Success
-- Performing Test CXX_SUPPORTS_FFUNCTION_SECTIONS
-- Performing Test CXX_SUPPORTS_FFUNCTION_SECTIONS - Success
-- Performing Test C_SUPPORTS_FDATA_SECTIONS
-- Performing Test C_SUPPORTS_FDATA_SECTIONS - Success
-- Performing Test CXX_SUPPORTS_FDATA_SECTIONS
-- Performing Test CXX_SUPPORTS_FDATA_SECTIONS - Success
-- Looking for os_signpost_interval_begin
-- Looking for os_signpost_interval_begin - not found
-- Linker detection: GNU ld
-- Setting native build dir to /home/tim911004/.llvm-project/stage1_build/NATIVE
-- Performing Test HAS_WERROR_GLOBAL_CTORS
-- Performing Test HAS_WERROR_GLOBAL_CTORS - Failed
-- Looking for __x86_64__
-- Looking for __x86_64__ - found
-- Found Git: /usr/bin/git (found version "2.43.7") 
-- Targeting AArch64
-- Targeting AMDGPU
-- Targeting ARM
-- Targeting AVR
-- Targeting BPF
-- Targeting Hexagon
-- Targeting Lanai
-- Targeting LoongArch
-- Targeting Mips
-- Targeting MSP430
-- Targeting NVPTX
-- Targeting PowerPC
-- Targeting RISCV
-- Targeting Sparc
-- Targeting SystemZ
-- Targeting VE
-- Targeting WebAssembly
-- Targeting X86
-- Targeting XCore
CMake Deprecation Warning at /home/tim911004/.llvm-project/cmake/Modules/CMakePolicy.cmake:6 (cmake_policy):
  The OLD behavior for policy CMP0114 will be removed from a future version
  of CMake.

  The cmake-policies(7) manual explains that the OLD behaviors of all
  policies are deprecated and that a policy should be set to OLD only under
  specific short-term circumstances.  Projects should be ported to the NEW
  behavior and not rely on setting a policy to OLD.
Call Stack (most recent call first):
  /home/tim911004/.llvm-project/clang/CMakeLists.txt:6 (include)


CMake Deprecation Warning at /home/tim911004/.llvm-project/cmake/Modules/CMakePolicy.cmake:11 (cmake_policy):
  The OLD behavior for policy CMP0116 will be removed from a future version
  of CMake.

  The cmake-policies(7) manual explains that the OLD behaviors of all
  policies are deprecated and that a policy should be set to OLD only under
  specific short-term circumstances.  Projects should be ported to the NEW
  behavior and not rely on setting a policy to OLD.
Call Stack (most recent call first):
  /home/tim911004/.llvm-project/clang/CMakeLists.txt:6 (include)


-- Looking for sys/resource.h
-- Looking for sys/resource.h - found
-- Clang version: 16.0.6
-- Performing Test CXX_SUPPORTS_NO_NESTED_ANON_TYPES_FLAG
-- Performing Test CXX_SUPPORTS_NO_NESTED_ANON_TYPES_FLAG - Failed
-- Looking for include file sys/inotify.h
-- Looking for include file sys/inotify.h - found
CMake Warning (dev) at /home/tim911004/.llvm-project/clang/tools/nvptx-arch/CMakeLists.txt:13 (find_package):
  Policy CMP0146 is not set: The FindCUDA module is removed.  Run "cmake
  --help-policy CMP0146" for policy details.  Use the cmake_policy command to
  set the policy and suppress this warning.

This warning is for project developers.  Use -Wno-dev to suppress it.

CMake Deprecation Warning at /home/tim911004/.llvm-project/cmake/Modules/CMakePolicy.cmake:6 (cmake_policy):
  The OLD behavior for policy CMP0114 will be removed from a future version
  of CMake.

  The cmake-policies(7) manual explains that the OLD behaviors of all
  policies are deprecated and that a policy should be set to OLD only under
  specific short-term circumstances.  Projects should be ported to the NEW
  behavior and not rely on setting a policy to OLD.
Call Stack (most recent call first):
  /home/tim911004/.llvm-project/lld/CMakeLists.txt:6 (include)


CMake Deprecation Warning at /home/tim911004/.llvm-project/cmake/Modules/CMakePolicy.cmake:11 (cmake_policy):
  The OLD behavior for policy CMP0116 will be removed from a future version
  of CMake.

  The cmake-policies(7) manual explains that the OLD behaviors of all
  policies are deprecated and that a policy should be set to OLD only under
  specific short-term circumstances.  Projects should be ported to the NEW
  behavior and not rely on setting a policy to OLD.
Call Stack (most recent call first):
  /home/tim911004/.llvm-project/lld/CMakeLists.txt:6 (include)


-- LLD version: 16.0.6
-- Registering ExampleIRTransforms as a pass plugin (static build: OFF)
-- Registering Bye as a pass plugin (static build: OFF)
-- Failed to find LLVM FileCheck
-- git version: v0.0.0-dirty normalized to 0.0.0
-- Version: 1.6.0
-- Looking for shm_open in rt
-- Looking for shm_open in rt - found
-- Performing Test HAVE_CXX_FLAG_STD_CXX11
-- Performing Test HAVE_CXX_FLAG_STD_CXX11 - Success
-- Performing Test HAVE_CXX_FLAG_WALL
-- Performing Test HAVE_CXX_FLAG_WALL - Success
-- Performing Test HAVE_CXX_FLAG_WEXTRA
-- Performing Test HAVE_CXX_FLAG_WEXTRA - Success
-- Performing Test HAVE_CXX_FLAG_WSHADOW
-- Performing Test HAVE_CXX_FLAG_WSHADOW - Success
-- Performing Test HAVE_CXX_FLAG_WSUGGEST_OVERRIDE
-- Performing Test HAVE_CXX_FLAG_WSUGGEST_OVERRIDE - Success
-- Performing Test HAVE_CXX_FLAG_PEDANTIC
-- Performing Test HAVE_CXX_FLAG_PEDANTIC - Success
-- Performing Test HAVE_CXX_FLAG_PEDANTIC_ERRORS
-- Performing Test HAVE_CXX_FLAG_PEDANTIC_ERRORS - Success
-- Performing Test HAVE_CXX_FLAG_WSHORTEN_64_TO_32
-- Performing Test HAVE_CXX_FLAG_WSHORTEN_64_TO_32 - Failed
-- Performing Test HAVE_CXX_FLAG_FSTRICT_ALIASING
-- Performing Test HAVE_CXX_FLAG_FSTRICT_ALIASING - Success
-- Performing Test HAVE_CXX_FLAG_WNO_DEPRECATED_DECLARATIONS
-- Performing Test HAVE_CXX_FLAG_WNO_DEPRECATED_DECLARATIONS - Success
-- Performing Test HAVE_CXX_FLAG_FNO_EXCEPTIONS
-- Performing Test HAVE_CXX_FLAG_FNO_EXCEPTIONS - Success
-- Performing Test HAVE_CXX_FLAG_WSTRICT_ALIASING
-- Performing Test HAVE_CXX_FLAG_WSTRICT_ALIASING - Success
-- Performing Test HAVE_CXX_FLAG_WD654
-- Performing Test HAVE_CXX_FLAG_WD654 - Failed
-- Performing Test HAVE_CXX_FLAG_WTHREAD_SAFETY
-- Performing Test HAVE_CXX_FLAG_WTHREAD_SAFETY - Failed
-- Performing Test HAVE_CXX_FLAG_COVERAGE
-- Performing Test HAVE_CXX_FLAG_COVERAGE - Success
-- Performing Test HAVE_GNU_POSIX_REGEX
-- Performing Test HAVE_GNU_POSIX_REGEX
-- Performing Test HAVE_GNU_POSIX_REGEX -- failed to compile
-- Performing Test HAVE_POSIX_REGEX
-- Performing Test HAVE_POSIX_REGEX
-- Performing Test HAVE_POSIX_REGEX -- success
-- Performing Test HAVE_STEADY_CLOCK
-- Performing Test HAVE_STEADY_CLOCK
-- Performing Test HAVE_STEADY_CLOCK -- success
-- Configuring done (25.4s)
-- Generating done (4.7s)
CMake Warning:
  Manually-specified variables were not used by the project:

    MLIR_ENABLE_BINDINGS_PYTHON


-- Build files have been written to: /home/tim911004/.llvm-project/stage1_build
Building LLVM with configuration Release...
[1/4598] Building CXX object lib/Support/CMakeFiles/LLVMSupport.dir/ABIBreak.cpp.o
[2/4598] Building CXX object lib/Demangle/CMakeFiles/LLVMDemangle.dir/Demangle.cpp.o
[3/4598] Building CXX object lib/Demangle/CMakeFiles/LLVMDemangle.dir/DLangDemangle.cpp.o
[4/4598] Building CXX object lib/Support/CMakeFiles/LLVMSupport.dir/AddressRanges.cpp.o
[5/4598] Building CXX object lib/Demangle/CMakeFiles/LLVMDemangle.dir/MicrosoftDemangleNodes.cpp.o
[6/4598] Building CXX object lib/Demangle/CMakeFiles/LLVMDemangle.dir/RustDemangle.cpp.o
[7/4598] Building CXX object lib/Support/CMakeFiles/LLVMSupport.dir/APSInt.cpp.o
[8/4598] Building CXX object lib/Support/CMakeFiles/LLVMSupport.dir/ARMBuildAttrs.cpp.o
[9/4598] Building CXX object lib/Support/CMakeFiles/LLVMSupport.dir/AutoConvert.cpp.o
[10/4598] Building CXX object lib/Demangle/CMakeFiles/LLVMDemangle.dir/MicrosoftDemangle.cpp.o
[11/4598] Building CXX object lib/Support/CMakeFiles/LLVMSupport.dir/AMDGPUMetadata.cpp.o
[12/4598] Building CXX object lib/Support/CMakeFiles/LLVMSupport.dir/ARMWinEH.cpp.o
[13/4598] Building CXX object lib/Support/CMakeFiles/LLVMSupport.dir/Allocator.cpp.o
[14/4598] Building CXX object lib/Support/CMakeFiles/LLVMSupport.dir/APFixedPoint.cpp.o
[15/4598] Building CXX object lib/Support/CMakeFiles/LLVMSupport.dir/Base64.cpp.o
[16/4598] Building CXX object lib/Support/CMakeFiles/LLVMSupport.dir/BinaryStreamError.cpp.o
[17/4598] Building CXX object lib/Support/CMakeFiles/LLVMSupport.dir/ARMAttributeParser.cpp.o
[18/4598] Building CXX object lib/Support/CMakeFiles/LLVMSupport.dir/BlockFrequency.cpp.o
[19/4598] Building CXX object lib/Support/CMakeFiles/LLVMSupport.dir/BuryPointer.cpp.o
[20/4598] Building CXX object lib/Support/CMakeFiles/LLVMSupport.dir/BinaryStreamReader.cpp.o
[21/4598] Building CXX object lib/Support/CMakeFiles/LLVMSupport.dir/APInt.cpp.o
[22/4598] Building CXX object lib/Support/CMakeFiles/LLVMSupport.dir/BinaryStreamRef.cpp.o
[23/4598] Building CXX object lib/Support/CMakeFiles/LLVMSupport.dir/COM.cpp.o
[24/4598] Building CXX object lib/Support/CMakeFiles/LLVMSupport.dir/BranchProbability.cpp.o
[25/4598] Building CXX object lib/Demangle/CMakeFiles/LLVMDemangle.dir/ItaniumDemangle.cpp.o
[26/4598] Linking CXX static library lib/libLLVMDemangle.a
[27/4598] Building CXX object lib/Support/CMakeFiles/LLVMSupport.dir/BinaryStreamWriter.cpp.o
[28/4598] Building CXX object lib/Support/CMakeFiles/LLVMSupport.dir/APFloat.cpp.o
[29/4598] Building CXX object lib/Support/CMakeFiles/LLVMSupport.dir/circular_raw_ostream.cpp.o
[30/4598] Building CXX object lib/Support/CMakeFiles/LLVMSupport.dir/Chrono.cpp.o
[31/4598] Building CXX object lib/Support/CMakeFiles/LLVMSupport.dir/ConvertUTF.cpp.o
[32/4598] Building CXX object lib/Support/CMakeFiles/LLVMSupport.dir/CRC.cpp.o
[33/4598] Building CXX object lib/Support/CMakeFiles/LLVMSupport.dir/CachePruning.cpp.o
[34/4598] Building CXX object lib/Support/CMakeFiles/LLVMSupport.dir/Compression.cpp.o
[35/4598] Building CXX object lib/Support/CMakeFiles/LLVMSupport.dir/ConvertUTFWrapper.cpp.o
[36/4598] Building CXX object lib/Support/CMakeFiles/LLVMSupport.dir/CrashRecoveryContext.cpp.o
[37/4598] Building CXX object lib/Support/CMakeFiles/LLVMSupport.dir/CSKYAttributes.cpp.o
[38/4598] Building CXX object lib/Support/CMakeFiles/LLVMSupport.dir/Caching.cpp.o
[39/4598] Building CXX object lib/Support/CMakeFiles/LLVMSupport.dir/DivisionByConstantInfo.cpp.o
[40/4598] Building CXX object lib/Support/CMakeFiles/LLVMSupport.dir/CodeGenCoverage.cpp.o
[41/4598] Building CXX object lib/Support/CMakeFiles/LLVMSupport.dir/CSKYAttributeParser.cpp.o
[42/4598] Building CXX object lib/Support/CMakeFiles/LLVMSupport.dir/DataExtractor.cpp.o
[43/4598] Building CXX object lib/Support/CMakeFiles/LLVMSupport.dir/DJB.cpp.o
[44/4598] Building CXX object lib/Support/CMakeFiles/LLVMSupport.dir/ExtensibleRTTI.cpp.o
[45/4598] Building CXX object lib/Support/CMakeFiles/LLVMSupport.dir/DeltaAlgorithm.cpp.o
[46/4598] Building CXX object lib/Support/CMakeFiles/LLVMSupport.dir/Debug.cpp.o
[47/4598] Building CXX object lib/Support/CMakeFiles/LLVMSupport.dir/ELFAttributes.cpp.o
[48/4598] Building CXX object lib/Support/CMakeFiles/LLVMSupport.dir/DebugCounter.cpp.o
[49/4598] Building CXX object lib/Support/CMakeFiles/LLVMSupport.dir/DAGDeltaAlgorithm.cpp.o
[50/4598] Building CXX object lib/Support/CMakeFiles/LLVMSupport.dir/Error.cpp.o
[51/4598] Building CXX object lib/Support/CMakeFiles/LLVMSupport.dir/ErrorHandling.cpp.o
[52/4598] Building CXX object lib/Support/CMakeFiles/LLVMSupport.dir/FoldingSet.cpp.o
[53/4598] Building CXX object lib/Support/CMakeFiles/LLVMSupport.dir/ELFAttributeParser.cpp.o
[54/4598] Building CXX object lib/Support/CMakeFiles/LLVMSupport.dir/FormattedStream.cpp.o
[55/4598] Building CXX object lib/Support/CMakeFiles/LLVMSupport.dir/FormatVariadic.cpp.o
[56/4598] Building CXX object lib/Support/CMakeFiles/LLVMSupport.dir/FileCollector.cpp.o
[57/4598] Building CXX object lib/Support/CMakeFiles/LLVMSupport.dir/FileUtilities.cpp.o
[58/4598] Building CXX object lib/Support/CMakeFiles/LLVMSupport.dir/FileOutputBuffer.cpp.o
[59/4598] Building CXX object lib/Support/CMakeFiles/LLVMSupport.dir/Hashing.cpp.o
[60/4598] Building CXX object lib/Support/CMakeFiles/LLVMSupport.dir/InitLLVM.cpp.o
[61/4598] Building CXX object lib/Support/CMakeFiles/LLVMSupport.dir/InstructionCost.cpp.o
[62/4598] Building CXX object lib/Support/CMakeFiles/LLVMSupport.dir/IntEqClasses.cpp.o
[63/4598] Building CXX object lib/Support/CMakeFiles/LLVMSupport.dir/GlobPattern.cpp.o
[64/4598] Building CXX object lib/Support/CMakeFiles/LLVMSupport.dir/IntervalMap.cpp.o
[65/4598] Building CXX object lib/Support/CMakeFiles/LLVMSupport.dir/GraphWriter.cpp.o
[66/4598] Building CXX object lib/Support/CMakeFiles/LLVMSupport.dir/LEB128.cpp.o
[67/4598] Building CXX object lib/Support/CMakeFiles/LLVMSupport.dir/CommandLine.cpp.o
[68/4598] Building CXX object lib/Support/CMakeFiles/LLVMSupport.dir/MemAlloc.cpp.o
[69/4598] Building CXX object lib/Support/CMakeFiles/LLVMSupport.dir/LineIterator.cpp.o
[70/4598] Building CXX object lib/Support/CMakeFiles/LLVMSupport.dir/Locale.cpp.o
[71/4598] Building CXX object lib/Support/CMakeFiles/LLVMSupport.dir/MathExtras.cpp.o
[72/4598] Building CXX object lib/Support/CMakeFiles/LLVMSupport.dir/LowLevelType.cpp.o
[73/4598] Building CXX object lib/Support/CMakeFiles/LLVMSupport.dir/ManagedStatic.cpp.o
[74/4598] Building CXX object lib/Support/CMakeFiles/LLVMSupport.dir/KnownBits.cpp.o
[75/4598] Building CXX object lib/Support/CMakeFiles/LLVMSupport.dir/MemoryBufferRef.cpp.o
[76/4598] Building CXX object lib/Support/CMakeFiles/LLVMSupport.dir/MD5.cpp.o
[77/4598] Building CXX object lib/Support/CMakeFiles/LLVMSupport.dir/MSP430Attributes.cpp.o
[78/4598] Building CXX object lib/Support/CMakeFiles/LLVMSupport.dir/LockFileManager.cpp.o
[79/4598] Building CXX object lib/Support/CMakeFiles/LLVMSupport.dir/NativeFormatting.cpp.o
[80/4598] Building CXX object lib/Support/CMakeFiles/LLVMSupport.dir/MSP430AttributeParser.cpp.o
[81/4598] Building CXX object lib/Support/CMakeFiles/LLVMSupport.dir/Optional.cpp.o
[82/4598] Building CXX object lib/Support/CMakeFiles/LLVMSupport.dir/OptimizedStructLayout.cpp.o
[83/4598] Building CXX object lib/Support/CMakeFiles/LLVMSupport.dir/JSON.cpp.o
[84/4598] Building CXX object lib/Support/CMakeFiles/LLVMSupport.dir/MemoryBuffer.cpp.o
[85/4598] Building CXX object lib/Support/CMakeFiles/LLVMSupport.dir/PrettyStackTrace.cpp.o
[86/4598] Building CXX object lib/Support/CMakeFiles/LLVMSupport.dir/PluginLoader.cpp.o
[87/4598] Building CXX object lib/Support/CMakeFiles/LLVMSupport.dir/RISCVAttributes.cpp.o
[88/4598] Building CXX object lib/Support/CMakeFiles/LLVMSupport.dir/Regex.cpp.o
[89/4598] Building CXX object lib/Support/CMakeFiles/LLVMSupport.dir/RISCVAttributeParser.cpp.o
[90/4598] Building CXX object lib/Support/CMakeFiles/LLVMSupport.dir/Parallel.cpp.o
[91/4598] Building CXX object lib/Support/CMakeFiles/LLVMSupport.dir/RandomNumberGenerator.cpp.o
[92/4598] Building CXX object lib/Support/CMakeFiles/LLVMSupport.dir/ScaledNumber.cpp.o
[93/4598] Building CXX object lib/Support/CMakeFiles/LLVMSupport.dir/SHA1.cpp.o
[94/4598] Building CXX object lib/Support/CMakeFiles/LLVMSupport.dir/Signposts.cpp.o
[95/4598] Building CXX object lib/Support/CMakeFiles/LLVMSupport.dir/SmallPtrSet.cpp.o
[96/4598] Building CXX object lib/Support/CMakeFiles/LLVMSupport.dir/SHA256.cpp.o
[97/4598] Building CXX object lib/Support/CMakeFiles/LLVMSupport.dir/SmallVector.cpp.o
[98/4598] Building CXX object lib/Support/CMakeFiles/LLVMSupport.dir/StringExtras.cpp.o
[99/4598] Building CXX object lib/Support/CMakeFiles/LLVMSupport.dir/StringMap.cpp.o
[100/4598] Building CXX object lib/Support/CMakeFiles/LLVMSupport.dir/ScopedPrinter.cpp.o
[101/4598] Building CXX object lib/Support/CMakeFiles/LLVMSupport.dir/ItaniumManglingCanonicalizer.cpp.o
[102/4598] Building CXX object lib/Support/CMakeFiles/LLVMSupport.dir/SourceMgr.cpp.o
[103/4598] Building CXX object lib/Support/CMakeFiles/LLVMSupport.dir/StringSaver.cpp.o
[104/4598] Building CXX object lib/Support/CMakeFiles/LLVMSupport.dir/RISCVISAInfo.cpp.o
[105/4598] Building CXX object lib/Support/CMakeFiles/LLVMSupport.dir/Statistic.cpp.o
[106/4598] Building CXX object lib/Support/CMakeFiles/LLVMSupport.dir/SpecialCaseList.cpp.o
[107/4598] Building CXX object lib/Support/CMakeFiles/LLVMSupport.dir/SystemUtils.cpp.o
[108/4598] Building CXX object lib/Support/CMakeFiles/LLVMSupport.dir/StringRef.cpp.o
[109/4598] Building CXX object lib/Support/CMakeFiles/LLVMSupport.dir/SuffixTree.cpp.o
[110/4598] Building CXX object lib/Support/CMakeFiles/LLVMSupport.dir/SymbolRemappingReader.cpp.o
[111/4598] Building CXX object lib/Support/CMakeFiles/LLVMSupport.dir/TarWriter.cpp.o
[112/4598] Building CXX object lib/Support/CMakeFiles/LLVMSupport.dir/TrigramIndex.cpp.o
[113/4598] Building CXX object lib/Support/CMakeFiles/LLVMSupport.dir/ThreadPool.cpp.o
[114/4598] Building CXX object lib/Support/CMakeFiles/LLVMSupport.dir/ToolOutputFile.cpp.o
[115/4598] Building CXX object lib/Support/CMakeFiles/LLVMSupport.dir/Twine.cpp.o
[116/4598] Building CXX object lib/Support/CMakeFiles/LLVMSupport.dir/UnicodeNameToCodepointGenerated.cpp.o
[117/4598] Building CXX object lib/Support/CMakeFiles/LLVMSupport.dir/Unicode.cpp.o
[118/4598] Building CXX object lib/Support/CMakeFiles/LLVMSupport.dir/TypeSize.cpp.o
[119/4598] Building CXX object lib/Support/CMakeFiles/LLVMSupport.dir/UnicodeCaseFold.cpp.o
[120/4598] Building CXX object lib/Support/CMakeFiles/LLVMSupport.dir/VersionTuple.cpp.o
[121/4598] Building CXX object lib/Support/CMakeFiles/LLVMSupport.dir/TimeProfiler.cpp.o
[122/4598] Building C object lib/Support/CMakeFiles/LLVMSupport.dir/regerror.c.o
[123/4598] Building CXX object lib/Support/CMakeFiles/LLVMSupport.dir/raw_os_ostream.cpp.o
[124/4598] Building CXX object lib/Support/CMakeFiles/LLVMSupport.dir/UnicodeNameToCodepoint.cpp.o
[125/4598] Building C object lib/Support/CMakeFiles/LLVMSupport.dir/regfree.c.o
[126/4598] Building C object lib/Support/CMakeFiles/LLVMSupport.dir/regstrlcpy.c.o
[127/4598] Building C object lib/Support/CMakeFiles/LLVMSupport.dir/regcomp.c.o
[128/4598] Building CXX object lib/Support/CMakeFiles/LLVMSupport.dir/Atomic.cpp.o
[129/4598] Building CXX object lib/Support/CMakeFiles/LLVMSupport.dir/Timer.cpp.o
[130/4598] Building CXX object lib/Support/CMakeFiles/LLVMSupport.dir/WithColor.cpp.o
[131/4598] Building C object lib/Support/CMakeFiles/LLVMSupport.dir/regexec.c.o
[132/4598] Building CXX object lib/Support/CMakeFiles/LLVMSupport.dir/Errno.cpp.o
[133/4598] Building CXX object lib/Support/CMakeFiles/LLVMSupport.dir/Z3Solver.cpp.o
[134/4598] Building CXX object lib/Support/CMakeFiles/LLVMSupport.dir/xxhash.cpp.o
[135/4598] Building CXX object lib/Support/CMakeFiles/LLVMSupport.dir/DynamicLibrary.cpp.o
[136/4598] Building CXX object lib/Support/CMakeFiles/LLVMSupport.dir/YAMLTraits.cpp.o
[137/4598] Building CXX object lib/Support/CMakeFiles/LLVMSupport.dir/raw_ostream.cpp.o
[138/4598] Building CXX object lib/Support/CMakeFiles/LLVMSupport.dir/Valgrind.cpp.o
[139/4598] Building CXX object lib/Support/CMakeFiles/LLVMSupport.dir/Memory.cpp.o
[140/4598] Building CXX object lib/Support/CMakeFiles/LLVMSupport.dir/Watchdog.cpp.o
[141/4598] Building CXX object lib/Support/CMakeFiles/LLVMSupport.dir/RWMutex.cpp.o
[142/4598] Building CXX object lib/Support/CMakeFiles/LLVMSupport.dir/Process.cpp.o
[143/4598] Building CXX object lib/Support/CMakeFiles/LLVMSupport.dir/YAMLParser.cpp.o
[144/4598] Building ASM object lib/Support/BLAKE3/CMakeFiles/LLVMSupportBlake3.dir/blake3_sse2_x86-64_unix.S.o
[145/4598] Building ASM object lib/Support/BLAKE3/CMakeFiles/LLVMSupportBlake3.dir/blake3_sse41_x86-64_unix.S.o
[146/4598] Building C object lib/Support/BLAKE3/CMakeFiles/LLVMSupportBlake3.dir/blake3_dispatch.c.o
[147/4598] Building ASM object lib/Support/BLAKE3/CMakeFiles/LLVMSupportBlake3.dir/blake3_avx2_x86-64_unix.S.o
[148/4598] Building ASM object lib/Support/BLAKE3/CMakeFiles/LLVMSupportBlake3.dir/blake3_avx512_x86-64_unix.S.o
[149/4598] Building CXX object lib/Support/CMakeFiles/LLVMSupport.dir/Threading.cpp.o
[150/4598] Building C object lib/Support/BLAKE3/CMakeFiles/LLVMSupportBlake3.dir/blake3_portable.c.o
[151/4598] Building C object lib/Support/BLAKE3/CMakeFiles/LLVMSupportBlake3.dir/blake3.c.o
[152/4598] Building C object lib/Support/BLAKE3/CMakeFiles/LLVMSupportBlake3.dir/blake3_neon.c.o
[153/4598] Building CXX object lib/Support/CMakeFiles/LLVMSupport.dir/Program.cpp.o
[154/4598] Building CXX object lib/Support/CMakeFiles/LLVMSupport.dir/Signals.cpp.o
[155/4598] Building CXX object lib/Support/CMakeFiles/LLVMSupport.dir/Path.cpp.o
[156/4598] Building CXX object lib/TableGen/CMakeFiles/LLVMTableGen.dir/Error.cpp.o
[157/4598] Building CXX object lib/TableGen/CMakeFiles/LLVMTableGen.dir/DetailedRecordsBackend.cpp.o
[158/4598] Building CXX object lib/TableGen/CMakeFiles/LLVMTableGen.dir/Parser.cpp.o
[159/4598] Building CXX object lib/TableGen/CMakeFiles/LLVMTableGen.dir/TableGenBackend.cpp.o
[160/4598] Building CXX object lib/TableGen/CMakeFiles/LLVMTableGen.dir/TableGenBackendSkeleton.cpp.o
[161/4598] Building CXX object lib/TableGen/CMakeFiles/LLVMTableGen.dir/StringMatcher.cpp.o
[162/4598] Building CXX object lib/Support/CMakeFiles/LLVMSupport.dir/VirtualFileSystem.cpp.o
[163/4598] Building CXX object lib/TableGen/CMakeFiles/LLVMTableGen.dir/JSONBackend.cpp.o
[164/4598] Building CXX object lib/TableGen/CMakeFiles/LLVMTableGen.dir/Main.cpp.o
[165/4598] Linking CXX static library lib/libLLVMSupport.a
[166/4598] Building CXX object utils/TableGen/GlobalISel/CMakeFiles/LLVMTableGenGlobalISel.dir/GIMatchDagEdge.cpp.o
[167/4598] Building CXX object lib/TableGen/CMakeFiles/LLVMTableGen.dir/SetTheory.cpp.o
[168/4598] Building CXX object utils/TableGen/GlobalISel/CMakeFiles/LLVMTableGenGlobalISel.dir/CodeExpander.cpp.o
[169/4598] Building CXX object lib/TableGen/CMakeFiles/LLVMTableGen.dir/TGLexer.cpp.o
[170/4598] Creating /home/tim911004/.llvm-project/stage1_build/NATIVE...
[171/4598] Building CXX object utils/TableGen/GlobalISel/CMakeFiles/LLVMTableGenGlobalISel.dir/GIMatchDagOperands.cpp.o
[172/4598] Building CXX object utils/TableGen/GlobalISel/CMakeFiles/LLVMTableGenGlobalISel.dir/GIMatchDag.cpp.o
[173/4598] Building CXX object utils/TableGen/GlobalISel/CMakeFiles/LLVMTableGenGlobalISel.dir/GIMatchDagPredicateDependencyEdge.cpp.o
[174/4598] Building CXX object utils/TableGen/GlobalISel/CMakeFiles/LLVMTableGenGlobalISel.dir/GIMatchDagInstr.cpp.o
[175/4598] Building CXX object utils/TableGen/GlobalISel/CMakeFiles/LLVMTableGenGlobalISel.dir/GIMatchDagPredicate.cpp.o
[176/4598] Building CXX object utils/TableGen/CMakeFiles/llvm-tblgen.dir/Attributes.cpp.o
[177/4598] Building CXX object utils/TableGen/CMakeFiles/llvm-tblgen.dir/AsmWriterInst.cpp.o
[178/4598] Building CXX object lib/TableGen/CMakeFiles/LLVMTableGen.dir/Record.cpp.o
[179/4598] Building CXX object utils/TableGen/CMakeFiles/llvm-tblgen.dir/CodeEmitterGen.cpp.o
[180/4598] Building CXX object utils/TableGen/GlobalISel/CMakeFiles/LLVMTableGenGlobalISel.dir/GIMatchTree.cpp.o
[181/4598] Building CXX object utils/TableGen/CMakeFiles/llvm-tblgen.dir/CodeGenHwModes.cpp.o
[182/4598] Building CXX object lib/TableGen/CMakeFiles/LLVMTableGen.dir/TGParser.cpp.o
[183/4598] Linking CXX static library lib/libLLVMTableGen.a
[184/4598] Building CXX object utils/TableGen/CMakeFiles/llvm-tblgen.dir/CallingConvEmitter.cpp.o
[185/4598] Building CXX object utils/TableGen/CMakeFiles/llvm-tblgen.dir/AsmWriterEmitter.cpp.o
[186/4598] Building CXX object utils/TableGen/CMakeFiles/llvm-tblgen.dir/CodeGenInstruction.cpp.o
[187/4598] Building CXX object utils/TableGen/CMakeFiles/llvm-tblgen.dir/CodeGenMapTable.cpp.o
[188/4598] Building CXX object utils/TableGen/CMakeFiles/llvm-tblgen.dir/DAGISelEmitter.cpp.o
[189/4598] Building CXX object utils/TableGen/CMakeFiles/llvm-tblgen.dir/AsmMatcherEmitter.cpp.o
[190/4598] Building CXX object utils/TableGen/CMakeFiles/llvm-tblgen.dir/DAGISelMatcherEmitter.cpp.o
[191/4598] Building CXX object utils/TableGen/CMakeFiles/llvm-tblgen.dir/DAGISelMatcher.cpp.o
[192/4598] Building CXX object utils/TableGen/CMakeFiles/llvm-tblgen.dir/DAGISelMatcherOpt.cpp.o
[193/4598] Building CXX object utils/TableGen/CMakeFiles/llvm-tblgen.dir/DAGISelMatcherGen.cpp.o
[194/4598] Building CXX object utils/TableGen/CMakeFiles/llvm-tblgen.dir/CodeGenTarget.cpp.o
[195/4598] Building CXX object utils/TableGen/CMakeFiles/llvm-tblgen.dir/CodeGenDAGPatterns.cpp.o
[196/4598] Building CXX object utils/TableGen/CMakeFiles/llvm-tblgen.dir/DisassemblerEmitter.cpp.o
[197/4598] Building CXX object utils/TableGen/CMakeFiles/llvm-tblgen.dir/DFAEmitter.cpp.o
[198/4598] Building CXX object utils/TableGen/CMakeFiles/llvm-tblgen.dir/CodeGenSchedule.cpp.o
[199/4598] Building CXX object utils/TableGen/CMakeFiles/llvm-tblgen.dir/DFAPacketizerEmitter.cpp.o
[200/4598] Building CXX object utils/TableGen/CMakeFiles/llvm-tblgen.dir/ExegesisEmitter.cpp.o
[201/4598] Building CXX object utils/TableGen/CMakeFiles/llvm-tblgen.dir/DirectiveEmitter.cpp.o
[202/4598] Building CXX object utils/TableGen/CMakeFiles/llvm-tblgen.dir/CodeGenRegisters.cpp.o
[203/4598] Building CXX object utils/TableGen/CMakeFiles/llvm-tblgen.dir/DXILEmitter.cpp.o
[204/4598] Building CXX object utils/TableGen/CMakeFiles/llvm-tblgen.dir/InfoByHwMode.cpp.o
[205/4598] Building CXX object utils/TableGen/CMakeFiles/llvm-tblgen.dir/DecoderEmitter.cpp.o
[206/4598] Building CXX object utils/TableGen/CMakeFiles/llvm-tblgen.dir/OptEmitter.cpp.o
[207/4598] Building CXX object utils/TableGen/CMakeFiles/llvm-tblgen.dir/OptRSTEmitter.cpp.o
[208/4598] Building CXX object utils/TableGen/CMakeFiles/llvm-tblgen.dir/OptParserEmitter.cpp.o
[209/4598] Building CXX object utils/TableGen/CMakeFiles/llvm-tblgen.dir/FastISelEmitter.cpp.o
[210/4598] Building CXX object utils/TableGen/CMakeFiles/llvm-tblgen.dir/IntrinsicEmitter.cpp.o
[211/4598] Building CXX object utils/TableGen/CMakeFiles/llvm-tblgen.dir/InstrDocsEmitter.cpp.o
[212/4598] Building CXX object utils/TableGen/CMakeFiles/llvm-tblgen.dir/PredicateExpander.cpp.o
[213/4598] Building CXX object utils/TableGen/CMakeFiles/llvm-tblgen.dir/PseudoLoweringEmitter.cpp.o
[214/4598] Building CXX object utils/TableGen/CMakeFiles/llvm-tblgen.dir/GICombinerEmitter.cpp.o
[215/4598] Building CXX object utils/TableGen/CMakeFiles/llvm-tblgen.dir/InstrInfoEmitter.cpp.o
[216/4598] Building CXX object utils/TableGen/CMakeFiles/llvm-tblgen.dir/SDNodeProperties.cpp.o
[217/4598] Building CXX object utils/TableGen/CMakeFiles/llvm-tblgen.dir/RISCVTargetDefEmitter.cpp.o
[218/4598] Building CXX object utils/TableGen/CMakeFiles/llvm-tblgen.dir/Types.cpp.o
[219/4598] Building CXX object utils/TableGen/CMakeFiles/llvm-tblgen.dir/RegisterBankEmitter.cpp.o
[220/4598] Building CXX object utils/TableGen/CMakeFiles/llvm-tblgen.dir/SubtargetFeatureInfo.cpp.o
[221/4598] Building CXX object utils/TableGen/CMakeFiles/llvm-tblgen.dir/CompressInstEmitter.cpp.o
[222/4598] Building CXX object utils/TableGen/CMakeFiles/llvm-tblgen.dir/TableGen.cpp.o
[223/4598] Building CXX object utils/TableGen/CMakeFiles/llvm-tblgen.dir/X86DisassemblerTables.cpp.o
[224/4598] Building CXX object utils/TableGen/CMakeFiles/llvm-tblgen.dir/X86ModRMFilters.cpp.o
[225/4598] Building CXX object utils/TableGen/CMakeFiles/llvm-tblgen.dir/VarLenCodeEmitterGen.cpp.o
[226/4598] Building CXX object utils/TableGen/CMakeFiles/llvm-tblgen.dir/SearchableTableEmitter.cpp.o
[227/4598] Linking CXX static library lib/libLLVMTableGenGlobalISel.a
[228/4598] Building CXX object utils/TableGen/CMakeFiles/llvm-tblgen.dir/X86EVEX2VEXTablesEmitter.cpp.o
[229/4598] Building CXX object utils/TableGen/CMakeFiles/llvm-tblgen.dir/X86FoldTablesEmitter.cpp.o
[230/4598] Building CXX object utils/TableGen/CMakeFiles/llvm-tblgen.dir/X86MnemonicTables.cpp.o
[231/4598] Building CXX object utils/TableGen/CMakeFiles/llvm-tblgen.dir/CTagsEmitter.cpp.o
[232/4598] Building CXX object utils/TableGen/CMakeFiles/llvm-tblgen.dir/X86RecognizableInstr.cpp.o
[233/4598] Building CXX object utils/TableGen/CMakeFiles/llvm-tblgen.dir/WebAssemblyDisassemblerEmitter.cpp.o
[234/4598] Building CXX object utils/TableGen/CMakeFiles/llvm-tblgen.dir/SubtargetEmitter.cpp.o
[235/4598] Building CXX object lib/DebugInfo/CodeView/CMakeFiles/LLVMDebugInfoCodeView.dir/CodeViewError.cpp.o
[236/4598] Building CXX object lib/DebugInfo/CodeView/CMakeFiles/LLVMDebugInfoCodeView.dir/AppendingTypeTableBuilder.cpp.o
[237/4598] Building CXX object lib/DebugInfo/CodeView/CMakeFiles/LLVMDebugInfoCodeView.dir/CodeViewRecordIO.cpp.o
[238/4598] Building CXX object lib/Bitstream/Reader/CMakeFiles/LLVMBitstreamReader.dir/BitstreamReader.cpp.o
[239/4598] Linking CXX static library lib/libLLVMBitstreamReader.a
[240/4598] Building CXX object lib/DebugInfo/CodeView/CMakeFiles/LLVMDebugInfoCodeView.dir/ContinuationRecordBuilder.cpp.o
[241/4598] Building CXX object lib/DebugInfo/CodeView/CMakeFiles/LLVMDebugInfoCodeView.dir/DebugCrossExSubsection.cpp.o
[242/4598] Building CXX object utils/TableGen/CMakeFiles/llvm-tblgen.dir/RegisterInfoEmitter.cpp.o
[243/4598] Building CXX object lib/DebugInfo/CodeView/CMakeFiles/LLVMDebugInfoCodeView.dir/CVSymbolVisitor.cpp.o
[244/4598] Building CXX object lib/DebugInfo/CodeView/CMakeFiles/LLVMDebugInfoCodeView.dir/DebugChecksumsSubsection.cpp.o
[245/4598] Building CXX object lib/DebugInfo/CodeView/CMakeFiles/LLVMDebugInfoCodeView.dir/DebugCrossImpSubsection.cpp.o
[246/4598] Building CXX object lib/DebugInfo/CodeView/CMakeFiles/LLVMDebugInfoCodeView.dir/DebugSubsection.cpp.o
[247/4598] Building CXX object lib/DebugInfo/CodeView/CMakeFiles/LLVMDebugInfoCodeView.dir/DebugFrameDataSubsection.cpp.o
[248/4598] Building CXX object lib/DebugInfo/CodeView/CMakeFiles/LLVMDebugInfoCodeView.dir/DebugInlineeLinesSubsection.cpp.o
[249/4598] Building CXX object lib/DebugInfo/CodeView/CMakeFiles/LLVMDebugInfoCodeView.dir/DebugLinesSubsection.cpp.o
[250/4598] Building CXX object lib/DebugInfo/CodeView/CMakeFiles/LLVMDebugInfoCodeView.dir/DebugSubsectionRecord.cpp.o
[251/4598] Building CXX object lib/DebugInfo/CodeView/CMakeFiles/LLVMDebugInfoCodeView.dir/CVTypeVisitor.cpp.o
[252/4598] Building CXX object lib/DebugInfo/CodeView/CMakeFiles/LLVMDebugInfoCodeView.dir/DebugStringTableSubsection.cpp.o
[253/4598] Building CXX object lib/DebugInfo/CodeView/CMakeFiles/LLVMDebugInfoCodeView.dir/Line.cpp.o
[254/4598] Building CXX object lib/DebugInfo/CodeView/CMakeFiles/LLVMDebugInfoCodeView.dir/DebugSymbolRVASubsection.cpp.o
[255/4598] Building CXX object lib/DebugInfo/CodeView/CMakeFiles/LLVMDebugInfoCodeView.dir/DebugSymbolsSubsection.cpp.o
[256/4598] Building CXX object lib/DebugInfo/CodeView/CMakeFiles/LLVMDebugInfoCodeView.dir/Formatters.cpp.o
[257/4598] Building CXX object lib/DebugInfo/CodeView/CMakeFiles/LLVMDebugInfoCodeView.dir/DebugSubsectionVisitor.cpp.o
[258/4598] Building CXX object utils/TableGen/CMakeFiles/llvm-tblgen.dir/GlobalISelEmitter.cpp.o
[259/4598] Building CXX object lib/DebugInfo/CodeView/CMakeFiles/LLVMDebugInfoCodeView.dir/GlobalTypeTableBuilder.cpp.o
[260/4598] Building CXX object lib/DebugInfo/CodeView/CMakeFiles/LLVMDebugInfoCodeView.dir/MergingTypeTableBuilder.cpp.o
[261/4598] Linking CXX executable bin/llvm-tblgen
[262/4598] Building CXX object lib/DebugInfo/CodeView/CMakeFiles/LLVMDebugInfoCodeView.dir/RecordSerialization.cpp.o
[263/4598] Building CXX object lib/DebugInfo/CodeView/CMakeFiles/LLVMDebugInfoCodeView.dir/LazyRandomTypeCollection.cpp.o
[264/4598] Building CXX object lib/DebugInfo/CodeView/CMakeFiles/LLVMDebugInfoCodeView.dir/StringsAndChecksums.cpp.o
[265/4598] Building CXX object lib/DebugInfo/CodeView/CMakeFiles/LLVMDebugInfoCodeView.dir/RecordName.cpp.o
[266/4598] Building CXX object lib/DebugInfo/CodeView/CMakeFiles/LLVMDebugInfoCodeView.dir/SimpleTypeSerializer.cpp.o
[267/4598] Building CXX object lib/DebugInfo/CodeView/CMakeFiles/LLVMDebugInfoCodeView.dir/SymbolSerializer.cpp.o
[268/4598] Building CXX object lib/DebugInfo/CodeView/CMakeFiles/LLVMDebugInfoCodeView.dir/TypeIndex.cpp.o
[269/4598] Building CXX object lib/DebugInfo/CodeView/CMakeFiles/LLVMDebugInfoCodeView.dir/SymbolRecordMapping.cpp.o
[270/4598] Building CXX object lib/DebugInfo/CodeView/CMakeFiles/LLVMDebugInfoCodeView.dir/TypeIndexDiscovery.cpp.o
[271/4598] Building CXX object lib/DebugInfo/CodeView/CMakeFiles/LLVMDebugInfoCodeView.dir/TypeHashing.cpp.o
[272/4598] Building CXX object lib/DebugInfo/CodeView/CMakeFiles/LLVMDebugInfoCodeView.dir/SymbolRecordHelpers.cpp.o
[273/4598] Generating VCSRevision.h
[274/4598] Building CXX object lib/DebugInfo/CodeView/CMakeFiles/LLVMDebugInfoCodeView.dir/TypeRecordHelpers.cpp.o
[275/4598] Building CXX object lib/DebugInfo/CodeView/CMakeFiles/LLVMDebugInfoCodeView.dir/SymbolDumper.cpp.o
[276/4598] Building CXX object lib/DebugInfo/CodeView/CMakeFiles/LLVMDebugInfoCodeView.dir/TypeTableCollection.cpp.o
[277/4598] Building CXX object lib/DebugInfo/CodeView/CMakeFiles/LLVMDebugInfoCodeView.dir/TypeDumpVisitor.cpp.o
[278/4598] Building CXX object lib/DebugInfo/CodeView/CMakeFiles/LLVMDebugInfoCodeView.dir/TypeStreamMerger.cpp.o
[279/4598] Building CXX object lib/DebugInfo/MSF/CMakeFiles/LLVMDebugInfoMSF.dir/MSFCommon.cpp.o
[280/4598] Building CXX object lib/DebugInfo/MSF/CMakeFiles/LLVMDebugInfoMSF.dir/MSFError.cpp.o
[281/4598] Building CXX object lib/DebugInfo/MSF/CMakeFiles/LLVMDebugInfoMSF.dir/MappedBlockStream.cpp.o
[282/4598] Building CXX object lib/DebugInfo/MSF/CMakeFiles/LLVMDebugInfoMSF.dir/MSFBuilder.cpp.o
[283/4598] Linking CXX static library lib/libLLVMDebugInfoMSF.a
[284/4598] Building CXX object tools/clang/utils/TableGen/CMakeFiles/clang-tblgen.dir/ASTTableGen.cpp.o
[285/4598] Building CXX object tools/clang/utils/TableGen/CMakeFiles/clang-tblgen.dir/ClangASTNodesEmitter.cpp.o
[286/4598] Building CXX object tools/clang/utils/TableGen/CMakeFiles/clang-tblgen.dir/ClangCommentCommandInfoEmitter.cpp.o
[287/4598] Building CXX object lib/DebugInfo/CodeView/CMakeFiles/LLVMDebugInfoCodeView.dir/TypeRecordMapping.cpp.o
[288/4598] Building CXX object tools/clang/utils/TableGen/CMakeFiles/clang-tblgen.dir/ClangCommentHTMLNamedCharacterReferenceEmitter.cpp.o
[289/4598] Building CXX object tools/clang/utils/TableGen/CMakeFiles/clang-tblgen.dir/ClangDataCollectorsEmitter.cpp.o
[290/4598] Building CXX object lib/DebugInfo/CodeView/CMakeFiles/LLVMDebugInfoCodeView.dir/EnumTables.cpp.o
[291/4598] Linking CXX static library lib/libLLVMDebugInfoCodeView.a
[292/4598] Building CXX object tools/clang/utils/TableGen/CMakeFiles/clang-tblgen.dir/ClangCommentHTMLTagsEmitter.cpp.o
[293/4598] Building CXX object tools/clang/utils/TableGen/CMakeFiles/clang-tblgen.dir/ClangASTPropertiesEmitter.cpp.o
[294/4598] Building CXX object tools/clang/utils/TableGen/CMakeFiles/clang-tblgen.dir/ClangOpcodesEmitter.cpp.o
[295/4598] Building CXX object tools/clang/utils/TableGen/CMakeFiles/clang-tblgen.dir/ClangSACheckersEmitter.cpp.o
[296/4598] Building CXX object tools/clang/utils/TableGen/CMakeFiles/clang-tblgen.dir/ClangTypeNodesEmitter.cpp.o
[297/4598] Building CXX object tools/clang/utils/TableGen/CMakeFiles/clang-tblgen.dir/ClangSyntaxEmitter.cpp.o
[298/4598] Building CXX object tools/clang/utils/TableGen/CMakeFiles/clang-tblgen.dir/ClangOptionDocEmitter.cpp.o
[299/4598] Building CXX object tools/clang/utils/TableGen/CMakeFiles/clang-tblgen.dir/ClangOpenCLBuiltinEmitter.cpp.o
[300/4598] Building CXX object tools/clang/utils/TableGen/CMakeFiles/clang-tblgen.dir/ClangDiagnosticsEmitter.cpp.o
[301/4598] Building CXX object tools/clang/utils/TableGen/CMakeFiles/clang-tblgen.dir/TableGen.cpp.o
[302/4598] Building CXX object tools/clang/utils/TableGen/CMakeFiles/clang-tblgen.dir/RISCVVEmitter.cpp.o
[303/4598] Building CXX object lib/Option/CMakeFiles/LLVMOption.dir/Arg.cpp.o
[304/4598] Copying clang's __clang_cuda_builtin_vars.h...
[305/4598] Copying clang's __clang_cuda_cmath.h...
[306/4598] Copying clang's __clang_cuda_complex_builtins.h...
[307/4598] Copying clang's __clang_cuda_device_functions.h...
[308/4598] Copying clang's __clang_cuda_intrinsics.h...
[309/4598] Copying clang's __clang_cuda_libdevice_declares.h...
[310/4598] Copying clang's __clang_cuda_math.h...
[311/4598] Building CXX object tools/clang/lib/Support/CMakeFiles/obj.clangSupport.dir/RISCVVIntrinsicUtils.cpp.o
[312/4598] Copying clang's __clang_cuda_math_forward_declares.h...
[313/4598] Copying clang's __clang_cuda_runtime_wrapper.h...
[314/4598] Copying clang's __clang_cuda_texture_intrinsics.h...
[315/4598] Copying clang's __clang_hip_cmath.h...
[316/4598] Copying clang's __clang_hip_libdevice_declares.h...
[317/4598] Linking CXX static library lib/libclangSupport.a
[318/4598] Copying clang's __clang_hip_math.h...
[319/4598] Copying clang's __clang_hip_runtime_wrapper.h...
[320/4598] Copying clang's __clang_hip_stdlib.h...
[321/4598] Copying clang's __wmmintrin_aes.h...
[322/4598] Copying clang's __wmmintrin_pclmul.h...
[323/4598] Copying clang's adxintrin.h...
[324/4598] Copying clang's ammintrin.h...
[325/4598] Copying clang's amxfp16intrin.h...
[326/4598] Copying clang's altivec.h...
[327/4598] Copying clang's amxintrin.h...
[328/4598] Copying clang's avx2intrin.h...
[329/4598] Copying clang's avx512bf16intrin.h...
[330/4598] Copying clang's avx512bitalgintrin.h...
[331/4598] Copying clang's avx512bwintrin.h...
[332/4598] Copying clang's avx512cdintrin.h...
[333/4598] Copying clang's avx512dqintrin.h...
[334/4598] Copying clang's avx512erintrin.h...
[335/4598] Building CXX object tools/clang/utils/TableGen/CMakeFiles/clang-tblgen.dir/SveEmitter.cpp.o
[336/4598] Copying clang's avx512fp16intrin.h...
[337/4598] Copying clang's avx512fintrin.h...
[338/4598] Copying clang's avx512ifmaintrin.h...
[339/4598] Copying clang's avx512ifmavlintrin.h...
[340/4598] Copying clang's avx512pfintrin.h...
[341/4598] Copying clang's avx512vbmi2intrin.h...
[342/4598] Copying clang's avx512vbmiintrin.h...
[343/4598] Copying clang's avx512vbmivlintrin.h...
[344/4598] Copying clang's avx512vlbf16intrin.h...
[345/4598] Copying clang's avx512vlbitalgintrin.h...
[346/4598] Copying clang's avx512vlbwintrin.h...
[347/4598] Copying clang's avx512vldqintrin.h...
[348/4598] Copying clang's avx512vlcdintrin.h...
[349/4598] Copying clang's avx512vlfp16intrin.h...
[350/4598] Copying clang's avx512vlintrin.h...
[351/4598] Copying clang's avx512vlvbmi2intrin.h...
[352/4598] Copying clang's avx512vlvnniintrin.h...
[353/4598] Copying clang's avx512vlvp2intersectintrin.h...
[354/4598] Copying clang's avx512vnniintrin.h...
[355/4598] Copying clang's avx512vp2intersectintrin.h...
[356/4598] Copying clang's avx512vpopcntdqintrin.h...
[357/4598] Copying clang's avx512vpopcntdqvlintrin.h...
[358/4598] Copying clang's avxifmaintrin.h...
[359/4598] Copying clang's avxintrin.h...
[360/4598] Copying clang's avxneconvertintrin.h...
[361/4598] Copying clang's avxvnniint8intrin.h...
[362/4598] Copying clang's bmi2intrin.h...
[363/4598] Copying clang's bmiintrin.h...
[364/4598] Copying clang's avxvnniintrin.h...
[365/4598] Copying clang's builtins.h...
[366/4598] Copying clang's cet.h...
[367/4598] Copying clang's cetintrin.h...
[368/4598] Copying clang's cldemoteintrin.h...
[369/4598] Copying clang's clflushoptintrin.h...
[370/4598] Copying clang's clwbintrin.h...
[371/4598] Copying clang's clzerointrin.h...
[372/4598] Copying clang's cmpccxaddintrin.h...
[373/4598] Copying clang's cpuid.h...
[374/4598] Copying clang's crc32intrin.h...
[375/4598] Copying clang's cuda_wrappers/algorithm...
[376/4598] Copying clang's cuda_wrappers/cmath...
[377/4598] Copying clang's cuda_wrappers/complex...
[378/4598] Copying clang's emmintrin.h...
[379/4598] Copying clang's cuda_wrappers/new...
[380/4598] Copying clang's enqcmdintrin.h...
[381/4598] Copying clang's f16cintrin.h...
[382/4598] Copying clang's fma4intrin.h...
[383/4598] Copying clang's fxsrintrin.h...
[384/4598] Copying clang's fmaintrin.h...
[385/4598] Copying clang's gfniintrin.h...
[386/4598] Copying clang's hexagon_circ_brev_intrinsics.h...
[387/4598] Copying clang's hexagon_protos.h...
[388/4598] Copying clang's hlsl.h...
[389/4598] Copying clang's hexagon_types.h...
[390/4598] Copying clang's hresetintrin.h...
[391/4598] Copying clang's htmintrin.h...
[392/4598] Copying clang's htmxlintrin.h...
[393/4598] Copying clang's hvx_hexagon_protos.h...
[394/4598] Copying clang's immintrin.h...
[395/4598] Copying clang's intrin.h...
[396/4598] Copying clang's ia32intrin.h...
[397/4598] Copying clang's invpcidintrin.h...
[398/4598] Copying clang's keylockerintrin.h...
[399/4598] Copying clang's larchintrin.h...
[400/4598] Copying clang's lwpintrin.h...
[401/4598] Copying clang's lzcntintrin.h...
[402/4598] Copying clang's mm3dnow.h...
[403/4598] Copying clang's mm_malloc.h...
[404/4598] Copying clang's mmintrin.h...
[405/4598] Copying clang's movdirintrin.h...
[406/4598] Copying clang's msa.h...
[407/4598] Copying clang's mwaitxintrin.h...
[408/4598] Copying clang's nmmintrin.h...
[409/4598] Copying clang's opencl-c.h...
[410/4598] Copying clang's openmp_wrappers/math.h...
[411/4598] Copying clang's pconfigintrin.h...
[412/4598] Copying clang's pkuintrin.h...
[413/4598] Copying clang's pmmintrin.h...
[414/4598] Copying clang's popcntintrin.h...
[415/4598] Copying clang's ppc_wrappers/bmi2intrin.h...
[416/4598] Copying clang's ppc_wrappers/bmiintrin.h...
[417/4598] Copying clang's ppc_wrappers/emmintrin.h...
[418/4598] Copying clang's ppc_wrappers/immintrin.h...
[419/4598] Copying clang's ppc_wrappers/mm_malloc.h...
[420/4598] Copying clang's ppc_wrappers/pmmintrin.h...
[421/4598] Copying clang's ppc_wrappers/mmintrin.h...
[422/4598] Copying clang's ppc_wrappers/smmintrin.h...
[423/4598] Copying clang's ppc_wrappers/tmmintrin.h...
[424/4598] Copying clang's ppc_wrappers/x86gprintrin.h...
[425/4598] Copying clang's ppc_wrappers/x86intrin.h...
[426/4598] Copying clang's ppc_wrappers/xmmintrin.h...
[427/4598] Copying clang's prfchiintrin.h...
[428/4598] Copying clang's prfchwintrin.h...
[429/4598] Copying clang's ptwriteintrin.h...
[430/4598] Copying clang's raointintrin.h...
[431/4598] Building CXX object lib/Option/CMakeFiles/LLVMOption.dir/ArgList.cpp.o
[432/4598] Copying clang's rdseedintrin.h...
[433/4598] Copying clang's rdpruintrin.h...
[434/4598] Copying clang's s390intrin.h...
[435/4598] Copying clang's rtmintrin.h...
[436/4598] Copying clang's serializeintrin.h...
[437/4598] Copying clang's sgxintrin.h...
[438/4598] Copying clang's shaintrin.h...
[439/4598] Copying clang's smmintrin.h...
[440/4598] Copying clang's tbmintrin.h...
[441/4598] Copying clang's tmmintrin.h...
[442/4598] Copying clang's tsxldtrkintrin.h...
[443/4598] Copying clang's uintrintrin.h...
[444/4598] Copying clang's vaesintrin.h...
[445/4598] Copying clang's vecintrin.h...
[446/4598] Copying clang's velintrin.h...
[447/4598] Copying clang's velintrin_approx.h...
[448/4598] Copying clang's velintrin_gen.h...
[449/4598] Copying clang's vpclmulqdqintrin.h...
[450/4598] Copying clang's waitpkgintrin.h...
[451/4598] Copying clang's wasm_simd128.h...
[452/4598] Copying clang's wbnoinvdintrin.h...
[453/4598] Copying clang's wmmintrin.h...
[454/4598] Copying clang's x86gprintrin.h...
[455/4598] Copying clang's x86intrin.h...
[456/4598] Copying clang's xmmintrin.h...
[457/4598] Copying clang's xopintrin.h...
[458/4598] Copying clang's xsavecintrin.h...
[459/4598] Copying clang's xsaveintrin.h...
[460/4598] Copying clang's xsaveoptintrin.h...
[461/4598] Copying clang's xsavesintrin.h...
[462/4598] Copying clang's xtestintrin.h...
[463/4598] Creating export file for LTO
[464/4598] Creating export file for Remarks
[465/4598] Building CXX object lib/Option/CMakeFiles/LLVMOption.dir/Option.cpp.o
[466/4598] Building CXX object lib/Extensions/CMakeFiles/LLVMExtensions.dir/Extensions.cpp.o
[467/4598] Building CXX object lib/LineEditor/CMakeFiles/LLVMLineEditor.dir/LineEditor.cpp.o
[468/4598] Linking CXX static library lib/libLLVMExtensions.a
[469/4598] Linking CXX static library lib/libLLVMLineEditor.a
[470/4598] Building C object utils/count/CMakeFiles/count.dir/count.c.o
[471/4598] Linking C executable bin/count
[471/4598] cd /home/tim911004/.llvm-project/stage1_build/tools/clang/cmake/modules && /home/tim911004/miniconda3/envs/cuda-quantum/lib/python3.10/site-packages/cmake/data/bin/cmake -DCMAKE_INSTALL_COMPONENT="clang-cmake-exports" -DCMAKE_INSTALL_DO_STRIP=1 -P /home/tim911004/.llvm-project/stage1_build/cmake_install.cmake
-- Install configuration: "Release"
-- Installing: /tmp/tmp.R4DfmRPr45/llvm/lib/cmake/clang/ClangTargets.cmake
-- Installing: /tmp/tmp.R4DfmRPr45/llvm/lib/cmake/clang/ClangTargets-release.cmake
-- Installing: /tmp/tmp.R4DfmRPr45/llvm/lib/cmake/clang/ClangConfig.cmake
-- Installing: /tmp/tmp.R4DfmRPr45/llvm/lib/cmake/clang/ClangConfigVersion.cmake
-- Installing: /tmp/tmp.R4DfmRPr45/llvm/lib/cmake/clang/AddClang.cmake
[474/4598] Linking CXX static library lib/libLLVMOption.a
[475/4598] cd /home/tim911004/.llvm-project/stage1_build/lib/Demangle && /home/tim911004/miniconda3/envs/cuda-quantum/lib/python3.10/site-packages/cmake/data/bin/cmake -DCMAKE_INSTALL_COMPONENT="LLVMDemangle" -DCMAKE_INSTALL_DO_STRIP=1 -P /home/tim911004/.llvm-project/stage1_build/cmake_install.cmake
-- Install configuration: "Release"
-- Installing: /tmp/tmp.R4DfmRPr45/llvm/lib/libLLVMDemangle.a
[476/4598] Building CXX object tools/clang/utils/TableGen/CMakeFiles/clang-tblgen.dir/MveEmitter.cpp.o
[477/4598] cd /home/tim911004/.llvm-project/stage1_build/lib/Support && /home/tim911004/miniconda3/envs/cuda-quantum/lib/python3.10/site-packages/cmake/data/bin/cmake -DCMAKE_INSTALL_COMPONENT="LLVMSupport" -DCMAKE_INSTALL_DO_STRIP=1 -P /home/tim911004/.llvm-project/stage1_build/cmake_install.cmake
-- Install configuration: "Release"
-- Installing: /tmp/tmp.R4DfmRPr45/llvm/lib/libLLVMSupport.a
[478/4598] cd /home/tim911004/.llvm-project/stage1_build/lib/TableGen && /home/tim911004/miniconda3/envs/cuda-quantum/lib/python3.10/site-packages/cmake/data/bin/cmake -DCMAKE_INSTALL_COMPONENT="LLVMTableGen" -DCMAKE_INSTALL_DO_STRIP=1 -P /home/tim911004/.llvm-project/stage1_build/cmake_install.cmake
-- Install configuration: "Release"
-- Installing: /tmp/tmp.R4DfmRPr45/llvm/lib/libLLVMTableGen.a
[479/4598] cd /home/tim911004/.llvm-project/stage1_build/utils/TableGen/GlobalISel && /home/tim911004/miniconda3/envs/cuda-quantum/lib/python3.10/site-packages/cmake/data/bin/cmake -DCMAKE_INSTALL_COMPONENT="LLVMTableGenGlobalISel" -DCMAKE_INSTALL_DO_STRIP=1 -P /home/tim911004/.llvm-project/stage1_build/cmake_install.cmake
-- Install configuration: "Release"
-- Installing: /tmp/tmp.R4DfmRPr45/llvm/lib/libLLVMTableGenGlobalISel.a
[481/4598] Linking CXX static library lib/libLLVMWindowsManifest.a
[482/4598] cd /home/tim911004/.llvm-project/stage1_build/lib/Bitstream/Reader && /home/tim911004/miniconda3/envs/cuda-quantum/lib/python3.10/site-packages/cmake/data/bin/cmake -DCMAKE_INSTALL_COMPONENT="LLVMBitstreamReader" -DCMAKE_INSTALL_DO_STRIP=1 -P /home/tim911004/.llvm-project/stage1_build/cmake_install.cmake
-- Install configuration: "Release"
-- Installing: /tmp/tmp.R4DfmRPr45/llvm/lib/libLLVMBitstreamReader.a
[483/4598] cd /home/tim911004/.llvm-project/stage1_build/lib/Extensions && /home/tim911004/miniconda3/envs/cuda-quantum/lib/python3.10/site-packages/cmake/data/bin/cmake -DCMAKE_INSTALL_COMPONENT="LLVMExtensions" -DCMAKE_INSTALL_DO_STRIP=1 -P /home/tim911004/.llvm-project/stage1_build/cmake_install.cmake
-- Install configuration: "Release"
-- Installing: /tmp/tmp.R4DfmRPr45/llvm/lib/libLLVMExtensions.a
[484/4598] cd /home/tim911004/.llvm-project/stage1_build/lib/Option && /home/tim911004/miniconda3/envs/cuda-quantum/lib/python3.10/site-packages/cmake/data/bin/cmake -DCMAKE_INSTALL_COMPONENT="LLVMOption" -DCMAKE_INSTALL_DO_STRIP=1 -P /home/tim911004/.llvm-project/stage1_build/cmake_install.cmake
-- Install configuration: "Release"
-- Installing: /tmp/tmp.R4DfmRPr45/llvm/lib/libLLVMOption.a
[485/4598] Building CXX object utils/not/CMakeFiles/not.dir/not.cpp.o
[486/4598] cd /home/tim911004/.llvm-project/stage1_build/lib/DebugInfo/MSF && /home/tim911004/miniconda3/envs/cuda-quantum/lib/python3.10/site-packages/cmake/data/bin/cmake -DCMAKE_INSTALL_COMPONENT="LLVMDebugInfoMSF" -DCMAKE_INSTALL_DO_STRIP=1 -P /home/tim911004/.llvm-project/stage1_build/cmake_install.cmake
-- Install configuration: "Release"
-- Installing: /tmp/tmp.R4DfmRPr45/llvm/lib/libLLVMDebugInfoMSF.a
[487/4598] Building CXX object tools/clang/utils/TableGen/CMakeFiles/clang-tblgen.dir/NeonEmitter.cpp.o
[488/4598] cd /home/tim911004/.llvm-project/stage1_build/lib/DebugInfo/CodeView && /home/tim911004/miniconda3/envs/cuda-quantum/lib/python3.10/site-packages/cmake/data/bin/cmake -DCMAKE_INSTALL_COMPONENT="LLVMDebugInfoCodeView" -DCMAKE_INSTALL_DO_STRIP=1 -P /home/tim911004/.llvm-project/stage1_build/cmake_install.cmake
-- Install configuration: "Release"
-- Installing: /tmp/tmp.R4DfmRPr45/llvm/lib/libLLVMDebugInfoCodeView.a
[489/4598] Linking CXX executable bin/not
[490/4598] cd /home/tim911004/.llvm-project/stage1_build/lib/LineEditor && /home/tim911004/miniconda3/envs/cuda-quantum/lib/python3.10/site-packages/cmake/data/bin/cmake -DCMAKE_INSTALL_COMPONENT="LLVMLineEditor" -DCMAKE_INSTALL_DO_STRIP=1 -P /home/tim911004/.llvm-project/stage1_build/cmake_install.cmake
-- Install configuration: "Release"
-- Installing: /tmp/tmp.R4DfmRPr45/llvm/lib/libLLVMLineEditor.a
[491/4598] cd /home/tim911004/.llvm-project/stage1_build/lib/WindowsManifest && /home/tim911004/miniconda3/envs/cuda-quantum/lib/python3.10/site-packages/cmake/data/bin/cmake -DCMAKE_INSTALL_COMPONENT="LLVMWindowsManifest" -DCMAKE_INSTALL_DO_STRIP=1 -P /home/tim911004/.llvm-project/stage1_build/cmake_install.cmake
-- Install configuration: "Release"
-- Installing: /tmp/tmp.R4DfmRPr45/llvm/lib/libLLVMWindowsManifest.a
[492/4598] Linking CXX executable bin/clang-tblgen
[493/4598] cd /home/tim911004/.llvm-project/stage1_build/tools/clang/lib/Support && /home/tim911004/miniconda3/envs/cuda-quantum/lib/python3.10/site-packages/cmake/data/bin/cmake -DCMAKE_INSTALL_COMPONENT="clangSupport" -DCMAKE_INSTALL_DO_STRIP=1 -P /home/tim911004/.llvm-project/stage1_build/cmake_install.cmake
-- Install configuration: "Release"
-- Installing: /tmp/tmp.R4DfmRPr45/llvm/lib/libclangSupport.a
[494/4598] cd /home/tim911004/.llvm-project/stage1_build/utils/count && /home/tim911004/miniconda3/envs/cuda-quantum/lib/python3.10/site-packages/cmake/data/bin/cmake -DCMAKE_INSTALL_COMPONENT="count" -DCMAKE_INSTALL_DO_STRIP=1 -P /home/tim911004/.llvm-project/stage1_build/cmake_install.cmake
-- Install configuration: "Release"
-- Installing: /tmp/tmp.R4DfmRPr45/llvm/bin/count
-- Set non-toolchain portion of runtime path of "/tmp/tmp.R4DfmRPr45/llvm/bin/count" to "$ORIGIN:$ORIGIN/../lib:$ORIGIN/x86_64-unknown-linux-gnu:$ORIGIN/lib/x86_64-unknown-linux-gnu:$ORIGIN/../lib/x86_64-unknown-linux-gnu"
[495/4598] cd /home/tim911004/.llvm-project/stage1_build/utils/not && /home/tim911004/miniconda3/envs/cuda-quantum/lib/python3.10/site-packages/cmake/data/bin/cmake -DCMAKE_INSTALL_COMPONENT="not" -DCMAKE_INSTALL_DO_STRIP=1 -P /home/tim911004/.llvm-project/stage1_build/cmake_install.cmake
-- Install configuration: "Release"
-- Installing: /tmp/tmp.R4DfmRPr45/llvm/bin/not
-- Set non-toolchain portion of runtime path of "/tmp/tmp.R4DfmRPr45/llvm/bin/not" to "$ORIGIN:$ORIGIN/../lib:$ORIGIN/x86_64-unknown-linux-gnu:$ORIGIN/lib/x86_64-unknown-linux-gnu:$ORIGIN/../lib/x86_64-unknown-linux-gnu"
[496/4598] cd /home/tim911004/.llvm-project/stage1_build/cmake/modules && /home/tim911004/miniconda3/envs/cuda-quantum/lib/python3.10/site-packages/cmake/data/bin/cmake -DCMAKE_INSTALL_COMPONENT="cmake-exports" -DCMAKE_INSTALL_DO_STRIP=1 -P /home/tim911004/.llvm-project/stage1_build/cmake_install.cmake
-- Install configuration: "Release"
-- Installing: /tmp/tmp.R4DfmRPr45/llvm/lib/cmake/llvm/LLVMConfigExtensions.cmake
-- Installing: /tmp/tmp.R4DfmRPr45/llvm/lib/cmake/llvm/LLVMExports.cmake
-- Installing: /tmp/tmp.R4DfmRPr45/llvm/lib/cmake/llvm/LLVMExports-release.cmake
-- Installing: /tmp/tmp.R4DfmRPr45/llvm/lib/cmake/llvm/LLVMConfig.cmake
-- Installing: /tmp/tmp.R4DfmRPr45/llvm/lib/cmake/llvm/LLVMConfigVersion.cmake
-- Installing: /tmp/tmp.R4DfmRPr45/llvm/lib/cmake/llvm/LLVM-Config.cmake
-- Up-to-date: /tmp/tmp.R4DfmRPr45/llvm/lib/cmake/llvm/.
-- Installing: /tmp/tmp.R4DfmRPr45/llvm/lib/cmake/llvm/./AddLLVM.cmake
-- Installing: /tmp/tmp.R4DfmRPr45/llvm/lib/cmake/llvm/./VersionFromVCS.cmake
-- Installing: /tmp/tmp.R4DfmRPr45/llvm/lib/cmake/llvm/./HandleLLVMOptions.cmake
-- Installing: /tmp/tmp.R4DfmRPr45/llvm/lib/cmake/llvm/./LLVMExternalProjectUtils.cmake
-- Installing: /tmp/tmp.R4DfmRPr45/llvm/lib/cmake/llvm/./FindLibpfm.cmake
-- Installing: /tmp/tmp.R4DfmRPr45/llvm/lib/cmake/llvm/./GetLibraryName.cmake
-- Installing: /tmp/tmp.R4DfmRPr45/llvm/lib/cmake/llvm/./AddSphinxTarget.cmake
-- Installing: /tmp/tmp.R4DfmRPr45/llvm/lib/cmake/llvm/./CheckAtomic.cmake
-- Installing: /tmp/tmp.R4DfmRPr45/llvm/lib/cmake/llvm/./CoverageReport.cmake
-- Installing: /tmp/tmp.R4DfmRPr45/llvm/lib/cmake/llvm/./FindSphinx.cmake
-- Installing: /tmp/tmp.R4DfmRPr45/llvm/lib/cmake/llvm/./GenerateVersionFromVCS.cmake
-- Installing: /tmp/tmp.R4DfmRPr45/llvm/lib/cmake/llvm/./LLVMCheckLinkerFlag.cmake
-- Installing: /tmp/tmp.R4DfmRPr45/llvm/lib/cmake/llvm/./FindOCaml.cmake
-- Installing: /tmp/tmp.R4DfmRPr45/llvm/lib/cmake/llvm/./Findzstd.cmake
-- Installing: /tmp/tmp.R4DfmRPr45/llvm/lib/cmake/llvm/./LLVMProcessSources.cmake
-- Installing: /tmp/tmp.R4DfmRPr45/llvm/lib/cmake/llvm/./DetermineGCCCompatible.cmake
-- Installing: /tmp/tmp.R4DfmRPr45/llvm/lib/cmake/llvm/./CheckCompilerVersion.cmake
-- Installing: /tmp/tmp.R4DfmRPr45/llvm/lib/cmake/llvm/./TensorFlowCompile.cmake
-- Installing: /tmp/tmp.R4DfmRPr45/llvm/lib/cmake/llvm/./llvm-driver-template.cpp.in
-- Installing: /tmp/tmp.R4DfmRPr45/llvm/lib/cmake/llvm/./ChooseMSVCCRT.cmake
-- Installing: /tmp/tmp.R4DfmRPr45/llvm/lib/cmake/llvm/./GetErrcMessages.cmake
-- Installing: /tmp/tmp.R4DfmRPr45/llvm/lib/cmake/llvm/./TableGen.cmake
-- Installing: /tmp/tmp.R4DfmRPr45/llvm/lib/cmake/llvm/./UseLibtool.cmake
-- Installing: /tmp/tmp.R4DfmRPr45/llvm/lib/cmake/llvm/./AddOCaml.cmake
-- Installing: /tmp/tmp.R4DfmRPr45/llvm/lib/cmake/llvm/./LLVM-Build.cmake
-- Installing: /tmp/tmp.R4DfmRPr45/llvm/lib/cmake/llvm/./FindTerminfo.cmake
-- Installing: /tmp/tmp.R4DfmRPr45/llvm/lib/cmake/llvm/./FindFFI.cmake
-- Installing: /tmp/tmp.R4DfmRPr45/llvm/lib/cmake/llvm/./LLVMInstallSymlink.cmake
-- Installing: /tmp/tmp.R4DfmRPr45/llvm/lib/cmake/llvm/./CrossCompile.cmake
-- Installing: /tmp/tmp.R4DfmRPr45/llvm/lib/cmake/llvm/./HandleLLVMStdlib.cmake
-- Installing: /tmp/tmp.R4DfmRPr45/llvm/lib/cmake/llvm/./FindZ3.cmake
-- Installing: /tmp/tmp.R4DfmRPr45/llvm/lib/cmake/llvm/./SetTargetTriple.cmake
-- Installing: /tmp/tmp.R4DfmRPr45/llvm/lib/cmake/llvm/./LLVMDistributionSupport.cmake
-- Installing: /tmp/tmp.R4DfmRPr45/llvm/lib/cmake/llvm/./CheckProblematicConfigurations.cmake
[498/4598] Building CXX object utils/FileCheck/CMakeFiles/FileCheck.dir/FileCheck.cpp.o
[499/4598] Building CXX object lib/FileCheck/CMakeFiles/LLVMFileCheck.dir/FileCheck.cpp.o
[500/4598] Linking CXX static library lib/libLLVMFileCheck.a
[500/4598] cd /home/tim911004/.llvm-project/stage1_build/lib/FileCheck && /home/tim911004/miniconda3/envs/cuda-quantum/lib/python3.10/site-packages/cmake/data/bin/cmake -DCMAKE_INSTALL_COMPONENT="LLVMFileCheck" -DCMAKE_INSTALL_DO_STRIP=1 -P /home/tim911004/.llvm-project/stage1_build/cmake_install.cmake
-- Install configuration: "Release"
-- Installing: /tmp/tmp.R4DfmRPr45/llvm/lib/libLLVMFileCheck.a
[502/4598] Linking CXX executable bin/FileCheck
[502/4598] cd /home/tim911004/.llvm-project/stage1_build/utils/FileCheck && /home/tim911004/miniconda3/envs/cuda-quantum/lib/python3.10/site-packages/cmake/data/bin/cmake -DCMAKE_INSTALL_COMPONENT="FileCheck" -DCMAKE_INSTALL_DO_STRIP=1 -P /home/tim911004/.llvm-project/stage1_build/cmake_install.cmake
-- Install configuration: "Release"
-- Installing: /tmp/tmp.R4DfmRPr45/llvm/bin/FileCheck
-- Set non-toolchain portion of runtime path of "/tmp/tmp.R4DfmRPr45/llvm/bin/FileCheck" to "$ORIGIN:$ORIGIN/../lib:$ORIGIN/x86_64-unknown-linux-gnu:$ORIGIN/lib/x86_64-unknown-linux-gnu:$ORIGIN/../lib/x86_64-unknown-linux-gnu"
[504/4598] Configuring NATIVE LLVM...
CMake Deprecation Warning at /home/tim911004/.llvm-project/cmake/Modules/CMakePolicy.cmake:6 (cmake_policy):
  The OLD behavior for policy CMP0114 will be removed from a future version
  of CMake.

  The cmake-policies(7) manual explains that the OLD behaviors of all
  policies are deprecated and that a policy should be set to OLD only under
  specific short-term circumstances.  Projects should be ported to the NEW
  behavior and not rely on setting a policy to OLD.
Call Stack (most recent call first):
  CMakeLists.txt:13 (include)


CMake Deprecation Warning at /home/tim911004/.llvm-project/cmake/Modules/CMakePolicy.cmake:11 (cmake_policy):
  The OLD behavior for policy CMP0116 will be removed from a future version
  of CMake.

  The cmake-policies(7) manual explains that the OLD behaviors of all
  policies are deprecated and that a policy should be set to OLD only under
  specific short-term circumstances.  Projects should be ported to the NEW
  behavior and not rely on setting a policy to OLD.
Call Stack (most recent call first):
  CMakeLists.txt:13 (include)


-- The C compiler identification is GNU 11.4.0
-- The CXX compiler identification is GNU 11.4.0
-- The ASM compiler identification is GNU
-- Found assembler: /home/tim911004/miniconda3/envs/cuda-quantum/bin/x86_64-conda-linux-gnu-gcc
-- Detecting C compiler ABI info
-- Detecting C compiler ABI info - done
-- Check for working C compiler: /home/tim911004/miniconda3/envs/cuda-quantum/bin/x86_64-conda-linux-gnu-gcc - skipped
-- Detecting C compile features
-- Detecting C compile features - done
-- Detecting CXX compiler ABI info
-- Detecting CXX compiler ABI info - done
-- Check for working CXX compiler: /home/tim911004/miniconda3/envs/cuda-quantum/bin/x86_64-conda-linux-gnu-g++ - skipped
-- Detecting CXX compile features
-- Detecting CXX compile features - done
-- bolt project is disabled
-- clang project is enabled
-- clang-tools-extra project is disabled
-- compiler-rt project is disabled
-- cross-project-tests project is disabled
-- libc project is disabled
-- libclc project is disabled
-- lld project is enabled
-- lldb project is disabled
-- mlir project is disabled
-- openmp project is disabled
-- polly project is disabled
-- pstl project is disabled
-- flang project is disabled
-- Found Python3: /home/tim911004/miniconda3/bin/python3.12 (found suitable version "3.12.7", minimum required is "3.0") found components: Interpreter 
-- Looking for dlfcn.h
-- Looking for dlfcn.h - found
-- Looking for errno.h
-- Looking for errno.h - found
-- Looking for fcntl.h
-- Looking for fcntl.h - found
-- Looking for link.h
-- Looking for link.h - found
-- Looking for malloc/malloc.h
-- Looking for malloc/malloc.h - not found
-- Looking for pthread.h
-- Looking for pthread.h - found
-- Looking for signal.h
-- Looking for signal.h - found
-- Looking for sys/ioctl.h
-- Looking for sys/ioctl.h - found
-- Looking for sys/mman.h
-- Looking for sys/mman.h - found
-- Looking for sys/param.h
-- Looking for sys/param.h - found
-- Looking for sys/resource.h
-- Looking for sys/resource.h - found
-- Looking for sys/stat.h
-- Looking for sys/stat.h - found
-- Looking for sys/time.h
-- Looking for sys/time.h - found
-- Looking for sys/types.h
-- Looking for sys/types.h - found
-- Looking for sysexits.h
-- Looking for sysexits.h - found
-- Looking for termios.h
-- Looking for termios.h - found
-- Looking for unistd.h
-- Looking for unistd.h - found
-- Looking for valgrind/valgrind.h
-- Looking for valgrind/valgrind.h - not found
-- Looking for fenv.h
-- Looking for fenv.h - found
-- Looking for FE_ALL_EXCEPT
-- Looking for FE_ALL_EXCEPT - found
-- Looking for FE_INEXACT
-- Looking for FE_INEXACT - found
-- Looking for mach/mach.h
-- Looking for mach/mach.h - not found
-- Looking for CrashReporterClient.h
-- Looking for CrashReporterClient.h - not found
-- Looking for linux/magic.h
-- Looking for linux/magic.h - found
-- Looking for pthread_create in pthread
-- Looking for pthread_create in pthread - found
-- Looking for pthread_rwlock_init in pthread
-- Looking for pthread_rwlock_init in pthread - found
-- Looking for pthread_mutex_lock in pthread
-- Looking for pthread_mutex_lock in pthread - found
-- Looking for dlopen in dl
-- Looking for dlopen in dl - found
-- Looking for clock_gettime in rt
-- Looking for clock_gettime in rt - found
-- Looking for pfm_initialize in pfm
-- Looking for pfm_initialize in pfm - not found
-- Performing Test CMAKE_HAVE_LIBC_PTHREAD
-- Performing Test CMAKE_HAVE_LIBC_PTHREAD - Failed
-- Looking for pthread_create in pthreads
-- Looking for pthread_create in pthreads - not found
-- Looking for pthread_create in pthread
-- Looking for pthread_create in pthread - found
-- Found Threads: TRUE  
-- Found ZLIB: /home/tim911004/miniconda3/envs/cuda-quantum/lib/libz.so (found version "1.3.1")  
-- Looking for compress2
-- Looking for compress2 - found
-- Found LibXml2: /home/tim911004/miniconda3/envs/cuda-quantum/lib/libxml2.so (found version "2.13.5") 
-- Looking for xmlReadMemory
-- Looking for xmlReadMemory - found
-- Could NOT find LibEdit (missing: LibEdit_INCLUDE_DIRS LibEdit_LIBRARIES) 
-- Performing Test Terminfo_LINKABLE
-- Performing Test Terminfo_LINKABLE - Success
-- Found Terminfo: /home/tim911004/miniconda3/envs/cuda-quantum/lib/libtinfo.so  
-- Looking for xar_open in xar
-- Looking for xar_open in xar - not found
-- Looking for arc4random
-- Looking for arc4random - not found
-- Looking for backtrace
-- Looking for backtrace - found
-- backtrace facility detected in default set of libraries
-- Found Backtrace: /home/tim911004/miniconda3/envs/cuda-quantum/x86_64-conda-linux-gnu/sysroot/usr/include  
-- Performing Test C_SUPPORTS_WERROR_UNGUARDED_AVAILABILITY_NEW
-- Performing Test C_SUPPORTS_WERROR_UNGUARDED_AVAILABILITY_NEW - Failed
-- Looking for __register_frame
-- Looking for __register_frame - found
-- Looking for __deregister_frame
-- Looking for __deregister_frame - found
-- Looking for __unw_add_dynamic_fde
-- Looking for __unw_add_dynamic_fde - not found
-- Looking for _Unwind_Backtrace
-- Looking for _Unwind_Backtrace - found
-- Looking for getpagesize
-- Looking for getpagesize - found
-- Looking for sysconf
-- Looking for sysconf - found
-- Looking for getrusage
-- Looking for getrusage - found
-- Looking for setrlimit
-- Looking for setrlimit - found
-- Looking for isatty
-- Looking for isatty - found
-- Looking for futimens
-- Looking for futimens - found
-- Looking for futimes
-- Looking for futimes - found
-- Looking for sigaltstack
-- Looking for sigaltstack - found
-- Looking for mallctl
-- Looking for mallctl - not found
-- Looking for mallinfo
-- Looking for mallinfo - found
-- Looking for mallinfo2
-- Looking for mallinfo2 - not found
-- Looking for malloc_zone_statistics
-- Looking for malloc_zone_statistics - not found
-- Looking for getrlimit
-- Looking for getrlimit - found
-- Looking for posix_spawn
-- Looking for posix_spawn - found
-- Looking for pread
-- Looking for pread - found
-- Looking for sbrk
-- Looking for sbrk - found
-- Looking for strerror
-- Looking for strerror - found
-- Looking for strerror_r
-- Looking for strerror_r - found
-- Looking for strerror_s
-- Looking for strerror_s - not found
-- Looking for setenv
-- Looking for setenv - found
-- Performing Test HAVE_STRUCT_STAT_ST_MTIMESPEC_TV_NSEC
-- Performing Test HAVE_STRUCT_STAT_ST_MTIMESPEC_TV_NSEC - Failed
-- Performing Test HAVE_STRUCT_STAT_ST_MTIM_TV_NSEC
-- Performing Test HAVE_STRUCT_STAT_ST_MTIM_TV_NSEC - Success
-- Looking for __GLIBC__
-- Looking for __GLIBC__ - found
-- Looking for pthread_getname_np
-- Looking for pthread_getname_np - found
-- Looking for pthread_setname_np
-- Looking for pthread_setname_np - found
-- Looking for dlopen
-- Looking for dlopen - found
-- Looking for dladdr
-- Looking for dladdr - found
-- Looking for proc_pid_rusage
-- Looking for proc_pid_rusage - not found
-- Performing Test HAVE_CXX_ATOMICS_WITHOUT_LIB
-- Performing Test HAVE_CXX_ATOMICS_WITHOUT_LIB - Success
-- Performing Test HAVE_CXX_ATOMICS64_WITHOUT_LIB
-- Performing Test HAVE_CXX_ATOMICS64_WITHOUT_LIB - Success
-- Performing Test LLVM_HAS_ATOMICS
-- Performing Test LLVM_HAS_ATOMICS - Success
-- Performing Test SUPPORTS_VARIADIC_MACROS_FLAG
-- Performing Test SUPPORTS_VARIADIC_MACROS_FLAG - Success
-- Performing Test SUPPORTS_GNU_ZERO_VARIADIC_MACRO_ARGUMENTS_FLAG
-- Performing Test SUPPORTS_GNU_ZERO_VARIADIC_MACRO_ARGUMENTS_FLAG - Failed
-- Performing Test HAS_MAYBE_UNINITIALIZED
-- Performing Test HAS_MAYBE_UNINITIALIZED - Success
-- Native target architecture is X86
-- Threads enabled.
-- Doxygen disabled.
-- Ninja version: 1.13.1
-- Could NOT find OCaml (missing: OCAMLFIND OCAML_VERSION OCAML_STDLIB_PATH) 
-- Could NOT find OCaml (missing: OCAMLFIND OCAML_VERSION OCAML_STDLIB_PATH) 
-- OCaml bindings disabled.
-- Could NOT find Python module pygments
-- Could NOT find Python module pygments.lexers.c_cpp
-- Found Python module yaml
-- LLVM host triple: x86_64-unknown-linux-gnu
-- LLVM default target triple: x86_64-unknown-linux-gnu
-- Performing Test C_SUPPORTS_FPIC
-- Performing Test C_SUPPORTS_FPIC - Success
-- Performing Test CXX_SUPPORTS_FPIC
-- Performing Test CXX_SUPPORTS_FPIC - Success
-- Building with -fPIC
-- Performing Test C_SUPPORTS_FNO_SEMANTIC_INTERPOSITION
-- Performing Test C_SUPPORTS_FNO_SEMANTIC_INTERPOSITION - Success
-- Performing Test CXX_SUPPORTS_FNO_SEMANTIC_INTERPOSITION
-- Performing Test CXX_SUPPORTS_FNO_SEMANTIC_INTERPOSITION - Success
-- Performing Test SUPPORTS_FVISIBILITY_INLINES_HIDDEN_FLAG
-- Performing Test SUPPORTS_FVISIBILITY_INLINES_HIDDEN_FLAG - Success
-- Performing Test C_SUPPORTS_WERROR_DATE_TIME
-- Performing Test C_SUPPORTS_WERROR_DATE_TIME - Success
-- Performing Test CXX_SUPPORTS_WERROR_DATE_TIME
-- Performing Test CXX_SUPPORTS_WERROR_DATE_TIME - Success
-- Performing Test CXX_SUPPORTS_WERROR_UNGUARDED_AVAILABILITY_NEW
-- Performing Test CXX_SUPPORTS_WERROR_UNGUARDED_AVAILABILITY_NEW - Failed
-- Performing Test CXX_SUPPORTS_MISSING_FIELD_INITIALIZERS_FLAG
-- Performing Test CXX_SUPPORTS_MISSING_FIELD_INITIALIZERS_FLAG - Success
-- Performing Test C_SUPPORTS_CXX98_COMPAT_EXTRA_SEMI_FLAG
-- Performing Test C_SUPPORTS_CXX98_COMPAT_EXTRA_SEMI_FLAG - Failed
-- Performing Test CXX_SUPPORTS_CXX98_COMPAT_EXTRA_SEMI_FLAG
-- Performing Test CXX_SUPPORTS_CXX98_COMPAT_EXTRA_SEMI_FLAG - Failed
-- Performing Test C_SUPPORTS_IMPLICIT_FALLTHROUGH_FLAG
-- Performing Test C_SUPPORTS_IMPLICIT_FALLTHROUGH_FLAG - Success
-- Performing Test CXX_SUPPORTS_IMPLICIT_FALLTHROUGH_FLAG
-- Performing Test CXX_SUPPORTS_IMPLICIT_FALLTHROUGH_FLAG - Success
-- Performing Test C_SUPPORTS_COVERED_SWITCH_DEFAULT_FLAG
-- Performing Test C_SUPPORTS_COVERED_SWITCH_DEFAULT_FLAG - Failed
-- Performing Test CXX_SUPPORTS_COVERED_SWITCH_DEFAULT_FLAG
-- Performing Test CXX_SUPPORTS_COVERED_SWITCH_DEFAULT_FLAG - Failed
-- Performing Test CXX_SUPPORTS_CLASS_MEMACCESS_FLAG
-- Performing Test CXX_SUPPORTS_CLASS_MEMACCESS_FLAG - Success
-- Performing Test CXX_SUPPORTS_REDUNDANT_MOVE_FLAG
-- Performing Test CXX_SUPPORTS_REDUNDANT_MOVE_FLAG - Success
-- Performing Test CXX_SUPPORTS_PESSIMIZING_MOVE_FLAG
-- Performing Test CXX_SUPPORTS_PESSIMIZING_MOVE_FLAG - Success
-- Performing Test CXX_SUPPORTS_NOEXCEPT_TYPE_FLAG
-- Performing Test CXX_SUPPORTS_NOEXCEPT_TYPE_FLAG - Success
-- Performing Test CXX_WONT_WARN_ON_FINAL_NONVIRTUALDTOR
-- Performing Test CXX_WONT_WARN_ON_FINAL_NONVIRTUALDTOR - Failed
-- Performing Test CXX_SUPPORTS_SUGGEST_OVERRIDE_FLAG
-- Performing Test CXX_SUPPORTS_SUGGEST_OVERRIDE_FLAG - Success
-- Performing Test CXX_WSUGGEST_OVERRIDE_ALLOWS_ONLY_FINAL
-- Performing Test CXX_WSUGGEST_OVERRIDE_ALLOWS_ONLY_FINAL - Success
-- Performing Test C_WCOMMENT_ALLOWS_LINE_WRAP
-- Performing Test C_WCOMMENT_ALLOWS_LINE_WRAP - Failed
-- Performing Test C_SUPPORTS_STRING_CONVERSION_FLAG
-- Performing Test C_SUPPORTS_STRING_CONVERSION_FLAG - Failed
-- Performing Test CXX_SUPPORTS_STRING_CONVERSION_FLAG
-- Performing Test CXX_SUPPORTS_STRING_CONVERSION_FLAG - Failed
-- Performing Test CXX_SUPPORTS_MISLEADING_INDENTATION_FLAG
-- Performing Test CXX_SUPPORTS_MISLEADING_INDENTATION_FLAG - Success
-- Performing Test C_SUPPORTS_CTAD_MAYBE_UNSPPORTED_FLAG
-- Performing Test C_SUPPORTS_CTAD_MAYBE_UNSPPORTED_FLAG - Failed
-- Performing Test CXX_SUPPORTS_CTAD_MAYBE_UNSPPORTED_FLAG
-- Performing Test CXX_SUPPORTS_CTAD_MAYBE_UNSPPORTED_FLAG - Success
-- Performing Test LINKER_SUPPORTS_COLOR_DIAGNOSTICS
-- Performing Test LINKER_SUPPORTS_COLOR_DIAGNOSTICS - Failed
-- Performing Test C_SUPPORTS_FNO_FUNCTION_SECTIONS
-- Performing Test C_SUPPORTS_FNO_FUNCTION_SECTIONS - Success
-- Performing Test C_SUPPORTS_FFUNCTION_SECTIONS
-- Performing Test C_SUPPORTS_FFUNCTION_SECTIONS - Success
-- Performing Test CXX_SUPPORTS_FFUNCTION_SECTIONS
-- Performing Test CXX_SUPPORTS_FFUNCTION_SECTIONS - Success
-- Performing Test C_SUPPORTS_FDATA_SECTIONS
-- Performing Test C_SUPPORTS_FDATA_SECTIONS - Success
-- Performing Test CXX_SUPPORTS_FDATA_SECTIONS
-- Performing Test CXX_SUPPORTS_FDATA_SECTIONS - Success
-- Looking for os_signpost_interval_begin
-- Looking for os_signpost_interval_begin - not found
-- Linker detection: GNU ld
-- Performing Test HAS_WERROR_GLOBAL_CTORS
-- Performing Test HAS_WERROR_GLOBAL_CTORS - Failed
-- Looking for __x86_64__
-- Looking for __x86_64__ - found
-- Found Git: /usr/bin/git (found version "2.43.7") 
-- Targeting AArch64
-- Targeting AMDGPU
-- Targeting ARM
-- Targeting AVR
-- Targeting BPF
-- Targeting Hexagon
-- Targeting Lanai
-- Targeting LoongArch
-- Targeting Mips
-- Targeting MSP430
-- Targeting NVPTX
-- Targeting PowerPC
-- Targeting RISCV
-- Targeting Sparc
-- Targeting SystemZ
-- Targeting VE
-- Targeting WebAssembly
-- Targeting X86
-- Targeting XCore
CMake Deprecation Warning at /home/tim911004/.llvm-project/cmake/Modules/CMakePolicy.cmake:6 (cmake_policy):
  The OLD behavior for policy CMP0114 will be removed from a future version
  of CMake.

  The cmake-policies(7) manual explains that the OLD behaviors of all
  policies are deprecated and that a policy should be set to OLD only under
  specific short-term circumstances.  Projects should be ported to the NEW
  behavior and not rely on setting a policy to OLD.
Call Stack (most recent call first):
  /home/tim911004/.llvm-project/clang/CMakeLists.txt:6 (include)


CMake Deprecation Warning at /home/tim911004/.llvm-project/cmake/Modules/CMakePolicy.cmake:11 (cmake_policy):
  The OLD behavior for policy CMP0116 will be removed from a future version
  of CMake.

  The cmake-policies(7) manual explains that the OLD behaviors of all
  policies are deprecated and that a policy should be set to OLD only under
  specific short-term circumstances.  Projects should be ported to the NEW
  behavior and not rely on setting a policy to OLD.
Call Stack (most recent call first):
  /home/tim911004/.llvm-project/clang/CMakeLists.txt:6 (include)


-- Looking for sys/resource.h
-- Looking for sys/resource.h - found
-- Clang version: 16.0.6
-- Performing Test CXX_SUPPORTS_NO_NESTED_ANON_TYPES_FLAG
-- Performing Test CXX_SUPPORTS_NO_NESTED_ANON_TYPES_FLAG - Failed
-- Looking for include file sys/inotify.h
-- Looking for include file sys/inotify.h - found
CMake Warning (dev) at /home/tim911004/.llvm-project/clang/tools/nvptx-arch/CMakeLists.txt:13 (find_package):
  Policy CMP0146 is not set: The FindCUDA module is removed.  Run "cmake
  --help-policy CMP0146" for policy details.  Use the cmake_policy command to
  set the policy and suppress this warning.

This warning is for project developers.  Use -Wno-dev to suppress it.

CMake Deprecation Warning at /home/tim911004/.llvm-project/cmake/Modules/CMakePolicy.cmake:6 (cmake_policy):
  The OLD behavior for policy CMP0114 will be removed from a future version
  of CMake.

  The cmake-policies(7) manual explains that the OLD behaviors of all
  policies are deprecated and that a policy should be set to OLD only under
  specific short-term circumstances.  Projects should be ported to the NEW
  behavior and not rely on setting a policy to OLD.
Call Stack (most recent call first):
  /home/tim911004/.llvm-project/lld/CMakeLists.txt:6 (include)


CMake Deprecation Warning at /home/tim911004/.llvm-project/cmake/Modules/CMakePolicy.cmake:11 (cmake_policy):
  The OLD behavior for policy CMP0116 will be removed from a future version
  of CMake.

  The cmake-policies(7) manual explains that the OLD behaviors of all
  policies are deprecated and that a policy should be set to OLD only under
  specific short-term circumstances.  Projects should be ported to the NEW
  behavior and not rely on setting a policy to OLD.
Call Stack (most recent call first):
  /home/tim911004/.llvm-project/lld/CMakeLists.txt:6 (include)


-- LLD version: 16.0.6
-- Registering ExampleIRTransforms as a pass plugin (static build: OFF)
-- Registering Bye as a pass plugin (static build: OFF)
-- Configuring done (28.0s)
-- Generating done (2.9s)
-- Build files have been written to: /home/tim911004/.llvm-project/stage1_build/NATIVE
[504/4598] Building native llvm-tblgen...
[1/236] Building CXX object lib/Demangle/CMakeFiles/LLVMDemangle.dir/Demangle.cpp.o
[2/236] Building CXX object lib/Demangle/CMakeFiles/LLVMDemangle.dir/MicrosoftDemangleNodes.cpp.o
[3/236] Building CXX object lib/Demangle/CMakeFiles/LLVMDemangle.dir/RustDemangle.cpp.o
[4/236] Building CXX object lib/Demangle/CMakeFiles/LLVMDemangle.dir/DLangDemangle.cpp.o
[5/236] Building CXX object lib/Support/CMakeFiles/LLVMSupport.dir/ABIBreak.cpp.o
[6/236] Building CXX object lib/Demangle/CMakeFiles/LLVMDemangle.dir/MicrosoftDemangle.cpp.o
[7/236] Building CXX object lib/Support/CMakeFiles/LLVMSupport.dir/AddressRanges.cpp.o
[8/236] Building CXX object lib/Demangle/CMakeFiles/LLVMDemangle.dir/ItaniumDemangle.cpp.o
[9/236] Linking CXX static library lib/libLLVMDemangle.a
[10/236] Building CXX object lib/Support/CMakeFiles/LLVMSupport.dir/AMDGPUMetadata.cpp.o
[11/236] Building CXX object lib/Support/CMakeFiles/LLVMSupport.dir/APFixedPoint.cpp.o
[12/236] Building CXX object lib/Support/CMakeFiles/LLVMSupport.dir/APSInt.cpp.o
[13/236] Building CXX object lib/Support/CMakeFiles/LLVMSupport.dir/ARMBuildAttrs.cpp.o
[14/236] Building CXX object lib/Support/CMakeFiles/LLVMSupport.dir/ARMWinEH.cpp.o
[15/236] Building CXX object lib/Support/CMakeFiles/LLVMSupport.dir/APFloat.cpp.o
[16/236] Building CXX object lib/Support/CMakeFiles/LLVMSupport.dir/AutoConvert.cpp.o
[17/236] Building CXX object lib/Support/CMakeFiles/LLVMSupport.dir/Allocator.cpp.o
[18/236] Building CXX object lib/Support/CMakeFiles/LLVMSupport.dir/ARMAttributeParser.cpp.o
[19/236] Building CXX object lib/Support/CMakeFiles/LLVMSupport.dir/APInt.cpp.o
[20/236] Building CXX object lib/Support/CMakeFiles/LLVMSupport.dir/BinaryStreamError.cpp.o
[21/236] Building CXX object lib/Support/CMakeFiles/LLVMSupport.dir/Base64.cpp.o
[22/236] Building CXX object lib/Support/CMakeFiles/LLVMSupport.dir/BlockFrequency.cpp.o
[23/236] Building CXX object lib/Support/CMakeFiles/LLVMSupport.dir/BinaryStreamReader.cpp.o
[24/236] Building CXX object lib/Support/CMakeFiles/LLVMSupport.dir/BuryPointer.cpp.o
[25/236] Building CXX object lib/Support/CMakeFiles/LLVMSupport.dir/BinaryStreamRef.cpp.o
[26/236] Building CXX object lib/Support/CMakeFiles/LLVMSupport.dir/BinaryStreamWriter.cpp.o
[27/236] Building CXX object lib/Support/CMakeFiles/LLVMSupport.dir/BranchProbability.cpp.o
[28/236] Building CXX object lib/Support/CMakeFiles/LLVMSupport.dir/circular_raw_ostream.cpp.o
[29/236] Building CXX object lib/Support/CMakeFiles/LLVMSupport.dir/COM.cpp.o
[30/236] Building CXX object lib/Support/CMakeFiles/LLVMSupport.dir/Chrono.cpp.o
[31/236] Building CXX object lib/Support/CMakeFiles/LLVMSupport.dir/CachePruning.cpp.o
[32/236] Building CXX object lib/Support/CMakeFiles/LLVMSupport.dir/Caching.cpp.o
[33/236] Building CXX object lib/Support/CMakeFiles/LLVMSupport.dir/CRC.cpp.o
[34/236] Building CXX object lib/Support/CMakeFiles/LLVMSupport.dir/CodeGenCoverage.cpp.o
[35/236] Building CXX object lib/Support/CMakeFiles/LLVMSupport.dir/Compression.cpp.o
[36/236] Building CXX object lib/Support/CMakeFiles/LLVMSupport.dir/ConvertUTF.cpp.o
[37/236] Building CXX object lib/Support/CMakeFiles/LLVMSupport.dir/CrashRecoveryContext.cpp.o
[38/236] Building CXX object lib/Support/CMakeFiles/LLVMSupport.dir/ConvertUTFWrapper.cpp.o
[39/236] Building CXX object lib/Support/CMakeFiles/LLVMSupport.dir/CSKYAttributes.cpp.o
[40/236] Building CXX object lib/Support/CMakeFiles/LLVMSupport.dir/CSKYAttributeParser.cpp.o
[41/236] Building CXX object lib/Support/CMakeFiles/LLVMSupport.dir/Debug.cpp.o
[42/236] Building CXX object lib/Support/CMakeFiles/LLVMSupport.dir/DataExtractor.cpp.o
[43/236] Building CXX object lib/Support/CMakeFiles/LLVMSupport.dir/DivisionByConstantInfo.cpp.o
[44/236] Building CXX object lib/Support/CMakeFiles/LLVMSupport.dir/DeltaAlgorithm.cpp.o
[45/236] Building CXX object lib/Support/CMakeFiles/LLVMSupport.dir/DebugCounter.cpp.o
[46/236] Building CXX object lib/Support/CMakeFiles/LLVMSupport.dir/DJB.cpp.o
[47/236] Building CXX object lib/Support/CMakeFiles/LLVMSupport.dir/DAGDeltaAlgorithm.cpp.o
[48/236] Building CXX object lib/Support/CMakeFiles/LLVMSupport.dir/CommandLine.cpp.o
[49/236] Building CXX object lib/Support/CMakeFiles/LLVMSupport.dir/ELFAttributes.cpp.o
[50/236] Building CXX object lib/Support/CMakeFiles/LLVMSupport.dir/ExtensibleRTTI.cpp.o
[51/236] Building CXX object lib/Support/CMakeFiles/LLVMSupport.dir/ErrorHandling.cpp.o
[52/236] Building CXX object lib/Support/CMakeFiles/LLVMSupport.dir/ELFAttributeParser.cpp.o
[53/236] Building CXX object lib/Support/CMakeFiles/LLVMSupport.dir/Error.cpp.o
[54/236] Building CXX object lib/Support/CMakeFiles/LLVMSupport.dir/FileCollector.cpp.o
[55/236] Building CXX object lib/Support/CMakeFiles/LLVMSupport.dir/FoldingSet.cpp.o
[56/236] Building CXX object lib/Support/CMakeFiles/LLVMSupport.dir/FileOutputBuffer.cpp.o
[57/236] Building CXX object lib/Support/CMakeFiles/LLVMSupport.dir/FileUtilities.cpp.o
[58/236] Building CXX object lib/Support/CMakeFiles/LLVMSupport.dir/FormattedStream.cpp.o
[59/236] Building CXX object lib/Support/CMakeFiles/LLVMSupport.dir/FormatVariadic.cpp.o
[60/236] Building CXX object lib/Support/CMakeFiles/LLVMSupport.dir/Hashing.cpp.o
[61/236] Building CXX object lib/Support/CMakeFiles/LLVMSupport.dir/InitLLVM.cpp.o
[62/236] Building CXX object lib/Support/CMakeFiles/LLVMSupport.dir/GlobPattern.cpp.o
[63/236] Building CXX object lib/Support/CMakeFiles/LLVMSupport.dir/InstructionCost.cpp.o
[64/236] Building CXX object lib/Support/CMakeFiles/LLVMSupport.dir/GraphWriter.cpp.o
[65/236] Building CXX object lib/Support/CMakeFiles/LLVMSupport.dir/IntEqClasses.cpp.o
[66/236] Building CXX object lib/Support/CMakeFiles/LLVMSupport.dir/IntervalMap.cpp.o
[67/236] Building CXX object lib/Support/CMakeFiles/LLVMSupport.dir/LEB128.cpp.o
[68/236] Building CXX object lib/Support/CMakeFiles/LLVMSupport.dir/LineIterator.cpp.o
[69/236] Building CXX object lib/Support/CMakeFiles/LLVMSupport.dir/KnownBits.cpp.o
[70/236] Building CXX object lib/Support/CMakeFiles/LLVMSupport.dir/Locale.cpp.o
[71/236] Building CXX object lib/Support/CMakeFiles/LLVMSupport.dir/LowLevelType.cpp.o
[72/236] Building CXX object lib/Support/CMakeFiles/LLVMSupport.dir/JSON.cpp.o
[73/236] Building CXX object lib/Support/CMakeFiles/LLVMSupport.dir/MathExtras.cpp.o
[74/236] Building CXX object lib/Support/CMakeFiles/LLVMSupport.dir/MemAlloc.cpp.o
[75/236] Building CXX object lib/Support/CMakeFiles/LLVMSupport.dir/LockFileManager.cpp.o
[76/236] Building CXX object lib/Support/CMakeFiles/LLVMSupport.dir/ManagedStatic.cpp.o
[77/236] Building CXX object lib/Support/CMakeFiles/LLVMSupport.dir/MemoryBufferRef.cpp.o
[78/236] Building CXX object lib/Support/CMakeFiles/LLVMSupport.dir/MSP430Attributes.cpp.o
[79/236] Building CXX object lib/Support/CMakeFiles/LLVMSupport.dir/MD5.cpp.o
[80/236] Building CXX object lib/Support/CMakeFiles/LLVMSupport.dir/MemoryBuffer.cpp.o
[81/236] Building CXX object lib/Support/CMakeFiles/LLVMSupport.dir/ItaniumManglingCanonicalizer.cpp.o
[82/236] Building CXX object lib/Support/CMakeFiles/LLVMSupport.dir/OptimizedStructLayout.cpp.o
[83/236] Building CXX object lib/Support/CMakeFiles/LLVMSupport.dir/MSP430AttributeParser.cpp.o
[84/236] Building CXX object lib/Support/CMakeFiles/LLVMSupport.dir/NativeFormatting.cpp.o
[85/236] Building CXX object lib/Support/CMakeFiles/LLVMSupport.dir/Optional.cpp.o
[86/236] Building CXX object lib/Support/CMakeFiles/LLVMSupport.dir/PrettyStackTrace.cpp.o
[87/236] Building CXX object lib/Support/CMakeFiles/LLVMSupport.dir/PluginLoader.cpp.o
[88/236] Building CXX object lib/Support/CMakeFiles/LLVMSupport.dir/RISCVAttributes.cpp.o
[89/236] Building CXX object lib/Support/CMakeFiles/LLVMSupport.dir/Regex.cpp.o
[90/236] Building CXX object lib/Support/CMakeFiles/LLVMSupport.dir/Parallel.cpp.o
[91/236] Building CXX object lib/Support/CMakeFiles/LLVMSupport.dir/RandomNumberGenerator.cpp.o
[92/236] Building CXX object lib/Support/CMakeFiles/LLVMSupport.dir/RISCVAttributeParser.cpp.o
[93/236] Building CXX object lib/Support/CMakeFiles/LLVMSupport.dir/ScaledNumber.cpp.o
[94/236] Building CXX object lib/Support/CMakeFiles/LLVMSupport.dir/SHA1.cpp.o
[95/236] Building CXX object lib/Support/CMakeFiles/LLVMSupport.dir/SHA256.cpp.o
[96/236] Building CXX object lib/Support/CMakeFiles/LLVMSupport.dir/Signposts.cpp.o
[97/236] Building CXX object lib/Support/CMakeFiles/LLVMSupport.dir/ScopedPrinter.cpp.o
[98/236] Building CXX object lib/Support/CMakeFiles/LLVMSupport.dir/SmallPtrSet.cpp.o
[99/236] Building CXX object lib/Support/CMakeFiles/LLVMSupport.dir/RISCVISAInfo.cpp.o
[100/236] Building CXX object lib/Support/CMakeFiles/LLVMSupport.dir/SmallVector.cpp.o
[101/236] Building CXX object lib/Support/CMakeFiles/LLVMSupport.dir/StringExtras.cpp.o
[102/236] Building CXX object lib/Support/CMakeFiles/LLVMSupport.dir/SourceMgr.cpp.o
[103/236] Building CXX object lib/Support/CMakeFiles/LLVMSupport.dir/SpecialCaseList.cpp.o
[104/236] Building CXX object lib/Support/CMakeFiles/LLVMSupport.dir/StringMap.cpp.o
[105/236] Building CXX object lib/Support/CMakeFiles/LLVMSupport.dir/Statistic.cpp.o
[106/236] Building CXX object lib/Support/CMakeFiles/LLVMSupport.dir/StringSaver.cpp.o
[107/236] Building CXX object lib/Support/CMakeFiles/LLVMSupport.dir/SuffixTree.cpp.o
[108/236] Building CXX object lib/Support/CMakeFiles/LLVMSupport.dir/SystemUtils.cpp.o
[109/236] Building CXX object lib/Support/CMakeFiles/LLVMSupport.dir/SymbolRemappingReader.cpp.o
[110/236] Building CXX object lib/Support/CMakeFiles/LLVMSupport.dir/StringRef.cpp.o
[111/236] Building CXX object lib/Support/CMakeFiles/LLVMSupport.dir/TarWriter.cpp.o
[112/236] Building CXX object lib/Support/CMakeFiles/LLVMSupport.dir/ThreadPool.cpp.o
[113/236] Building CXX object lib/Support/CMakeFiles/LLVMSupport.dir/TrigramIndex.cpp.o
[114/236] Building CXX object lib/Support/CMakeFiles/LLVMSupport.dir/ToolOutputFile.cpp.o
[115/236] Building CXX object lib/Support/CMakeFiles/LLVMSupport.dir/TimeProfiler.cpp.o
[116/236] Building CXX object lib/Support/CMakeFiles/LLVMSupport.dir/Timer.cpp.o
[117/236] Building CXX object lib/Support/CMakeFiles/LLVMSupport.dir/Twine.cpp.o
[118/236] Building CXX object lib/Support/CMakeFiles/LLVMSupport.dir/TypeSize.cpp.o
[119/236] Building CXX object lib/Support/CMakeFiles/LLVMSupport.dir/Unicode.cpp.o
[120/236] Building CXX object lib/Support/CMakeFiles/LLVMSupport.dir/UnicodeNameToCodepointGenerated.cpp.o
[121/236] Building CXX object lib/Support/CMakeFiles/LLVMSupport.dir/UnicodeCaseFold.cpp.o
[122/236] Building CXX object lib/Support/CMakeFiles/LLVMSupport.dir/VersionTuple.cpp.o
[123/236] Building CXX object lib/Support/CMakeFiles/LLVMSupport.dir/UnicodeNameToCodepoint.cpp.o
[124/236] Building CXX object lib/Support/CMakeFiles/LLVMSupport.dir/WithColor.cpp.o
[125/236] Building CXX object lib/Support/CMakeFiles/LLVMSupport.dir/raw_os_ostream.cpp.o
[126/236] Building CXX object lib/Support/CMakeFiles/LLVMSupport.dir/YAMLTraits.cpp.o
[127/236] Building CXX object lib/Support/CMakeFiles/LLVMSupport.dir/YAMLParser.cpp.o
[128/236] Building C object lib/Support/CMakeFiles/LLVMSupport.dir/regerror.c.o
[129/236] Building C object lib/Support/CMakeFiles/LLVMSupport.dir/regcomp.c.o
[130/236] Building C object lib/Support/CMakeFiles/LLVMSupport.dir/regfree.c.o
[131/236] Building C object lib/Support/CMakeFiles/LLVMSupport.dir/regstrlcpy.c.o
[132/236] Building C object lib/Support/CMakeFiles/LLVMSupport.dir/regexec.c.o
[133/236] Building CXX object lib/Support/CMakeFiles/LLVMSupport.dir/raw_ostream.cpp.o
[134/236] Building CXX object lib/Support/CMakeFiles/LLVMSupport.dir/Atomic.cpp.o
[135/236] Building CXX object lib/Support/CMakeFiles/LLVMSupport.dir/xxhash.cpp.o
[136/236] Building CXX object lib/Support/CMakeFiles/LLVMSupport.dir/Errno.cpp.o
[137/236] Building CXX object lib/Support/CMakeFiles/LLVMSupport.dir/Z3Solver.cpp.o
[138/236] Building CXX object lib/Support/CMakeFiles/LLVMSupport.dir/DynamicLibrary.cpp.o
[139/236] Building CXX object lib/Support/CMakeFiles/LLVMSupport.dir/VirtualFileSystem.cpp.o
[140/236] Building CXX object lib/Support/CMakeFiles/LLVMSupport.dir/Memory.cpp.o
[141/236] Building CXX object lib/Support/CMakeFiles/LLVMSupport.dir/RWMutex.cpp.o
[142/236] Building CXX object lib/Support/CMakeFiles/LLVMSupport.dir/Process.cpp.o
[143/236] Building CXX object lib/Support/CMakeFiles/LLVMSupport.dir/Program.cpp.o
[144/236] Building CXX object lib/Support/CMakeFiles/LLVMSupport.dir/Valgrind.cpp.o
[145/236] Building CXX object lib/Support/CMakeFiles/LLVMSupport.dir/Watchdog.cpp.o
[146/236] Building CXX object lib/Support/CMakeFiles/LLVMSupport.dir/Threading.cpp.o
[147/236] Building CXX object lib/Support/CMakeFiles/LLVMSupport.dir/Path.cpp.o
[148/236] Building C object lib/Support/BLAKE3/CMakeFiles/LLVMSupportBlake3.dir/blake3_dispatch.c.o
[149/236] Building C object lib/Support/BLAKE3/CMakeFiles/LLVMSupportBlake3.dir/blake3.c.o
[150/236] Building ASM object lib/Support/BLAKE3/CMakeFiles/LLVMSupportBlake3.dir/blake3_sse2_x86-64_unix.S.o
[151/236] Building ASM object lib/Support/BLAKE3/CMakeFiles/LLVMSupportBlake3.dir/blake3_sse41_x86-64_unix.S.o
[152/236] Building ASM object lib/Support/BLAKE3/CMakeFiles/LLVMSupportBlake3.dir/blake3_avx2_x86-64_unix.S.o
[153/236] Building ASM object lib/Support/BLAKE3/CMakeFiles/LLVMSupportBlake3.dir/blake3_avx512_x86-64_unix.S.o
[154/236] Building C object lib/Support/BLAKE3/CMakeFiles/LLVMSupportBlake3.dir/blake3_neon.c.o
[155/236] Building C object lib/Support/BLAKE3/CMakeFiles/LLVMSupportBlake3.dir/blake3_portable.c.o
[156/236] Building CXX object lib/Support/CMakeFiles/LLVMSupport.dir/Signals.cpp.o
[157/236] Linking CXX static library lib/libLLVMSupport.a
[158/236] Building CXX object lib/TableGen/CMakeFiles/LLVMTableGen.dir/Error.cpp.o
[159/236] Building CXX object lib/TableGen/CMakeFiles/LLVMTableGen.dir/DetailedRecordsBackend.cpp.o
[160/236] Building CXX object lib/TableGen/CMakeFiles/LLVMTableGen.dir/JSONBackend.cpp.o
[161/236] Building CXX object lib/TableGen/CMakeFiles/LLVMTableGen.dir/Parser.cpp.o
[162/236] Building CXX object lib/TableGen/CMakeFiles/LLVMTableGen.dir/Main.cpp.o
[163/236] Building CXX object lib/TableGen/CMakeFiles/LLVMTableGen.dir/TableGenBackend.cpp.o
[164/236] Building CXX object lib/TableGen/CMakeFiles/LLVMTableGen.dir/StringMatcher.cpp.o
[165/236] Building CXX object lib/TableGen/CMakeFiles/LLVMTableGen.dir/TableGenBackendSkeleton.cpp.o
[166/236] Building CXX object lib/TableGen/CMakeFiles/LLVMTableGen.dir/TGLexer.cpp.o
[167/236] Building CXX object lib/TableGen/CMakeFiles/LLVMTableGen.dir/SetTheory.cpp.o
[168/236] Building CXX object utils/TableGen/GlobalISel/CMakeFiles/LLVMTableGenGlobalISel.dir/CodeExpander.cpp.o
[169/236] Building CXX object lib/TableGen/CMakeFiles/LLVMTableGen.dir/Record.cpp.o
[170/236] Building CXX object utils/TableGen/GlobalISel/CMakeFiles/LLVMTableGenGlobalISel.dir/GIMatchDagEdge.cpp.o
[171/236] Building CXX object utils/TableGen/GlobalISel/CMakeFiles/LLVMTableGenGlobalISel.dir/GIMatchDag.cpp.o
[172/236] Building CXX object utils/TableGen/GlobalISel/CMakeFiles/LLVMTableGenGlobalISel.dir/GIMatchDagInstr.cpp.o
[173/236] Building CXX object utils/TableGen/GlobalISel/CMakeFiles/LLVMTableGenGlobalISel.dir/GIMatchDagOperands.cpp.o
[174/236] Building CXX object lib/TableGen/CMakeFiles/LLVMTableGen.dir/TGParser.cpp.o
[175/236] Linking CXX static library lib/libLLVMTableGen.a
[176/236] Building CXX object utils/TableGen/GlobalISel/CMakeFiles/LLVMTableGenGlobalISel.dir/GIMatchDagPredicateDependencyEdge.cpp.o
[177/236] Building CXX object utils/TableGen/GlobalISel/CMakeFiles/LLVMTableGenGlobalISel.dir/GIMatchDagPredicate.cpp.o
[178/236] Building CXX object utils/TableGen/CMakeFiles/llvm-tblgen.dir/AsmWriterInst.cpp.o
[179/236] Building CXX object utils/TableGen/CMakeFiles/llvm-tblgen.dir/Attributes.cpp.o
[180/236] Building CXX object utils/TableGen/GlobalISel/CMakeFiles/LLVMTableGenGlobalISel.dir/GIMatchTree.cpp.o
[181/236] Building CXX object utils/TableGen/CMakeFiles/llvm-tblgen.dir/AsmWriterEmitter.cpp.o
[182/236] Building CXX object utils/TableGen/CMakeFiles/llvm-tblgen.dir/CallingConvEmitter.cpp.o
[183/236] Building CXX object utils/TableGen/CMakeFiles/llvm-tblgen.dir/CodeEmitterGen.cpp.o
[184/236] Building CXX object utils/TableGen/CMakeFiles/llvm-tblgen.dir/AsmMatcherEmitter.cpp.o
[185/236] Building CXX object utils/TableGen/CMakeFiles/llvm-tblgen.dir/CodeGenHwModes.cpp.o
[186/236] Building CXX object utils/TableGen/CMakeFiles/llvm-tblgen.dir/CodeGenInstruction.cpp.o
[187/236] Building CXX object utils/TableGen/CMakeFiles/llvm-tblgen.dir/CodeGenMapTable.cpp.o
[188/236] Building CXX object utils/TableGen/CMakeFiles/llvm-tblgen.dir/CodeGenTarget.cpp.o
[189/236] Building CXX object utils/TableGen/CMakeFiles/llvm-tblgen.dir/CodeGenDAGPatterns.cpp.o
[190/236] Building CXX object utils/TableGen/CMakeFiles/llvm-tblgen.dir/CodeGenRegisters.cpp.o
In file included from /home/tim911004/.llvm-project/llvm/utils/TableGen/CodeGenRegisters.h:25,
                 from /home/tim911004/.llvm-project/llvm/utils/TableGen/CodeGenRegisters.cpp:14:
/home/tim911004/.llvm-project/llvm/include/llvm/ADT/SparseBitVector.h: In member function 'unsigned int llvm::CodeGenRegister::getWeight(const llvm::CodeGenRegBank&) const':
/home/tim911004/.llvm-project/llvm/include/llvm/ADT/SparseBitVector.h:130:15: warning: array subscript 2 is above array bounds of 'const BitWord [2]' {aka 'const long unsigned int [2]'} [-Warray-bounds]
  130 |       if (Bits[i] != 0)
      |           ~~~~^
/home/tim911004/.llvm-project/llvm/include/llvm/ADT/SparseBitVector.h:55:11: note: while referencing 'llvm::SparseBitVectorElement<128>::Bits'
   55 |   BitWord Bits[BITWORDS_PER_ELEMENT];
      |           ^~~~
/home/tim911004/.llvm-project/llvm/include/llvm/ADT/SparseBitVector.h: In function 'bool normalizeWeight(llvm::CodeGenRegister*, std::vector<{anonymous}::UberRegSet>&, std::vector<{anonymous}::UberRegSet*>&, llvm::BitVector&, llvm::CodeGenRegister::RegUnitList&, llvm::CodeGenRegBank&)':
/home/tim911004/.llvm-project/llvm/include/llvm/ADT/SparseBitVector.h:130:15: warning: array subscript 2 is above array bounds of 'const BitWord [2]' {aka 'const long unsigned int [2]'} [-Warray-bounds]
  130 |       if (Bits[i] != 0)
      |           ~~~~^
/home/tim911004/.llvm-project/llvm/include/llvm/ADT/SparseBitVector.h:55:11: note: while referencing 'llvm::SparseBitVectorElement<128>::Bits'
   55 |   BitWord Bits[BITWORDS_PER_ELEMENT];
      |           ^~~~
/home/tim911004/.llvm-project/llvm/include/llvm/ADT/SparseBitVector.h: In member function 'void llvm::CodeGenRegisterClass::buildRegUnitSet(const llvm::CodeGenRegBank&, std::vector<unsigned int, std::allocator<unsigned int> >&) const':
/home/tim911004/.llvm-project/llvm/include/llvm/ADT/SparseBitVector.h:130:15: warning: array subscript 2 is above array bounds of 'const BitWord [2]' {aka 'const long unsigned int [2]'} [-Warray-bounds]
  130 |       if (Bits[i] != 0)
      |           ~~~~^
/home/tim911004/.llvm-project/llvm/include/llvm/ADT/SparseBitVector.h:55:11: note: while referencing 'llvm::SparseBitVectorElement<128>::Bits'
   55 |   BitWord Bits[BITWORDS_PER_ELEMENT];
      |           ^~~~
[191/236] Building CXX object utils/TableGen/CMakeFiles/llvm-tblgen.dir/CodeGenSchedule.cpp.o
[192/236] Building CXX object utils/TableGen/CMakeFiles/llvm-tblgen.dir/DAGISelEmitter.cpp.o
[193/236] Building CXX object utils/TableGen/CMakeFiles/llvm-tblgen.dir/DAGISelMatcherEmitter.cpp.o
[194/236] Building CXX object utils/TableGen/CMakeFiles/llvm-tblgen.dir/DAGISelMatcherOpt.cpp.o
[195/236] Building CXX object utils/TableGen/CMakeFiles/llvm-tblgen.dir/DAGISelMatcherGen.cpp.o
[196/236] Building CXX object utils/TableGen/CMakeFiles/llvm-tblgen.dir/DAGISelMatcher.cpp.o
[197/236] Building CXX object utils/TableGen/CMakeFiles/llvm-tblgen.dir/DFAEmitter.cpp.o
[198/236] Building CXX object utils/TableGen/CMakeFiles/llvm-tblgen.dir/DFAPacketizerEmitter.cpp.o
[199/236] Building CXX object utils/TableGen/CMakeFiles/llvm-tblgen.dir/DirectiveEmitter.cpp.o
[200/236] Building CXX object utils/TableGen/CMakeFiles/llvm-tblgen.dir/DisassemblerEmitter.cpp.o
[201/236] Building CXX object utils/TableGen/CMakeFiles/llvm-tblgen.dir/ExegesisEmitter.cpp.o
[202/236] Building CXX object utils/TableGen/CMakeFiles/llvm-tblgen.dir/DecoderEmitter.cpp.o
[203/236] Building CXX object utils/TableGen/CMakeFiles/llvm-tblgen.dir/DXILEmitter.cpp.o
[204/236] Building CXX object utils/TableGen/CMakeFiles/llvm-tblgen.dir/InfoByHwMode.cpp.o
[205/236] Building CXX object utils/TableGen/CMakeFiles/llvm-tblgen.dir/FastISelEmitter.cpp.o
[206/236] Building CXX object utils/TableGen/CMakeFiles/llvm-tblgen.dir/GICombinerEmitter.cpp.o
[207/236] Building CXX object utils/TableGen/CMakeFiles/llvm-tblgen.dir/InstrDocsEmitter.cpp.o
[208/236] Building CXX object utils/TableGen/CMakeFiles/llvm-tblgen.dir/OptEmitter.cpp.o
[209/236] Building CXX object utils/TableGen/CMakeFiles/llvm-tblgen.dir/InstrInfoEmitter.cpp.o
[210/236] Building CXX object utils/TableGen/CMakeFiles/llvm-tblgen.dir/IntrinsicEmitter.cpp.o
[211/236] Building CXX object utils/TableGen/CMakeFiles/llvm-tblgen.dir/OptParserEmitter.cpp.o
[212/236] Building CXX object utils/TableGen/CMakeFiles/llvm-tblgen.dir/OptRSTEmitter.cpp.o
[213/236] Building CXX object utils/TableGen/CMakeFiles/llvm-tblgen.dir/PredicateExpander.cpp.o
[214/236] Building CXX object utils/TableGen/CMakeFiles/llvm-tblgen.dir/PseudoLoweringEmitter.cpp.o
[215/236] Building CXX object utils/TableGen/CMakeFiles/llvm-tblgen.dir/RegisterBankEmitter.cpp.o
[216/236] Building CXX object utils/TableGen/CMakeFiles/llvm-tblgen.dir/CompressInstEmitter.cpp.o
[217/236] Building CXX object utils/TableGen/CMakeFiles/llvm-tblgen.dir/RISCVTargetDefEmitter.cpp.o
[218/236] Building CXX object utils/TableGen/CMakeFiles/llvm-tblgen.dir/SDNodeProperties.cpp.o
[219/236] Building CXX object utils/TableGen/CMakeFiles/llvm-tblgen.dir/GlobalISelEmitter.cpp.o
[220/236] Building CXX object utils/TableGen/CMakeFiles/llvm-tblgen.dir/SubtargetFeatureInfo.cpp.o
[221/236] Building CXX object utils/TableGen/CMakeFiles/llvm-tblgen.dir/SearchableTableEmitter.cpp.o
[222/236] Building CXX object utils/TableGen/CMakeFiles/llvm-tblgen.dir/Types.cpp.o
[223/236] Building CXX object utils/TableGen/CMakeFiles/llvm-tblgen.dir/TableGen.cpp.o
[224/236] Building CXX object utils/TableGen/CMakeFiles/llvm-tblgen.dir/RegisterInfoEmitter.cpp.o
In file included from /home/tim911004/.llvm-project/llvm/utils/TableGen/CodeGenRegisters.h:25,
                 from /home/tim911004/.llvm-project/llvm/utils/TableGen/RegisterInfoEmitter.cpp:15:
/home/tim911004/.llvm-project/llvm/include/llvm/ADT/SparseBitVector.h: In member function 'void llvm::SparseBitVector<ElementSize>::SparseBitVectorIterator::AdvanceToFirstNonZero() [with unsigned int ElementSize = 128]':
/home/tim911004/.llvm-project/llvm/include/llvm/ADT/SparseBitVector.h:130:15: warning: array subscript 2 is above array bounds of 'const BitWord [2]' {aka 'const long unsigned int [2]'} [-Warray-bounds]
  130 |       if (Bits[i] != 0)
      |           ~~~~^
/home/tim911004/.llvm-project/llvm/include/llvm/ADT/SparseBitVector.h:55:11: note: while referencing 'llvm::SparseBitVectorElement<128>::Bits'
   55 |   BitWord Bits[BITWORDS_PER_ELEMENT];
      |           ^~~~
[225/236] Building CXX object utils/TableGen/CMakeFiles/llvm-tblgen.dir/X86DisassemblerTables.cpp.o
[226/236] Building CXX object utils/TableGen/CMakeFiles/llvm-tblgen.dir/SubtargetEmitter.cpp.o
[227/236] Building CXX object utils/TableGen/CMakeFiles/llvm-tblgen.dir/X86EVEX2VEXTablesEmitter.cpp.o
[228/236] Building CXX object utils/TableGen/CMakeFiles/llvm-tblgen.dir/VarLenCodeEmitterGen.cpp.o
[229/236] Building CXX object utils/TableGen/CMakeFiles/llvm-tblgen.dir/X86ModRMFilters.cpp.o
[230/236] Building CXX object utils/TableGen/CMakeFiles/llvm-tblgen.dir/X86MnemonicTables.cpp.o
[231/236] Building CXX object utils/TableGen/CMakeFiles/llvm-tblgen.dir/X86FoldTablesEmitter.cpp.o
[232/236] Linking CXX static library lib/libLLVMTableGenGlobalISel.a
[233/236] Building CXX object utils/TableGen/CMakeFiles/llvm-tblgen.dir/WebAssemblyDisassemblerEmitter.cpp.o
[234/236] Building CXX object utils/TableGen/CMakeFiles/llvm-tblgen.dir/X86RecognizableInstr.cpp.o
[235/236] Building CXX object utils/TableGen/CMakeFiles/llvm-tblgen.dir/CTagsEmitter.cpp.o
[236/236] Linking CXX executable bin/llvm-tblgen
[506/4598] Building Attributes.inc...
[507/4598] Building IntrinsicsARM.h...
[508/4598] Building IntrinsicsDirectX.h...
[509/4598] Building IntrinsicsAMDGPU.h...
[510/4598] Building IntrinsicsHexagon.h...
[511/4598] Building IntrinsicEnums.inc...
[512/4598] Building IntrinsicsBPF.h...
[513/4598] Building IntrinsicsLoongArch.h...
[514/4598] Building IntrinsicImpl.inc...
[515/4598] Building IntrinsicsAArch64.h...
[516/4598] Building IntrinsicsMips.h...
[517/4598] Building IntrinsicsNVPTX.h...
[518/4598] Building IntrinsicsPowerPC.h...
[518/4598] Building native clang-tblgen...
[1/22] Building CXX object tools/clang/utils/TableGen/CMakeFiles/clang-tblgen.dir/ASTTableGen.cpp.o
[2/22] Building CXX object tools/clang/utils/TableGen/CMakeFiles/clang-tblgen.dir/ClangASTNodesEmitter.cpp.o
[3/22] Building CXX object tools/clang/utils/TableGen/CMakeFiles/clang-tblgen.dir/ClangASTPropertiesEmitter.cpp.o
[4/22] Building CXX object tools/clang/utils/TableGen/CMakeFiles/clang-tblgen.dir/ClangCommentCommandInfoEmitter.cpp.o
[5/22] Building CXX object tools/clang/utils/TableGen/CMakeFiles/clang-tblgen.dir/ClangCommentHTMLNamedCharacterReferenceEmitter.cpp.o
[6/22] Building CXX object tools/clang/utils/TableGen/CMakeFiles/clang-tblgen.dir/ClangCommentHTMLTagsEmitter.cpp.o
[7/22] Building CXX object tools/clang/utils/TableGen/CMakeFiles/clang-tblgen.dir/ClangDataCollectorsEmitter.cpp.o
[8/22] Building CXX object tools/clang/utils/TableGen/CMakeFiles/clang-tblgen.dir/ClangOpcodesEmitter.cpp.o
[9/22] Building CXX object tools/clang/utils/TableGen/CMakeFiles/clang-tblgen.dir/ClangDiagnosticsEmitter.cpp.o
/home/tim911004/.llvm-project/clang/utils/TableGen/ClangDiagnosticsEmitter.cpp: In member function 'void {anonymous}::DiagTextVisitor<Derived>::Visit({anonymous}::Piece*) [with Derived = {anonymous}::DiagTextDocPrinter]':
/home/tim911004/.llvm-project/clang/utils/TableGen/ClangDiagnosticsEmitter.cpp:736:25: warning: '*(std::_Vector_base<int, std::allocator<int> >::_Vector_impl_data*)((char*)&Guard + offsetof(<unnamed>::DiagTextVisitor<<unnamed>::DiagTextDocPrinter>::SubstitutionContext, <unnamed>::DiagTextVisitor<<unnamed>::DiagTextDocPrinter>::SubstitutionContext::OldMappings.std::optional<std::vector<int, std::allocator<int> > >::<unnamed>.std::_Optional_base<std::vector<int, std::allocator<int> >, false, false>::<unnamed>)).std::_Vector_base<int, std::allocator<int> >::_Vector_impl_data::_M_finish' is used uninitialized [-Wuninitialized]
  736 |     SubstitutionContext Guard(*this, P);
      |                         ^~~~~
/home/tim911004/.llvm-project/clang/utils/TableGen/ClangDiagnosticsEmitter.cpp:736:25: warning: '*(std::_Vector_base<int, std::allocator<int> >::_Vector_impl_data*)((char*)&Guard + offsetof(<unnamed>::DiagTextVisitor<<unnamed>::DiagTextDocPrinter>::SubstitutionContext, <unnamed>::DiagTextVisitor<<unnamed>::DiagTextDocPrinter>::SubstitutionContext::OldMappings.std::optional<std::vector<int, std::allocator<int> > >::<unnamed>.std::_Optional_base<std::vector<int, std::allocator<int> >, false, false>::<unnamed>)).std::_Vector_base<int, std::allocator<int> >::_Vector_impl_data::_M_start' is used uninitialized [-Wuninitialized]
[10/22] Building CXX object tools/clang/utils/TableGen/CMakeFiles/clang-tblgen.dir/ClangAttrEmitter.cpp.o
[11/22] Building CXX object tools/clang/utils/TableGen/CMakeFiles/clang-tblgen.dir/ClangSACheckersEmitter.cpp.o
[12/22] Building CXX object tools/clang/utils/TableGen/CMakeFiles/clang-tblgen.dir/ClangOptionDocEmitter.cpp.o
[13/22] Building CXX object tools/clang/utils/TableGen/CMakeFiles/clang-tblgen.dir/ClangOpenCLBuiltinEmitter.cpp.o
[14/22] Building CXX object tools/clang/utils/TableGen/CMakeFiles/clang-tblgen.dir/ClangSyntaxEmitter.cpp.o
[15/22] Building CXX object tools/clang/utils/TableGen/CMakeFiles/clang-tblgen.dir/ClangTypeNodesEmitter.cpp.o
[16/22] Building CXX object tools/clang/utils/TableGen/CMakeFiles/clang-tblgen.dir/RISCVVEmitter.cpp.o
[17/22] Building CXX object tools/clang/utils/TableGen/CMakeFiles/clang-tblgen.dir/MveEmitter.cpp.o
[18/22] Building CXX object tools/clang/utils/TableGen/CMakeFiles/clang-tblgen.dir/SveEmitter.cpp.o
[19/22] Building CXX object tools/clang/utils/TableGen/CMakeFiles/clang-tblgen.dir/TableGen.cpp.o
[20/22] Building CXX object tools/clang/utils/TableGen/CMakeFiles/clang-tblgen.dir/NeonEmitter.cpp.o
[21/22] Building CXX object tools/clang/lib/Support/CMakeFiles/obj.clangSupport.dir/RISCVVIntrinsicUtils.cpp.o
[22/22] Linking CXX executable bin/clang-tblgen
[598/4598] Building CXX object lib/IR/CMakeFiles/LLVMCore.dir/DebugLoc.cpp.o
[600/4598] Building CXX object lib/IR/CMakeFiles/LLVMCore.dir/DiagnosticInfo.cpp.o
[601/4598] Building CXX object lib/IR/CMakeFiles/LLVMCore.dir/DebugInfo.cpp.o
[602/4598] Building CXX object lib/IR/CMakeFiles/LLVMCore.dir/FPEnv.cpp.o
[603/4598] Building CXX object lib/IR/CMakeFiles/LLVMCore.dir/IRPrintingPasses.cpp.o
[604/4598] Building CXX object lib/IR/CMakeFiles/LLVMCore.dir/SSAContext.cpp.o
[605/4598] Building CXX object lib/IR/CMakeFiles/LLVMCore.dir/InlineAsm.cpp.o
[606/4598] Building CXX object lib/IR/CMakeFiles/LLVMCore.dir/IRBuilder.cpp.o
[607/4598] Building CXX object lib/IR/CMakeFiles/LLVMCore.dir/Globals.cpp.o
[608/4598] Building CXX object lib/IR/CMakeFiles/LLVMCore.dir/Dominators.cpp.o
[609/4598] Building CXX object lib/IR/CMakeFiles/LLVMCore.dir/Function.cpp.o
[610/4598] Building CXX object lib/IR/CMakeFiles/LLVMCore.dir/IntrinsicInst.cpp.o
[611/4598] Building CXX object lib/IR/CMakeFiles/LLVMCore.dir/Instruction.cpp.o
[612/4598] Building CXX object lib/IR/CMakeFiles/LLVMCore.dir/MDBuilder.cpp.o
[613/4598] Building CXX object lib/IR/CMakeFiles/LLVMCore.dir/LLVMContext.cpp.o
[614/4598] Building CXX object lib/IR/CMakeFiles/LLVMCore.dir/LLVMRemarkStreamer.cpp.o
[615/4598] Building CXX object lib/IR/CMakeFiles/LLVMCore.dir/Mangler.cpp.o
[616/4598] Building CXX object lib/IR/CMakeFiles/LLVMCore.dir/DebugInfoMetadata.cpp.o
[617/4598] Building CXX object lib/IR/CMakeFiles/LLVMCore.dir/Instructions.cpp.o
[618/4598] Building CXX object lib/IR/CMakeFiles/LLVMCore.dir/OptBisect.cpp.o
[619/4598] Building CXX object lib/IR/CMakeFiles/LLVMCore.dir/Pass.cpp.o
[620/4598] Building CXX object lib/IR/CMakeFiles/LLVMCore.dir/LegacyPassManager.cpp.o
[621/4598] Building CXX object lib/IR/CMakeFiles/LLVMCore.dir/Operator.cpp.o
[622/4598] Building CXX object lib/IR/CMakeFiles/LLVMCore.dir/PassInstrumentation.cpp.o
[623/4598] Building CXX object lib/IR/CMakeFiles/LLVMCore.dir/LLVMContextImpl.cpp.o
[624/4598] Building CXX object lib/IR/CMakeFiles/LLVMCore.dir/PassRegistry.cpp.o
[625/4598] Building CXX object lib/IR/CMakeFiles/LLVMCore.dir/ModuleSummaryIndex.cpp.o
[626/4598] Building CXX object lib/IR/CMakeFiles/LLVMCore.dir/PassTimingInfo.cpp.o
[627/4598] Building CXX object lib/IR/CMakeFiles/LLVMCore.dir/PassManager.cpp.o
[628/4598] Building CXX object lib/IR/CMakeFiles/LLVMCore.dir/Module.cpp.o
[629/4598] Building CXX object lib/IR/CMakeFiles/LLVMCore.dir/StructuralHash.cpp.o
[630/4598] Building CXX object lib/IR/CMakeFiles/LLVMCore.dir/ProfileSummary.cpp.o
[631/4598] Building CXX object lib/IR/CMakeFiles/LLVMCore.dir/ProfDataUtils.cpp.o
[632/4598] Building CXX object lib/IR/CMakeFiles/LLVMCore.dir/PrintPasses.cpp.o
[633/4598] Building CXX object lib/IR/CMakeFiles/LLVMCore.dir/PseudoProbe.cpp.o
[634/4598] Building CXX object lib/IR/CMakeFiles/LLVMCore.dir/Use.cpp.o
[635/4598] Building CXX object lib/IR/CMakeFiles/LLVMCore.dir/ReplaceConstant.cpp.o
[636/4598] Building CXX object lib/IR/CMakeFiles/LLVMCore.dir/Statepoint.cpp.o
[637/4598] Building CXX object lib/IR/CMakeFiles/LLVMCore.dir/TypedPointerType.cpp.o
[638/4598] Linking CXX static library lib/libLLVMBinaryFormat.a
[639/4598] Linking CXX static library lib/libLLVMRemarks.a
[640/4598] Building CXX object lib/IR/CMakeFiles/LLVMCore.dir/SafepointIRVerifier.cpp.o
[641/4598] Building CXX object lib/IR/CMakeFiles/LLVMCore.dir/ValueSymbolTable.cpp.o
[642/4598] Building CXX object lib/IR/CMakeFiles/LLVMCore.dir/User.cpp.o
[643/4598] Building CXX object lib/IR/CMakeFiles/LLVMCore.dir/TypeFinder.cpp.o
[644/4598] Building CXX object lib/IR/CMakeFiles/LLVMCore.dir/Type.cpp.o
[645/4598] Building CXX object lib/IR/CMakeFiles/LLVMCore.dir/VectorBuilder.cpp.o
[646/4598] Building CXX object lib/Bitcode/Reader/CMakeFiles/LLVMBitReader.dir/BitReader.cpp.o
[647/4598] Building CXX object lib/Bitcode/Reader/CMakeFiles/LLVMBitReader.dir/ValueList.cpp.o
[648/4598] Building CXX object lib/IR/CMakeFiles/LLVMCore.dir/Metadata.cpp.o
[649/4598] Building CXX object lib/IR/CMakeFiles/LLVMCore.dir/Value.cpp.o
[650/4598] Building CXX object lib/MC/CMakeFiles/LLVMMC.dir/MCAsmBackend.cpp.o
[651/4598] Building CXX object lib/MC/CMakeFiles/LLVMMC.dir/ConstantPools.cpp.o
[652/4598] Building CXX object lib/MC/CMakeFiles/LLVMMC.dir/MCAsmInfoCOFF.cpp.o
[653/4598] Building CXX object lib/Bitcode/Reader/CMakeFiles/LLVMBitReader.dir/BitcodeAnalyzer.cpp.o
[654/4598] Building CXX object lib/MC/CMakeFiles/LLVMMC.dir/MCAsmInfoDarwin.cpp.o
[655/4598] Building CXX object lib/MC/CMakeFiles/LLVMMC.dir/MCAsmInfoGOFF.cpp.o
[656/4598] Building CXX object lib/MC/CMakeFiles/LLVMMC.dir/MCAsmInfoWasm.cpp.o
[657/4598] Building CXX object lib/MC/CMakeFiles/LLVMMC.dir/MCAsmInfoELF.cpp.o
[658/4598] Building CXX object lib/MC/CMakeFiles/LLVMMC.dir/MCAsmInfoXCOFF.cpp.o
[659/4598] Building CXX object lib/MC/CMakeFiles/LLVMMC.dir/MCCodeEmitter.cpp.o
[660/4598] Building CXX object lib/MC/CMakeFiles/LLVMMC.dir/MCAsmMacro.cpp.o
[661/4598] Building CXX object lib/MC/CMakeFiles/LLVMMC.dir/MCAsmInfo.cpp.o
[662/4598] Building CXX object lib/MC/CMakeFiles/LLVMMC.dir/ELFObjectWriter.cpp.o
[663/4598] Building CXX object lib/MC/CMakeFiles/LLVMMC.dir/MCAssembler.cpp.o
[664/4598] Building CXX object lib/MC/CMakeFiles/LLVMMC.dir/MCDXContainerStreamer.cpp.o
[665/4598] Building CXX object lib/MC/CMakeFiles/LLVMMC.dir/MCCodeView.cpp.o
[666/4598] Building CXX object lib/MC/CMakeFiles/LLVMMC.dir/MCELFObjectTargetWriter.cpp.o
[667/4598] Building CXX object lib/MC/CMakeFiles/LLVMMC.dir/MCAsmStreamer.cpp.o
[668/4598] Building CXX object lib/MC/CMakeFiles/LLVMMC.dir/MCDXContainerWriter.cpp.o
[669/4598] Building CXX object lib/Bitcode/Reader/CMakeFiles/LLVMBitReader.dir/MetadataLoader.cpp.o
[670/4598] Building CXX object lib/MC/CMakeFiles/LLVMMC.dir/MCInst.cpp.o
[671/4598] Building CXX object lib/IR/CMakeFiles/LLVMCore.dir/Verifier.cpp.o
[672/4598] Linking CXX static library lib/libLLVMCore.a
[673/4598] Building CXX object lib/MC/CMakeFiles/LLVMMC.dir/MCInstrAnalysis.cpp.o
[674/4598] Building CXX object lib/MC/CMakeFiles/LLVMMC.dir/MCInstPrinter.cpp.o
[675/4598] Building CXX object lib/MC/CMakeFiles/LLVMMC.dir/MCInstrDesc.cpp.o
[676/4598] Building CXX object lib/MC/CMakeFiles/LLVMMC.dir/MCExpr.cpp.o
[677/4598] Building CXX object lib/MC/CMakeFiles/LLVMMC.dir/MCDwarf.cpp.o
[678/4598] Building CXX object lib/MC/CMakeFiles/LLVMMC.dir/MCLabel.cpp.o
[679/4598] Building CXX object lib/MC/CMakeFiles/LLVMMC.dir/MCInstrInfo.cpp.o
[680/4598] Building CXX object lib/MC/CMakeFiles/LLVMMC.dir/MCELFStreamer.cpp.o
[681/4598] Building CXX object lib/MC/CMakeFiles/LLVMMC.dir/MCLinkerOptimizationHint.cpp.o
[682/4598] Building CXX object lib/MC/CMakeFiles/LLVMMC.dir/MCFragment.cpp.o
[683/4598] Building CXX object lib/MC/CMakeFiles/LLVMMC.dir/MCMachObjectTargetWriter.cpp.o
[684/4598] Building CXX object lib/MC/CMakeFiles/LLVMMC.dir/MCContext.cpp.o
[685/4598] Building CXX object lib/MC/CMakeFiles/LLVMMC.dir/MCObjectWriter.cpp.o
[686/4598] Building CXX object lib/MC/CMakeFiles/LLVMMC.dir/MCNullStreamer.cpp.o
[687/4598] Building CXX object lib/MC/CMakeFiles/LLVMMC.dir/MCRegisterInfo.cpp.o
[688/4598] Building CXX object lib/MC/CMakeFiles/LLVMMC.dir/MCSchedule.cpp.o
[689/4598] Building CXX object lib/MC/CMakeFiles/LLVMMC.dir/MCObjectFileInfo.cpp.o
[690/4598] Building CXX object lib/MC/CMakeFiles/LLVMMC.dir/MCSectionCOFF.cpp.o
[691/4598] Building CXX object lib/MC/CMakeFiles/LLVMMC.dir/MCSectionDXContainer.cpp.o
[692/4598] Building CXX object lib/MC/CMakeFiles/LLVMMC.dir/MCSectionELF.cpp.o
[693/4598] Building CXX object lib/MC/CMakeFiles/LLVMMC.dir/MCMachOStreamer.cpp.o
[694/4598] Building CXX object lib/MC/CMakeFiles/LLVMMC.dir/MCSection.cpp.o
[695/4598] Building CXX object lib/MC/CMakeFiles/LLVMMC.dir/MCSectionMachO.cpp.o
[696/4598] Building CXX object lib/MC/CMakeFiles/LLVMMC.dir/MCSectionXCOFF.cpp.o
[697/4598] Building CXX object lib/MC/CMakeFiles/LLVMMC.dir/MCSectionWasm.cpp.o
[698/4598] Building CXX object lib/MC/CMakeFiles/LLVMMC.dir/MCObjectStreamer.cpp.o
[699/4598] Building CXX object lib/MC/CMakeFiles/LLVMMC.dir/MCSymbolELF.cpp.o
[700/4598] Building CXX object lib/MC/CMakeFiles/LLVMMC.dir/MCSubtargetInfo.cpp.o
[701/4598] Building CXX object lib/MC/CMakeFiles/LLVMMC.dir/MCPseudoProbe.cpp.o
[702/4598] Building CXX object lib/MC/CMakeFiles/LLVMMC.dir/MCTargetOptions.cpp.o
[703/4598] Building CXX object lib/MC/CMakeFiles/LLVMMC.dir/MCSymbolXCOFF.cpp.o
[704/4598] Building CXX object lib/MC/CMakeFiles/LLVMMC.dir/MCSymbol.cpp.o
[705/4598] Building CXX object lib/MC/CMakeFiles/LLVMMC.dir/MCValue.cpp.o
[706/4598] Building CXX object lib/MC/CMakeFiles/LLVMMC.dir/MCWasmObjectTargetWriter.cpp.o
[707/4598] Building CXX object lib/MC/CMakeFiles/LLVMMC.dir/MCTargetOptionsCommandFlags.cpp.o
[708/4598] Building CXX object lib/MC/CMakeFiles/LLVMMC.dir/MCSPIRVStreamer.cpp.o
[709/4598] Building CXX object lib/MC/CMakeFiles/LLVMMC.dir/MCWinEH.cpp.o
[710/4598] Building CXX object lib/MC/CMakeFiles/LLVMMC.dir/MCXCOFFObjectTargetWriter.cpp.o
[711/4598] Building CXX object lib/MC/CMakeFiles/LLVMMC.dir/MCWasmStreamer.cpp.o
[712/4598] Building CXX object lib/MC/CMakeFiles/LLVMMC.dir/MCWinCOFFStreamer.cpp.o
[713/4598] Building CXX object lib/MC/CMakeFiles/LLVMMC.dir/MCStreamer.cpp.o
[714/4598] Building CXX object lib/MC/CMakeFiles/LLVMMC.dir/SPIRVObjectWriter.cpp.o
[715/4598] Building CXX object lib/MC/CMakeFiles/LLVMMC.dir/MCXCOFFStreamer.cpp.o
[716/4598] Building CXX object lib/MC/CMakeFiles/LLVMMC.dir/StringTableBuilder.cpp.o
[717/4598] Building CXX object lib/MC/CMakeFiles/LLVMMC.dir/SubtargetFeature.cpp.o
[718/4598] Building CXX object lib/Bitcode/Reader/CMakeFiles/LLVMBitReader.dir/BitcodeReader.cpp.o
[719/4598] Building CXX object lib/MC/CMakeFiles/LLVMMC.dir/TargetRegistry.cpp.o
[720/4598] Linking CXX static library lib/libLLVMBitReader.a
[721/4598] Building CXX object lib/MC/CMakeFiles/LLVMMC.dir/MachObjectWriter.cpp.o
[722/4598] Building CXX object lib/MC/CMakeFiles/LLVMMC.dir/MCWin64EH.cpp.o
[723/4598] Building CXX object lib/AsmParser/CMakeFiles/LLVMAsmParser.dir/LLLexer.cpp.o
[724/4598] Building CXX object lib/MC/MCParser/CMakeFiles/LLVMMCParser.dir/AsmLexer.cpp.o
[725/4598] Building CXX object lib/IRReader/CMakeFiles/LLVMIRReader.dir/IRReader.cpp.o
[726/4598] Building CXX object lib/MC/CMakeFiles/LLVMMC.dir/XCOFFObjectWriter.cpp.o
[727/4598] Building CXX object lib/MC/CMakeFiles/LLVMMC.dir/WinCOFFObjectWriter.cpp.o
[728/4598] Building CXX object lib/MC/MCParser/CMakeFiles/LLVMMCParser.dir/GOFFAsmParser.cpp.o
[729/4598] Building CXX object lib/AsmParser/CMakeFiles/LLVMAsmParser.dir/Parser.cpp.o
[730/4598] Building CXX object lib/MC/MCParser/CMakeFiles/LLVMMCParser.dir/COFFAsmParser.cpp.o
[731/4598] Building CXX object lib/MC/CMakeFiles/LLVMMC.dir/WasmObjectWriter.cpp.o
[732/4598] Linking CXX static library lib/libLLVMMC.a
[733/4598] Building CXX object lib/MC/MCParser/CMakeFiles/LLVMMCParser.dir/MCAsmParser.cpp.o
[734/4598] Building CXX object lib/MC/MCParser/CMakeFiles/LLVMMCParser.dir/COFFMasmParser.cpp.o
[735/4598] Building CXX object lib/MC/MCParser/CMakeFiles/LLVMMCParser.dir/MCAsmLexer.cpp.o
[736/4598] Building CXX object lib/MC/MCParser/CMakeFiles/LLVMMCParser.dir/MCAsmParserExtension.cpp.o
[737/4598] Building CXX object lib/MC/MCParser/CMakeFiles/LLVMMCParser.dir/ELFAsmParser.cpp.o
[738/4598] Building CXX object lib/MC/MCParser/CMakeFiles/LLVMMCParser.dir/MCTargetAsmParser.cpp.o
[739/4598] Building CXX object lib/MC/MCParser/CMakeFiles/LLVMMCParser.dir/DarwinAsmParser.cpp.o
[740/4598] Building CXX object lib/MC/MCParser/CMakeFiles/LLVMMCParser.dir/XCOFFAsmParser.cpp.o
[741/4598] Building CXX object lib/TextAPI/CMakeFiles/LLVMTextAPI.dir/Architecture.cpp.o
[742/4598] Building CXX object lib/TextAPI/CMakeFiles/LLVMTextAPI.dir/ArchitectureSet.cpp.o
[743/4598] Building CXX object lib/TextAPI/CMakeFiles/LLVMTextAPI.dir/PackedVersion.cpp.o
[744/4598] Building CXX object lib/TextAPI/CMakeFiles/LLVMTextAPI.dir/Symbol.cpp.o
[745/4598] Building CXX object lib/MC/MCParser/CMakeFiles/LLVMMCParser.dir/WasmAsmParser.cpp.o
[746/4598] Building CXX object lib/TextAPI/CMakeFiles/LLVMTextAPI.dir/Platform.cpp.o
[747/4598] Building CXX object lib/TextAPI/CMakeFiles/LLVMTextAPI.dir/Target.cpp.o
[748/4598] Building CXX object lib/TextAPI/CMakeFiles/LLVMTextAPI.dir/InterfaceFile.cpp.o
[749/4598] Building CXX object lib/TextAPI/CMakeFiles/LLVMTextAPI.dir/TextStubCommon.cpp.o
[750/4598] Building CXX object lib/Object/CMakeFiles/LLVMObject.dir/Binary.cpp.o
[751/4598] Building CXX object lib/Object/CMakeFiles/LLVMObject.dir/Archive.cpp.o
[752/4598] Building CXX object lib/Object/CMakeFiles/LLVMObject.dir/COFFImportFile.cpp.o
[753/4598] Building CXX object lib/Object/CMakeFiles/LLVMObject.dir/BuildID.cpp.o
[754/4598] Building CXX object lib/MC/MCParser/CMakeFiles/LLVMMCParser.dir/AsmParser.cpp.o
[755/4598] Building CXX object lib/Object/CMakeFiles/LLVMObject.dir/ArchiveWriter.cpp.o
[756/4598] Building CXX object lib/Object/CMakeFiles/LLVMObject.dir/COFFModuleDefinition.cpp.o
[757/4598] Building CXX object lib/Object/CMakeFiles/LLVMObject.dir/Decompressor.cpp.o
[758/4598] Building CXX object lib/Object/CMakeFiles/LLVMObject.dir/DXContainer.cpp.o
[759/4598] Building CXX object lib/Object/CMakeFiles/LLVMObject.dir/Error.cpp.o
[760/4598] Building CXX object lib/Object/CMakeFiles/LLVMObject.dir/FaultMapParser.cpp.o
[761/4598] Building CXX object lib/TextAPI/CMakeFiles/LLVMTextAPI.dir/TextStub.cpp.o
[762/4598] Building CXX object lib/Object/CMakeFiles/LLVMObject.dir/IRObjectFile.cpp.o
[763/4598] Building CXX object lib/Object/CMakeFiles/LLVMObject.dir/MachOUniversal.cpp.o
[764/4598] Building CXX object lib/Object/CMakeFiles/LLVMObject.dir/COFFObjectFile.cpp.o
[765/4598] Building CXX object lib/Object/CMakeFiles/LLVMObject.dir/Minidump.cpp.o
[766/4598] Building CXX object lib/Object/CMakeFiles/LLVMObject.dir/IRSymtab.cpp.o
[767/4598] Building CXX object lib/MC/MCParser/CMakeFiles/LLVMMCParser.dir/MasmParser.cpp.o
[768/4598] Linking CXX static library lib/libLLVMMCParser.a
[769/4598] Building CXX object lib/Object/CMakeFiles/LLVMObject.dir/Object.cpp.o
[770/4598] Building CXX object lib/Object/CMakeFiles/LLVMObject.dir/ObjectFile.cpp.o
[771/4598] Building CXX object lib/AsmParser/CMakeFiles/LLVMAsmParser.dir/LLParser.cpp.o
[772/4598] Linking CXX static library lib/libLLVMAsmParser.a
[773/4598] Linking CXX static library lib/libLLVMIRReader.a
[774/4598] Building CXX object lib/Object/CMakeFiles/LLVMObject.dir/ModuleSymbolTable.cpp.o
[775/4598] Building CXX object lib/Object/CMakeFiles/LLVMObject.dir/SymbolicFile.cpp.o
[776/4598] Building CXX object lib/Object/CMakeFiles/LLVMObject.dir/MachOObjectFile.cpp.o
[777/4598] Building CXX object lib/Object/CMakeFiles/LLVMObject.dir/OffloadBinary.cpp.o
[778/4598] Building CXX object lib/Object/CMakeFiles/LLVMObject.dir/SymbolSize.cpp.o
[779/4598] Building CXX object lib/Object/CMakeFiles/LLVMObject.dir/RelocationResolver.cpp.o
[780/4598] Building CXX object lib/Object/CMakeFiles/LLVMObject.dir/TapiFile.cpp.o
[781/4598] Building CXX object lib/Object/CMakeFiles/LLVMObject.dir/RecordStreamer.cpp.o
[782/4598] Linking CXX static library lib/libLLVMTextAPI.a
[783/4598] Building CXX object lib/Object/CMakeFiles/LLVMObject.dir/WindowsMachineFlag.cpp.o
[784/4598] Building CXX object lib/Object/CMakeFiles/LLVMObject.dir/TapiUniversal.cpp.o
[785/4598] Building CXX object lib/Object/CMakeFiles/LLVMObject.dir/MachOUniversalWriter.cpp.o
[786/4598] Building CXX object lib/DebugInfo/DWARF/CMakeFiles/LLVMDebugInfoDWARF.dir/DWARFAddressRange.cpp.o
[787/4598] Building CXX object lib/DebugInfo/DWARF/CMakeFiles/LLVMDebugInfoDWARF.dir/DWARFCompileUnit.cpp.o
[788/4598] Building CXX object lib/Object/CMakeFiles/LLVMObject.dir/XCOFFObjectFile.cpp.o
[789/4598] Building CXX object lib/DebugInfo/DWARF/CMakeFiles/LLVMDebugInfoDWARF.dir/DWARFAbbreviationDeclaration.cpp.o
[790/4598] Building CXX object lib/DebugInfo/DWARF/CMakeFiles/LLVMDebugInfoDWARF.dir/DWARFDataExtractor.cpp.o
[791/4598] Building CXX object lib/Object/CMakeFiles/LLVMObject.dir/WindowsResource.cpp.o
[792/4598] Building CXX object lib/DebugInfo/DWARF/CMakeFiles/LLVMDebugInfoDWARF.dir/DWARFDebugAbbrev.cpp.o
[793/4598] Building CXX object lib/Object/CMakeFiles/LLVMObject.dir/ELF.cpp.o
[794/4598] Building CXX object lib/Object/CMakeFiles/LLVMObject.dir/WasmObjectFile.cpp.o
[795/4598] Building CXX object lib/DebugInfo/DWARF/CMakeFiles/LLVMDebugInfoDWARF.dir/DWARFAcceleratorTable.cpp.o
[796/4598] Building CXX object lib/DebugInfo/DWARF/CMakeFiles/LLVMDebugInfoDWARF.dir/DWARFDebugAddr.cpp.o
[797/4598] Building CXX object lib/DebugInfo/DWARF/CMakeFiles/LLVMDebugInfoDWARF.dir/DWARFDebugArangeSet.cpp.o
[798/4598] Building CXX object lib/DebugInfo/DWARF/CMakeFiles/LLVMDebugInfoDWARF.dir/DWARFDebugAranges.cpp.o
[799/4598] Building CXX object lib/Object/CMakeFiles/LLVMObject.dir/ELFObjectFile.cpp.o
[800/4598] Linking CXX static library lib/libLLVMObject.a
[801/4598] Building CXX object lib/DebugInfo/DWARF/CMakeFiles/LLVMDebugInfoDWARF.dir/DWARFDebugInfoEntry.cpp.o
[802/4598] Building CXX object lib/DebugInfo/DWARF/CMakeFiles/LLVMDebugInfoDWARF.dir/DWARFDebugMacro.cpp.o
[803/4598] Building CXX object lib/DebugInfo/DWARF/CMakeFiles/LLVMDebugInfoDWARF.dir/DWARFDebugLoc.cpp.o
[804/4598] Building CXX object lib/DebugInfo/DWARF/CMakeFiles/LLVMDebugInfoDWARF.dir/DWARFDebugRangeList.cpp.o
[805/4598] Building CXX object lib/DebugInfo/DWARF/CMakeFiles/LLVMDebugInfoDWARF.dir/DWARFTypePrinter.cpp.o
[806/4598] Building CXX object lib/DebugInfo/DWARF/CMakeFiles/LLVMDebugInfoDWARF.dir/DWARFDebugPubTable.cpp.o
[807/4598] Building CXX object lib/DebugInfo/DWARF/CMakeFiles/LLVMDebugInfoDWARF.dir/DWARFDebugFrame.cpp.o
[808/4598] Building CXX object lib/DebugInfo/DWARF/CMakeFiles/LLVMDebugInfoDWARF.dir/DWARFDebugRnglists.cpp.o
[809/4598] Building CXX object lib/DebugInfo/DWARF/CMakeFiles/LLVMDebugInfoDWARF.dir/DWARFDebugLine.cpp.o
[810/4598] Building CXX object lib/DebugInfo/DWARF/CMakeFiles/LLVMDebugInfoDWARF.dir/DWARFGdbIndex.cpp.o
[811/4598] Building CXX object lib/DebugInfo/DWARF/CMakeFiles/LLVMDebugInfoDWARF.dir/DWARFLocationExpression.cpp.o
[812/4598] Building CXX object lib/DebugInfo/DWARF/CMakeFiles/LLVMDebugInfoDWARF.dir/DWARFExpression.cpp.o
[813/4598] Building CXX object lib/DebugInfo/DWARF/CMakeFiles/LLVMDebugInfoDWARF.dir/DWARFFormValue.cpp.o
[814/4598] Building CXX object lib/DebugInfo/DWARF/CMakeFiles/LLVMDebugInfoDWARF.dir/DWARFContext.cpp.o
[815/4598] Building CXX object lib/DebugInfo/DWARF/CMakeFiles/LLVMDebugInfoDWARF.dir/DWARFListTable.cpp.o
[816/4598] Building CXX object lib/DebugInfo/DWARF/CMakeFiles/LLVMDebugInfoDWARF.dir/DWARFTypeUnit.cpp.o
[817/4598] Building CXX object lib/DebugInfo/DWARF/CMakeFiles/LLVMDebugInfoDWARF.dir/DWARFUnitIndex.cpp.o
[818/4598] Building CXX object lib/DebugInfo/DWARF/CMakeFiles/LLVMDebugInfoDWARF.dir/DWARFDie.cpp.o
[819/4598] Building CXX object lib/DebugInfo/PDB/CMakeFiles/LLVMDebugInfoPDB.dir/GenericError.cpp.o
[820/4598] Building CXX object lib/DebugInfo/PDB/CMakeFiles/LLVMDebugInfoPDB.dir/IPDBSourceFile.cpp.o
[821/4598] Building CXX object lib/DebugInfo/PDB/CMakeFiles/LLVMDebugInfoPDB.dir/PDBSymbolAnnotation.cpp.o
[822/4598] Building CXX object lib/DebugInfo/PDB/CMakeFiles/LLVMDebugInfoPDB.dir/PDB.cpp.o
[823/4598] Building CXX object lib/DebugInfo/PDB/CMakeFiles/LLVMDebugInfoPDB.dir/PDBInterfaceAnchors.cpp.o
[824/4598] Building CXX object lib/DebugInfo/PDB/CMakeFiles/LLVMDebugInfoPDB.dir/PDBExtras.cpp.o
[825/4598] Building CXX object lib/DebugInfo/PDB/CMakeFiles/LLVMDebugInfoPDB.dir/PDBSymbol.cpp.o
[826/4598] Building CXX object lib/DebugInfo/PDB/CMakeFiles/LLVMDebugInfoPDB.dir/PDBContext.cpp.o
[827/4598] Building CXX object lib/DebugInfo/PDB/CMakeFiles/LLVMDebugInfoPDB.dir/PDBSymbolBlock.cpp.o
[828/4598] Building CXX object lib/DebugInfo/PDB/CMakeFiles/LLVMDebugInfoPDB.dir/PDBSymbolCompiland.cpp.o
[829/4598] Building CXX object lib/DebugInfo/PDB/CMakeFiles/LLVMDebugInfoPDB.dir/PDBSymbolCompilandEnv.cpp.o
[830/4598] Building CXX object lib/DebugInfo/PDB/CMakeFiles/LLVMDebugInfoPDB.dir/PDBSymbolCompilandDetails.cpp.o
[831/4598] Building CXX object lib/DebugInfo/PDB/CMakeFiles/LLVMDebugInfoPDB.dir/PDBSymbolCustom.cpp.o
[832/4598] Building CXX object lib/DebugInfo/DWARF/CMakeFiles/LLVMDebugInfoDWARF.dir/DWARFUnit.cpp.o
[833/4598] Building CXX object lib/DebugInfo/PDB/CMakeFiles/LLVMDebugInfoPDB.dir/PDBSymbolData.cpp.o
[834/4598] Building CXX object lib/DebugInfo/PDB/CMakeFiles/LLVMDebugInfoPDB.dir/PDBSymbolExe.cpp.o
[835/4598] Building CXX object lib/DebugInfo/PDB/CMakeFiles/LLVMDebugInfoPDB.dir/PDBSymbolFuncDebugEnd.cpp.o
[836/4598] Building CXX object lib/DebugInfo/PDB/CMakeFiles/LLVMDebugInfoPDB.dir/PDBSymbolFuncDebugStart.cpp.o
[837/4598] Building CXX object lib/DebugInfo/PDB/CMakeFiles/LLVMDebugInfoPDB.dir/PDBSymbolFunc.cpp.o
[838/4598] Building CXX object lib/DebugInfo/PDB/CMakeFiles/LLVMDebugInfoPDB.dir/PDBSymbolLabel.cpp.o
[839/4598] Building CXX object lib/DebugInfo/PDB/CMakeFiles/LLVMDebugInfoPDB.dir/PDBSymbolPublicSymbol.cpp.o
[840/4598] Building CXX object lib/DebugInfo/PDB/CMakeFiles/LLVMDebugInfoPDB.dir/PDBSymbolThunk.cpp.o
[841/4598] Building CXX object lib/DebugInfo/PDB/CMakeFiles/LLVMDebugInfoPDB.dir/PDBSymbolTypeArray.cpp.o
[842/4598] Building CXX object lib/DebugInfo/PDB/CMakeFiles/LLVMDebugInfoPDB.dir/PDBSymbolTypeBaseClass.cpp.o
[843/4598] Building CXX object lib/DebugInfo/PDB/CMakeFiles/LLVMDebugInfoPDB.dir/PDBSymbolTypeBuiltin.cpp.o
[844/4598] Building CXX object lib/DebugInfo/PDB/CMakeFiles/LLVMDebugInfoPDB.dir/PDBSymbolTypeCustom.cpp.o
[845/4598] Building CXX object lib/DebugInfo/PDB/CMakeFiles/LLVMDebugInfoPDB.dir/PDBSymbolTypeDimension.cpp.o
[846/4598] Building CXX object lib/DebugInfo/PDB/CMakeFiles/LLVMDebugInfoPDB.dir/PDBSymbolTypeEnum.cpp.o
[847/4598] Building CXX object lib/DebugInfo/PDB/CMakeFiles/LLVMDebugInfoPDB.dir/PDBSymbolTypeFriend.cpp.o
[848/4598] Building CXX object lib/DebugInfo/PDB/CMakeFiles/LLVMDebugInfoPDB.dir/PDBSymbolTypeFunctionArg.cpp.o
[849/4598] Building CXX object lib/DebugInfo/PDB/CMakeFiles/LLVMDebugInfoPDB.dir/PDBSymbolTypeManaged.cpp.o
[850/4598] Building CXX object lib/DebugInfo/PDB/CMakeFiles/LLVMDebugInfoPDB.dir/PDBSymbolTypeFunctionSig.cpp.o
[851/4598] Building CXX object lib/DebugInfo/PDB/CMakeFiles/LLVMDebugInfoPDB.dir/PDBSymbolTypePointer.cpp.o
[852/4598] Building CXX object lib/DebugInfo/PDB/CMakeFiles/LLVMDebugInfoPDB.dir/PDBSymbolTypeTypedef.cpp.o
[853/4598] Building CXX object lib/DebugInfo/PDB/CMakeFiles/LLVMDebugInfoPDB.dir/PDBSymbolTypeUDT.cpp.o
[854/4598] Building CXX object lib/DebugInfo/PDB/CMakeFiles/LLVMDebugInfoPDB.dir/PDBSymbolTypeVTable.cpp.o
[855/4598] Building CXX object lib/DebugInfo/DWARF/CMakeFiles/LLVMDebugInfoDWARF.dir/DWARFVerifier.cpp.o
[856/4598] Building CXX object lib/DebugInfo/PDB/CMakeFiles/LLVMDebugInfoPDB.dir/PDBSymbolTypeVTableShape.cpp.o
[857/4598] Building CXX object lib/DebugInfo/PDB/CMakeFiles/LLVMDebugInfoPDB.dir/PDBSymbolUsingNamespace.cpp.o
[858/4598] Building CXX object lib/DebugInfo/PDB/CMakeFiles/LLVMDebugInfoPDB.dir/PDBSymbolUnknown.cpp.o
[859/4598] Building CXX object lib/DebugInfo/PDB/CMakeFiles/LLVMDebugInfoPDB.dir/PDBSymDumper.cpp.o
[860/4598] Building CXX object lib/DebugInfo/PDB/CMakeFiles/LLVMDebugInfoPDB.dir/Native/DbiModuleDescriptor.cpp.o
[861/4598] Building CXX object lib/DebugInfo/PDB/CMakeFiles/LLVMDebugInfoPDB.dir/Native/DbiModuleDescriptorBuilder.cpp.o
[862/4598] Building CXX object lib/DebugInfo/PDB/CMakeFiles/LLVMDebugInfoPDB.dir/Native/Hash.cpp.o
[863/4598] Building CXX object lib/DebugInfo/PDB/CMakeFiles/LLVMDebugInfoPDB.dir/UDTLayout.cpp.o
[864/4598] Building CXX object lib/DebugInfo/PDB/CMakeFiles/LLVMDebugInfoPDB.dir/Native/EnumTables.cpp.o
[865/4598] Building CXX object lib/DebugInfo/PDB/CMakeFiles/LLVMDebugInfoPDB.dir/Native/DbiModuleList.cpp.o
[866/4598] Building CXX object lib/DebugInfo/PDB/CMakeFiles/LLVMDebugInfoPDB.dir/Native/GlobalsStream.cpp.o
[867/4598] Building CXX object lib/DebugInfo/PDB/CMakeFiles/LLVMDebugInfoPDB.dir/Native/DbiStream.cpp.o
[868/4598] Building CXX object lib/DebugInfo/PDB/CMakeFiles/LLVMDebugInfoPDB.dir/Native/HashTable.cpp.o
[869/4598] Building CXX object lib/DebugInfo/PDB/CMakeFiles/LLVMDebugInfoPDB.dir/Native/FormatUtil.cpp.o
[870/4598] Building CXX object lib/DebugInfo/PDB/CMakeFiles/LLVMDebugInfoPDB.dir/Native/InfoStream.cpp.o
[871/4598] Building CXX object lib/DebugInfo/PDB/CMakeFiles/LLVMDebugInfoPDB.dir/Native/DbiStreamBuilder.cpp.o
[872/4598] Building CXX object lib/DebugInfo/PDB/CMakeFiles/LLVMDebugInfoPDB.dir/Native/InfoStreamBuilder.cpp.o
[873/4598] Building CXX object lib/DebugInfo/PDB/CMakeFiles/LLVMDebugInfoPDB.dir/Native/InjectedSourceStream.cpp.o
[874/4598] Building CXX object lib/DebugInfo/PDB/CMakeFiles/LLVMDebugInfoPDB.dir/Native/NativeCompilandSymbol.cpp.o
[875/4598] Building CXX object lib/DebugInfo/PDB/CMakeFiles/LLVMDebugInfoPDB.dir/Native/ModuleDebugStream.cpp.o
[876/4598] Building CXX object lib/DebugInfo/PDB/CMakeFiles/LLVMDebugInfoPDB.dir/Native/NativeEnumLineNumbers.cpp.o
[877/4598] Building CXX object lib/DebugInfo/PDB/CMakeFiles/LLVMDebugInfoPDB.dir/Native/NativeEnumGlobals.cpp.o
[878/4598] Building CXX object lib/DebugInfo/PDB/CMakeFiles/LLVMDebugInfoPDB.dir/Native/NativeEnumInjectedSources.cpp.o
[879/4598] Building CXX object lib/DebugInfo/PDB/CMakeFiles/LLVMDebugInfoPDB.dir/Native/NativeEnumModules.cpp.o
[880/4598] Building CXX object lib/DebugInfo/PDB/CMakeFiles/LLVMDebugInfoPDB.dir/Native/NativeEnumTypes.cpp.o
[881/4598] Building CXX object lib/DebugInfo/PDB/CMakeFiles/LLVMDebugInfoPDB.dir/Native/NativeEnumSymbols.cpp.o
[882/4598] Building CXX object lib/DebugInfo/PDB/CMakeFiles/LLVMDebugInfoPDB.dir/Native/LinePrinter.cpp.o
[883/4598] Building CXX object lib/DebugInfo/PDB/CMakeFiles/LLVMDebugInfoPDB.dir/Native/NativeExeSymbol.cpp.o
[884/4598] Building CXX object lib/DebugInfo/PDB/CMakeFiles/LLVMDebugInfoPDB.dir/Native/NativeLineNumber.cpp.o
[885/4598] Building CXX object lib/DebugInfo/PDB/CMakeFiles/LLVMDebugInfoPDB.dir/Native/NativePublicSymbol.cpp.o
[886/4598] Building CXX object lib/DebugInfo/PDB/CMakeFiles/LLVMDebugInfoPDB.dir/Native/InputFile.cpp.o
[887/4598] Building CXX object lib/DebugInfo/PDB/CMakeFiles/LLVMDebugInfoPDB.dir/Native/NativeSymbolEnumerator.cpp.o
[888/4598] Building CXX object lib/DebugInfo/PDB/CMakeFiles/LLVMDebugInfoPDB.dir/Native/NativeRawSymbol.cpp.o
[889/4598] Building CXX object lib/DebugInfo/PDB/CMakeFiles/LLVMDebugInfoPDB.dir/Native/NativeSourceFile.cpp.o
[890/4598] Building CXX object lib/DebugInfo/PDB/CMakeFiles/LLVMDebugInfoPDB.dir/Native/NativeTypeBuiltin.cpp.o
[891/4598] Building CXX object lib/DebugInfo/PDB/CMakeFiles/LLVMDebugInfoPDB.dir/Native/NativeTypeArray.cpp.o
[892/4598] Building CXX object lib/DebugInfo/PDB/CMakeFiles/LLVMDebugInfoPDB.dir/Native/NativeInlineSiteSymbol.cpp.o
[893/4598] Building CXX object lib/DebugInfo/PDB/CMakeFiles/LLVMDebugInfoPDB.dir/Native/NativeFunctionSymbol.cpp.o
[894/4598] Building CXX object lib/DebugInfo/PDB/CMakeFiles/LLVMDebugInfoPDB.dir/Native/NativeTypePointer.cpp.o
[895/4598] Building CXX object lib/DebugInfo/PDB/CMakeFiles/LLVMDebugInfoPDB.dir/Native/NativeTypeTypedef.cpp.o
[896/4598] Building CXX object lib/DebugInfo/PDB/CMakeFiles/LLVMDebugInfoPDB.dir/Native/NativeTypeFunctionSig.cpp.o
[897/4598] Building CXX object lib/DebugInfo/PDB/CMakeFiles/LLVMDebugInfoPDB.dir/Native/NativeTypeUDT.cpp.o
[898/4598] Building CXX object lib/DebugInfo/PDB/CMakeFiles/LLVMDebugInfoPDB.dir/Native/NativeTypeVTShape.cpp.o
[899/4598] Building CXX object lib/DebugInfo/PDB/CMakeFiles/LLVMDebugInfoPDB.dir/Native/NativeTypeEnum.cpp.o
[900/4598] Building CXX object lib/DebugInfo/PDB/CMakeFiles/LLVMDebugInfoPDB.dir/Native/NamedStreamMap.cpp.o
[901/4598] Building CXX object lib/DebugInfo/PDB/CMakeFiles/LLVMDebugInfoPDB.dir/Native/PDBStringTable.cpp.o
[902/4598] Building CXX object lib/DebugInfo/PDB/CMakeFiles/LLVMDebugInfoPDB.dir/Native/RawError.cpp.o
[903/4598] Building CXX object lib/DebugInfo/PDB/CMakeFiles/LLVMDebugInfoPDB.dir/Native/PublicsStream.cpp.o
[904/4598] Building CXX object lib/DebugInfo/PDB/CMakeFiles/LLVMDebugInfoPDB.dir/Native/PDBStringTableBuilder.cpp.o
[905/4598] Linking CXX static library lib/libLLVMDebugInfoDWARF.a
[906/4598] Building CXX object lib/DebugInfo/PDB/CMakeFiles/LLVMDebugInfoPDB.dir/Native/PDBFile.cpp.o
[907/4598] Building CXX object lib/DebugInfo/PDB/CMakeFiles/LLVMDebugInfoPDB.dir/Native/PDBFileBuilder.cpp.o
[908/4598] Building CXX object lib/DebugInfo/PDB/CMakeFiles/LLVMDebugInfoPDB.dir/Native/SymbolStream.cpp.o
[909/4598] Building CXX object lib/DebugInfo/PDB/CMakeFiles/LLVMDebugInfoPDB.dir/Native/TpiHashing.cpp.o
[910/4598] Building CXX object lib/DebugInfo/Symbolize/CMakeFiles/LLVMSymbolize.dir/Markup.cpp.o
[911/4598] Building CXX object lib/DebugInfo/PDB/CMakeFiles/LLVMDebugInfoPDB.dir/Native/GSIStreamBuilder.cpp.o
[912/4598] Building CXX object lib/DebugInfo/PDB/CMakeFiles/LLVMDebugInfoPDB.dir/Native/NativeSession.cpp.o
[913/4598] Building CXX object lib/DebugInfo/PDB/CMakeFiles/LLVMDebugInfoPDB.dir/Native/TpiStreamBuilder.cpp.o
[914/4598] Building CXX object lib/DebugInfo/PDB/CMakeFiles/LLVMDebugInfoPDB.dir/Native/TpiStream.cpp.o
[915/4598] Building CXX object lib/DebugInfo/Symbolize/CMakeFiles/LLVMSymbolize.dir/DIPrinter.cpp.o
[916/4598] Building CXX object lib/DebugInfo/Symbolize/CMakeFiles/LLVMSymbolize.dir/MarkupFilter.cpp.o
[917/4598] Building CXX object lib/DebugInfo/Symbolize/CMakeFiles/LLVMSymbolize.dir/SymbolizableObjectFile.cpp.o
[918/4598] Building CXX object lib/ProfileData/CMakeFiles/LLVMProfileData.dir/MemProf.cpp.o
[919/4598] Building CXX object lib/ProfileData/CMakeFiles/LLVMProfileData.dir/GCOV.cpp.o
[920/4598] Building CXX object lib/DebugInfo/PDB/CMakeFiles/LLVMDebugInfoPDB.dir/Native/SymbolCache.cpp.o
[921/4598] Linking CXX static library lib/libLLVMDebugInfoPDB.a
[922/4598] Building CXX object lib/DebugInfo/Symbolize/CMakeFiles/LLVMSymbolize.dir/Symbolize.cpp.o
[923/4598] Linking CXX static library lib/libLLVMSymbolize.a
[924/4598] Building CXX object lib/ProfileData/CMakeFiles/LLVMProfileData.dir/InstrProfCorrelator.cpp.o
[925/4598] Building CXX object lib/ProfileData/CMakeFiles/LLVMProfileData.dir/InstrProf.cpp.o
[926/4598] Building CXX object lib/ProfileData/CMakeFiles/LLVMProfileData.dir/ProfileSummaryBuilder.cpp.o
[927/4598] Building CXX object lib/ProfileData/CMakeFiles/LLVMProfileData.dir/InstrProfWriter.cpp.o
[928/4598] Building CXX object lib/Analysis/CMakeFiles/LLVMAnalysis.dir/AliasAnalysisSummary.cpp.o
[929/4598] Building CXX object lib/ProfileData/CMakeFiles/LLVMProfileData.dir/InstrProfReader.cpp.o
[930/4598] Building CXX object lib/ProfileData/CMakeFiles/LLVMProfileData.dir/SampleProf.cpp.o
[931/4598] Building CXX object lib/Analysis/CMakeFiles/LLVMAnalysis.dir/Analysis.cpp.o
[932/4598] Building CXX object lib/ProfileData/CMakeFiles/LLVMProfileData.dir/SampleProfWriter.cpp.o
[933/4598] Building CXX object lib/Analysis/CMakeFiles/LLVMAnalysis.dir/AliasAnalysis.cpp.o
[934/4598] Building CXX object lib/Analysis/CMakeFiles/LLVMAnalysis.dir/AliasAnalysisEvaluator.cpp.o
[935/4598] Building CXX object lib/Analysis/CMakeFiles/LLVMAnalysis.dir/AliasSetTracker.cpp.o
[936/4598] Building CXX object lib/Analysis/CMakeFiles/LLVMAnalysis.dir/AssumeBundleQueries.cpp.o
[937/4598] Building CXX object lib/ProfileData/CMakeFiles/LLVMProfileData.dir/RawMemProfReader.cpp.o
[938/4598] Building CXX object lib/ProfileData/CMakeFiles/LLVMProfileData.dir/SampleProfReader.cpp.o
[939/4598] Building CXX object lib/Analysis/CMakeFiles/LLVMAnalysis.dir/AssumptionCache.cpp.o
[940/4598] Building CXX object lib/Analysis/CMakeFiles/LLVMAnalysis.dir/CFG.cpp.o
[941/4598] Building CXX object lib/Analysis/CMakeFiles/LLVMAnalysis.dir/BlockFrequencyInfoImpl.cpp.o
[942/4598] Building CXX object lib/Analysis/CMakeFiles/LLVMAnalysis.dir/BasicAliasAnalysis.cpp.o
[943/4598] Building CXX object lib/Analysis/CMakeFiles/LLVMAnalysis.dir/CFGSCCPrinter.cpp.o
[944/4598] Building CXX object lib/Analysis/CMakeFiles/LLVMAnalysis.dir/CFGPrinter.cpp.o
[945/4598] Building CXX object lib/Analysis/CMakeFiles/LLVMAnalysis.dir/BranchProbabilityInfo.cpp.o
[946/4598] Building CXX object lib/Analysis/CMakeFiles/LLVMAnalysis.dir/BlockFrequencyInfo.cpp.o
[947/4598] Building CXX object lib/Analysis/CMakeFiles/LLVMAnalysis.dir/CallGraph.cpp.o
[948/4598] Building CXX object lib/Analysis/CMakeFiles/LLVMAnalysis.dir/CallGraphSCCPass.cpp.o
[949/4598] Building CXX object lib/Analysis/CMakeFiles/LLVMAnalysis.dir/CmpInstAnalysis.cpp.o
[950/4598] Building CXX object lib/Analysis/CMakeFiles/LLVMAnalysis.dir/CostModel.cpp.o
[951/4598] Building CXX object lib/Analysis/CMakeFiles/LLVMAnalysis.dir/CaptureTracking.cpp.o
[952/4598] Building CXX object lib/Analysis/CMakeFiles/LLVMAnalysis.dir/CGSCCPassManager.cpp.o
[953/4598] Building CXX object lib/Analysis/CMakeFiles/LLVMAnalysis.dir/CallPrinter.cpp.o
[954/4598] Building CXX object lib/Analysis/CMakeFiles/LLVMAnalysis.dir/CodeMetrics.cpp.o
[955/4598] Building CXX object lib/Analysis/CMakeFiles/LLVMAnalysis.dir/ConstraintSystem.cpp.o
[956/4598] Building CXX object lib/Analysis/CMakeFiles/LLVMAnalysis.dir/CycleAnalysis.cpp.o
[957/4598] Building CXX object lib/Analysis/CMakeFiles/LLVMAnalysis.dir/DDGPrinter.cpp.o
[958/4598] Building CXX object lib/Analysis/CMakeFiles/LLVMAnalysis.dir/DevelopmentModeInlineAdvisor.cpp.o
[959/4598] Building CXX object lib/Analysis/CMakeFiles/LLVMAnalysis.dir/DDG.cpp.o
[960/4598] Building CXX object lib/Analysis/CMakeFiles/LLVMAnalysis.dir/ConstantFolding.cpp.o
[961/4598] Building CXX object lib/Analysis/CMakeFiles/LLVMAnalysis.dir/Delinearization.cpp.o
[962/4598] Building CXX object lib/Analysis/CMakeFiles/LLVMAnalysis.dir/DemandedBits.cpp.o
[963/4598] Building CXX object lib/Analysis/CMakeFiles/LLVMAnalysis.dir/EHPersonalities.cpp.o
[964/4598] Building CXX object lib/Analysis/CMakeFiles/LLVMAnalysis.dir/DependenceGraphBuilder.cpp.o
[965/4598] Building CXX object lib/Analysis/CMakeFiles/LLVMAnalysis.dir/DivergenceAnalysis.cpp.o
[966/4598] Building CXX object lib/Analysis/CMakeFiles/LLVMAnalysis.dir/DominanceFrontier.cpp.o
[967/4598] Building CXX object lib/Analysis/CMakeFiles/LLVMAnalysis.dir/DomPrinter.cpp.o
[968/4598] Building CXX object lib/Analysis/CMakeFiles/LLVMAnalysis.dir/HeatUtils.cpp.o
[969/4598] Building CXX object lib/Analysis/CMakeFiles/LLVMAnalysis.dir/DomTreeUpdater.cpp.o
[970/4598] Building CXX object lib/Analysis/CMakeFiles/LLVMAnalysis.dir/GuardUtils.cpp.o
[971/4598] Building CXX object lib/Analysis/CMakeFiles/LLVMAnalysis.dir/DependenceAnalysis.cpp.o
[972/4598] Building CXX object lib/Analysis/CMakeFiles/LLVMAnalysis.dir/FunctionPropertiesAnalysis.cpp.o
[973/4598] Building CXX object lib/Analysis/CMakeFiles/LLVMAnalysis.dir/ImportedFunctionsInliningStatistics.cpp.o
[974/4598] Building CXX object lib/Analysis/CMakeFiles/LLVMAnalysis.dir/IndirectCallPromotionAnalysis.cpp.o
[975/4598] Building CXX object lib/Analysis/CMakeFiles/LLVMAnalysis.dir/IVUsers.cpp.o
[976/4598] Building CXX object lib/Analysis/CMakeFiles/LLVMAnalysis.dir/InlineSizeEstimatorAnalysis.cpp.o
[977/4598] Building CXX object lib/Analysis/CMakeFiles/LLVMAnalysis.dir/GlobalsModRef.cpp.o
[978/4598] Building CXX object lib/Analysis/CMakeFiles/LLVMAnalysis.dir/IVDescriptors.cpp.o
[979/4598] Building CXX object lib/Analysis/CMakeFiles/LLVMAnalysis.dir/Interval.cpp.o
[980/4598] Building CXX object lib/Analysis/CMakeFiles/LLVMAnalysis.dir/InstructionPrecedenceTracking.cpp.o
[981/4598] Building CXX object lib/Analysis/CMakeFiles/LLVMAnalysis.dir/InstCount.cpp.o
[982/4598] Building CXX object lib/Analysis/CMakeFiles/LLVMAnalysis.dir/IRSimilarityIdentifier.cpp.o
[983/4598] Building CXX object lib/Analysis/CMakeFiles/LLVMAnalysis.dir/IntervalPartition.cpp.o
[984/4598] Building CXX object lib/Analysis/CMakeFiles/LLVMAnalysis.dir/InlineAdvisor.cpp.o
[985/4598] Building CXX object lib/Analysis/CMakeFiles/LLVMAnalysis.dir/LazyBlockFrequencyInfo.cpp.o
[986/4598] Building CXX object lib/Analysis/CMakeFiles/LLVMAnalysis.dir/InlineOrder.cpp.o
[987/4598] Building CXX object lib/Analysis/CMakeFiles/LLVMAnalysis.dir/LazyBranchProbabilityInfo.cpp.o
[988/4598] Building CXX object lib/Analysis/CMakeFiles/LLVMAnalysis.dir/InlineCost.cpp.o
[989/4598] Building CXX object lib/Analysis/CMakeFiles/LLVMAnalysis.dir/LegacyDivergenceAnalysis.cpp.o
[990/4598] Building CXX object lib/Analysis/CMakeFiles/LLVMAnalysis.dir/Loads.cpp.o
[991/4598] Building CXX object lib/Analysis/CMakeFiles/LLVMAnalysis.dir/Lint.cpp.o
[992/4598] Building CXX object lib/Analysis/CMakeFiles/LLVMAnalysis.dir/Local.cpp.o
[993/4598] Building CXX object lib/Analysis/CMakeFiles/LLVMAnalysis.dir/LazyCallGraph.cpp.o
[994/4598] Building CXX object lib/Analysis/CMakeFiles/LLVMAnalysis.dir/LoopAnalysisManager.cpp.o
[995/4598] Building CXX object lib/Analysis/CMakeFiles/LLVMAnalysis.dir/LazyValueInfo.cpp.o
[996/4598] Building CXX object lib/Analysis/CMakeFiles/LLVMAnalysis.dir/InstructionSimplify.cpp.o
[997/4598] Building CXX object lib/Analysis/CMakeFiles/LLVMAnalysis.dir/LoopNestAnalysis.cpp.o
[998/4598] Building CXX object lib/Analysis/CMakeFiles/LLVMAnalysis.dir/LoopCacheAnalysis.cpp.o
[999/4598] Building CXX object lib/Analysis/CMakeFiles/LLVMAnalysis.dir/LoopPass.cpp.o
[1000/4598] Building CXX object lib/Analysis/CMakeFiles/LLVMAnalysis.dir/MemDerefPrinter.cpp.o
[1001/4598] Building CXX object lib/Analysis/CMakeFiles/LLVMAnalysis.dir/LoopUnrollAnalyzer.cpp.o
[1002/4598] Building CXX object lib/Analysis/CMakeFiles/LLVMAnalysis.dir/MemDepPrinter.cpp.o
[1003/4598] Building CXX object lib/Analysis/CMakeFiles/LLVMAnalysis.dir/ModelUnderTrainingRunner.cpp.o
[1004/4598] Building CXX object lib/Analysis/CMakeFiles/LLVMAnalysis.dir/MemoryProfileInfo.cpp.o
[1005/4598] Building CXX object lib/Analysis/CMakeFiles/LLVMAnalysis.dir/LoopAccessAnalysis.cpp.o
[1006/4598] Building CXX object lib/Analysis/CMakeFiles/LLVMAnalysis.dir/MemoryLocation.cpp.o
[1007/4598] Building CXX object lib/Analysis/CMakeFiles/LLVMAnalysis.dir/MLInlineAdvisor.cpp.o
[1008/4598] Building CXX object lib/Analysis/CMakeFiles/LLVMAnalysis.dir/MemoryBuiltins.cpp.o
[1009/4598] Building CXX object lib/Analysis/CMakeFiles/LLVMAnalysis.dir/LoopInfo.cpp.o
[1010/4598] Building CXX object lib/Analysis/CMakeFiles/LLVMAnalysis.dir/ModuleDebugInfoPrinter.cpp.o
[1011/4598] Building CXX object lib/Analysis/CMakeFiles/LLVMAnalysis.dir/ObjCARCAliasAnalysis.cpp.o
[1012/4598] Building CXX object lib/Analysis/CMakeFiles/LLVMAnalysis.dir/NoInferenceModelRunner.cpp.o
[1013/4598] Building CXX object lib/Analysis/CMakeFiles/LLVMAnalysis.dir/MemoryDependenceAnalysis.cpp.o
[1014/4598] Building CXX object lib/Analysis/CMakeFiles/LLVMAnalysis.dir/ObjCARCInstKind.cpp.o
[1015/4598] Building CXX object lib/Analysis/CMakeFiles/LLVMAnalysis.dir/ObjCARCAnalysisUtils.cpp.o
[1016/4598] Building CXX object lib/Analysis/CMakeFiles/LLVMAnalysis.dir/MemorySSAUpdater.cpp.o
[1017/4598] Building CXX object lib/Analysis/CMakeFiles/LLVMAnalysis.dir/OverflowInstAnalysis.cpp.o
[1018/4598] Building CXX object lib/Analysis/CMakeFiles/LLVMAnalysis.dir/MustExecute.cpp.o
[1019/4598] Building CXX object lib/Analysis/CMakeFiles/LLVMAnalysis.dir/PostDominators.cpp.o
[1020/4598] Building CXX object lib/Analysis/CMakeFiles/LLVMAnalysis.dir/OptimizationRemarkEmitter.cpp.o
[1021/4598] Building CXX object lib/Analysis/CMakeFiles/LLVMAnalysis.dir/MemorySSA.cpp.o
[1022/4598] Building CXX object lib/Analysis/CMakeFiles/LLVMAnalysis.dir/PHITransAddr.cpp.o
[1023/4598] Building CXX object lib/Analysis/CMakeFiles/LLVMAnalysis.dir/ProfileSummaryInfo.cpp.o
[1024/4598] Building CXX object lib/Analysis/CMakeFiles/LLVMAnalysis.dir/PtrUseVisitor.cpp.o
[1025/4598] Building CXX object lib/Analysis/CMakeFiles/LLVMAnalysis.dir/PhiValues.cpp.o
[1026/4598] Building CXX object lib/Analysis/CMakeFiles/LLVMAnalysis.dir/ModuleSummaryAnalysis.cpp.o
[1027/4598] Building CXX object lib/Analysis/CMakeFiles/LLVMAnalysis.dir/RegionPass.cpp.o
[1028/4598] Building CXX object lib/Analysis/CMakeFiles/LLVMAnalysis.dir/ReplayInlineAdvisor.cpp.o
[1029/4598] Building CXX object lib/Analysis/CMakeFiles/LLVMAnalysis.dir/ScalarEvolutionNormalization.cpp.o
[1030/4598] Building CXX object lib/Analysis/CMakeFiles/LLVMAnalysis.dir/ScalarEvolutionAliasAnalysis.cpp.o
[1031/4598] Building CXX object lib/Analysis/CMakeFiles/LLVMAnalysis.dir/TFLiteUtils.cpp.o
[1032/4598] Building CXX object lib/Analysis/CMakeFiles/LLVMAnalysis.dir/ScalarEvolutionDivision.cpp.o
[1033/4598] Building CXX object lib/Analysis/CMakeFiles/LLVMAnalysis.dir/RegionInfo.cpp.o
[1034/4598] Building CXX object lib/Analysis/CMakeFiles/LLVMAnalysis.dir/RegionPrinter.cpp.o
[1035/4598] Building CXX object lib/Analysis/CMakeFiles/LLVMAnalysis.dir/SyncDependenceAnalysis.cpp.o
[1036/4598] Building CXX object lib/Analysis/CMakeFiles/LLVMAnalysis.dir/Trace.cpp.o
[1037/4598] Building CXX object lib/Analysis/CMakeFiles/LLVMAnalysis.dir/TrainingLogger.cpp.o
[1038/4598] Building CXX object lib/Analysis/CMakeFiles/LLVMAnalysis.dir/TensorSpec.cpp.o
[1039/4598] Building CXX object lib/Analysis/CMakeFiles/LLVMAnalysis.dir/StackLifetime.cpp.o
[1040/4598] Building CXX object lib/Analysis/CMakeFiles/LLVMAnalysis.dir/SyntheticCountsUtils.cpp.o
[1041/4598] Building CXX object lib/Analysis/CMakeFiles/LLVMAnalysis.dir/TargetLibraryInfo.cpp.o
[1042/4598] Building CXX object lib/Analysis/CMakeFiles/LLVMAnalysis.dir/TypeBasedAliasAnalysis.cpp.o
[1043/4598] Building CXX object lib/Analysis/CMakeFiles/LLVMAnalysis.dir/ValueLattice.cpp.o
[1044/4598] Building CXX object lib/Analysis/CMakeFiles/LLVMAnalysis.dir/ValueLatticeUtils.cpp.o
[1045/4598] Linking CXX static library lib/libLLVMProfileData.a
[1046/4598] Building CXX object lib/Analysis/CMakeFiles/LLVMAnalysis.dir/ScopedNoAliasAA.cpp.o
[1047/4598] Building CXX object lib/Analysis/CMakeFiles/LLVMAnalysis.dir/TypeMetadataUtils.cpp.o
[1048/4598] Building CXX object lib/Analysis/CMakeFiles/LLVMAnalysis.dir/StackSafetyAnalysis.cpp.o
[1049/4598] Building CXX object lib/Analysis/CMakeFiles/LLVMAnalysis.dir/TargetTransformInfo.cpp.o
[1050/4598] Building CXX object lib/Transforms/Utils/CMakeFiles/LLVMTransformUtils.dir/AMDGPUEmitPrintf.cpp.o
[1051/4598] Building CXX object lib/Transforms/Utils/CMakeFiles/LLVMTransformUtils.dir/ASanStackFrameLayout.cpp.o
[1052/4598] Building CXX object lib/Analysis/CMakeFiles/LLVMAnalysis.dir/UniformityAnalysis.cpp.o
[1053/4598] Building CXX object lib/Transforms/Utils/CMakeFiles/LLVMTransformUtils.dir/AddDiscriminators.cpp.o
[1054/4598] Building CXX object lib/Analysis/CMakeFiles/LLVMAnalysis.dir/VFABIDemangling.cpp.o
[1055/4598] Building CXX object lib/Transforms/Utils/CMakeFiles/LLVMTransformUtils.dir/AssumeBundleBuilder.cpp.o
[1056/4598] Building CXX object lib/Analysis/CMakeFiles/LLVMAnalysis.dir/VectorUtils.cpp.o
[1057/4598] Building CXX object lib/Transforms/Utils/CMakeFiles/LLVMTransformUtils.dir/BypassSlowDivision.cpp.o
[1058/4598] Building CXX object lib/Transforms/Utils/CMakeFiles/LLVMTransformUtils.dir/BuildLibCalls.cpp.o
[1059/4598] Building CXX object lib/Transforms/Utils/CMakeFiles/LLVMTransformUtils.dir/CallGraphUpdater.cpp.o
[1060/4598] Building CXX object lib/Transforms/Utils/CMakeFiles/LLVMTransformUtils.dir/CanonicalizeAliases.cpp.o
[1061/4598] Building CXX object lib/Transforms/Utils/CMakeFiles/LLVMTransformUtils.dir/BasicBlockUtils.cpp.o
[1062/4598] Building CXX object lib/Transforms/Utils/CMakeFiles/LLVMTransformUtils.dir/CallPromotionUtils.cpp.o
[1063/4598] Building CXX object lib/Transforms/Utils/CMakeFiles/LLVMTransformUtils.dir/BreakCriticalEdges.cpp.o
[1064/4598] Building CXX object lib/Analysis/CMakeFiles/LLVMAnalysis.dir/ValueTracking.cpp.o
[1065/4598] Building CXX object lib/Transforms/Utils/CMakeFiles/LLVMTransformUtils.dir/CanonicalizeFreezeInLoops.cpp.o
[1066/4598] Building CXX object lib/Transforms/Utils/CMakeFiles/LLVMTransformUtils.dir/CloneModule.cpp.o
[1067/4598] Building CXX object lib/Transforms/Utils/CMakeFiles/LLVMTransformUtils.dir/CtorUtils.cpp.o
[1068/4598] Building CXX object lib/Transforms/Utils/CMakeFiles/LLVMTransformUtils.dir/CodeMoverUtils.cpp.o
[1069/4598] Building CXX object lib/Transforms/Utils/CMakeFiles/LLVMTransformUtils.dir/DemoteRegToStack.cpp.o
[1070/4598] Building CXX object lib/Analysis/CMakeFiles/LLVMAnalysis.dir/ScalarEvolution.cpp.o
[1071/4598] Building CXX object lib/Transforms/Utils/CMakeFiles/LLVMTransformUtils.dir/CodeLayout.cpp.o
[1072/4598] Building CXX object lib/Transforms/Utils/CMakeFiles/LLVMTransformUtils.dir/EscapeEnumerator.cpp.o
[1073/4598] Building CXX object lib/Transforms/Utils/CMakeFiles/LLVMTransformUtils.dir/CloneFunction.cpp.o
[1074/4598] Building CXX object lib/Transforms/Utils/CMakeFiles/LLVMTransformUtils.dir/EntryExitInstrumenter.cpp.o
[1075/4598] Building CXX object lib/Transforms/Utils/CMakeFiles/LLVMTransformUtils.dir/CodeExtractor.cpp.o
[1076/4598] Building CXX object lib/Transforms/Utils/CMakeFiles/LLVMTransformUtils.dir/Debugify.cpp.o
[1077/4598] Building CXX object lib/Transforms/Utils/CMakeFiles/LLVMTransformUtils.dir/FunctionComparator.cpp.o
[1078/4598] Building CXX object lib/Transforms/Utils/CMakeFiles/LLVMTransformUtils.dir/HelloWorld.cpp.o
[1079/4598] Building CXX object lib/Transforms/Utils/CMakeFiles/LLVMTransformUtils.dir/FunctionImportUtils.cpp.o
[1080/4598] Building CXX object lib/Transforms/Utils/CMakeFiles/LLVMTransformUtils.dir/FlattenCFG.cpp.o
[1081/4598] Building CXX object lib/Transforms/Utils/CMakeFiles/LLVMTransformUtils.dir/Evaluator.cpp.o
[1082/4598] Building CXX object lib/Transforms/Utils/CMakeFiles/LLVMTransformUtils.dir/GlobalStatus.cpp.o
[1083/4598] Building CXX object lib/Transforms/Utils/CMakeFiles/LLVMTransformUtils.dir/FixIrreducible.cpp.o
[1084/4598] Building CXX object lib/Transforms/Utils/CMakeFiles/LLVMTransformUtils.dir/InstructionNamer.cpp.o
[1085/4598] Building CXX object lib/Transforms/Utils/CMakeFiles/LLVMTransformUtils.dir/GuardUtils.cpp.o
[1086/4598] Building CXX object lib/Transforms/Utils/CMakeFiles/LLVMTransformUtils.dir/IntegerDivision.cpp.o
[1087/4598] Building CXX object lib/Transforms/Utils/CMakeFiles/LLVMTransformUtils.dir/InjectTLIMappings.cpp.o
[1088/4598] Building CXX object lib/Transforms/Utils/CMakeFiles/LLVMTransformUtils.dir/LibCallsShrinkWrap.cpp.o
[1089/4598] Building CXX object lib/Transforms/Utils/CMakeFiles/LLVMTransformUtils.dir/LCSSA.cpp.o
[1090/4598] Building CXX object lib/Transforms/Utils/CMakeFiles/LLVMTransformUtils.dir/LoopRotationUtils.cpp.o
[1091/4598] Building CXX object lib/Transforms/Utils/CMakeFiles/LLVMTransformUtils.dir/LoopSimplify.cpp.o
[1092/4598] Building CXX object lib/Transforms/Utils/CMakeFiles/LLVMTransformUtils.dir/LoopUnrollAndJam.cpp.o
[1093/4598] Building CXX object lib/Transforms/Utils/CMakeFiles/LLVMTransformUtils.dir/InlineFunction.cpp.o
[1094/4598] Building CXX object lib/Transforms/Utils/CMakeFiles/LLVMTransformUtils.dir/Local.cpp.o
[1095/4598] Building CXX object lib/Transforms/Utils/CMakeFiles/LLVMTransformUtils.dir/LowerAtomic.cpp.o
[1096/4598] Building CXX object lib/Transforms/Utils/CMakeFiles/LLVMTransformUtils.dir/LoopUnroll.cpp.o
[1097/4598] Building CXX object lib/Transforms/Utils/CMakeFiles/LLVMTransformUtils.dir/LowerIFunc.cpp.o
[1098/4598] Building CXX object lib/Transforms/Utils/CMakeFiles/LLVMTransformUtils.dir/LoopPeel.cpp.o
[1099/4598] Building CXX object lib/Transforms/Utils/CMakeFiles/LLVMTransformUtils.dir/LowerInvoke.cpp.o
[1100/4598] Building CXX object lib/Transforms/Utils/CMakeFiles/LLVMTransformUtils.dir/LoopUnrollRuntime.cpp.o
[1101/4598] Building CXX object lib/Transforms/Utils/CMakeFiles/LLVMTransformUtils.dir/LowerGlobalDtors.cpp.o
[1102/4598] Building CXX object lib/Transforms/Utils/CMakeFiles/LLVMTransformUtils.dir/Mem2Reg.cpp.o
[1103/4598] Building CXX object lib/Transforms/Utils/CMakeFiles/LLVMTransformUtils.dir/LoopVersioning.cpp.o
[1104/4598] Building CXX object lib/Transforms/Utils/CMakeFiles/LLVMTransformUtils.dir/LowerMemIntrinsics.cpp.o
[1105/4598] Building CXX object lib/Transforms/Utils/CMakeFiles/LLVMTransformUtils.dir/LowerSwitch.cpp.o
[1106/4598] Building CXX object lib/Transforms/Utils/CMakeFiles/LLVMTransformUtils.dir/LoopUtils.cpp.o
[1107/4598] Building CXX object lib/Transforms/Utils/CMakeFiles/LLVMTransformUtils.dir/MemoryOpRemark.cpp.o
[1108/4598] Building CXX object lib/Transforms/Utils/CMakeFiles/LLVMTransformUtils.dir/MatrixUtils.cpp.o
[1109/4598] Building CXX object lib/Transforms/Utils/CMakeFiles/LLVMTransformUtils.dir/MetaRenamer.cpp.o
[1110/4598] Building CXX object lib/Transforms/Utils/CMakeFiles/LLVMTransformUtils.dir/MemoryTaggingSupport.cpp.o
[1111/4598] Building CXX object lib/Transforms/Utils/CMakeFiles/LLVMTransformUtils.dir/MisExpect.cpp.o
[1112/4598] Building CXX object lib/Transforms/Utils/CMakeFiles/LLVMTransformUtils.dir/NameAnonGlobals.cpp.o
[1113/4598] Building CXX object lib/Transforms/Utils/CMakeFiles/LLVMTransformUtils.dir/RelLookupTableConverter.cpp.o
[1114/4598] Building CXX object lib/Transforms/Utils/CMakeFiles/LLVMTransformUtils.dir/ModuleUtils.cpp.o
[1115/4598] Building CXX object lib/Transforms/Utils/CMakeFiles/LLVMTransformUtils.dir/StripGCRelocates.cpp.o
[1116/4598] Building CXX object lib/Transforms/Utils/CMakeFiles/LLVMTransformUtils.dir/SampleProfileInference.cpp.o
[1117/4598] Building CXX object lib/Transforms/Utils/CMakeFiles/LLVMTransformUtils.dir/PredicateInfo.cpp.o
[1118/4598] Building CXX object lib/Transforms/Utils/CMakeFiles/LLVMTransformUtils.dir/SanitizerStats.cpp.o
[1119/4598] Building CXX object lib/Transforms/Utils/CMakeFiles/LLVMTransformUtils.dir/PromoteMemoryToRegister.cpp.o
[1120/4598] Building CXX object lib/Transforms/Utils/CMakeFiles/LLVMTransformUtils.dir/SSAUpdater.cpp.o
[1121/4598] Building CXX object lib/Transforms/Utils/CMakeFiles/LLVMTransformUtils.dir/SCCPSolver.cpp.o
[1122/4598] Building CXX object lib/Transforms/Utils/CMakeFiles/LLVMTransformUtils.dir/SampleProfileLoaderBaseUtil.cpp.o
[1123/4598] Building CXX object lib/Transforms/Utils/CMakeFiles/LLVMTransformUtils.dir/SizeOpts.cpp.o
[1124/4598] Building CXX object lib/Transforms/Utils/CMakeFiles/LLVMTransformUtils.dir/SSAUpdaterBulk.cpp.o
[1125/4598] Building CXX object lib/Transforms/Utils/CMakeFiles/LLVMTransformUtils.dir/ScalarEvolutionExpander.cpp.o
[1126/4598] Building CXX object lib/Transforms/Utils/CMakeFiles/LLVMTransformUtils.dir/Utils.cpp.o
[1127/4598] Building CXX object lib/Transforms/Utils/CMakeFiles/LLVMTransformUtils.dir/StripNonLineTableDebugInfo.cpp.o
[1128/4598] Building CXX object lib/Transforms/Utils/CMakeFiles/LLVMTransformUtils.dir/SplitModule.cpp.o
[1129/4598] Building Attrs.inc...
[1130/4598] Building AttrImpl.inc...
[1131/4598] Building AttrTextNodeDump.inc...
[1132/4598] Building AttrNodeTraverse.inc...
[1133/4598] Building AttrVisitor.inc...
[1134/4598] Building StmtNodes.inc...
[1135/4598] Building DeclNodes.inc...
[1136/4598] Building TypeNodes.inc...
[1137/4598] Building AbstractBasicReader.inc...
[1138/4598] Linking CXX static library lib/libLLVMAnalysis.a
[1139/4598] Building AbstractBasicWriter.inc...
[1140/4598] Building AbstractTypeReader.inc...
[1141/4598] Building AbstractTypeWriter.inc...
[1142/4598] Building CommentNodes.inc...
[1143/4598] Building CommentHTMLTags.inc...
[1144/4598] Building CommentHTMLTagsProperties.inc...
[1145/4598] Building CommentHTMLNamedCharacterReferences.inc...
[1146/4598] Building CommentCommandInfo.inc...
[1147/4598] Building CommentCommandList.inc...
[1148/4598] Building StmtDataCollectors.inc...
[1149/4598] Building DiagnosticAnalysisKinds.inc...
[1150/4598] Building DiagnosticASTKinds.inc...
[1151/4598] Building CXX object lib/Transforms/Utils/CMakeFiles/LLVMTransformUtils.dir/SymbolRewriter.cpp.o
[1152/4598] Building DiagnosticCommentKinds.inc...
[1153/4598] Building DiagnosticCommonKinds.inc...
[1154/4598] Building DiagnosticCrossTUKinds.inc...
[1155/4598] Building DiagnosticDriverKinds.inc...
[1156/4598] Building DiagnosticFrontendKinds.inc...
[1157/4598] Building DiagnosticLexKinds.inc...
[1158/4598] Building DiagnosticParseKinds.inc...
[1159/4598] Building DiagnosticRefactoringKinds.inc...
[1160/4598] Building DiagnosticSemaKinds.inc...
[1161/4598] Building CXX object lib/Transforms/Utils/CMakeFiles/LLVMTransformUtils.dir/UnifyFunctionExitNodes.cpp.o
[1162/4598] Building DiagnosticSerializationKinds.inc...
[1163/4598] Building AttrList.inc...
[1164/4598] Building DiagnosticGroups.inc...
[1165/4598] Building AttrSubMatchRulesList.inc...
[1166/4598] Building AttrHasAttributeImpl.inc...
[1167/4598] Building arm_fp16.inc...
[1168/4598] Building arm_neon.inc...
[1169/4598] Building DiagnosticIndexName.inc...
[1170/4598] Building arm_mve_builtins.inc...
[1171/4598] Building arm_mve_builtin_sema.inc...
[1172/4598] Building arm_mve_builtin_aliases.inc...
[1173/4598] Building arm_mve_builtin_cg.inc...
[1174/4598] Building arm_sve_typeflags.inc...
[1175/4598] Building arm_cde_builtins.inc...
[1176/4598] Building arm_cde_builtin_cg.inc...
[1177/4598] Building arm_sve_builtin_cg.inc...
[1178/4598] Building arm_cde_builtin_sema.inc...
[1179/4598] Building arm_cde_builtin_aliases.inc...
[1180/4598] Building arm_sve_builtins.inc...
[1181/4598] Building arm_sve_sema_rangechecks.inc...
[1182/4598] Building AttrParserStringSwitches.inc...
[1183/4598] Building riscv_vector_builtins.inc...
[1184/4598] Building AttrSubMatchRulesParserStringSwitches.inc...
[1185/4598] Building CXX object lib/Transforms/Utils/CMakeFiles/LLVMTransformUtils.dir/SimplifyIndVar.cpp.o
[1186/4598] Building AttrTemplateInstantiate.inc...
[1187/4598] Building riscv_vector_builtin_sema.inc...
[1188/4598] Building riscv_vector_builtin_cg.inc...
[1189/4598] Building AttrParsedAttrList.inc...
[1190/4598] Building AttrParsedAttrKinds.inc...
[1191/4598] Building AttrPCHRead.inc...
[1192/4598] Building AttrSpellingListIndex.inc...
[1193/4598] Building AttrPCHWrite.inc...
[1194/4598] Building AttrParsedAttrImpl.inc...
[1195/4598] Building Checkers.inc...
[1196/4598] Building Nodes.inc...
[1197/4598] Building NodeClasses.inc...
[1198/4598] Building CXX object lib/Transforms/Utils/CMakeFiles/LLVMTransformUtils.dir/UnifyLoopExits.cpp.o
[1199/4598] Building CXX object lib/Transforms/Utils/CMakeFiles/LLVMTransformUtils.dir/SimplifyLibCalls.cpp.o
[1200/4598] Building CXX object lib/Transforms/Utils/CMakeFiles/LLVMTransformUtils.dir/VNCoercion.cpp.o
[1201/4598] Building CXX object lib/Transforms/Utils/CMakeFiles/LLVMTransformUtils.dir/ValueMapper.cpp.o
[1202/4598] Building CXX object lib/Transforms/AggressiveInstCombine/CMakeFiles/LLVMAggressiveInstCombine.dir/TruncInstCombine.cpp.o
[1203/4598] Building CXX object lib/Transforms/InstCombine/CMakeFiles/LLVMInstCombine.dir/InstCombineAtomicRMW.cpp.o
[1204/4598] Building CXX object lib/Transforms/AggressiveInstCombine/CMakeFiles/LLVMAggressiveInstCombine.dir/AggressiveInstCombine.cpp.o
[1205/4598] Building CXX object lib/Transforms/Utils/CMakeFiles/LLVMTransformUtils.dir/SimplifyCFG.cpp.o
[1206/4598] Linking CXX static library lib/libLLVMTransformUtils.a
[1207/4598] Building CXX object lib/Transforms/InstCombine/CMakeFiles/LLVMInstCombine.dir/InstCombineAddSub.cpp.o
[1208/4598] Building CXX object lib/Transforms/InstCombine/CMakeFiles/LLVMInstCombine.dir/InstCombineLoadStoreAlloca.cpp.o
[1209/4598] Building CXX object lib/Transforms/InstCombine/CMakeFiles/LLVMInstCombine.dir/InstCombineNegator.cpp.o
[1210/4598] Building CXX object lib/Transforms/InstCombine/CMakeFiles/LLVMInstCombine.dir/InstCombineAndOrXor.cpp.o
[1211/4598] Building CXX object lib/Transforms/InstCombine/CMakeFiles/LLVMInstCombine.dir/InstructionCombining.cpp.o
[1212/4598] Generating VCSVersion.inc
[1213/4598] Linking CXX static library lib/libLLVMAggressiveInstCombine.a
[1214/4598] Building CXX object lib/Transforms/InstCombine/CMakeFiles/LLVMInstCombine.dir/InstCombineCalls.cpp.o
[1215/4598] Building CXX object lib/Transforms/InstCombine/CMakeFiles/LLVMInstCombine.dir/InstCombinePHI.cpp.o
[1216/4598] Building CXX object lib/Transforms/InstCombine/CMakeFiles/LLVMInstCombine.dir/InstCombineMulDivRem.cpp.o
[1217/4598] Building CXX object lib/Transforms/InstCombine/CMakeFiles/LLVMInstCombine.dir/InstCombineCasts.cpp.o
[1218/4598] Building CXX object lib/Transforms/InstCombine/CMakeFiles/LLVMInstCombine.dir/InstCombineShifts.cpp.o
[1219/4598] Building CXX object lib/Transforms/InstCombine/CMakeFiles/LLVMInstCombine.dir/InstCombineCompares.cpp.o
[1220/4598] Building CXX object lib/Transforms/Scalar/CMakeFiles/LLVMScalarOpts.dir/AlignmentFromAssumptions.cpp.o
[1221/4598] Building CXX object lib/Transforms/Scalar/CMakeFiles/LLVMScalarOpts.dir/AnnotationRemarks.cpp.o
[1222/4598] Building CXX object lib/Transforms/InstCombine/CMakeFiles/LLVMInstCombine.dir/InstCombineSimplifyDemanded.cpp.o
[1223/4598] Building CXX object lib/Transforms/InstCombine/CMakeFiles/LLVMInstCombine.dir/InstCombineSelect.cpp.o
[1224/4598] Building CXX object lib/Transforms/Scalar/CMakeFiles/LLVMScalarOpts.dir/BDCE.cpp.o
[1225/4598] Building CXX object lib/Transforms/Scalar/CMakeFiles/LLVMScalarOpts.dir/ADCE.cpp.o
[1226/4598] Building CXX object lib/Transforms/InstCombine/CMakeFiles/LLVMInstCombine.dir/InstCombineVectorOps.cpp.o
[1227/4598] Linking CXX static library lib/libLLVMInstCombine.a
[1228/4598] Building CXX object lib/Transforms/Scalar/CMakeFiles/LLVMScalarOpts.dir/CallSiteSplitting.cpp.o
[1229/4598] Building CXX object lib/Transforms/Scalar/CMakeFiles/LLVMScalarOpts.dir/DCE.cpp.o
[1230/4598] Building CXX object lib/Transforms/Scalar/CMakeFiles/LLVMScalarOpts.dir/ConstantHoisting.cpp.o
[1231/4598] Building CXX object lib/Transforms/Scalar/CMakeFiles/LLVMScalarOpts.dir/ConstraintElimination.cpp.o
[1232/4598] Building CXX object lib/Transforms/Scalar/CMakeFiles/LLVMScalarOpts.dir/CorrelatedValuePropagation.cpp.o
[1233/4598] Building CXX object lib/Transforms/Scalar/CMakeFiles/LLVMScalarOpts.dir/DivRemPairs.cpp.o
[1234/4598] Building CXX object lib/Transforms/Scalar/CMakeFiles/LLVMScalarOpts.dir/FlattenCFGPass.cpp.o
[1235/4598] Building CXX object lib/Transforms/Scalar/CMakeFiles/LLVMScalarOpts.dir/Float2Int.cpp.o
[1236/4598] Building CXX object lib/Transforms/Scalar/CMakeFiles/LLVMScalarOpts.dir/DeadStoreElimination.cpp.o
[1237/4598] Building CXX object lib/Transforms/Scalar/CMakeFiles/LLVMScalarOpts.dir/IVUsersPrinter.cpp.o
[1238/4598] Building CXX object lib/Transforms/Scalar/CMakeFiles/LLVMScalarOpts.dir/EarlyCSE.cpp.o
[1239/4598] Building CXX object lib/Transforms/Scalar/CMakeFiles/LLVMScalarOpts.dir/DFAJumpThreading.cpp.o
[1240/4598] Building CXX object lib/Transforms/Scalar/CMakeFiles/LLVMScalarOpts.dir/GVNSink.cpp.o
[1241/4598] Building CXX object lib/Transforms/Scalar/CMakeFiles/LLVMScalarOpts.dir/GVNHoist.cpp.o
[1242/4598] Building CXX object lib/Transforms/Scalar/CMakeFiles/LLVMScalarOpts.dir/GuardWidening.cpp.o
[1243/4598] Building CXX object lib/Transforms/Scalar/CMakeFiles/LLVMScalarOpts.dir/InductiveRangeCheckElimination.cpp.o
[1244/4598] Building CXX object lib/Transforms/Scalar/CMakeFiles/LLVMScalarOpts.dir/InferAddressSpaces.cpp.o
[1245/4598] Building CXX object lib/Transforms/Scalar/CMakeFiles/LLVMScalarOpts.dir/InstSimplifyPass.cpp.o
[1246/4598] Building CXX object lib/Transforms/Scalar/CMakeFiles/LLVMScalarOpts.dir/GVN.cpp.o
[1247/4598] Building CXX object lib/Transforms/Scalar/CMakeFiles/LLVMScalarOpts.dir/LoopAccessAnalysisPrinter.cpp.o
[1248/4598] Building CXX object lib/Transforms/Scalar/CMakeFiles/LLVMScalarOpts.dir/IndVarSimplify.cpp.o
[1249/4598] Building CXX object lib/Transforms/Scalar/CMakeFiles/LLVMScalarOpts.dir/LoopBoundSplit.cpp.o
[1250/4598] Building CXX object lib/Transforms/Scalar/CMakeFiles/LLVMScalarOpts.dir/LoopSink.cpp.o
[1251/4598] Building CXX object lib/Transforms/Scalar/CMakeFiles/LLVMScalarOpts.dir/LoopDeletion.cpp.o
[1252/4598] Building CXX object lib/Transforms/Scalar/CMakeFiles/LLVMScalarOpts.dir/JumpThreading.cpp.o
[1253/4598] Building CXX object lib/Transforms/Scalar/CMakeFiles/LLVMScalarOpts.dir/LoopDataPrefetch.cpp.o
[1254/4598] Building CXX object lib/Transforms/Scalar/CMakeFiles/LLVMScalarOpts.dir/LICM.cpp.o
[1255/4598] Building CXX object lib/Transforms/Scalar/CMakeFiles/LLVMScalarOpts.dir/LoopInstSimplify.cpp.o
[1256/4598] Building CXX object lib/Transforms/Scalar/CMakeFiles/LLVMScalarOpts.dir/LoopDistribute.cpp.o
[1257/4598] Building CXX object lib/Transforms/Scalar/CMakeFiles/LLVMScalarOpts.dir/LoopIdiomRecognize.cpp.o
[1258/4598] Building CXX object lib/Transforms/Scalar/CMakeFiles/LLVMScalarOpts.dir/LoopFuse.cpp.o
[1259/4598] Building CXX object lib/Transforms/Scalar/CMakeFiles/LLVMScalarOpts.dir/LoopFlatten.cpp.o
[1260/4598] Building CXX object lib/Transforms/Scalar/CMakeFiles/LLVMScalarOpts.dir/LoopPassManager.cpp.o
[1261/4598] Building CXX object lib/Transforms/Scalar/CMakeFiles/LLVMScalarOpts.dir/LoopInterchange.cpp.o
[1262/4598] Building CXX object lib/Transforms/Scalar/CMakeFiles/LLVMScalarOpts.dir/LoopLoadElimination.cpp.o
[1263/4598] Building CXX object lib/Transforms/Scalar/CMakeFiles/LLVMScalarOpts.dir/LoopPredication.cpp.o
[1264/4598] Building CXX object lib/Transforms/Scalar/CMakeFiles/LLVMScalarOpts.dir/LoopRotation.cpp.o
[1265/4598] Building CXX object lib/Transforms/Scalar/CMakeFiles/LLVMScalarOpts.dir/LowerAtomicPass.cpp.o
[1266/4598] Building CXX object lib/Transforms/Scalar/CMakeFiles/LLVMScalarOpts.dir/LoopRerollPass.cpp.o
[1267/4598] Building CXX object lib/Transforms/Scalar/CMakeFiles/LLVMScalarOpts.dir/LoopUnrollAndJamPass.cpp.o
[1268/4598] Building CXX object lib/Transforms/Scalar/CMakeFiles/LLVMScalarOpts.dir/LowerGuardIntrinsic.cpp.o
[1269/4598] Building CXX object lib/Transforms/Scalar/CMakeFiles/LLVMScalarOpts.dir/LowerExpectIntrinsic.cpp.o
[1270/4598] Building CXX object lib/Transforms/Scalar/CMakeFiles/LLVMScalarOpts.dir/LoopUnrollPass.cpp.o
[1271/4598] Building CXX object lib/Transforms/Scalar/CMakeFiles/LLVMScalarOpts.dir/LoopSimplifyCFG.cpp.o
[1272/4598] Building CXX object lib/Transforms/Scalar/CMakeFiles/LLVMScalarOpts.dir/LoopVersioningLICM.cpp.o
[1273/4598] Building CXX object lib/Transforms/Scalar/CMakeFiles/LLVMScalarOpts.dir/MakeGuardsExplicit.cpp.o
[1274/4598] Building CXX object lib/Transforms/Scalar/CMakeFiles/LLVMScalarOpts.dir/LowerConstantIntrinsics.cpp.o
[1275/4598] Building CXX object lib/Transforms/Scalar/CMakeFiles/LLVMScalarOpts.dir/LowerWidenableCondition.cpp.o
[1276/4598] Building CXX object lib/Transforms/Scalar/CMakeFiles/LLVMScalarOpts.dir/MergedLoadStoreMotion.cpp.o
[1277/4598] Building CXX object lib/Transforms/Scalar/CMakeFiles/LLVMScalarOpts.dir/MergeICmps.cpp.o
[1278/4598] Building CXX object lib/Transforms/Scalar/CMakeFiles/LLVMScalarOpts.dir/PartiallyInlineLibCalls.cpp.o
[1279/4598] Building CXX object lib/Transforms/Scalar/CMakeFiles/LLVMScalarOpts.dir/MemCpyOptimizer.cpp.o
[1280/4598] Building CXX object lib/Transforms/Scalar/CMakeFiles/LLVMScalarOpts.dir/NaryReassociate.cpp.o
[1281/4598] Building CXX object lib/Transforms/Scalar/CMakeFiles/LLVMScalarOpts.dir/Reg2Mem.cpp.o
[1282/4598] Building CXX object lib/Transforms/Scalar/CMakeFiles/LLVMScalarOpts.dir/PlaceSafepoints.cpp.o
[1283/4598] Building CXX object lib/Transforms/Scalar/CMakeFiles/LLVMScalarOpts.dir/LowerMatrixIntrinsics.cpp.o
[1284/4598] Building CXX object lib/Transforms/Scalar/CMakeFiles/LLVMScalarOpts.dir/LoopStrengthReduce.cpp.o
[1285/4598] Building CXX object lib/Transforms/Scalar/CMakeFiles/LLVMScalarOpts.dir/Scalar.cpp.o
[1286/4598] Building CXX object lib/Transforms/Scalar/CMakeFiles/LLVMScalarOpts.dir/SCCP.cpp.o
[1287/4598] Building CXX object lib/Transforms/Scalar/CMakeFiles/LLVMScalarOpts.dir/Reassociate.cpp.o
[1288/4598] Building CXX object lib/Transforms/Scalar/CMakeFiles/LLVMScalarOpts.dir/ScalarizeMaskedMemIntrin.cpp.o
[1289/4598] Building CXX object lib/Transforms/Scalar/CMakeFiles/LLVMScalarOpts.dir/Scalarizer.cpp.o
[1290/4598] Building CXX object lib/Transforms/Scalar/CMakeFiles/LLVMScalarOpts.dir/NewGVN.cpp.o
[1291/4598] Building CXX object lib/Transforms/Scalar/CMakeFiles/LLVMScalarOpts.dir/SeparateConstOffsetFromGEP.cpp.o
[1292/4598] Building CXX object lib/Transforms/Scalar/CMakeFiles/LLVMScalarOpts.dir/RewriteStatepointsForGC.cpp.o
[1293/4598] Building CXX object lib/Transforms/Scalar/CMakeFiles/LLVMScalarOpts.dir/Sink.cpp.o
[1294/4598] Building CXX object lib/Transforms/Scalar/CMakeFiles/LLVMScalarOpts.dir/SimplifyCFGPass.cpp.o
[1295/4598] Building CXX object lib/Transforms/Scalar/CMakeFiles/LLVMScalarOpts.dir/StraightLineStrengthReduce.cpp.o
[1296/4598] Building CXX object tools/clang/lib/Basic/CMakeFiles/obj.clangBasic.dir/CLWarnings.cpp.o
[1297/4598] Building CXX object lib/Transforms/Scalar/CMakeFiles/LLVMScalarOpts.dir/SpeculativeExecution.cpp.o
[1298/4598] Building CXX object lib/Transforms/Scalar/CMakeFiles/LLVMScalarOpts.dir/WarnMissedTransforms.cpp.o
[1299/4598] Building CXX object lib/Transforms/Scalar/CMakeFiles/LLVMScalarOpts.dir/SROA.cpp.o
[1300/4598] Building CXX object tools/clang/lib/Basic/CMakeFiles/obj.clangBasic.dir/Builtins.cpp.o
[1301/4598] Building CXX object tools/clang/lib/Basic/CMakeFiles/obj.clangBasic.dir/CharInfo.cpp.o
[1302/4598] Building CXX object tools/clang/lib/Basic/CMakeFiles/obj.clangBasic.dir/Cuda.cpp.o
[1303/4598] Building CXX object tools/clang/lib/Basic/CMakeFiles/obj.clangBasic.dir/CodeGenOptions.cpp.o
[1304/4598] Building CXX object tools/clang/lib/Basic/CMakeFiles/obj.clangBasic.dir/ExpressionTraits.cpp.o
[1305/4598] Building CXX object lib/Transforms/Scalar/CMakeFiles/LLVMScalarOpts.dir/TLSVariableHoist.cpp.o
[1306/4598] Building CXX object tools/clang/lib/Basic/CMakeFiles/obj.clangBasic.dir/DiagnosticOptions.cpp.o
[1307/4598] Building CXX object lib/Transforms/Scalar/CMakeFiles/LLVMScalarOpts.dir/TailRecursionElimination.cpp.o
[1308/4598] Building CXX object lib/Transforms/Scalar/CMakeFiles/LLVMScalarOpts.dir/StructurizeCFG.cpp.o
[1309/4598] Building CXX object tools/clang/lib/Basic/CMakeFiles/obj.clangBasic.dir/DarwinSDKInfo.cpp.o
[1310/4598] Building CXX object tools/clang/lib/Basic/CMakeFiles/obj.clangBasic.dir/FileEntry.cpp.o
[1311/4598] Building CXX object tools/clang/lib/Basic/CMakeFiles/obj.clangBasic.dir/FileSystemStatCache.cpp.o
[1312/4598] Building CXX object tools/clang/lib/Basic/CMakeFiles/obj.clangBasic.dir/LangStandards.cpp.o
[1313/4598] Building CXX object tools/clang/lib/Basic/CMakeFiles/obj.clangBasic.dir/LangOptions.cpp.o
[1314/4598] Building CXX object tools/clang/lib/Basic/CMakeFiles/obj.clangBasic.dir/Diagnostic.cpp.o
[1315/4598] Building CXX object tools/clang/lib/Basic/CMakeFiles/obj.clangBasic.dir/MakeSupport.cpp.o
[1316/4598] Building CXX object tools/clang/lib/Basic/CMakeFiles/obj.clangBasic.dir/FileManager.cpp.o
[1317/4598] Building CXX object tools/clang/lib/Basic/CMakeFiles/obj.clangBasic.dir/OperatorPrecedence.cpp.o
[1318/4598] Building CXX object tools/clang/lib/Basic/CMakeFiles/obj.clangBasic.dir/ObjCRuntime.cpp.o
[1319/4598] Building CXX object tools/clang/lib/Basic/CMakeFiles/obj.clangBasic.dir/IdentifierTable.cpp.o
[1320/4598] Building CXX object tools/clang/lib/Basic/CMakeFiles/obj.clangBasic.dir/OpenMPKinds.cpp.o
[1321/4598] Building CXX object tools/clang/lib/Basic/CMakeFiles/obj.clangBasic.dir/SanitizerSpecialCaseList.cpp.o
[1322/4598] Building CXX object lib/Transforms/Scalar/CMakeFiles/LLVMScalarOpts.dir/SimpleLoopUnswitch.cpp.o
[1323/4598] Building CXX object tools/clang/lib/Basic/CMakeFiles/obj.clangBasic.dir/Sanitizers.cpp.o
[1324/4598] Building CXX object tools/clang/lib/Basic/CMakeFiles/obj.clangBasic.dir/OpenCLOptions.cpp.o
[1325/4598] Building CXX object tools/clang/lib/Basic/CMakeFiles/obj.clangBasic.dir/NoSanitizeList.cpp.o
[1326/4598] Building CXX object tools/clang/lib/Basic/CMakeFiles/obj.clangBasic.dir/Module.cpp.o
[1327/4598] Building CXX object tools/clang/lib/Basic/CMakeFiles/obj.clangBasic.dir/ProfileList.cpp.o
[1328/4598] Building CXX object tools/clang/lib/Basic/CMakeFiles/obj.clangBasic.dir/Stack.cpp.o
[1329/4598] Building CXX object tools/clang/lib/Basic/CMakeFiles/obj.clangBasic.dir/TargetID.cpp.o
[1330/4598] Building CXX object tools/clang/lib/Basic/CMakeFiles/obj.clangBasic.dir/SourceLocation.cpp.o
[1331/4598] Building CXX object tools/clang/lib/Basic/CMakeFiles/obj.clangBasic.dir/Attributes.cpp.o
[1332/4598] Building CXX object tools/clang/lib/Basic/CMakeFiles/obj.clangBasic.dir/Sarif.cpp.o
[1333/4598] Building CXX object tools/clang/lib/Basic/CMakeFiles/obj.clangBasic.dir/TargetInfo.cpp.o
[1334/4598] Building CXX object tools/clang/lib/Basic/CMakeFiles/obj.clangBasic.dir/DiagnosticIDs.cpp.o
[1335/4598] Building CXX object tools/clang/lib/Basic/CMakeFiles/obj.clangBasic.dir/Targets/AMDGPU.cpp.o
[1336/4598] Building CXX object tools/clang/lib/Basic/CMakeFiles/obj.clangBasic.dir/Targets/ARC.cpp.o
[1337/4598] Building CXX object tools/clang/lib/Basic/CMakeFiles/obj.clangBasic.dir/Targets/AArch64.cpp.o
[1338/4598] Building CXX object tools/clang/lib/Basic/CMakeFiles/obj.clangBasic.dir/SourceManager.cpp.o
[1339/4598] Building CXX object tools/clang/lib/Basic/CMakeFiles/obj.clangBasic.dir/Targets/BPF.cpp.o
[1340/4598] Building CXX object tools/clang/lib/Basic/CMakeFiles/obj.clangBasic.dir/Targets/DirectX.cpp.o
[1341/4598] Building CXX object tools/clang/lib/Basic/CMakeFiles/obj.clangBasic.dir/Targets/CSKY.cpp.o
[1342/4598] Building CXX object tools/clang/lib/Basic/CMakeFiles/obj.clangBasic.dir/Targets/ARM.cpp.o
[1343/4598] Building CXX object tools/clang/lib/Basic/CMakeFiles/obj.clangBasic.dir/Targets/AVR.cpp.o
[1344/4598] Building CXX object tools/clang/lib/Basic/CMakeFiles/obj.clangBasic.dir/Targets/Hexagon.cpp.o
[1345/4598] Building CXX object tools/clang/lib/Basic/CMakeFiles/obj.clangBasic.dir/Targets/Lanai.cpp.o
[1346/4598] Building CXX object tools/clang/lib/Basic/CMakeFiles/obj.clangBasic.dir/Targets/Le64.cpp.o
[1347/4598] Building CXX object tools/clang/lib/Basic/CMakeFiles/obj.clangBasic.dir/Targets/LoongArch.cpp.o
[1348/4598] Building CXX object tools/clang/lib/Basic/CMakeFiles/obj.clangBasic.dir/Targets/MSP430.cpp.o
[1349/4598] Building CXX object tools/clang/lib/Basic/CMakeFiles/obj.clangBasic.dir/Targets/M68k.cpp.o
[1350/4598] Building CXX object tools/clang/lib/Basic/CMakeFiles/obj.clangBasic.dir/Targets/OSTargets.cpp.o
[1351/4598] Building CXX object tools/clang/lib/Basic/CMakeFiles/obj.clangBasic.dir/Targets.cpp.o
[1352/4598] Building CXX object tools/clang/lib/Basic/CMakeFiles/obj.clangBasic.dir/Targets/NVPTX.cpp.o
[1353/4598] Building CXX object tools/clang/lib/Basic/CMakeFiles/obj.clangBasic.dir/Targets/PNaCl.cpp.o
[1354/4598] Building CXX object tools/clang/lib/Basic/CMakeFiles/obj.clangBasic.dir/Targets/Mips.cpp.o
[1355/4598] Building CXX object tools/clang/lib/Basic/CMakeFiles/obj.clangBasic.dir/Targets/Sparc.cpp.o
[1356/4598] Building CXX object tools/clang/lib/Basic/CMakeFiles/obj.clangBasic.dir/Targets/SPIR.cpp.o
[1357/4598] Building CXX object tools/clang/lib/Basic/CMakeFiles/obj.clangBasic.dir/Targets/PPC.cpp.o
[1358/4598] Building CXX object tools/clang/lib/Basic/CMakeFiles/obj.clangBasic.dir/TypeTraits.cpp.o
[1359/4598] Building CXX object tools/clang/lib/Basic/CMakeFiles/obj.clangBasic.dir/TokenKinds.cpp.o
[1360/4598] Building CXX object tools/clang/lib/Basic/CMakeFiles/obj.clangBasic.dir/Targets/TCE.cpp.o
[1361/4598] Building CXX object tools/clang/lib/Basic/CMakeFiles/obj.clangBasic.dir/Targets/SystemZ.cpp.o
[1362/4598] Building CXX object tools/clang/lib/Basic/CMakeFiles/obj.clangBasic.dir/Targets/RISCV.cpp.o
[1363/4598] Building CXX object tools/clang/lib/Basic/CMakeFiles/obj.clangBasic.dir/Targets/VE.cpp.o
[1364/4598] Building CXX object tools/clang/lib/Basic/CMakeFiles/obj.clangBasic.dir/Version.cpp.o
[1365/4598] Building CXX object tools/clang/lib/Basic/CMakeFiles/obj.clangBasic.dir/XRayInstr.cpp.o
[1366/4598] Linking CXX static library lib/libLLVMScalarOpts.a
[1367/4598] Building CXX object tools/clang/lib/Basic/CMakeFiles/obj.clangBasic.dir/Warnings.cpp.o
[1368/4598] Building CXX object tools/clang/lib/Basic/CMakeFiles/obj.clangBasic.dir/Targets/XCore.cpp.o
[1369/4598] Building CXX object tools/clang/lib/Basic/CMakeFiles/obj.clangBasic.dir/Targets/WebAssembly.cpp.o
[1370/4598] Building CXX object lib/Frontend/OpenMP/CMakeFiles/LLVMFrontendOpenMP.dir/OMP.cpp.o
[1371/4598] Building CXX object tools/clang/lib/Basic/CMakeFiles/obj.clangBasic.dir/XRayLists.cpp.o
[1372/4598] Building CXX object tools/clang/lib/Basic/CMakeFiles/obj.clangBasic.dir/Targets/X86.cpp.o
[1373/4598] Building CXX object tools/clang/lib/Lex/CMakeFiles/obj.clangLex.dir/HeaderMap.cpp.o
[1374/4598] Building CXX object tools/clang/lib/Lex/CMakeFiles/obj.clangLex.dir/DependencyDirectivesScanner.cpp.o
[1375/4598] Linking CXX static library lib/libclangBasic.a
[1376/4598] Building CXX object lib/Frontend/OpenMP/CMakeFiles/LLVMFrontendOpenMP.dir/OMPContext.cpp.o
[1377/4598] Building CXX object tools/clang/lib/Lex/CMakeFiles/obj.clangLex.dir/InitHeaderSearch.cpp.o
[1378/4598] Building CXX object tools/clang/lib/Lex/CMakeFiles/obj.clangLex.dir/MacroArgs.cpp.o
[1379/4598] Building CXX object tools/clang/lib/Lex/CMakeFiles/obj.clangLex.dir/MacroInfo.cpp.o
[1380/4598] Building CXX object tools/clang/lib/Lex/CMakeFiles/obj.clangLex.dir/PPCallbacks.cpp.o
[1381/4598] Building CXX object tools/clang/lib/Lex/CMakeFiles/obj.clangLex.dir/LiteralSupport.cpp.o
[1382/4598] Building CXX object tools/clang/lib/Lex/CMakeFiles/obj.clangLex.dir/Lexer.cpp.o
[1383/4598] Building CXX object tools/clang/lib/Lex/CMakeFiles/obj.clangLex.dir/PPCaching.cpp.o
[1384/4598] Building CXX object tools/clang/lib/Lex/CMakeFiles/obj.clangLex.dir/HeaderSearch.cpp.o
[1385/4598] Building CXX object tools/clang/lib/Lex/CMakeFiles/obj.clangLex.dir/PPConditionalDirectiveRecord.cpp.o
[1386/4598] Building CXX object tools/clang/lib/Lex/CMakeFiles/obj.clangLex.dir/PPExpressions.cpp.o
[1387/4598] Building CXX object tools/clang/lib/Lex/CMakeFiles/obj.clangLex.dir/PPDirectives.cpp.o
[1388/4598] Building CXX object tools/clang/lib/Lex/CMakeFiles/obj.clangLex.dir/PPLexerChange.cpp.o
[1389/4598] Building CXX object tools/clang/lib/Lex/CMakeFiles/obj.clangLex.dir/ModuleMap.cpp.o
[1390/4598] Building Opcodes.inc...
[1391/4598] Building CXX object tools/clang/lib/Lex/CMakeFiles/obj.clangLex.dir/PreprocessingRecord.cpp.o
[1392/4598] Building AttrDocTable.inc...
[1393/4598] Building CXX object tools/clang/lib/Lex/CMakeFiles/obj.clangLex.dir/ScratchBuffer.cpp.o
[1394/4598] Building CXX object tools/clang/lib/Lex/CMakeFiles/obj.clangLex.dir/PPMacroExpansion.cpp.o
[1395/4598] Building CXX object tools/clang/lib/Lex/CMakeFiles/obj.clangLex.dir/PreprocessorLexer.cpp.o
[1396/4598] Building CXX object tools/clang/lib/Lex/CMakeFiles/obj.clangLex.dir/Pragma.cpp.o
[1397/4598] Building CXX object tools/clang/lib/Lex/CMakeFiles/obj.clangLex.dir/TokenConcatenation.cpp.o
[1398/4598] Building CXX object tools/clang/lib/AST/CMakeFiles/obj.clangAST.dir/ASTConcept.cpp.o
[1399/4598] Building CXX object tools/clang/lib/Lex/CMakeFiles/obj.clangLex.dir/TokenLexer.cpp.o
[1400/4598] Building CXX object tools/clang/lib/AST/CMakeFiles/obj.clangAST.dir/ASTConsumer.cpp.o
[1401/4598] Building CXX object tools/clang/lib/Lex/CMakeFiles/obj.clangLex.dir/Preprocessor.cpp.o
[1402/4598] Linking CXX static library lib/libclangLex.a
[1403/4598] Building CXX object lib/Frontend/OpenMP/CMakeFiles/LLVMFrontendOpenMP.dir/OMPIRBuilder.cpp.o
[1404/4598] Linking CXX static library lib/libLLVMFrontendOpenMP.a
[1405/4598] Building CXX object tools/clang/lib/AST/CMakeFiles/obj.clangAST.dir/APValue.cpp.o
[1406/4598] Building CXX object tools/clang/lib/AST/CMakeFiles/obj.clangAST.dir/ASTDiagnostic.cpp.o
[1407/4598] Building CXX object tools/clang/lib/AST/CMakeFiles/obj.clangAST.dir/AttrDocTable.cpp.o
[1408/4598] Building CXX object tools/clang/lib/AST/CMakeFiles/obj.clangAST.dir/ASTTypeTraits.cpp.o
[1409/4598] Building CXX object tools/clang/lib/AST/CMakeFiles/obj.clangAST.dir/ASTStructuralEquivalence.cpp.o
[1410/4598] Building CXX object tools/clang/lib/AST/CMakeFiles/obj.clangAST.dir/CommentCommandTraits.cpp.o
[1411/4598] Building CXX object tools/clang/lib/AST/CMakeFiles/obj.clangAST.dir/CommentBriefParser.cpp.o
[1412/4598] Building CXX object tools/clang/lib/AST/CMakeFiles/obj.clangAST.dir/Comment.cpp.o
[1413/4598] Building CXX object tools/clang/lib/AST/CMakeFiles/obj.clangAST.dir/CommentLexer.cpp.o
[1414/4598] Building CXX object tools/clang/lib/AST/CMakeFiles/obj.clangAST.dir/ASTDumper.cpp.o
[1415/4598] Building CXX object tools/clang/lib/AST/CMakeFiles/obj.clangAST.dir/CommentParser.cpp.o
[1416/4598] Building CXX object tools/clang/lib/AST/CMakeFiles/obj.clangAST.dir/ComparisonCategories.cpp.o
[1417/4598] Building CXX object tools/clang/lib/AST/CMakeFiles/obj.clangAST.dir/ASTImporterLookupTable.cpp.o
[1418/4598] Building CXX object tools/clang/lib/AST/CMakeFiles/obj.clangAST.dir/ComputeDependence.cpp.o
[1419/4598] Building CXX object tools/clang/lib/AST/CMakeFiles/obj.clangAST.dir/CXXInheritance.cpp.o
[1420/4598] Building CXX object tools/clang/lib/AST/CMakeFiles/obj.clangAST.dir/DataCollection.cpp.o
[1421/4598] Building CXX object tools/clang/lib/AST/CMakeFiles/obj.clangAST.dir/CommentSema.cpp.o
[1422/4598] Building CXX object tools/clang/lib/AST/CMakeFiles/obj.clangAST.dir/DeclarationName.cpp.o
[1423/4598] Building CXX object tools/clang/lib/AST/CMakeFiles/obj.clangAST.dir/DeclFriend.cpp.o
[1424/4598] Building CXX object tools/clang/lib/AST/CMakeFiles/obj.clangAST.dir/DeclGroup.cpp.o
[1425/4598] Building CXX object tools/clang/lib/AST/CMakeFiles/obj.clangAST.dir/ASTImporter.cpp.o
[1426/4598] Building CXX object tools/clang/lib/AST/CMakeFiles/obj.clangAST.dir/DeclCXX.cpp.o
[1427/4598] Building CXX object tools/clang/lib/ASTMatchers/CMakeFiles/obj.clangASTMatchers.dir/ASTMatchFinder.cpp.o
[1428/4598] Building CXX object tools/clang/lib/AST/CMakeFiles/obj.clangAST.dir/Decl.cpp.o
[1429/4598] Building CXX object tools/clang/lib/AST/CMakeFiles/obj.clangAST.dir/ASTContext.cpp.o
[1430/4598] Building CXX object tools/clang/lib/AST/CMakeFiles/obj.clangAST.dir/DeclObjC.cpp.o
[1431/4598] Building CXX object tools/clang/lib/AST/CMakeFiles/obj.clangAST.dir/DeclOpenMP.cpp.o
[1432/4598] Building CXX object tools/clang/lib/AST/CMakeFiles/obj.clangAST.dir/DeclPrinter.cpp.o
[1433/4598] Building CXX object tools/clang/lib/AST/CMakeFiles/obj.clangAST.dir/DeclBase.cpp.o
[1434/4598] Building CXX object tools/clang/lib/AST/CMakeFiles/obj.clangAST.dir/DeclTemplate.cpp.o
[1435/4598] Building CXX object tools/clang/lib/AST/CMakeFiles/obj.clangAST.dir/ExprConcepts.cpp.o
[1436/4598] Building CXX object tools/clang/lib/AST/CMakeFiles/obj.clangAST.dir/AttrImpl.cpp.o
[1437/4598] Building CXX object tools/clang/lib/AST/CMakeFiles/obj.clangAST.dir/ExprClassification.cpp.o
[1438/4598] Building CXX object tools/clang/lib/AST/CMakeFiles/obj.clangAST.dir/ExprObjC.cpp.o
[1439/4598] Building CXX object tools/clang/lib/AST/CMakeFiles/obj.clangAST.dir/InheritViz.cpp.o
[1440/4598] Building CXX object tools/clang/lib/AST/CMakeFiles/obj.clangAST.dir/ExprCXX.cpp.o
[1441/4598] Building CXX object tools/clang/lib/AST/CMakeFiles/obj.clangAST.dir/ExternalASTMerger.cpp.o
[1442/4598] Building CXX object tools/clang/lib/AST/CMakeFiles/obj.clangAST.dir/ExternalASTSource.cpp.o
[1443/4598] Building CXX object tools/clang/lib/AST/CMakeFiles/obj.clangAST.dir/FormatString.cpp.o
[1444/4598] Building CXX object tools/clang/lib/AST/CMakeFiles/obj.clangAST.dir/Interp/ByteCodeGenError.cpp.o
[1445/4598] Building CXX object tools/clang/lib/AST/CMakeFiles/obj.clangAST.dir/Interp/ByteCodeEmitter.cpp.o
[1446/4598] Building CXX object tools/clang/lib/AST/CMakeFiles/obj.clangAST.dir/Expr.cpp.o
[1447/4598] Building CXX object tools/clang/lib/AST/CMakeFiles/obj.clangAST.dir/Interp/Frame.cpp.o
[1448/4598] Building CXX object tools/clang/lib/AST/CMakeFiles/obj.clangAST.dir/Interp/ByteCodeStmtGen.cpp.o
[1449/4598] Building CXX object tools/clang/lib/AST/CMakeFiles/obj.clangAST.dir/Interp/Disasm.cpp.o
[1450/4598] Building CXX object tools/clang/lib/AST/CMakeFiles/obj.clangAST.dir/Interp/Descriptor.cpp.o
[1451/4598] Building CXX object tools/clang/lib/AST/CMakeFiles/obj.clangAST.dir/Interp/ByteCodeExprGen.cpp.o
[1452/4598] Building CXX object tools/clang/lib/AST/CMakeFiles/obj.clangAST.dir/ParentMapContext.cpp.o
[1453/4598] Building CXX object tools/clang/lib/AST/CMakeFiles/obj.clangAST.dir/Interp/InterpStack.cpp.o
[1454/4598] Building CXX object tools/clang/lib/AST/CMakeFiles/obj.clangAST.dir/Interp/Function.cpp.o
[1455/4598] Building CXX object tools/clang/lib/AST/CMakeFiles/obj.clangAST.dir/Interp/InterpBlock.cpp.o
[1456/4598] Building CXX object tools/clang/lib/AST/CMakeFiles/obj.clangAST.dir/Interp/Context.cpp.o
[1457/4598] Building CXX object tools/clang/lib/AST/CMakeFiles/obj.clangAST.dir/Interp/InterpState.cpp.o
[1458/4598] Building CXX object tools/clang/lib/AST/CMakeFiles/obj.clangAST.dir/Interp/InterpFrame.cpp.o
[1459/4598] Building CXX object tools/clang/lib/AST/CMakeFiles/obj.clangAST.dir/Interp/PrimType.cpp.o
[1460/4598] Building CXX object tools/clang/lib/AST/CMakeFiles/obj.clangAST.dir/Interp/Pointer.cpp.o
[1461/4598] Building CXX object tools/clang/lib/AST/CMakeFiles/obj.clangAST.dir/Interp/Source.cpp.o
[1462/4598] Building CXX object tools/clang/lib/AST/CMakeFiles/obj.clangAST.dir/Interp/Record.cpp.o
[1463/4598] Building CXX object tools/clang/lib/AST/CMakeFiles/obj.clangAST.dir/Interp/State.cpp.o
[1464/4598] Building CXX object tools/clang/lib/AST/CMakeFiles/obj.clangAST.dir/Interp/Program.cpp.o
[1465/4598] Building CXX object tools/clang/lib/AST/CMakeFiles/obj.clangAST.dir/ItaniumCXXABI.cpp.o
[1466/4598] Building CXX object tools/clang/lib/AST/CMakeFiles/obj.clangAST.dir/Interp/Interp.cpp.o
[1467/4598] Building CXX object tools/clang/lib/AST/CMakeFiles/obj.clangAST.dir/NSAPI.cpp.o
[1468/4598] Building CXX object tools/clang/lib/AST/CMakeFiles/obj.clangAST.dir/Mangle.cpp.o
[1469/4598] Building CXX object tools/clang/lib/AST/CMakeFiles/obj.clangAST.dir/Interp/EvalEmitter.cpp.o
[1470/4598] Building CXX object tools/clang/lib/AST/CMakeFiles/obj.clangAST.dir/MicrosoftCXXABI.cpp.o
[1471/4598] Building CXX object tools/clang/lib/AST/CMakeFiles/obj.clangAST.dir/NestedNameSpecifier.cpp.o
[1472/4598] Building CXX object tools/clang/lib/AST/CMakeFiles/obj.clangAST.dir/ItaniumMangle.cpp.o
[1473/4598] Building CXX object tools/clang/lib/AST/CMakeFiles/obj.clangAST.dir/MicrosoftMangle.cpp.o
[1474/4598] Building CXX object tools/clang/lib/AST/CMakeFiles/obj.clangAST.dir/ODRDiagsEmitter.cpp.o
[1475/4598] Building CXX object tools/clang/lib/AST/CMakeFiles/obj.clangAST.dir/JSONNodeDumper.cpp.o
[1476/4598] Building CXX object tools/clang/lib/AST/CMakeFiles/obj.clangAST.dir/ExprConstant.cpp.o
[1477/4598] Building CXX object tools/clang/lib/AST/CMakeFiles/obj.clangAST.dir/ODRHash.cpp.o
[1478/4598] Building CXX object tools/clang/lib/AST/CMakeFiles/obj.clangAST.dir/PrintfFormatString.cpp.o
[1479/4598] Building CXX object tools/clang/lib/AST/CMakeFiles/obj.clangAST.dir/OSLog.cpp.o
[1480/4598] Building CXX object tools/clang/lib/AST/CMakeFiles/obj.clangAST.dir/ParentMap.cpp.o
[1481/4598] Building CXX object tools/clang/lib/AST/CMakeFiles/obj.clangAST.dir/OpenMPClause.cpp.o
[1482/4598] Building CXX object tools/clang/lib/AST/CMakeFiles/obj.clangAST.dir/RecordLayout.cpp.o
[1483/4598] Building CXX object tools/clang/lib/AST/CMakeFiles/obj.clangAST.dir/Randstruct.cpp.o
[1484/4598] Building CXX object tools/clang/lib/AST/CMakeFiles/obj.clangAST.dir/ScanfFormatString.cpp.o
[1485/4598] Building CXX object tools/clang/lib/AST/CMakeFiles/obj.clangAST.dir/QualTypeNames.cpp.o
[1486/4598] Building CXX object tools/clang/lib/AST/CMakeFiles/obj.clangAST.dir/RawCommentList.cpp.o
[1487/4598] Building CXX object tools/clang/lib/AST/CMakeFiles/obj.clangAST.dir/SelectorLocationsKind.cpp.o
[1488/4598] Building CXX object tools/clang/lib/AST/CMakeFiles/obj.clangAST.dir/StmtCXX.cpp.o
[1489/4598] Building CXX object tools/clang/lib/AST/CMakeFiles/obj.clangAST.dir/StmtIterator.cpp.o
[1490/4598] Building CXX object tools/clang/lib/AST/CMakeFiles/obj.clangAST.dir/StmtObjC.cpp.o
[1491/4598] Building CXX object tools/clang/lib/AST/CMakeFiles/obj.clangAST.dir/StmtViz.cpp.o
[1492/4598] Building CXX object tools/clang/lib/AST/CMakeFiles/obj.clangAST.dir/RecordLayoutBuilder.cpp.o
[1493/4598] Building CXX object tools/clang/lib/AST/CMakeFiles/obj.clangAST.dir/StmtOpenMP.cpp.o
[1494/4598] Building CXX object tools/clang/lib/AST/CMakeFiles/obj.clangAST.dir/TemplateName.cpp.o
[1495/4598] Building CXX object tools/clang/lib/AST/CMakeFiles/obj.clangAST.dir/Stmt.cpp.o
[1496/4598] Building CXX object tools/clang/lib/AST/CMakeFiles/obj.clangAST.dir/TemplateBase.cpp.o
[1497/4598] Building CXX object tools/clang/lib/AST/CMakeFiles/obj.clangAST.dir/StmtProfile.cpp.o
[1498/4598] Building CXX object tools/clang/lib/AST/CMakeFiles/obj.clangAST.dir/StmtPrinter.cpp.o
[1499/4598] Building OpenCLBuiltins.inc...
[1500/4598] Building CXX object tools/clang/lib/AST/CMakeFiles/obj.clangAST.dir/TypeLoc.cpp.o
[1501/4598] Building CXX object tools/clang/lib/AST/CMakeFiles/obj.clangAST.dir/VTTBuilder.cpp.o
[1502/4598] Building CXX object lib/Frontend/HLSL/CMakeFiles/LLVMFrontendHLSL.dir/HLSLResource.cpp.o
[1503/4598] Building CXX object tools/clang/lib/AST/CMakeFiles/obj.clangAST.dir/Type.cpp.o
[1504/4598] Building CXX object tools/clang/lib/AST/CMakeFiles/obj.clangAST.dir/TypePrinter.cpp.o
[1505/4598] Building CXX object tools/clang/lib/Analysis/CMakeFiles/obj.clangAnalysis.dir/BodyFarm.cpp.o
[1506/4598] Building CXX object tools/clang/lib/AST/CMakeFiles/obj.clangAST.dir/TextNodeDumper.cpp.o
[1507/4598] Building CXX object tools/clang/lib/Analysis/CMakeFiles/obj.clangAnalysis.dir/CFGReachabilityAnalysis.cpp.o
[1508/4598] Building CXX object tools/clang/lib/Analysis/CMakeFiles/obj.clangAnalysis.dir/AnalysisDeclContext.cpp.o
[1509/4598] Building CXX object tools/clang/lib/AST/CMakeFiles/obj.clangAST.dir/VTableBuilder.cpp.o
[1510/4598] Linking CXX static library lib/libclangAST.a
[1511/4598] Building CXX object tools/clang/lib/Analysis/CMakeFiles/obj.clangAnalysis.dir/CFGStmtMap.cpp.o
[1512/4598] Building CXX object tools/clang/lib/Analysis/CMakeFiles/obj.clangAnalysis.dir/CodeInjector.cpp.o
[1513/4598] Building CXX object tools/clang/lib/Analysis/CMakeFiles/obj.clangAnalysis.dir/CocoaConventions.cpp.o
[1514/4598] Building CXX object tools/clang/lib/Analysis/CMakeFiles/obj.clangAnalysis.dir/ConstructionContext.cpp.o
[1515/4598] Building CXX object tools/clang/lib/ASTMatchers/CMakeFiles/obj.clangASTMatchers.dir/GtestMatchers.cpp.o
[1516/4598] Building CXX object tools/clang/lib/Analysis/CMakeFiles/obj.clangAnalysis.dir/CFG.cpp.o
[1517/4598] Building CXX object tools/clang/lib/Analysis/CMakeFiles/obj.clangAnalysis.dir/CallGraph.cpp.o
[1518/4598] Building CXX object tools/clang/lib/Analysis/CMakeFiles/obj.clangAnalysis.dir/Dominators.cpp.o
[1519/4598] Building CXX object tools/clang/lib/Analysis/CMakeFiles/obj.clangAnalysis.dir/CloneDetection.cpp.o
[1520/4598] Building CXX object tools/clang/lib/Analysis/CMakeFiles/obj.clangAnalysis.dir/Consumed.cpp.o
[1521/4598] Building CXX object tools/clang/lib/Analysis/CMakeFiles/obj.clangAnalysis.dir/IssueHash.cpp.o
[1522/4598] Building CXX object tools/clang/lib/ASTMatchers/CMakeFiles/obj.clangASTMatchers.dir/ASTMatchersInternal.cpp.o
[1523/4598] Linking CXX static library lib/libclangASTMatchers.a
[1524/4598] Building CXX object tools/clang/lib/Analysis/CMakeFiles/obj.clangAnalysis.dir/MacroExpansionContext.cpp.o
[1525/4598] Building CXX object tools/clang/lib/Analysis/CMakeFiles/obj.clangAnalysis.dir/ObjCNoReturn.cpp.o
[1526/4598] Building CXX object tools/clang/lib/Analysis/CMakeFiles/obj.clangAnalysis.dir/CalledOnceCheck.cpp.o
[1527/4598] Building CXX object tools/clang/lib/Analysis/CMakeFiles/obj.clangAnalysis.dir/PostOrderCFGView.cpp.o
[1528/4598] Building CXX object tools/clang/lib/Analysis/CMakeFiles/obj.clangAnalysis.dir/LiveVariables.cpp.o
[1529/4598] Building CXX object tools/clang/lib/Analysis/CMakeFiles/obj.clangAnalysis.dir/ThreadSafetyLogical.cpp.o
[1530/4598] Building CXX object tools/clang/lib/Analysis/CMakeFiles/obj.clangAnalysis.dir/ProgramPoint.cpp.o
[1531/4598] Building CXX object tools/clang/lib/Analysis/CMakeFiles/obj.clangAnalysis.dir/ThreadSafetyTIL.cpp.o
[1532/4598] Building CXX object tools/clang/lib/Analysis/CMakeFiles/obj.clangAnalysis.dir/PathDiagnostic.cpp.o
[1533/4598] Building CXX object tools/clang/lib/Analysis/CMakeFiles/obj.clangAnalysis.dir/ReachableCode.cpp.o
[1534/4598] Building CXX object tools/clang/lib/Rewrite/CMakeFiles/obj.clangRewrite.dir/DeltaTree.cpp.o
[1535/4598] Building CXX object tools/clang/lib/Edit/CMakeFiles/obj.clangEdit.dir/Commit.cpp.o
[1536/4598] Building CXX object tools/clang/lib/Analysis/CMakeFiles/obj.clangAnalysis.dir/ThreadSafetyCommon.cpp.o
[1537/4598] Building CXX object tools/clang/lib/Rewrite/CMakeFiles/obj.clangRewrite.dir/RewriteRope.cpp.o
[1538/4598] Building CXX object tools/clang/lib/Edit/CMakeFiles/obj.clangEdit.dir/EditedSource.cpp.o
[1539/4598] Linking CXX static library lib/libLLVMFrontendHLSL.a
[1540/4598] Building CXX object tools/clang/lib/Rewrite/CMakeFiles/obj.clangRewrite.dir/TokenRewriter.cpp.o
[1541/4598] Building CXX object tools/clang/lib/Analysis/CMakeFiles/obj.clangAnalysis.dir/UninitializedValues.cpp.o
[1542/4598] Building CXX object tools/clang/lib/Edit/CMakeFiles/obj.clangEdit.dir/RewriteObjCFoundationAPI.cpp.o
[1543/4598] Building CXX object lib/WindowsDriver/CMakeFiles/LLVMWindowsDriver.dir/MSVCPaths.cpp.o
[1544/4598] Building CXX object tools/clang/lib/Rewrite/CMakeFiles/obj.clangRewrite.dir/Rewriter.cpp.o
[1545/4598] Building CXX object tools/clang/lib/Rewrite/CMakeFiles/obj.clangRewrite.dir/HTMLRewrite.cpp.o
[1546/4598] Building CXX object tools/clang/lib/Analysis/CMakeFiles/obj.clangAnalysis.dir/ThreadSafety.cpp.o
[1547/4598] Building CXX object tools/clang/lib/Analysis/CMakeFiles/obj.clangAnalysis.dir/ExprMutationAnalyzer.cpp.o
[1548/4598] Building CXX object tools/clang/lib/Analysis/CMakeFiles/obj.clangAnalysis.dir/RetainSummaryManager.cpp.o
[1549/4598] Building CXX object tools/clang/lib/Sema/CMakeFiles/obj.clangSema.dir/IdentifierResolver.cpp.o
[1550/4598] Building CXX object tools/clang/lib/Sema/CMakeFiles/obj.clangSema.dir/DelayedDiagnostic.cpp.o
[1551/4598] Building CXX object tools/clang/lib/Sema/CMakeFiles/obj.clangSema.dir/Scope.cpp.o
[1552/4598] Building CXX object tools/clang/lib/Sema/CMakeFiles/obj.clangSema.dir/HLSLExternalSemaSource.cpp.o
[1553/4598] Building CXX object tools/clang/lib/Sema/CMakeFiles/obj.clangSema.dir/DeclSpec.cpp.o
[1554/4598] Building CXX object tools/clang/lib/Sema/CMakeFiles/obj.clangSema.dir/CodeCompleteConsumer.cpp.o
[1555/4598] Building CXX object tools/clang/lib/Sema/CMakeFiles/obj.clangSema.dir/MultiplexExternalSemaSource.cpp.o
[1556/4598] Building CXX object tools/clang/lib/Sema/CMakeFiles/obj.clangSema.dir/JumpDiagnostics.cpp.o
[1557/4598] Building CXX object tools/clang/lib/Sema/CMakeFiles/obj.clangSema.dir/ScopeInfo.cpp.o
[1558/4598] Building CXX object tools/clang/lib/Analysis/CMakeFiles/obj.clangAnalysis.dir/UnsafeBufferUsage.cpp.o
[1559/4598] Building CXX object tools/clang/lib/Sema/CMakeFiles/obj.clangSema.dir/SemaAccess.cpp.o
[1560/4598] Building CXX object tools/clang/lib/Sema/CMakeFiles/obj.clangSema.dir/ParsedAttr.cpp.o
[1561/4598] Building CXX object tools/clang/lib/Sema/CMakeFiles/obj.clangSema.dir/SemaConsumer.cpp.o
[1562/4598] Building CXX object tools/clang/lib/Sema/CMakeFiles/obj.clangSema.dir/SemaCXXScopeSpec.cpp.o
[1563/4598] Building CXX object tools/clang/lib/Sema/CMakeFiles/obj.clangSema.dir/AnalysisBasedWarnings.cpp.o
[1564/4598] Building CXX object tools/clang/lib/Sema/CMakeFiles/obj.clangSema.dir/Sema.cpp.o
[1565/4598] Building CXX object tools/clang/lib/Sema/CMakeFiles/obj.clangSema.dir/SemaCast.cpp.o
[1566/4598] Building CXX object tools/clang/lib/Sema/CMakeFiles/obj.clangSema.dir/SemaAttr.cpp.o
[1567/4598] Building CXX object tools/clang/lib/Sema/CMakeFiles/obj.clangSema.dir/SemaCoroutine.cpp.o
[1568/4598] Building CXX object tools/clang/lib/Sema/CMakeFiles/obj.clangSema.dir/SemaAvailability.cpp.o
[1569/4598] Building CXX object tools/clang/lib/Sema/CMakeFiles/obj.clangSema.dir/SemaChecking.cpp.o
[1570/4598] Building CXX object tools/clang/lib/Sema/CMakeFiles/obj.clangSema.dir/SemaCUDA.cpp.o
[1571/4598] Building CXX object tools/clang/lib/Sema/CMakeFiles/obj.clangSema.dir/SemaExceptionSpec.cpp.o
[1572/4598] Building CXX object tools/clang/lib/Sema/CMakeFiles/obj.clangSema.dir/SemaCodeComplete.cpp.o
[1573/4598] Building CXX object tools/clang/lib/Sema/CMakeFiles/obj.clangSema.dir/SemaConcept.cpp.o
[1574/4598] Building CXX object tools/clang/lib/Sema/CMakeFiles/obj.clangSema.dir/SemaExprMember.cpp.o
[1575/4598] Building CXX object tools/clang/lib/Sema/CMakeFiles/obj.clangSema.dir/SemaDeclObjC.cpp.o
[1576/4598] Building CXX object tools/clang/lib/Sema/CMakeFiles/obj.clangSema.dir/SemaHLSL.cpp.o
[1577/4598] Building CXX object tools/clang/lib/Sema/CMakeFiles/obj.clangSema.dir/SemaDeclAttr.cpp.o
[1578/4598] Building CXX object tools/clang/lib/Sema/CMakeFiles/obj.clangSema.dir/SemaDecl.cpp.o
[1579/4598] Building CXX object tools/clang/lib/Sema/CMakeFiles/obj.clangSema.dir/SemaFixItUtils.cpp.o
[1580/4598] Building CXX object tools/clang/lib/Sema/CMakeFiles/obj.clangSema.dir/SemaDeclCXX.cpp.o
[1581/4598] Building CXX object tools/clang/lib/Sema/CMakeFiles/obj.clangSema.dir/SemaExprObjC.cpp.o
[1582/4598] Building CXX object tools/clang/lib/Sema/CMakeFiles/obj.clangSema.dir/SemaLambda.cpp.o
[1583/4598] Building CXX object tools/clang/lib/Sema/CMakeFiles/obj.clangSema.dir/SemaObjCProperty.cpp.o
[1584/4598] Building CXX object tools/clang/lib/Sema/CMakeFiles/obj.clangSema.dir/SemaInit.cpp.o
[1585/4598] Building CXX object tools/clang/lib/Sema/CMakeFiles/obj.clangSema.dir/SemaPseudoObject.cpp.o
[1586/4598] Building CXX object tools/clang/lib/Sema/CMakeFiles/obj.clangSema.dir/SemaModule.cpp.o
[1587/4598] Building CXX object tools/clang/lib/Sema/CMakeFiles/obj.clangSema.dir/SemaRISCVVectorLookup.cpp.o
[1588/4598] Building CXX object tools/clang/lib/Sema/CMakeFiles/obj.clangSema.dir/SemaLookup.cpp.o
[1589/4598] Building CXX object tools/clang/lib/Sema/CMakeFiles/obj.clangSema.dir/SemaExprCXX.cpp.o
[1590/4598] Building CXX object tools/clang/lib/Sema/CMakeFiles/obj.clangSema.dir/SemaStmtAsm.cpp.o
[1591/4598] Building CXX object tools/clang/lib/Sema/CMakeFiles/obj.clangSema.dir/SemaStmtAttr.cpp.o
[1592/4598] Building CXX object tools/clang/lib/Sema/CMakeFiles/obj.clangSema.dir/SemaSYCL.cpp.o
[1593/4598] Building CXX object tools/clang/lib/Sema/CMakeFiles/obj.clangSema.dir/SemaStmt.cpp.o
[1594/4598] Building CXX object tools/clang/lib/Sema/CMakeFiles/obj.clangSema.dir/SemaOverload.cpp.o
[1595/4598] Linking CXX static library lib/libclangAnalysis.a
[1596/4598] Linking CXX static library lib/libclangEdit.a
[1597/4598] Linking CXX static library lib/libclangRewrite.a
[1598/4598] Building CXX object tools/clang/lib/Sema/CMakeFiles/obj.clangSema.dir/TypeLocBuilder.cpp.o
[1599/4598] Building CXX object tools/clang/lib/Tooling/Core/CMakeFiles/obj.clangToolingCore.dir/Diagnostic.cpp.o
[1600/4598] Linking CXX static library lib/libLLVMWindowsDriver.a
[1601/4598] Building CXX object tools/clang/lib/Sema/CMakeFiles/obj.clangSema.dir/SemaTemplateInstantiate.cpp.o
[1602/4598] Building CXX object tools/clang/lib/Sema/CMakeFiles/obj.clangSema.dir/SemaTemplateVariadic.cpp.o
[1603/4598] Building CXX object tools/clang/lib/Tooling/Core/CMakeFiles/obj.clangToolingCore.dir/Replacement.cpp.o
[1604/4598] Building CXX object tools/clang/lib/Sema/CMakeFiles/obj.clangSema.dir/SemaType.cpp.o
[1605/4598] Building CXX object tools/clang/lib/Sema/CMakeFiles/obj.clangSema.dir/SemaTemplateDeduction.cpp.o
[1606/4598] Building CXX object tools/clang/lib/Sema/CMakeFiles/obj.clangSema.dir/SemaOpenMP.cpp.o
[1607/4598] Building CXX object tools/clang/lib/Sema/CMakeFiles/obj.clangSema.dir/SemaExpr.cpp.o
[1608/4598] Building CXX object tools/clang/lib/Parse/CMakeFiles/obj.clangParse.dir/ParseAST.cpp.o
[1609/4598] Building CXX object tools/clang/lib/Parse/CMakeFiles/obj.clangParse.dir/ParseCXXInlineMethods.cpp.o
[1610/4598] Building CXX object tools/clang/lib/Parse/CMakeFiles/obj.clangParse.dir/ParseHLSL.cpp.o
[1611/4598] Building CXX object tools/clang/lib/Sema/CMakeFiles/obj.clangSema.dir/SemaTemplateInstantiateDecl.cpp.o
[1612/4598] Building CXX object tools/clang/lib/Parse/CMakeFiles/obj.clangParse.dir/ParseExpr.cpp.o
[1613/4598] Building CXX object tools/clang/lib/Parse/CMakeFiles/obj.clangParse.dir/ParseDeclCXX.cpp.o
[1614/4598] Building CXX object tools/clang/lib/Parse/CMakeFiles/obj.clangParse.dir/ParseExprCXX.cpp.o
[1615/4598] Building CXX object tools/clang/lib/Parse/CMakeFiles/obj.clangParse.dir/ParseDecl.cpp.o
[1616/4598] Building CXX object tools/clang/lib/Parse/CMakeFiles/obj.clangParse.dir/ParseInit.cpp.o
[1617/4598] Building CXX object tools/clang/lib/Parse/CMakeFiles/obj.clangParse.dir/ParseObjc.cpp.o
[1618/4598] Building CXX object tools/clang/lib/Driver/CMakeFiles/obj.clangDriver.dir/Action.cpp.o
[1619/4598] Building CXX object tools/clang/lib/Sema/CMakeFiles/obj.clangSema.dir/SemaTemplate.cpp.o
[1620/4598] Linking CXX static library lib/libclangSema.a
[1621/4598] Building CXX object tools/clang/lib/Parse/CMakeFiles/obj.clangParse.dir/ParseStmt.cpp.o
[1622/4598] Building CXX object tools/clang/lib/Driver/CMakeFiles/obj.clangDriver.dir/Distro.cpp.o
[1623/4598] Building CXX object tools/clang/lib/Parse/CMakeFiles/obj.clangParse.dir/ParsePragma.cpp.o
[1624/4598] Building CXX object tools/clang/lib/Driver/CMakeFiles/obj.clangDriver.dir/DriverOptions.cpp.o
[1625/4598] Building CXX object tools/clang/lib/Driver/CMakeFiles/obj.clangDriver.dir/Compilation.cpp.o
[1626/4598] Building CXX object tools/clang/lib/Parse/CMakeFiles/obj.clangParse.dir/ParseTemplate.cpp.o
[1627/4598] Building CXX object tools/clang/lib/Driver/CMakeFiles/obj.clangDriver.dir/Phases.cpp.o
[1628/4598] Building CXX object tools/clang/lib/Parse/CMakeFiles/obj.clangParse.dir/ParseStmtAsm.cpp.o
[1629/4598] Building CXX object tools/clang/lib/Driver/CMakeFiles/obj.clangDriver.dir/OptionUtils.cpp.o
[1630/4598] Building CXX object tools/clang/lib/Driver/CMakeFiles/obj.clangDriver.dir/Multilib.cpp.o
[1631/4598] Building CXX object tools/clang/lib/Driver/CMakeFiles/obj.clangDriver.dir/Tool.cpp.o
[1632/4598] Building CXX object tools/clang/lib/Driver/CMakeFiles/obj.clangDriver.dir/Job.cpp.o
[1633/4598] Building CXX object tools/clang/lib/Parse/CMakeFiles/obj.clangParse.dir/ParseTentative.cpp.o
[1634/4598] Building CXX object tools/clang/lib/Parse/CMakeFiles/obj.clangParse.dir/ParseOpenMP.cpp.o
[1635/4598] Building CXX object tools/clang/lib/Driver/CMakeFiles/obj.clangDriver.dir/OffloadBundler.cpp.o
[1636/4598] Building CXX object tools/clang/lib/Driver/CMakeFiles/obj.clangDriver.dir/ToolChains/Arch/AArch64.cpp.o
[1637/4598] Building CXX object tools/clang/lib/Driver/CMakeFiles/obj.clangDriver.dir/SanitizerArgs.cpp.o
[1638/4598] Building CXX object tools/clang/lib/Driver/CMakeFiles/obj.clangDriver.dir/ToolChains/Arch/LoongArch.cpp.o
[1639/4598] Building CXX object tools/clang/lib/Driver/CMakeFiles/obj.clangDriver.dir/ToolChains/Arch/CSKY.cpp.o
[1640/4598] Building CXX object tools/clang/lib/Driver/CMakeFiles/obj.clangDriver.dir/ToolChains/Arch/ARM.cpp.o
[1641/4598] Building CXX object tools/clang/lib/Parse/CMakeFiles/obj.clangParse.dir/Parser.cpp.o
[1642/4598] Building CXX object tools/clang/lib/Driver/CMakeFiles/obj.clangDriver.dir/ToolChains/Arch/M68k.cpp.o
[1643/4598] Building CXX object tools/clang/lib/Driver/CMakeFiles/obj.clangDriver.dir/ToolChain.cpp.o
[1644/4598] Building CXX object tools/clang/lib/Driver/CMakeFiles/obj.clangDriver.dir/ToolChains/Arch/PPC.cpp.o
[1645/4598] Building CXX object tools/clang/lib/Driver/CMakeFiles/obj.clangDriver.dir/ToolChains/Arch/Mips.cpp.o
[1646/4598] Building CXX object tools/clang/lib/Driver/CMakeFiles/obj.clangDriver.dir/ToolChains/Arch/Sparc.cpp.o
[1647/4598] Building CXX object tools/clang/lib/Driver/CMakeFiles/obj.clangDriver.dir/ToolChains/Arch/SystemZ.cpp.o
[1648/4598] Building CXX object tools/clang/lib/Driver/CMakeFiles/obj.clangDriver.dir/ToolChains/Arch/RISCV.cpp.o
[1649/4598] Building CXX object tools/clang/lib/Driver/CMakeFiles/obj.clangDriver.dir/ToolChains/Arch/VE.cpp.o
[1650/4598] Building CXX object tools/clang/lib/Driver/CMakeFiles/obj.clangDriver.dir/ToolChains/Arch/X86.cpp.o
[1651/4598] Building CXX object tools/clang/lib/Driver/CMakeFiles/obj.clangDriver.dir/ToolChains/Ananas.cpp.o
[1652/4598] Building CXX object tools/clang/lib/Driver/CMakeFiles/obj.clangDriver.dir/ToolChains/AIX.cpp.o
[1653/4598] Building CXX object tools/clang/lib/Driver/CMakeFiles/obj.clangDriver.dir/ToolChains/AMDGPUOpenMP.cpp.o
[1654/4598] Building CXX object tools/clang/lib/Driver/CMakeFiles/obj.clangDriver.dir/ToolChains/CloudABI.cpp.o
[1655/4598] Building CXX object tools/clang/lib/Driver/CMakeFiles/obj.clangDriver.dir/ToolChains/AVR.cpp.o
[1656/4598] Building CXX object tools/clang/lib/Driver/CMakeFiles/obj.clangDriver.dir/ToolChains/Contiki.cpp.o
[1657/4598] Building CXX object tools/clang/lib/Driver/CMakeFiles/obj.clangDriver.dir/ToolChains/AMDGPU.cpp.o
[1658/4598] Building CXX object tools/clang/lib/Driver/CMakeFiles/obj.clangDriver.dir/Driver.cpp.o
[1659/4598] Building CXX object tools/clang/lib/Driver/CMakeFiles/obj.clangDriver.dir/ToolChains/CrossWindows.cpp.o
[1660/4598] Building CXX object tools/clang/lib/Driver/CMakeFiles/obj.clangDriver.dir/ToolChains/BareMetal.cpp.o
[1661/4598] Building CXX object tools/clang/lib/Driver/CMakeFiles/obj.clangDriver.dir/ToolChains/CSKYToolChain.cpp.o
[1662/4598] Building CXX object tools/clang/lib/Driver/CMakeFiles/obj.clangDriver.dir/ToolChains/DragonFly.cpp.o
[1663/4598] Building CXX object tools/clang/lib/Driver/CMakeFiles/obj.clangDriver.dir/ToolChains/Haiku.cpp.o
[1664/4598] Building CXX object tools/clang/lib/Driver/CMakeFiles/obj.clangDriver.dir/ToolChains/Cuda.cpp.o
[1665/4598] Building CXX object tools/clang/lib/Driver/CMakeFiles/obj.clangDriver.dir/ToolChains/FreeBSD.cpp.o
[1666/4598] Building CXX object tools/clang/lib/Driver/CMakeFiles/obj.clangDriver.dir/ToolChains/CommonArgs.cpp.o
[1667/4598] Building CXX object tools/clang/lib/Driver/CMakeFiles/obj.clangDriver.dir/ToolChains/Flang.cpp.o
[1668/4598] Building CXX object tools/clang/lib/Driver/CMakeFiles/obj.clangDriver.dir/ToolChains/Fuchsia.cpp.o
[1669/4598] Building CXX object tools/clang/lib/Driver/CMakeFiles/obj.clangDriver.dir/ToolChains/HIPUtility.cpp.o
[1670/4598] Building CXX object tools/clang/lib/Driver/CMakeFiles/obj.clangDriver.dir/ToolChains/HIPAMD.cpp.o
[1671/4598] Building CXX object tools/clang/lib/Driver/CMakeFiles/obj.clangDriver.dir/ToolChains/Darwin.cpp.o
[1672/4598] Building CXX object tools/clang/lib/Driver/CMakeFiles/obj.clangDriver.dir/ToolChains/HIPSPV.cpp.o
[1673/4598] Building CXX object tools/clang/lib/Driver/CMakeFiles/obj.clangDriver.dir/ToolChains/HLSL.cpp.o
[1674/4598] Building CXX object tools/clang/lib/Driver/CMakeFiles/obj.clangDriver.dir/ToolChains/Hurd.cpp.o
[1675/4598] Building CXX object tools/clang/lib/Driver/CMakeFiles/obj.clangDriver.dir/ToolChains/Hexagon.cpp.o
[1676/4598] Building CXX object tools/clang/lib/Driver/CMakeFiles/obj.clangDriver.dir/ToolChains/MipsLinux.cpp.o
[1677/4598] Building CXX object tools/clang/lib/Driver/CMakeFiles/obj.clangDriver.dir/ToolChains/Linux.cpp.o
[1678/4598] Building CXX object tools/clang/lib/Driver/CMakeFiles/obj.clangDriver.dir/ToolChains/Minix.cpp.o
[1679/4598] Building CXX object tools/clang/lib/Driver/CMakeFiles/obj.clangDriver.dir/ToolChains/Gnu.cpp.o
[1680/4598] Building CXX object tools/clang/lib/Driver/CMakeFiles/obj.clangDriver.dir/ToolChains/Myriad.cpp.o
[1681/4598] Building CXX object tools/clang/lib/Driver/CMakeFiles/obj.clangDriver.dir/ToolChains/Clang.cpp.o
[1682/4598] Building CXX object tools/clang/lib/Driver/CMakeFiles/obj.clangDriver.dir/ToolChains/MSP430.cpp.o
[1683/4598] Building CXX object tools/clang/lib/Driver/CMakeFiles/obj.clangDriver.dir/ToolChains/MinGW.cpp.o
[1684/4598] Building CXX object tools/clang/lib/Driver/CMakeFiles/obj.clangDriver.dir/ToolChains/MSVC.cpp.o
[1685/4598] Building CXX object tools/clang/lib/Driver/CMakeFiles/obj.clangDriver.dir/ToolChains/NaCl.cpp.o
[1686/4598] Building CXX object tools/clang/lib/Driver/CMakeFiles/obj.clangDriver.dir/ToolChains/NetBSD.cpp.o
[1687/4598] Building CXX object tools/clang/lib/Driver/CMakeFiles/obj.clangDriver.dir/ToolChains/TCE.cpp.o
[1688/4598] Building CXX object tools/clang/lib/Driver/CMakeFiles/obj.clangDriver.dir/ToolChains/OpenBSD.cpp.o
[1689/4598] Building CXX object tools/clang/lib/Driver/CMakeFiles/obj.clangDriver.dir/ToolChains/RISCVToolchain.cpp.o
[1690/4598] Building CXX object tools/clang/lib/Driver/CMakeFiles/obj.clangDriver.dir/ToolChains/PS4CPU.cpp.o
[1691/4598] Building CXX object tools/clang/lib/Driver/CMakeFiles/obj.clangDriver.dir/ToolChains/SPIRV.cpp.o
[1692/4598] Building CXX object tools/clang/lib/Driver/CMakeFiles/obj.clangDriver.dir/ToolChains/VEToolchain.cpp.o
[1693/4598] Building CXX object tools/clang/lib/Driver/CMakeFiles/obj.clangDriver.dir/ToolChains/Solaris.cpp.o
[1694/4598] Building CXX object tools/clang/lib/Driver/CMakeFiles/obj.clangDriver.dir/ToolChains/PPCLinux.cpp.o
[1695/4598] Building CXX object tools/clang/lib/Driver/CMakeFiles/obj.clangDriver.dir/ToolChains/XCore.cpp.o
[1696/4598] Building CXX object tools/clang/lib/Driver/CMakeFiles/obj.clangDriver.dir/ToolChains/PPCFreeBSD.cpp.o
[1697/4598] Building CXX object tools/clang/lib/Driver/CMakeFiles/obj.clangDriver.dir/Types.cpp.o
[1698/4598] Building CXX object tools/clang/lib/Driver/CMakeFiles/obj.clangDriver.dir/ToolChains/ZOS.cpp.o
[1699/4598] Building CXX object tools/clang/lib/Driver/CMakeFiles/obj.clangDriver.dir/ToolChains/InterfaceStubs.cpp.o
[1700/4598] Building CXX object tools/clang/lib/Driver/CMakeFiles/obj.clangDriver.dir/ToolChains/WebAssembly.cpp.o
[1701/4598] Building CXX object tools/clang/lib/Serialization/CMakeFiles/obj.clangSerialization.dir/ASTCommon.cpp.o
[1702/4598] Building CXX object tools/clang/lib/Driver/CMakeFiles/obj.clangDriver.dir/XRayArgs.cpp.o
[1703/4598] Building CXX object tools/clang/lib/Serialization/CMakeFiles/obj.clangSerialization.dir/InMemoryModuleCache.cpp.o
[1704/4598] Building CXX object tools/clang/lib/Serialization/CMakeFiles/obj.clangSerialization.dir/ModuleFileExtension.cpp.o
[1705/4598] Building CXX object tools/clang/lib/Serialization/CMakeFiles/obj.clangSerialization.dir/ModuleFile.cpp.o
[1706/4598] Building CXX object tools/clang/lib/Serialization/CMakeFiles/obj.clangSerialization.dir/GlobalModuleIndex.cpp.o
[1707/4598] Linking CXX static library lib/libclangToolingCore.a
[1708/4598] Building CXX object tools/clang/lib/Serialization/CMakeFiles/obj.clangSerialization.dir/PCHContainerOperations.cpp.o
[1709/4598] Building CXX object tools/clang/lib/Serialization/CMakeFiles/obj.clangSerialization.dir/GeneratePCH.cpp.o
[1710/4598] Building CXX object tools/clang/lib/Tooling/Inclusions/CMakeFiles/obj.clangToolingInclusions.dir/HeaderAnalysis.cpp.o
[1711/4598] Building CXX object tools/clang/lib/Serialization/CMakeFiles/obj.clangSerialization.dir/ASTWriterStmt.cpp.o
[1712/4598] Building CXX object tools/clang/lib/Serialization/CMakeFiles/obj.clangSerialization.dir/ASTReaderStmt.cpp.o
[1713/4598] Building CXX object tools/clang/lib/Serialization/CMakeFiles/obj.clangSerialization.dir/ModuleManager.cpp.o
[1714/4598] Building CXX object tools/clang/lib/Tooling/Inclusions/CMakeFiles/obj.clangToolingInclusions.dir/IncludeStyle.cpp.o
[1715/4598] Building CXX object tools/clang/lib/Serialization/CMakeFiles/obj.clangSerialization.dir/ASTWriterDecl.cpp.o
[1716/4598] Building CXX object lib/Bitcode/Writer/CMakeFiles/LLVMBitWriter.dir/BitWriter.cpp.o
[1717/4598] Building CXX object tools/clang/lib/Tooling/Inclusions/CMakeFiles/obj.clangToolingInclusions.dir/HeaderIncludes.cpp.o
[1718/4598] Building CXX object lib/Bitcode/Writer/CMakeFiles/LLVMBitWriter.dir/BitcodeWriterPass.cpp.o
[1719/4598] Building CXX object lib/Bitcode/Writer/CMakeFiles/LLVMBitWriter.dir/ValueEnumerator.cpp.o
[1720/4598] Building CXX object lib/Transforms/Instrumentation/CMakeFiles/LLVMInstrumentation.dir/CGProfile.cpp.o
[1721/4598] Building CXX object lib/Transforms/Instrumentation/CMakeFiles/LLVMInstrumentation.dir/BoundsChecking.cpp.o
[1722/4598] Building CXX object lib/Transforms/Instrumentation/CMakeFiles/LLVMInstrumentation.dir/AddressSanitizer.cpp.o
[1723/4598] Building CXX object lib/Bitcode/Writer/CMakeFiles/LLVMBitWriter.dir/BitcodeWriter.cpp.o
[1724/4598] Building CXX object lib/Transforms/Instrumentation/CMakeFiles/LLVMInstrumentation.dir/MemProfiler.cpp.o
[1725/4598] Building CXX object lib/Transforms/Instrumentation/CMakeFiles/LLVMInstrumentation.dir/DataFlowSanitizer.cpp.o
[1726/4598] Building CXX object lib/Transforms/Instrumentation/CMakeFiles/LLVMInstrumentation.dir/GCOVProfiling.cpp.o
[1727/4598] Building CXX object tools/clang/lib/Serialization/CMakeFiles/obj.clangSerialization.dir/ASTWriter.cpp.o
[1728/4598] Building CXX object lib/Transforms/Instrumentation/CMakeFiles/LLVMInstrumentation.dir/ControlHeightReduction.cpp.o
[1729/4598] Building CXX object lib/Transforms/Instrumentation/CMakeFiles/LLVMInstrumentation.dir/Instrumentation.cpp.o
[1730/4598] Building CXX object tools/clang/lib/Serialization/CMakeFiles/obj.clangSerialization.dir/ASTReaderDecl.cpp.o
[1731/4598] Building CXX object lib/Transforms/Instrumentation/CMakeFiles/LLVMInstrumentation.dir/IndirectCallPromotion.cpp.o
[1732/4598] Building CXX object lib/Transforms/Instrumentation/CMakeFiles/LLVMInstrumentation.dir/InstrOrderFile.cpp.o
[1733/4598] Building CXX object lib/Transforms/Instrumentation/CMakeFiles/LLVMInstrumentation.dir/KCFI.cpp.o
[1734/4598] Building CXX object lib/Transforms/Instrumentation/CMakeFiles/LLVMInstrumentation.dir/PoisonChecking.cpp.o
[1735/4598] Building CXX object lib/Transforms/Instrumentation/CMakeFiles/LLVMInstrumentation.dir/MemorySanitizer.cpp.o
[1736/4598] Building CXX object lib/Transforms/Instrumentation/CMakeFiles/LLVMInstrumentation.dir/PGOMemOPSizeOpt.cpp.o
[1737/4598] Building CXX object lib/Transforms/Instrumentation/CMakeFiles/LLVMInstrumentation.dir/ValueProfileCollector.cpp.o
[1738/4598] Building CXX object lib/Transforms/Instrumentation/CMakeFiles/LLVMInstrumentation.dir/SanitizerBinaryMetadata.cpp.o
[1739/4598] Building CXX object lib/Transforms/Instrumentation/CMakeFiles/LLVMInstrumentation.dir/InstrProfiling.cpp.o
[1740/4598] Building CXX object lib/Transforms/Instrumentation/CMakeFiles/LLVMInstrumentation.dir/SanitizerCoverage.cpp.o
[1741/4598] Building CXX object lib/Transforms/Vectorize/CMakeFiles/LLVMVectorize.dir/Vectorize.cpp.o
[1742/4598] Building CXX object tools/clang/lib/Serialization/CMakeFiles/obj.clangSerialization.dir/ASTReader.cpp.o
[1743/4598] Building CXX object lib/Transforms/Instrumentation/CMakeFiles/LLVMInstrumentation.dir/ThreadSanitizer.cpp.o
[1744/4598] Building CXX object lib/Transforms/Vectorize/CMakeFiles/LLVMVectorize.dir/LoadStoreVectorizer.cpp.o
[1745/4598] Building CXX object lib/Transforms/Instrumentation/CMakeFiles/LLVMInstrumentation.dir/HWAddressSanitizer.cpp.o
[1746/4598] Building CXX object lib/Transforms/Instrumentation/CMakeFiles/LLVMInstrumentation.dir/PGOInstrumentation.cpp.o
[1747/4598] Building CXX object lib/Transforms/Vectorize/CMakeFiles/LLVMVectorize.dir/LoopVectorizationLegality.cpp.o
[1748/4598] Building CXX object lib/Transforms/Vectorize/CMakeFiles/LLVMVectorize.dir/VectorCombine.cpp.o
[1749/4598] Building CXX object lib/Transforms/Vectorize/CMakeFiles/LLVMVectorize.dir/VPlanHCFGBuilder.cpp.o
[1750/4598] Building CXX object lib/Transforms/Vectorize/CMakeFiles/LLVMVectorize.dir/VPlanSLP.cpp.o
[1751/4598] Building CXX object lib/Transforms/Vectorize/CMakeFiles/LLVMVectorize.dir/VPlanRecipes.cpp.o
[1752/4598] Building CXX object lib/Transforms/ObjCARC/CMakeFiles/LLVMObjCARCOpts.dir/ObjCARC.cpp.o
[1753/4598] Building CXX object lib/Transforms/ObjCARC/CMakeFiles/LLVMObjCARCOpts.dir/ObjCARCAPElim.cpp.o
[1754/4598] Building CXX object lib/Transforms/ObjCARC/CMakeFiles/LLVMObjCARCOpts.dir/ObjCARCExpand.cpp.o
[1755/4598] Building CXX object lib/Transforms/Vectorize/CMakeFiles/LLVMVectorize.dir/VPlan.cpp.o
[1756/4598] Building CXX object lib/Transforms/ObjCARC/CMakeFiles/LLVMObjCARCOpts.dir/ObjCARCContract.cpp.o
[1757/4598] Building CXX object lib/Transforms/ObjCARC/CMakeFiles/LLVMObjCARCOpts.dir/DependencyAnalysis.cpp.o
[1758/4598] Building CXX object lib/Transforms/Vectorize/CMakeFiles/LLVMVectorize.dir/VPlanVerifier.cpp.o
[1759/4598] Building CXX object lib/Transforms/ObjCARC/CMakeFiles/LLVMObjCARCOpts.dir/ProvenanceAnalysisEvaluator.cpp.o
[1760/4598] Building CXX object lib/Transforms/Vectorize/CMakeFiles/LLVMVectorize.dir/VPlanTransforms.cpp.o
[1761/4598] Building CXX object lib/Transforms/ObjCARC/CMakeFiles/LLVMObjCARCOpts.dir/ProvenanceAnalysis.cpp.o
[1762/4598] Building CXX object lib/Target/CMakeFiles/LLVMTarget.dir/TargetIntrinsicInfo.cpp.o
[1763/4598] Building CXX object lib/Transforms/ObjCARC/CMakeFiles/LLVMObjCARCOpts.dir/PtrState.cpp.o
[1764/4598] Building CXX object lib/Target/CMakeFiles/LLVMTarget.dir/Target.cpp.o
[1765/4598] Building CXX object lib/Transforms/ObjCARC/CMakeFiles/LLVMObjCARCOpts.dir/ObjCARCOpts.cpp.o
[1766/4598] Building CXX object lib/Linker/CMakeFiles/LLVMLinker.dir/LinkModules.cpp.o
[1767/4598] Building CXX object lib/Target/CMakeFiles/LLVMTarget.dir/TargetLoweringObjectFile.cpp.o
[1768/4598] Building CXX object lib/Target/CMakeFiles/LLVMTarget.dir/TargetMachineC.cpp.o
[1769/4598] Building CXX object lib/Target/CMakeFiles/LLVMTarget.dir/TargetMachine.cpp.o
[1770/4598] Building CXX object lib/Linker/CMakeFiles/LLVMLinker.dir/IRMover.cpp.o
[1771/4598] Building AMDGPUGenDisassemblerTables.inc...
[1772/4598] Building CXX object lib/Transforms/Vectorize/CMakeFiles/LLVMVectorize.dir/LoopVectorize.cpp.o
[1773/4598] Building AMDGPUGenCallingConv.inc...
[1774/4598] Building AMDGPUGenMCCodeEmitter.inc...
[1775/4598] Building AMDGPUGenAsmWriter.inc...
[1776/4598] Building AMDGPUGenAsmMatcher.inc...
[1777/4598] Building AMDGPUGenDAGISel.inc...
[1778/4598] Building AMDGPUGenPostLegalizeGICombiner.inc...
[1779/4598] Building AMDGPUGenPreLegalizeGICombiner.inc...
[1780/4598] Building AMDGPUGenMCPseudoLowering.inc...
[1781/4598] Building R600GenCallingConv.inc...
[1782/4598] Building R600GenAsmWriter.inc...
[1783/4598] Building R600GenDFAPacketizer.inc...
[1784/4598] Building R600GenDAGISel.inc...
[1785/4598] Building R600GenMCCodeEmitter.inc...
[1786/4598] Building R600GenInstrInfo.inc...
[1787/4598] Building R600GenRegisterInfo.inc...
[1788/4598] Building R600GenSubtargetInfo.inc...
[1789/4598] Building AMDGPUGenRegBankGICombiner.inc...
[1790/4598] Building HexagonGenAsmMatcher.inc...
[1791/4598] Building HexagonGenAsmWriter.inc...
[1792/4598] Building HexagonGenCallingConv.inc...
[1793/4598] Building HexagonGenDFAPacketizer.inc...
[1794/4598] Building HexagonGenDisassemblerTables.inc...
[1795/4598] Building AMDGPUGenGlobalISel.inc...
[1796/4598] Building CXX object lib/Transforms/Vectorize/CMakeFiles/LLVMVectorize.dir/SLPVectorizer.cpp.o
[1797/4598] Building AMDGPUGenInstrInfo.inc...
[1798/4598] Building HexagonGenDAGISel.inc...
[1799/4598] Building LanaiGenAsmMatcher.inc...
[1800/4598] Building HexagonGenRegisterInfo.inc...
[1801/4598] Building HexagonGenMCCodeEmitter.inc...
[1802/4598] Building AMDGPUGenSearchableTables.inc...
[1803/4598] Building LanaiGenAsmWriter.inc...
[1804/4598] Building LanaiGenCallingConv.inc...
[1805/4598] Building LanaiGenDisassemblerTables.inc...
[1806/4598] Building HexagonGenSubtargetInfo.inc...
[1807/4598] Building LanaiGenDAGISel.inc...
[1808/4598] Linking CXX static library lib/libclangParse.a
[1809/4598] Building LanaiGenMCCodeEmitter.inc...
[1810/4598] Building HexagonGenInstrInfo.inc...
[1811/4598] Building LanaiGenInstrInfo.inc...
[1812/4598] Building LanaiGenRegisterInfo.inc...
[1813/4598] Building LanaiGenSubtargetInfo.inc...
[1814/4598] Linking CXX static library lib/libclangSerialization.a
[1815/4598] Linking CXX static library lib/libclangDriver.a
[1816/4598] Building AMDGPUGenSubtargetInfo.inc...
[1817/4598] Building CXX object tools/clang/lib/Frontend/CMakeFiles/obj.clangFrontend.dir/ChainedDiagnosticConsumer.cpp.o
[1818/4598] Building CXX object tools/clang/lib/Frontend/CMakeFiles/obj.clangFrontend.dir/ASTMerge.cpp.o
[1819/4598] Building AMDGPUGenRegisterBank.inc...
[1820/4598] Building AMDGPUGenRegisterInfo.inc...
[1821/4598] Building CXX object tools/clang/lib/Frontend/CMakeFiles/obj.clangFrontend.dir/CreateInvocationFromCommandLine.cpp.o
[1822/4598] Building CXX object tools/clang/lib/Frontend/CMakeFiles/obj.clangFrontend.dir/ChainedIncludesSource.cpp.o
[1823/4598] Building CXX object tools/clang/lib/Frontend/CMakeFiles/obj.clangFrontend.dir/DiagnosticRenderer.cpp.o
[1824/4598] Building CXX object tools/clang/lib/Frontend/CMakeFiles/obj.clangFrontend.dir/DependencyGraph.cpp.o
[1825/4598] Building CXX object tools/clang/lib/Frontend/CMakeFiles/obj.clangFrontend.dir/FrontendOptions.cpp.o
[1826/4598] Building CXX object tools/clang/lib/Frontend/CMakeFiles/obj.clangFrontend.dir/CompilerInstance.cpp.o
[1827/4598] Building CXX object tools/clang/lib/Frontend/CMakeFiles/obj.clangFrontend.dir/DependencyFile.cpp.o
[1828/4598] Building CXX object tools/clang/lib/Frontend/CMakeFiles/obj.clangFrontend.dir/ASTConsumers.cpp.o
[1829/4598] Building CXX object tools/clang/lib/Frontend/CMakeFiles/obj.clangFrontend.dir/LayoutOverrideSource.cpp.o
[1830/4598] Building CXX object tools/clang/lib/Frontend/CMakeFiles/obj.clangFrontend.dir/ASTUnit.cpp.o
[1831/4598] Building CXX object tools/clang/lib/Frontend/CMakeFiles/obj.clangFrontend.dir/HeaderIncludeGen.cpp.o
[1832/4598] Building CXX object tools/clang/lib/Frontend/CMakeFiles/obj.clangFrontend.dir/LogDiagnosticPrinter.cpp.o
[1833/4598] Building CXX object tools/clang/lib/Frontend/CMakeFiles/obj.clangFrontend.dir/MultiplexConsumer.cpp.o
[1834/4598] Building CXX object tools/clang/lib/Frontend/CMakeFiles/obj.clangFrontend.dir/PrintPreprocessedOutput.cpp.o
[1835/4598] Building CXX object tools/clang/lib/Frontend/CMakeFiles/obj.clangFrontend.dir/SARIFDiagnosticPrinter.cpp.o
[1836/4598] Building CXX object tools/clang/lib/Frontend/CMakeFiles/obj.clangFrontend.dir/InitPreprocessor.cpp.o
[1837/4598] Building CXX object tools/clang/lib/Frontend/CMakeFiles/obj.clangFrontend.dir/SARIFDiagnostic.cpp.o
[1838/4598] Building CXX object tools/clang/lib/Frontend/CMakeFiles/obj.clangFrontend.dir/SerializedDiagnosticReader.cpp.o
[1839/4598] Building CXX object tools/clang/lib/Frontend/CMakeFiles/obj.clangFrontend.dir/TextDiagnosticBuffer.cpp.o
[1840/4598] Building CXX object tools/clang/lib/Frontend/CMakeFiles/obj.clangFrontend.dir/FrontendAction.cpp.o
[1841/4598] Building CXX object tools/clang/lib/Frontend/CMakeFiles/obj.clangFrontend.dir/FrontendActions.cpp.o
[1842/4598] Linking CXX static library lib/libclangToolingInclusions.a
[1843/4598] Building CXX object tools/clang/lib/Frontend/CMakeFiles/obj.clangFrontend.dir/SerializedDiagnosticPrinter.cpp.o
[1844/4598] Building CXX object tools/clang/lib/Frontend/CMakeFiles/obj.clangFrontend.dir/ModuleDependencyCollector.cpp.o
[1845/4598] Building CXX object tools/clang/lib/Frontend/CMakeFiles/obj.clangFrontend.dir/TextDiagnosticPrinter.cpp.o
[1846/4598] Building CXX object tools/clang/lib/Frontend/CMakeFiles/obj.clangFrontend.dir/TextDiagnostic.cpp.o
[1847/4598] Building CXX object tools/clang/lib/Format/CMakeFiles/obj.clangFormat.dir/AffectedRangeManager.cpp.o
[1848/4598] Building CXX object tools/clang/lib/Frontend/CMakeFiles/obj.clangFrontend.dir/PrecompiledPreamble.cpp.o
[1849/4598] Building CXX object tools/clang/lib/Format/CMakeFiles/obj.clangFormat.dir/BreakableToken.cpp.o
[1850/4598] Building CXX object tools/clang/lib/Frontend/CMakeFiles/obj.clangFrontend.dir/VerifyDiagnosticConsumer.cpp.o
[1851/4598] Building CXX object tools/clang/lib/Format/CMakeFiles/obj.clangFormat.dir/FormatToken.cpp.o
[1852/4598] Building CXX object tools/clang/lib/Format/CMakeFiles/obj.clangFormat.dir/DefinitionBlockSeparator.cpp.o
[1853/4598] Building CXX object tools/clang/lib/Frontend/CMakeFiles/obj.clangFrontend.dir/TestModuleFileExtension.cpp.o
[1854/4598] Building CXX object tools/clang/lib/Format/CMakeFiles/obj.clangFormat.dir/ContinuationIndenter.cpp.o
[1855/4598] Building CXX object tools/clang/lib/Format/CMakeFiles/obj.clangFormat.dir/FormatTokenLexer.cpp.o
[1856/4598] Building CXX object tools/clang/lib/Format/CMakeFiles/obj.clangFormat.dir/IntegerLiteralSeparatorFixer.cpp.o
[1857/4598] Building CXX object tools/clang/lib/Format/CMakeFiles/obj.clangFormat.dir/MacroExpander.cpp.o
[1858/4598] Building CXX object tools/clang/lib/Format/CMakeFiles/obj.clangFormat.dir/MacroCallReconstructor.cpp.o
[1859/4598] Building CXX object tools/clang/lib/Format/CMakeFiles/obj.clangFormat.dir/NamespaceEndCommentsFixer.cpp.o
[1860/4598] Building CXX object tools/clang/lib/Format/CMakeFiles/obj.clangFormat.dir/QualifierAlignmentFixer.cpp.o
[1861/4598] Building CXX object tools/clang/lib/Format/CMakeFiles/obj.clangFormat.dir/Format.cpp.o
[1862/4598] Building CXX object tools/clang/lib/Format/CMakeFiles/obj.clangFormat.dir/SortJavaScriptImports.cpp.o
[1863/4598] Building CXX object tools/clang/lib/Frontend/CMakeFiles/obj.clangFrontend.dir/CompilerInvocation.cpp.o
[1864/4598] Building CXX object tools/clang/lib/Format/CMakeFiles/obj.clangFormat.dir/TokenAnalyzer.cpp.o
[1865/4598] Building CXX object tools/clang/lib/Format/CMakeFiles/obj.clangFormat.dir/UsingDeclarationsSorter.cpp.o
[1866/4598] Building CXX object tools/clang/lib/Format/CMakeFiles/obj.clangFormat.dir/TokenAnnotator.cpp.o
[1867/4598] Building CXX object tools/clang/lib/Format/CMakeFiles/obj.clangFormat.dir/UnwrappedLineParser.cpp.o
[1868/4598] Building CXX object tools/clang/lib/Format/CMakeFiles/obj.clangFormat.dir/UnwrappedLineFormatter.cpp.o
[1869/4598] Building CXX object lib/CodeGen/CMakeFiles/LLVMCodeGen.dir/AllocationOrder.cpp.o
[1870/4598] Building CXX object tools/clang/lib/Format/CMakeFiles/obj.clangFormat.dir/WhitespaceManager.cpp.o
[1871/4598] Building CXX object tools/clang/lib/Frontend/CMakeFiles/obj.clangFrontend.dir/InterfaceStubFunctionsConsumer.cpp.o
[1872/4598] Building CXX object lib/CodeGen/CMakeFiles/LLVMCodeGen.dir/BranchRelaxation.cpp.o
[1873/4598] Building CXX object lib/CodeGen/CMakeFiles/LLVMCodeGen.dir/AggressiveAntiDepBreaker.cpp.o
[1874/4598] Building CXX object lib/CodeGen/CMakeFiles/LLVMCodeGen.dir/BasicBlockSectionsProfileReader.cpp.o
[1875/4598] Building CXX object lib/CodeGen/CMakeFiles/LLVMCodeGen.dir/BreakFalseDeps.cpp.o
[1876/4598] Building CXX object lib/CodeGen/CMakeFiles/LLVMCodeGen.dir/Analysis.cpp.o
[1877/4598] Building CXX object lib/CodeGen/CMakeFiles/LLVMCodeGen.dir/BasicTargetTransformInfo.cpp.o
[1878/4598] Building CXX object lib/CodeGen/CMakeFiles/LLVMCodeGen.dir/AtomicExpandPass.cpp.o
[1879/4598] Building CXX object lib/CodeGen/CMakeFiles/LLVMCodeGen.dir/BasicBlockSections.cpp.o
[1880/4598] Building CXX object lib/CodeGen/CMakeFiles/LLVMCodeGen.dir/CodeGen.cpp.o
[1881/4598] Building CXX object lib/CodeGen/CMakeFiles/LLVMCodeGen.dir/BranchFolding.cpp.o
[1882/4598] Building CXX object lib/CodeGen/CMakeFiles/LLVMCodeGen.dir/CallingConvLower.cpp.o
[1883/4598] Building CXX object lib/CodeGen/CMakeFiles/LLVMCodeGen.dir/CFGuardLongjmp.cpp.o
[1884/4598] Building CXX object lib/CodeGen/CMakeFiles/LLVMCodeGen.dir/CalcSpillWeights.cpp.o
[1885/4598] Building CXX object lib/CodeGen/CMakeFiles/LLVMCodeGen.dir/CFIFixup.cpp.o
[1886/4598] Building CXX object lib/CodeGen/CMakeFiles/LLVMCodeGen.dir/CFIInstrInserter.cpp.o
[1887/4598] Building CXX object lib/CodeGen/CMakeFiles/LLVMCodeGen.dir/AssignmentTrackingAnalysis.cpp.o
[1888/4598] Building CXX object lib/CodeGen/CMakeFiles/LLVMCodeGen.dir/CodeGenCommonISel.cpp.o
[1889/4598] Building CXX object lib/CodeGen/CMakeFiles/LLVMCodeGen.dir/CodeGenPassBuilder.cpp.o
[1890/4598] Building CXX object lib/CodeGen/CMakeFiles/LLVMCodeGen.dir/DetectDeadLanes.cpp.o
[1891/4598] Building CXX object lib/CodeGen/CMakeFiles/LLVMCodeGen.dir/DeadMachineInstructionElim.cpp.o
[1892/4598] Building CXX object lib/CodeGen/CMakeFiles/LLVMCodeGen.dir/CommandFlags.cpp.o
[1893/4598] Building CXX object lib/CodeGen/CMakeFiles/LLVMCodeGen.dir/EdgeBundles.cpp.o
[1894/4598] Building CXX object lib/CodeGen/CMakeFiles/LLVMCodeGen.dir/CriticalAntiDepBreaker.cpp.o
[1895/4598] Building CXX object lib/CodeGen/CMakeFiles/LLVMCodeGen.dir/EHContGuardCatchret.cpp.o
[1896/4598] Building CXX object lib/CodeGen/CMakeFiles/LLVMCodeGen.dir/ComplexDeinterleavingPass.cpp.o
[1897/4598] Building CXX object lib/CodeGen/CMakeFiles/LLVMCodeGen.dir/ExecutionDomainFix.cpp.o
[1898/4598] Building CXX object lib/CodeGen/CMakeFiles/LLVMCodeGen.dir/DwarfEHPrepare.cpp.o
[1899/4598] Building CXX object lib/CodeGen/CMakeFiles/LLVMCodeGen.dir/DFAPacketizer.cpp.o
[1900/4598] Building CXX object lib/CodeGen/CMakeFiles/LLVMCodeGen.dir/EarlyIfConversion.cpp.o
[1901/4598] Building CXX object lib/CodeGen/CMakeFiles/LLVMCodeGen.dir/ExpandPostRAPseudos.cpp.o
[1902/4598] Building CXX object lib/CodeGen/CMakeFiles/LLVMCodeGen.dir/ExpandLargeDivRem.cpp.o
[1903/4598] Building CXX object lib/CodeGen/CMakeFiles/LLVMCodeGen.dir/ExpandReductions.cpp.o
[1904/4598] Building CXX object lib/CodeGen/CMakeFiles/LLVMCodeGen.dir/ExpandMemCmp.cpp.o
[1905/4598] Building CXX object lib/CodeGen/CMakeFiles/LLVMCodeGen.dir/ExpandLargeFpConvert.cpp.o
[1906/4598] Building CXX object lib/CodeGen/CMakeFiles/LLVMCodeGen.dir/FEntryInserter.cpp.o
[1907/4598] Building CXX object lib/CodeGen/CMakeFiles/LLVMCodeGen.dir/FaultMaps.cpp.o
[1908/4598] Building CXX object lib/CodeGen/CMakeFiles/LLVMCodeGen.dir/GCMetadataPrinter.cpp.o
[1909/4598] Building CXX object lib/CodeGen/CMakeFiles/LLVMCodeGen.dir/GCMetadata.cpp.o
[1910/4598] Building CXX object lib/CodeGen/CMakeFiles/LLVMCodeGen.dir/FuncletLayout.cpp.o
[1911/4598] Building CXX object lib/CodeGen/CMakeFiles/LLVMCodeGen.dir/ExpandVectorPredication.cpp.o
[1912/4598] Building CXX object lib/CodeGen/CMakeFiles/LLVMCodeGen.dir/FinalizeISel.cpp.o
[1913/4598] Building CXX object lib/CodeGen/CMakeFiles/LLVMCodeGen.dir/FixupStatepointCallerSaved.cpp.o
[1914/4598] Building CXX object lib/CodeGen/CMakeFiles/LLVMCodeGen.dir/IndirectBrExpandPass.cpp.o
[1915/4598] Building CXX object lib/CodeGen/CMakeFiles/LLVMCodeGen.dir/GCRootLowering.cpp.o
[1916/4598] Building CXX object lib/CodeGen/CMakeFiles/LLVMCodeGen.dir/ImplicitNullChecks.cpp.o
[1917/4598] Building CXX object lib/CodeGen/CMakeFiles/LLVMCodeGen.dir/CodeGenPrepare.cpp.o
[1918/4598] Building CXX object lib/CodeGen/CMakeFiles/LLVMCodeGen.dir/HardwareLoops.cpp.o
[1919/4598] Building CXX object lib/CodeGen/CMakeFiles/LLVMCodeGen.dir/InterferenceCache.cpp.o
[1920/4598] Building CXX object lib/CodeGen/CMakeFiles/LLVMCodeGen.dir/GlobalMerge.cpp.o
[1921/4598] Building CXX object lib/CodeGen/CMakeFiles/LLVMCodeGen.dir/IfConversion.cpp.o
[1922/4598] Building CXX object lib/CodeGen/CMakeFiles/LLVMCodeGen.dir/IntrinsicLowering.cpp.o
[1923/4598] Building CXX object lib/CodeGen/CMakeFiles/LLVMCodeGen.dir/JMCInstrumenter.cpp.o
[1924/4598] Building CXX object lib/CodeGen/CMakeFiles/LLVMCodeGen.dir/LatencyPriorityQueue.cpp.o
[1925/4598] Building CXX object lib/CodeGen/CMakeFiles/LLVMCodeGen.dir/InterleavedAccessPass.cpp.o
[1926/4598] Building CXX object lib/CodeGen/CMakeFiles/LLVMCodeGen.dir/LexicalScopes.cpp.o
[1927/4598] Building CXX object lib/CodeGen/CMakeFiles/LLVMCodeGen.dir/InlineSpiller.cpp.o
[1928/4598] Building CXX object lib/CodeGen/CMakeFiles/LLVMCodeGen.dir/LazyMachineBlockFrequencyInfo.cpp.o
[1929/4598] Building CXX object lib/CodeGen/CMakeFiles/LLVMCodeGen.dir/LiveIntervalUnion.cpp.o
[1930/4598] Building CXX object lib/CodeGen/CMakeFiles/LLVMCodeGen.dir/LivePhysRegs.cpp.o
[1931/4598] Building CXX object lib/CodeGen/CMakeFiles/LLVMCodeGen.dir/InterleavedLoadCombinePass.cpp.o
[1932/4598] Building CXX object lib/CodeGen/CMakeFiles/LLVMCodeGen.dir/LiveIntervalCalc.cpp.o
[1933/4598] Building CXX object lib/CodeGen/CMakeFiles/LLVMCodeGen.dir/LiveRangeCalc.cpp.o
[1934/4598] Building CXX object lib/CodeGen/CMakeFiles/LLVMCodeGen.dir/LiveInterval.cpp.o
[1935/4598] Building CXX object lib/CodeGen/CMakeFiles/LLVMCodeGen.dir/LiveIntervals.cpp.o
[1936/4598] Building CXX object lib/CodeGen/CMakeFiles/LLVMCodeGen.dir/LiveRegMatrix.cpp.o
[1937/4598] Building CXX object lib/CodeGen/CMakeFiles/LLVMCodeGen.dir/LiveRangeEdit.cpp.o
[1938/4598] Building CXX object lib/CodeGen/CMakeFiles/LLVMCodeGen.dir/LiveRegUnits.cpp.o
[1939/4598] Building CXX object lib/CodeGen/CMakeFiles/LLVMCodeGen.dir/LowLevelType.cpp.o
[1940/4598] Building CXX object lib/CodeGen/CMakeFiles/LLVMCodeGen.dir/LiveRangeShrink.cpp.o
[1941/4598] Building CXX object lib/CodeGen/CMakeFiles/LLVMCodeGen.dir/LiveStacks.cpp.o
[1942/4598] Building CXX object lib/CodeGen/CMakeFiles/LLVMCodeGen.dir/LoopTraversal.cpp.o
[1943/4598] Building CXX object lib/CodeGen/CMakeFiles/LLVMCodeGen.dir/LocalStackSlotAllocation.cpp.o
[1944/4598] Building CXX object lib/CodeGen/CMakeFiles/LLVMCodeGen.dir/LiveDebugVariables.cpp.o
[1945/4598] Building CXX object lib/CodeGen/CMakeFiles/LLVMCodeGen.dir/LowerEmuTLS.cpp.o
[1946/4598] Building CXX object lib/CodeGen/CMakeFiles/LLVMCodeGen.dir/LiveVariables.cpp.o
[1947/4598] Building CXX object lib/CodeGen/CMakeFiles/LLVMCodeGen.dir/MachineBranchProbabilityInfo.cpp.o
[1948/4598] Building CXX object lib/CodeGen/CMakeFiles/LLVMCodeGen.dir/MachineCFGPrinter.cpp.o
[1949/4598] Building CXX object lib/CodeGen/CMakeFiles/LLVMCodeGen.dir/MachineBlockFrequencyInfo.cpp.o
[1950/4598] Building CXX object lib/CodeGen/CMakeFiles/LLVMCodeGen.dir/MachineCopyPropagation.cpp.o
[1951/4598] Building CXX object lib/CodeGen/CMakeFiles/LLVMCodeGen.dir/MachineCSE.cpp.o
[1952/4598] Building CXX object lib/CodeGen/CMakeFiles/LLVMCodeGen.dir/MachineBasicBlock.cpp.o
[1953/4598] Building CXX object lib/CodeGen/CMakeFiles/LLVMCodeGen.dir/LLVMTargetMachine.cpp.o
[1954/4598] Building CXX object lib/CodeGen/CMakeFiles/LLVMCodeGen.dir/MachineCombiner.cpp.o
[1955/4598] Building CXX object lib/CodeGen/CMakeFiles/LLVMCodeGen.dir/MachineCycleAnalysis.cpp.o
[1956/4598] Building CXX object lib/CodeGen/CMakeFiles/LLVMCodeGen.dir/MachineCheckDebugify.cpp.o
[1957/4598] Building CXX object lib/CodeGen/CMakeFiles/LLVMCodeGen.dir/MachineDominanceFrontier.cpp.o
[1958/4598] Building CXX object lib/CodeGen/CMakeFiles/LLVMCodeGen.dir/MachineDebugify.cpp.o
[1959/4598] Building CXX object lib/CodeGen/CMakeFiles/LLVMCodeGen.dir/MachineFrameInfo.cpp.o
[1960/4598] Building CXX object lib/CodeGen/CMakeFiles/LLVMCodeGen.dir/MachineFunctionPrinterPass.cpp.o
[1961/4598] Building CXX object lib/CodeGen/CMakeFiles/LLVMCodeGen.dir/MachineBlockPlacement.cpp.o
[1962/4598] Building CXX object lib/CodeGen/CMakeFiles/LLVMCodeGen.dir/MachineDominators.cpp.o
[1963/4598] Building CXX object lib/CodeGen/CMakeFiles/LLVMCodeGen.dir/MachineInstrBundle.cpp.o
[1964/4598] Building CXX object lib/CodeGen/CMakeFiles/LLVMCodeGen.dir/MachineFunctionPass.cpp.o
[1965/4598] Building CXX object lib/CodeGen/CMakeFiles/LLVMCodeGen.dir/MachineFunctionSplitter.cpp.o
[1966/4598] Building CXX object lib/CodeGen/CMakeFiles/LLVMCodeGen.dir/MachineLateInstrsCleanup.cpp.o
[1967/4598] Building CXX object lib/CodeGen/CMakeFiles/LLVMCodeGen.dir/MachineLoopUtils.cpp.o
[1968/4598] Building CXX object lib/CodeGen/CMakeFiles/LLVMCodeGen.dir/MachineModuleInfoImpls.cpp.o
[1969/4598] Building CXX object lib/CodeGen/CMakeFiles/LLVMCodeGen.dir/MachineFunction.cpp.o
[1970/4598] Building CXX object lib/CodeGen/CMakeFiles/LLVMCodeGen.dir/MachineModuleInfo.cpp.o
[1971/4598] Building CXX object lib/CodeGen/CMakeFiles/LLVMCodeGen.dir/MachineOptimizationRemarkEmitter.cpp.o
[1972/4598] Building CXX object lib/CodeGen/CMakeFiles/LLVMCodeGen.dir/MachineInstr.cpp.o
[1973/4598] Building CXX object lib/CodeGen/CMakeFiles/LLVMCodeGen.dir/MachineModuleSlotTracker.cpp.o
[1974/4598] Building CXX object lib/CodeGen/CMakeFiles/LLVMCodeGen.dir/MachineLoopInfo.cpp.o
[1975/4598] Building CXX object lib/CodeGen/CMakeFiles/LLVMCodeGen.dir/MachineOperand.cpp.o
[1976/4598] Building CXX object lib/CodeGen/CMakeFiles/LLVMCodeGen.dir/MachineLICM.cpp.o
[1977/4598] Building CXX object lib/CodeGen/CMakeFiles/LLVMCodeGen.dir/MachinePassManager.cpp.o
[1978/4598] Building CXX object lib/CodeGen/CMakeFiles/LLVMCodeGen.dir/MachineSizeOpts.cpp.o
[1979/4598] Building CXX object lib/CodeGen/CMakeFiles/LLVMCodeGen.dir/MachineRegisterInfo.cpp.o
[1980/4598] Building CXX object lib/CodeGen/CMakeFiles/LLVMCodeGen.dir/MachineSSAContext.cpp.o
[1981/4598] Building CXX object lib/CodeGen/CMakeFiles/LLVMCodeGen.dir/MachineRegionInfo.cpp.o
[1982/4598] Building CXX object lib/CodeGen/CMakeFiles/LLVMCodeGen.dir/MachineOutliner.cpp.o
[1983/4598] Building CXX object lib/CodeGen/CMakeFiles/LLVMCodeGen.dir/MachinePostDominators.cpp.o
[1984/4598] Building CXX object lib/CodeGen/CMakeFiles/LLVMCodeGen.dir/MachineStripDebug.cpp.o
[1985/4598] Building CXX object lib/CodeGen/CMakeFiles/LLVMCodeGen.dir/MachineSSAUpdater.cpp.o
[1986/4598] Building CXX object lib/CodeGen/CMakeFiles/LLVMCodeGen.dir/MachineTraceMetrics.cpp.o
[1987/4598] Building CXX object lib/CodeGen/CMakeFiles/LLVMCodeGen.dir/MachineScheduler.cpp.o
[1988/4598] Building CXX object lib/CodeGen/CMakeFiles/LLVMCodeGen.dir/MIRFSDiscriminator.cpp.o
[1989/4598] Building CXX object lib/CodeGen/CMakeFiles/LLVMCodeGen.dir/MachineSink.cpp.o
[1990/4598] Building CXX object lib/CodeGen/CMakeFiles/LLVMCodeGen.dir/MIRYamlMapping.cpp.o
[1991/4598] Building CXX object lib/CodeGen/CMakeFiles/LLVMCodeGen.dir/MachineUniformityAnalysis.cpp.o
[1992/4598] Building CXX object lib/CodeGen/CMakeFiles/LLVMCodeGen.dir/MultiHazardRecognizer.cpp.o
[1993/4598] Building CXX object lib/CodeGen/CMakeFiles/LLVMCodeGen.dir/MachinePipeliner.cpp.o
[1994/4598] Building CXX object lib/CodeGen/CMakeFiles/LLVMCodeGen.dir/MIRSampleProfile.cpp.o
[1995/4598] Building CXX object lib/CodeGen/CMakeFiles/LLVMCodeGen.dir/MIRPrintingPass.cpp.o
[1996/4598] Building CXX object lib/CodeGen/CMakeFiles/LLVMCodeGen.dir/PatchableFunction.cpp.o
[1997/4598] Building CXX object lib/CodeGen/CMakeFiles/LLVMCodeGen.dir/MBFIWrapper.cpp.o
[1998/4598] Building CXX object lib/CodeGen/CMakeFiles/LLVMCodeGen.dir/MLRegallocEvictAdvisor.cpp.o
[1999/4598] Building CXX object lib/CodeGen/CMakeFiles/LLVMCodeGen.dir/MLRegallocPriorityAdvisor.cpp.o
[2000/4598] Building CXX object lib/CodeGen/CMakeFiles/LLVMCodeGen.dir/NonRelocatableStringpool.cpp.o
[2001/4598] Building CXX object lib/CodeGen/CMakeFiles/LLVMCodeGen.dir/MachineVerifier.cpp.o
[2002/4598] Building CXX object lib/CodeGen/CMakeFiles/LLVMCodeGen.dir/OptimizePHIs.cpp.o
[2003/4598] Building CXX object lib/CodeGen/CMakeFiles/LLVMCodeGen.dir/PHIEliminationUtils.cpp.o
[2004/4598] Building CXX object lib/CodeGen/CMakeFiles/LLVMCodeGen.dir/MacroFusion.cpp.o
[2005/4598] Building CXX object lib/CodeGen/CMakeFiles/LLVMCodeGen.dir/PostRAHazardRecognizer.cpp.o
[2006/4598] Building CXX object lib/CodeGen/CMakeFiles/LLVMCodeGen.dir/ParallelCG.cpp.o
[2007/4598] Building CXX object lib/CodeGen/CMakeFiles/LLVMCodeGen.dir/PeepholeOptimizer.cpp.o
[2008/4598] Building CXX object lib/CodeGen/CMakeFiles/LLVMCodeGen.dir/PreISelIntrinsicLowering.cpp.o
[2009/4598] Building CXX object lib/CodeGen/CMakeFiles/LLVMCodeGen.dir/ModuloSchedule.cpp.o
[2010/4598] Building CXX object lib/CodeGen/CMakeFiles/LLVMCodeGen.dir/MIRPrinter.cpp.o
[2011/4598] Building CXX object lib/CodeGen/CMakeFiles/LLVMCodeGen.dir/ProcessImplicitDefs.cpp.o
[2012/4598] Building CXX object lib/CodeGen/CMakeFiles/LLVMCodeGen.dir/PHIElimination.cpp.o
[2013/4598] Building CXX object lib/CodeGen/CMakeFiles/LLVMCodeGen.dir/PseudoSourceValue.cpp.o
[2014/4598] Building CXX object lib/CodeGen/CMakeFiles/LLVMCodeGen.dir/PseudoProbeInserter.cpp.o
[2015/4598] Building CXX object lib/CodeGen/CMakeFiles/LLVMCodeGen.dir/RDFRegisters.cpp.o
[2016/4598] Building CXX object lib/CodeGen/CMakeFiles/LLVMCodeGen.dir/PostRASchedulerList.cpp.o
[2017/4598] Building CXX object lib/CodeGen/CMakeFiles/LLVMCodeGen.dir/RegAllocBase.cpp.o
[2018/4598] Building CXX object lib/CodeGen/CMakeFiles/LLVMCodeGen.dir/ReachingDefAnalysis.cpp.o
[2019/4598] Building CXX object lib/CodeGen/CMakeFiles/LLVMCodeGen.dir/PrologEpilogInserter.cpp.o
[2020/4598] Building CXX object lib/CodeGen/CMakeFiles/LLVMCodeGen.dir/RegAllocBasic.cpp.o
[2021/4598] Building CXX object lib/CodeGen/CMakeFiles/LLVMCodeGen.dir/RegAllocFast.cpp.o
[2022/4598] Building CXX object lib/CodeGen/CMakeFiles/LLVMCodeGen.dir/RDFGraph.cpp.o
[2023/4598] Building CXX object lib/CodeGen/CMakeFiles/LLVMCodeGen.dir/RegAllocPriorityAdvisor.cpp.o
[2024/4598] Building CXX object lib/CodeGen/CMakeFiles/LLVMCodeGen.dir/RDFLiveness.cpp.o
[2025/4598] Building CXX object lib/CodeGen/CMakeFiles/LLVMCodeGen.dir/RegAllocEvictionAdvisor.cpp.o
[2026/4598] Building CXX object lib/CodeGen/CMakeFiles/LLVMCodeGen.dir/RegisterClassInfo.cpp.o
[2027/4598] Building CXX object lib/CodeGen/CMakeFiles/LLVMCodeGen.dir/RegAllocScore.cpp.o
[2028/4598] Building CXX object lib/CodeGen/CMakeFiles/LLVMCodeGen.dir/MIRVRegNamerUtils.cpp.o
[2029/4598] Building CXX object lib/CodeGen/CMakeFiles/LLVMCodeGen.dir/RegisterScavenging.cpp.o
[2030/4598] Building CXX object lib/CodeGen/CMakeFiles/LLVMCodeGen.dir/RegAllocPBQP.cpp.o
[2031/4598] Building CXX object lib/CodeGen/CMakeFiles/LLVMCodeGen.dir/RegisterPressure.cpp.o
[2032/4598] Building CXX object lib/CodeGen/CMakeFiles/LLVMCodeGen.dir/RenameIndependentSubregs.cpp.o
[2033/4598] Building CXX object lib/CodeGen/CMakeFiles/LLVMCodeGen.dir/MIRNamerPass.cpp.o
[2034/4598] Building CXX object lib/CodeGen/CMakeFiles/LLVMCodeGen.dir/MachineStableHash.cpp.o
[2035/4598] Building CXX object lib/CodeGen/CMakeFiles/LLVMCodeGen.dir/RemoveRedundantDebugValues.cpp.o
[2036/4598] Building CXX object lib/CodeGen/CMakeFiles/LLVMCodeGen.dir/RegAllocGreedy.cpp.o
[2037/4598] Building CXX object lib/CodeGen/CMakeFiles/LLVMCodeGen.dir/RegisterUsageInfo.cpp.o
[2038/4598] Building CXX object lib/CodeGen/CMakeFiles/LLVMCodeGen.dir/RegUsageInfoCollector.cpp.o
[2039/4598] Building CXX object lib/CodeGen/CMakeFiles/LLVMCodeGen.dir/RegisterBank.cpp.o
[2040/4598] Building CXX object lib/CodeGen/CMakeFiles/LLVMCodeGen.dir/RegUsageInfoPropagate.cpp.o
[2041/4598] Building CXX object lib/CodeGen/CMakeFiles/LLVMCodeGen.dir/MIRCanonicalizerPass.cpp.o
[2042/4598] Building CXX object lib/CodeGen/CMakeFiles/LLVMCodeGen.dir/ResetMachineFunctionPass.cpp.o
[2043/4598] Building CXX object lib/CodeGen/CMakeFiles/LLVMCodeGen.dir/ReplaceWithVeclib.cpp.o
[2044/4598] Building CXX object lib/CodeGen/CMakeFiles/LLVMCodeGen.dir/RegisterCoalescer.cpp.o
[2045/4598] Building CXX object lib/CodeGen/CMakeFiles/LLVMCodeGen.dir/SafeStackLayout.cpp.o
[2046/4598] Building CXX object lib/CodeGen/CMakeFiles/LLVMCodeGen.dir/SanitizerBinaryMetadata.cpp.o
[2047/4598] Building CXX object lib/CodeGen/CMakeFiles/LLVMCodeGen.dir/RegisterBankInfo.cpp.o
[2048/4598] Building CXX object lib/CodeGen/CMakeFiles/LLVMCodeGen.dir/ScheduleDAGPrinter.cpp.o
[2049/4598] Building CXX object lib/CodeGen/CMakeFiles/LLVMCodeGen.dir/ScheduleDAG.cpp.o
[2050/4598] Building CXX object lib/CodeGen/CMakeFiles/LLVMCodeGen.dir/SafeStack.cpp.o
[2051/4598] Building CXX object lib/CodeGen/CMakeFiles/LLVMCodeGen.dir/ShadowStackGCLowering.cpp.o
[2052/4598] Building CXX object lib/CodeGen/CMakeFiles/LLVMCodeGen.dir/ScoreboardHazardRecognizer.cpp.o
[2053/4598] Building CXX object lib/CodeGen/CMakeFiles/LLVMCodeGen.dir/SlotIndexes.cpp.o
[2054/4598] Building CXX object lib/CodeGen/CMakeFiles/LLVMCodeGen.dir/ScheduleDAGInstrs.cpp.o
[2055/4598] Building CXX object lib/CodeGen/CMakeFiles/LLVMCodeGen.dir/SjLjEHPrepare.cpp.o
[2056/4598] Building CXX object lib/CodeGen/CMakeFiles/LLVMCodeGen.dir/SelectOptimize.cpp.o
[2057/4598] Building CXX object lib/CodeGen/CMakeFiles/LLVMCodeGen.dir/ShrinkWrap.cpp.o
[2058/4598] Building CXX object lib/CodeGen/CMakeFiles/LLVMCodeGen.dir/StackMapLivenessAnalysis.cpp.o
[2059/4598] Building CXX object lib/CodeGen/CMakeFiles/LLVMCodeGen.dir/SpillPlacement.cpp.o
[2060/4598] Building CXX object lib/CodeGen/CMakeFiles/LLVMCodeGen.dir/StackFrameLayoutAnalysisPass.cpp.o
[2061/4598] Building CXX object lib/CodeGen/CMakeFiles/LLVMCodeGen.dir/StackMaps.cpp.o
[2062/4598] Building CXX object lib/CodeGen/CMakeFiles/LLVMCodeGen.dir/StackSlotColoring.cpp.o
[2063/4598] Building CXX object lib/CodeGen/CMakeFiles/LLVMCodeGen.dir/TailDuplication.cpp.o
[2064/4598] Building CXX object lib/CodeGen/CMakeFiles/LLVMCodeGen.dir/StackProtector.cpp.o
[2065/4598] Building CXX object lib/CodeGen/CMakeFiles/LLVMCodeGen.dir/StackColoring.cpp.o
[2066/4598] Building CXX object lib/CodeGen/CMakeFiles/LLVMCodeGen.dir/SplitKit.cpp.o
[2067/4598] Building CXX object lib/CodeGen/CMakeFiles/LLVMCodeGen.dir/TargetFrameLoweringImpl.cpp.o
[2068/4598] Building CXX object lib/CodeGen/CMakeFiles/LLVMCodeGen.dir/SwitchLoweringUtils.cpp.o
[2069/4598] Building CXX object lib/CodeGen/CMakeFiles/LLVMCodeGen.dir/SwiftErrorValueTracking.cpp.o
[2070/4598] Building CXX object lib/CodeGen/CMakeFiles/LLVMCodeGen.dir/TailDuplicator.cpp.o
[2071/4598] Building CXX object lib/CodeGen/CMakeFiles/LLVMCodeGen.dir/TargetOptionsImpl.cpp.o
[2072/4598] Building CXX object lib/CodeGen/CMakeFiles/LLVMCodeGen.dir/TargetSubtargetInfo.cpp.o
[2073/4598] Building CXX object lib/CodeGen/CMakeFiles/LLVMCodeGen.dir/TargetInstrInfo.cpp.o
[2074/4598] Building CXX object lib/CodeGen/CMakeFiles/LLVMCodeGen.dir/TargetRegisterInfo.cpp.o
[2075/4598] Building CXX object lib/CodeGen/CMakeFiles/LLVMCodeGen.dir/TargetSchedule.cpp.o
[2076/4598] Building CXX object lib/CodeGen/CMakeFiles/LLVMCodeGen.dir/TargetPassConfig.cpp.o
[2077/4598] Building CXX object lib/CodeGen/CMakeFiles/LLVMCodeGen.dir/TargetLoweringObjectFileImpl.cpp.o
[2078/4598] Building CXX object lib/CodeGen/CMakeFiles/LLVMCodeGen.dir/ValueTypes.cpp.o
[2079/4598] Building CXX object lib/CodeGen/CMakeFiles/LLVMCodeGen.dir/TargetLoweringBase.cpp.o
[2080/4598] Building CXX object lib/CodeGen/CMakeFiles/LLVMCodeGen.dir/UnreachableBlockElim.cpp.o
[2081/4598] Building CXX object lib/CodeGen/CMakeFiles/LLVMCodeGen.dir/TwoAddressInstructionPass.cpp.o
[2082/4598] Linking CXX static library lib/libLLVMBitWriter.a
[2083/4598] Linking CXX static library lib/libLLVMInstrumentation.a
[2084/4598] Building CXX object lib/CodeGen/CMakeFiles/LLVMCodeGen.dir/TypePromotion.cpp.o
[2085/4598] Building CXX object lib/CodeGen/CMakeFiles/LLVMCodeGen.dir/WasmEHPrepare.cpp.o
[2086/4598] Building CXX object lib/CodeGen/CMakeFiles/LLVMCodeGen.dir/VirtRegMap.cpp.o
[2087/4598] Building CXX object lib/CodeGen/CMakeFiles/LLVMCodeGen.dir/LiveDebugValues/LiveDebugValues.cpp.o
[2088/4598] Building CXX object lib/Transforms/IPO/CMakeFiles/LLVMipo.dir/Annotation2Metadata.cpp.o
[2089/4598] Building CXX object lib/CodeGen/CMakeFiles/LLVMCodeGen.dir/XRayInstrumentation.cpp.o
[2090/4598] Building CXX object lib/Transforms/IPO/CMakeFiles/LLVMipo.dir/BarrierNoopPass.cpp.o
[2091/4598] Building CXX object lib/CodeGen/CMakeFiles/LLVMCodeGen.dir/VLIWMachineScheduler.cpp.o
[2092/4598] Building CXX object lib/CodeGen/CMakeFiles/LLVMCodeGen.dir/WinEHPrepare.cpp.o
[2093/4598] Building CXX object lib/Transforms/IPO/CMakeFiles/LLVMipo.dir/AlwaysInliner.cpp.o
[2094/4598] Building CXX object lib/Transforms/IPO/CMakeFiles/LLVMipo.dir/BlockExtractor.cpp.o
[2095/4598] Building CXX object lib/Transforms/IPO/CMakeFiles/LLVMipo.dir/ConstantMerge.cpp.o
[2096/4598] Building CXX object lib/Transforms/IPO/CMakeFiles/LLVMipo.dir/ArgumentPromotion.cpp.o
[2097/4598] Building CXX object lib/Transforms/IPO/CMakeFiles/LLVMipo.dir/CalledValuePropagation.cpp.o
[2098/4598] Building CXX object lib/Transforms/IPO/CMakeFiles/LLVMipo.dir/ElimAvailExtern.cpp.o
[2099/4598] Building CXX object lib/Transforms/IPO/CMakeFiles/LLVMipo.dir/CrossDSOCFI.cpp.o
[2100/4598] Building CXX object lib/CodeGen/CMakeFiles/LLVMCodeGen.dir/LiveDebugValues/VarLocBasedImpl.cpp.o
[2101/4598] Building CXX object lib/Transforms/IPO/CMakeFiles/LLVMipo.dir/ForceFunctionAttrs.cpp.o
[2102/4598] Building CXX object lib/Transforms/IPO/CMakeFiles/LLVMipo.dir/ExtractGV.cpp.o
[2103/4598] Building CXX object lib/Transforms/IPO/CMakeFiles/LLVMipo.dir/DeadArgumentElimination.cpp.o
[2104/4598] Building CXX object lib/Transforms/IPO/CMakeFiles/LLVMipo.dir/GlobalSplit.cpp.o
[2105/4598] Building CXX object lib/Transforms/IPO/CMakeFiles/LLVMipo.dir/FunctionSpecialization.cpp.o
[2106/4598] Building CXX object lib/Transforms/IPO/CMakeFiles/LLVMipo.dir/FunctionImport.cpp.o
[2107/4598] Building CXX object lib/Transforms/IPO/CMakeFiles/LLVMipo.dir/GlobalDCE.cpp.o
[2108/4598] Building CXX object lib/CodeGen/CMakeFiles/LLVMCodeGen.dir/LiveDebugValues/InstrRefBasedImpl.cpp.o
[2109/4598] Building CXX object lib/Transforms/IPO/CMakeFiles/LLVMipo.dir/IPO.cpp.o
[2110/4598] Building CXX object lib/Transforms/IPO/CMakeFiles/LLVMipo.dir/GlobalOpt.cpp.o
[2111/4598] Building CXX object lib/Transforms/IPO/CMakeFiles/LLVMipo.dir/Attributor.cpp.o
[2112/4598] Building CXX object lib/Transforms/IPO/CMakeFiles/LLVMipo.dir/FunctionAttrs.cpp.o
[2113/4598] Building CXX object lib/Transforms/IPO/CMakeFiles/LLVMipo.dir/HotColdSplitting.cpp.o
[2114/4598] Building CXX object lib/Transforms/IPO/CMakeFiles/LLVMipo.dir/InferFunctionAttrs.cpp.o
[2115/4598] Building CXX object lib/Transforms/IPO/CMakeFiles/LLVMipo.dir/InlineSimple.cpp.o
[2116/4598] Building CXX object lib/Transforms/IPO/CMakeFiles/LLVMipo.dir/Internalize.cpp.o
[2117/4598] Building CXX object lib/Transforms/IPO/CMakeFiles/LLVMipo.dir/LoopExtractor.cpp.o
[2118/4598] Building CXX object lib/Transforms/IPO/CMakeFiles/LLVMipo.dir/ModuleInliner.cpp.o
[2119/4598] Building CXX object lib/Transforms/IPO/CMakeFiles/LLVMipo.dir/PassManagerBuilder.cpp.o
[2120/4598] Building CXX object lib/Transforms/IPO/CMakeFiles/LLVMipo.dir/IROutliner.cpp.o
[2121/4598] Building CXX object lib/Transforms/IPO/CMakeFiles/LLVMipo.dir/SampleContextTracker.cpp.o
[2122/4598] Building CXX object lib/Transforms/IPO/CMakeFiles/LLVMipo.dir/PartialInlining.cpp.o
[2123/4598] Building CXX object lib/Transforms/IPO/CMakeFiles/LLVMipo.dir/MergeFunctions.cpp.o
[2124/4598] Building CXX object lib/Transforms/IPO/CMakeFiles/LLVMipo.dir/Inliner.cpp.o
[2125/4598] Building CXX object lib/Transforms/IPO/CMakeFiles/LLVMipo.dir/StripDeadPrototypes.cpp.o
[2126/4598] Building CXX object lib/Transforms/IPO/CMakeFiles/LLVMipo.dir/AttributorAttributes.cpp.o
[2127/4598] Linking CXX static library lib/libLLVMVectorize.a
[2128/4598] Linking CXX static library lib/libLLVMObjCARCOpts.a
[2129/4598] Linking CXX static library lib/libLLVMLinker.a
[2130/4598] Building CXX object lib/Transforms/IPO/CMakeFiles/LLVMipo.dir/StripSymbols.cpp.o
[2131/4598] Building CXX object lib/Transforms/IPO/CMakeFiles/LLVMipo.dir/LowerTypeTests.cpp.o
[2132/4598] Building CXX object lib/Transforms/IPO/CMakeFiles/LLVMipo.dir/SCCP.cpp.o
[2133/4598] Building CXX object lib/Transforms/IPO/CMakeFiles/LLVMipo.dir/SyntheticCountsPropagation.cpp.o
[2134/4598] Building CXX object lib/MC/MCDisassembler/CMakeFiles/LLVMMCDisassembler.dir/MCDisassembler.cpp.o
[2135/4598] Linking CXX static library lib/libLLVMTarget.a
[2136/4598] Building CXX object lib/MC/MCDisassembler/CMakeFiles/LLVMMCDisassembler.dir/MCExternalSymbolizer.cpp.o
[2137/4598] Building CXX object lib/MC/MCDisassembler/CMakeFiles/LLVMMCDisassembler.dir/MCSymbolizer.cpp.o
[2138/4598] Building CXX object lib/MC/MCDisassembler/CMakeFiles/LLVMMCDisassembler.dir/MCRelocationInfo.cpp.o
[2139/4598] Building CXX object lib/Transforms/IPO/CMakeFiles/LLVMipo.dir/SampleProfileProbe.cpp.o
[2140/4598] Building CXX object lib/MC/MCDisassembler/CMakeFiles/LLVMMCDisassembler.dir/Disassembler.cpp.o
[2141/4598] Building AArch64GenAsmWriter.inc...
[2142/4598] Building AArch64GenAsmMatcher.inc...
[2143/4598] Building AArch64GenCallingConv.inc...
[2144/4598] Building AArch64GenAsmWriter1.inc...
[2145/4598] Building AArch64GenExegesis.inc...
[2146/4598] Building AArch64GenDisassemblerTables.inc...
[2147/4598] Building CXX object lib/Transforms/IPO/CMakeFiles/LLVMipo.dir/ThinLTOBitcodeWriter.cpp.o
[2148/4598] Building AArch64GenFastISel.inc...
[2149/4598] Building AArch64GenMCCodeEmitter.inc...
[2150/4598] Building AArch64GenMCPseudoLowering.inc...
[2151/4598] Building AArch64GenGlobalISel.inc...
[2152/4598] Building AArch64GenPostLegalizeGICombiner.inc...
[2153/4598] Building AArch64GenO0PreLegalizeGICombiner.inc...
[2154/4598] Building AArch64GenDAGISel.inc...
[2155/4598] Building AArch64GenPostLegalizeGILowering.inc...
[2156/4598] Building AArch64GenPreLegalizeGICombiner.inc...
[2157/4598] Building AArch64GenRegisterBank.inc...
[2158/4598] Building InstCombineTables.inc...
[2159/4598] Building AArch64GenRegisterInfo.inc...
[2160/4598] Building AArch64GenSystemOperands.inc...
[2161/4598] Building ARMGenAsmWriter.inc...
[2162/4598] Building ARMGenAsmMatcher.inc...
[2163/4598] Building ARMGenCallingConv.inc...
[2164/4598] Building ARMGenDisassemblerTables.inc...
[2165/4598] Building ARMGenDAGISel.inc...
[2166/4598] Building ARMGenFastISel.inc...
[2167/4598] Building ARMGenMCCodeEmitter.inc...
[2168/4598] Building ARMGenMCPseudoLowering.inc...
[2169/4598] Building ARMGenInstrInfo.inc...
[2170/4598] Building ARMGenRegisterBank.inc...
[2171/4598] Building ARMGenGlobalISel.inc...
[2172/4598] Building CXX object lib/Transforms/IPO/CMakeFiles/LLVMipo.dir/SampleProfile.cpp.o
[2173/4598] Building ARMGenRegisterInfo.inc...
[2174/4598] Building AVRGenAsmMatcher.inc...
[2175/4598] Building AVRGenCallingConv.inc...
[2176/4598] Building AVRGenAsmWriter.inc...
[2177/4598] Building ARMGenSystemRegister.inc...
[2178/4598] Building AVRGenDisassemblerTables.inc...
[2179/4598] Building AVRGenMCCodeEmitter.inc...
[2180/4598] Building AVRGenDAGISel.inc...
[2181/4598] Building AVRGenInstrInfo.inc...
[2182/4598] Building AVRGenRegisterInfo.inc...
[2183/4598] Building AVRGenSubtargetInfo.inc...
[2184/4598] Building ARMGenSubtargetInfo.inc...
[2185/4598] Building BPFGenAsmMatcher.inc...
[2186/4598] Building BPFGenCallingConv.inc...
[2187/4598] Building BPFGenAsmWriter.inc...
[2188/4598] Building BPFGenDisassemblerTables.inc...
[2189/4598] Building BPFGenDAGISel.inc...
[2190/4598] Building BPFGenMCCodeEmitter.inc...
[2191/4598] Building BPFGenRegisterInfo.inc...
[2192/4598] Building BPFGenInstrInfo.inc...
[2193/4598] Building BPFGenSubtargetInfo.inc...
[2194/4598] Building LoongArchGenAsmMatcher.inc...
[2195/4598] Building LoongArchGenAsmWriter.inc...
[2196/4598] Building LoongArchGenDisassemblerTables.inc...
[2197/4598] Building LoongArchGenDAGISel.inc...
[2198/4598] Building LoongArchGenMCCodeEmitter.inc...
[2199/4598] Building LoongArchGenMCPseudoLowering.inc...
[2200/4598] Building LoongArchGenInstrInfo.inc...
[2201/4598] Building LoongArchGenRegisterInfo.inc...
[2202/4598] Building AArch64GenInstrInfo.inc...
[2203/4598] Building LoongArchGenSubtargetInfo.inc...
[2204/4598] Building CXX object lib/Target/Hexagon/TargetInfo/CMakeFiles/LLVMHexagonInfo.dir/HexagonTargetInfo.cpp.o
[2205/4598] Building CXX object lib/Target/Lanai/TargetInfo/CMakeFiles/LLVMLanaiInfo.dir/LanaiTargetInfo.cpp.o
[2206/4598] Building MipsGenAsmMatcher.inc...
[2207/4598] Building MipsGenAsmWriter.inc...
[2208/4598] Building MipsGenCallingConv.inc...
[2209/4598] Building MipsGenExegesis.inc...
[2210/4598] Building MipsGenDisassemblerTables.inc...
[2211/4598] Building MipsGenDAGISel.inc...
[2212/4598] Building MipsGenFastISel.inc...
[2213/4598] Building MipsGenMCCodeEmitter.inc...
[2214/4598] Building MipsGenPostLegalizeGICombiner.inc...
[2215/4598] Building MipsGenRegisterBank.inc...
[2216/4598] Building MipsGenGlobalISel.inc...
[2217/4598] Building MipsGenMCPseudoLowering.inc...
[2218/4598] Building CXX object lib/Transforms/IPO/CMakeFiles/LLVMipo.dir/WholeProgramDevirt.cpp.o
[2219/4598] Building MipsGenInstrInfo.inc...
[2220/4598] Building MSP430GenAsmWriter.inc...
[2221/4598] Building MipsGenRegisterInfo.inc...
[2222/4598] Building MSP430GenAsmMatcher.inc...
[2223/4598] Building CXX object lib/Transforms/IPO/CMakeFiles/LLVMipo.dir/OpenMPOpt.cpp.o
[2224/4598] Building AArch64GenSubtargetInfo.inc...
[2225/4598] Building MSP430GenCallingConv.inc...
[2226/4598] Building MSP430GenDisassemblerTables.inc...
[2227/4598] Building MSP430GenDAGISel.inc...
[2228/4598] Building MSP430GenInstrInfo.inc...
[2229/4598] Building MSP430GenSubtargetInfo.inc...
[2230/4598] Building MSP430GenRegisterInfo.inc...
[2231/4598] Building MSP430GenMCCodeEmitter.inc...
[2232/4598] Building MipsGenSubtargetInfo.inc...
[2233/4598] Building NVPTXGenRegisterInfo.inc...
[2234/4598] Building PPCGenCallingConv.inc...
[2235/4598] Building PPCGenAsmMatcher.inc...
[2236/4598] Building NVPTXGenAsmWriter.inc...
[2237/4598] Building PPCGenAsmWriter.inc...
[2238/4598] Building PPCGenDisassemblerTables.inc...
[2239/4598] Building NVPTXGenSubtargetInfo.inc...
[2240/4598] Building PPCGenExegesis.inc...
[2241/4598] Building NVPTXGenDAGISel.inc...
[2242/4598] Building PPCGenMCCodeEmitter.inc...
[2243/4598] Building PPCGenRegisterInfo.inc...
[2244/4598] Building NVPTXGenInstrInfo.inc...
[2245/4598] Building PPCGenRegisterBank.inc...
[2246/4598] Building PPCGenDAGISel.inc...
[2247/4598] Building PPCGenFastISel.inc...
[2248/4598] Building PPCGenSubtargetInfo.inc...
[2249/4598] Building PPCGenGlobalISel.inc...
[2250/4598] Building PPCGenInstrInfo.inc...
[2251/4598] Building RISCVGenCompressInstEmitter.inc...
[2252/4598] Building RISCVGenAsmWriter.inc...
[2253/4598] Building RISCVGenDisassemblerTables.inc...
[2254/4598] Building RISCVGenMCPseudoLowering.inc...
[2255/4598] Building RISCVGenAsmMatcher.inc...
[2256/4598] Building RISCVGenMCCodeEmitter.inc...
[2257/4598] Building RISCVGenRegisterBank.inc...
[2258/4598] Building SparcGenAsmWriter.inc...
[2259/4598] Building SparcGenAsmMatcher.inc...
[2260/4598] Building SparcGenCallingConv.inc...
[2261/4598] Building RISCVGenRegisterInfo.inc...
[2262/4598] Building SparcGenDAGISel.inc...
[2263/4598] Building SparcGenDisassemblerTables.inc...
[2264/4598] Building SparcGenMCCodeEmitter.inc...
[2265/4598] Building SparcGenInstrInfo.inc...
[2266/4598] Building SparcGenRegisterInfo.inc...
[2267/4598] Building SparcGenSubtargetInfo.inc...
[2268/4598] Building SystemZGenAsmMatcher.inc...
[2269/4598] Building SystemZGenAsmWriter.inc...
[2270/4598] Building SystemZGenCallingConv.inc...
[2271/4598] Building RISCVGenSearchableTables.inc...
[2272/4598] Building SystemZGenDAGISel.inc...
[2273/4598] Building SystemZGenDisassemblerTables.inc...
[2274/4598] Building SystemZGenRegisterInfo.inc...
[2275/4598] Building SystemZGenMCCodeEmitter.inc...
[2276/4598] Building SystemZGenSubtargetInfo.inc...
[2277/4598] Building VEGenAsmMatcher.inc...
[2278/4598] Building VEGenCallingConv.inc...
[2279/4598] Building VEGenAsmWriter.inc...
[2280/4598] Building SystemZGenInstrInfo.inc...
[2281/4598] Building VEGenDAGISel.inc...
[2282/4598] Building VEGenRegisterInfo.inc...
[2283/4598] Building VEGenDisassemblerTables.inc...
[2284/4598] Building VEGenMCCodeEmitter.inc...
[2285/4598] Building WebAssemblyGenAsmMatcher.inc...
[2286/4598] Building WebAssemblyGenAsmWriter.inc...
[2287/4598] Building VEGenInstrInfo.inc...
[2288/4598] Building VEGenSubtargetInfo.inc...
[2289/4598] Building WebAssemblyGenDAGISel.inc...
[2290/4598] Building WebAssemblyGenDisassemblerTables.inc...
[2291/4598] Building RISCVGenSubtargetInfo.inc...
[2292/4598] Building WebAssemblyGenMCCodeEmitter.inc...
[2293/4598] Building WebAssemblyGenFastISel.inc...
[2294/4598] Building WebAssemblyGenRegisterInfo.inc...
[2295/4598] Building WebAssemblyGenInstrInfo.inc...
[2296/4598] Building WebAssemblyGenSubtargetInfo.inc...
[2297/4598] Building X86GenCallingConv.inc...
[2298/4598] Building X86GenAsmWriter.inc...
[2299/4598] Building X86GenAsmMatcher.inc...
[2300/4598] Building X86GenAsmWriter1.inc...
[2301/4598] Building X86GenDisassemblerTables.inc...
[2302/4598] Building X86GenEVEX2VEXTables.inc...
[2303/4598] Building X86GenExegesis.inc...
[2304/4598] Building RISCVGenInstrInfo.inc...
[2305/4598] Building RISCVGenGlobalISel.inc...
[2306/4598] Building X86GenRegisterBank.inc...
[2307/4598] Building X86GenDAGISel.inc...
[2308/4598] Building XCoreGenAsmWriter.inc...
[2309/4598] Building XCoreGenCallingConv.inc...
[2310/4598] Building X86GenRegisterInfo.inc...
[2311/4598] Building X86GenMnemonicTables.inc...
[2312/4598] Building XCoreGenDAGISel.inc...
[2313/4598] Copying clang's arm64intr.h...
[2314/4598] Building XCoreGenDisassemblerTables.inc...
[2315/4598] Copying clang's arm_acle.h...
[2316/4598] Copying clang's arm_cmse.h...
[2317/4598] Copying clang's arm_neon_sve_bridge.h...
[2318/4598] Copying clang's armintr.h...
[2319/4598] Building arm_bf16.h...
[2320/4598] Building arm_cde.h...
[2321/4598] Building XCoreGenRegisterInfo.inc...
[2322/4598] Building XCoreGenInstrInfo.inc...
[2323/4598] Building arm_fp16.h...
[2324/4598] Building XCoreGenSubtargetInfo.inc...
[2325/4598] Building arm_mve.h...
[2326/4598] Building riscv_vector.h...
[2327/4598] Building arm_sve.h...
[2328/4598] Linking CXX static library lib/libclangFrontend.a
[2329/4598] Building arm_neon.h...
[2330/4598] Building X86GenGlobalISel.inc...
[2331/4598] Building X86GenFastISel.inc...
[2332/4598] Building X86GenInstrInfo.inc...
[2333/4598] Building X86GenSubtargetInfo.inc...
[2334/4598] Building RISCVGenDAGISel.inc...
[2335/4598] Building CXX object tools/clang/lib/Index/CMakeFiles/obj.clangIndex.dir/FileIndexRecord.cpp.o
[2336/4598] Building CXX object tools/clang/lib/Index/CMakeFiles/obj.clangIndex.dir/CommentToXML.cpp.o
[2337/4598] Linking CXX static library lib/libclangFormat.a
[2338/4598] Building CXX object tools/clang/lib/Index/CMakeFiles/obj.clangIndex.dir/IndexDecl.cpp.o
[2339/4598] Building CXX object tools/clang/lib/Index/CMakeFiles/obj.clangIndex.dir/IndexSymbol.cpp.o
[2340/4598] Linking CXX static library lib/libLLVMCodeGen.a
[2341/4598] Building CXX object lib/IRPrinter/CMakeFiles/LLVMIRPrinter.dir/IRPrintingPasses.cpp.o
[2342/4598] Building CXX object tools/clang/lib/Index/CMakeFiles/obj.clangIndex.dir/IndexingContext.cpp.o
[2343/4598] Building CXX object tools/clang/lib/Index/CMakeFiles/obj.clangIndex.dir/USRGeneration.cpp.o
[2344/4598] Building CXX object tools/clang/lib/Index/CMakeFiles/obj.clangIndex.dir/IndexingAction.cpp.o
[2345/4598] Building CXX object tools/clang/lib/Index/CMakeFiles/obj.clangIndex.dir/IndexBody.cpp.o
[2346/4598] Building CXX object tools/clang/lib/Tooling/DumpTool/CMakeFiles/clang-ast-dump.dir/ClangSrcLocDump.cpp.o
[2347/4598] Building CXX object tools/clang/lib/Tooling/DumpTool/CMakeFiles/clang-ast-dump.dir/ASTSrcLocProcessor.cpp.o
[2348/4598] Building CXX object lib/CodeGen/SelectionDAG/CMakeFiles/LLVMSelectionDAG.dir/FunctionLoweringInfo.cpp.o
[2349/4598] Building CXX object lib/CodeGen/SelectionDAG/CMakeFiles/LLVMSelectionDAG.dir/FastISel.cpp.o
[2350/4598] Building CXX object tools/clang/lib/Index/CMakeFiles/obj.clangIndex.dir/IndexTypeSourceInfo.cpp.o
[2351/4598] Building CXX object lib/CodeGen/SelectionDAG/CMakeFiles/LLVMSelectionDAG.dir/InstrEmitter.cpp.o
[2352/4598] Building CXX object lib/CodeGen/SelectionDAG/CMakeFiles/LLVMSelectionDAG.dir/LegalizeTypes.cpp.o
[2353/4598] Building CXX object lib/CodeGen/SelectionDAG/CMakeFiles/LLVMSelectionDAG.dir/LegalizeFloatTypes.cpp.o
[2354/4598] Building CXX object lib/CodeGen/SelectionDAG/CMakeFiles/LLVMSelectionDAG.dir/LegalizeDAG.cpp.o
[2355/4598] Building CXX object lib/CodeGen/SelectionDAG/CMakeFiles/LLVMSelectionDAG.dir/LegalizeVectorOps.cpp.o
[2356/4598] Building CXX object lib/CodeGen/SelectionDAG/CMakeFiles/LLVMSelectionDAG.dir/LegalizeTypesGeneric.cpp.o
[2357/4598] Building CXX object lib/CodeGen/SelectionDAG/CMakeFiles/LLVMSelectionDAG.dir/ResourcePriorityQueue.cpp.o
[2358/4598] Building CXX object lib/CodeGen/SelectionDAG/CMakeFiles/LLVMSelectionDAG.dir/LegalizeIntegerTypes.cpp.o
[2359/4598] Building CXX object lib/CodeGen/SelectionDAG/CMakeFiles/LLVMSelectionDAG.dir/ScheduleDAGFast.cpp.o
[2360/4598] Building CXX object lib/CodeGen/SelectionDAG/CMakeFiles/LLVMSelectionDAG.dir/ScheduleDAGVLIW.cpp.o
[2361/4598] Building CXX object lib/CodeGen/SelectionDAG/CMakeFiles/LLVMSelectionDAG.dir/ScheduleDAGRRList.cpp.o
[2362/4598] Building CXX object lib/CodeGen/SelectionDAG/CMakeFiles/LLVMSelectionDAG.dir/SelectionDAGAddressAnalysis.cpp.o
[2363/4598] Building CXX object lib/CodeGen/SelectionDAG/CMakeFiles/LLVMSelectionDAG.dir/LegalizeVectorTypes.cpp.o
[2364/4598] Building CXX object lib/CodeGen/SelectionDAG/CMakeFiles/LLVMSelectionDAG.dir/SelectionDAGTargetInfo.cpp.o
[2365/4598] Linking CXX static library lib/libLLVMipo.a
[2366/4598] Building CXX object lib/CodeGen/SelectionDAG/CMakeFiles/LLVMSelectionDAG.dir/ScheduleDAGSDNodes.cpp.o
[2367/4598] Building CXX object lib/CodeGen/SelectionDAG/CMakeFiles/LLVMSelectionDAG.dir/SelectionDAGPrinter.cpp.o
[2368/4598] Building CXX object lib/CodeGen/SelectionDAG/CMakeFiles/LLVMSelectionDAG.dir/SelectionDAGDumper.cpp.o
[2369/4598] Building CXX object lib/Transforms/Coroutines/CMakeFiles/LLVMCoroutines.dir/Coroutines.cpp.o
[2370/4598] Building CXX object lib/Transforms/Coroutines/CMakeFiles/LLVMCoroutines.dir/CoroCleanup.cpp.o
[2371/4598] Building CXX object lib/CodeGen/SelectionDAG/CMakeFiles/LLVMSelectionDAG.dir/StatepointLowering.cpp.o
[2372/4598] Building CXX object lib/Transforms/Coroutines/CMakeFiles/LLVMCoroutines.dir/CoroConditionalWrapper.cpp.o
[2373/4598] Linking CXX static library lib/libLLVMMCDisassembler.a
[2374/4598] Building CXX object lib/Transforms/Coroutines/CMakeFiles/LLVMCoroutines.dir/CoroEarly.cpp.o
[2375/4598] Building CXX object lib/ExecutionEngine/Orc/Shared/CMakeFiles/LLVMOrcShared.dir/OrcError.cpp.o
[2376/4598] Building CXX object lib/ExecutionEngine/Orc/Shared/CMakeFiles/LLVMOrcShared.dir/AllocationActions.cpp.o
[2377/4598] Building CXX object lib/CodeGen/SelectionDAG/CMakeFiles/LLVMSelectionDAG.dir/SelectionDAGISel.cpp.o
[2378/4598] Building CXX object lib/Transforms/Coroutines/CMakeFiles/LLVMCoroutines.dir/CoroElide.cpp.o
[2379/4598] Building CXX object lib/Target/AArch64/TargetInfo/CMakeFiles/LLVMAArch64Info.dir/AArch64TargetInfo.cpp.o
[2380/4598] Building CXX object lib/ExecutionEngine/Orc/Shared/CMakeFiles/LLVMOrcShared.dir/OrcRTBridge.cpp.o
[2381/4598] Building CXX object lib/ExecutionEngine/Orc/Shared/CMakeFiles/LLVMOrcShared.dir/SimpleRemoteEPCUtils.cpp.o
[2382/4598] Building CXX object lib/Target/AArch64/Utils/CMakeFiles/LLVMAArch64Utils.dir/AArch64BaseInfo.cpp.o
[2383/4598] Building CXX object lib/Target/AMDGPU/Utils/CMakeFiles/LLVMAMDGPUUtils.dir/AMDGPUAsmUtils.cpp.o
[2384/4598] Building CXX object lib/Target/AMDGPU/TargetInfo/CMakeFiles/LLVMAMDGPUInfo.dir/AMDGPUTargetInfo.cpp.o
[2385/4598] Building CXX object lib/Target/AArch64/Utils/CMakeFiles/LLVMAArch64Utils.dir/AArch64SMEAttributes.cpp.o
[2386/4598] Building CXX object lib/CodeGen/SelectionDAG/CMakeFiles/LLVMSelectionDAG.dir/SelectionDAG.cpp.o
[2387/4598] Building CXX object lib/Transforms/Coroutines/CMakeFiles/LLVMCoroutines.dir/CoroSplit.cpp.o
[2388/4598] Building CXX object lib/Target/ARM/TargetInfo/CMakeFiles/LLVMARMInfo.dir/ARMTargetInfo.cpp.o
[2389/4598] Building CXX object lib/Target/AMDGPU/Utils/CMakeFiles/LLVMAMDGPUUtils.dir/AMDKernelCodeTUtils.cpp.o
[2390/4598] Building CXX object lib/Transforms/Coroutines/CMakeFiles/LLVMCoroutines.dir/CoroFrame.cpp.o
[2391/4598] Building CXX object lib/Target/ARM/Utils/CMakeFiles/LLVMARMUtils.dir/ARMBaseInfo.cpp.o
[2392/4598] Building CXX object lib/CodeGen/SelectionDAG/CMakeFiles/LLVMSelectionDAG.dir/SelectionDAGBuilder.cpp.o
[2393/4598] Building CXX object lib/Target/AVR/TargetInfo/CMakeFiles/LLVMAVRInfo.dir/AVRTargetInfo.cpp.o
[2394/4598] Building CXX object lib/Target/BPF/TargetInfo/CMakeFiles/LLVMBPFInfo.dir/BPFTargetInfo.cpp.o
[2395/4598] Building CXX object lib/Target/AMDGPU/Utils/CMakeFiles/LLVMAMDGPUUtils.dir/AMDGPUMemoryUtils.cpp.o
[2396/4598] Building CXX object lib/CodeGen/SelectionDAG/CMakeFiles/LLVMSelectionDAG.dir/DAGCombiner.cpp.o
[2397/4598] Building CXX object lib/Target/AMDGPU/Utils/CMakeFiles/LLVMAMDGPUUtils.dir/AMDGPUPALMetadata.cpp.o
[2398/4598] Building CXX object lib/Target/Hexagon/MCTargetDesc/CMakeFiles/LLVMHexagonDesc.dir/HexagonMCAsmInfo.cpp.o
[2399/4598] Building CXX object lib/Target/Hexagon/MCTargetDesc/CMakeFiles/LLVMHexagonDesc.dir/HexagonELFObjectWriter.cpp.o
[2400/4598] Building CXX object lib/Target/Hexagon/MCTargetDesc/CMakeFiles/LLVMHexagonDesc.dir/HexagonMCDuplexInfo.cpp.o
[2401/4598] Building CXX object lib/Target/Hexagon/MCTargetDesc/CMakeFiles/LLVMHexagonDesc.dir/HexagonAsmBackend.cpp.o
[2402/4598] Building CXX object lib/Target/Hexagon/MCTargetDesc/CMakeFiles/LLVMHexagonDesc.dir/HexagonMCCompound.cpp.o
[2403/4598] Building CXX object lib/Target/Hexagon/MCTargetDesc/CMakeFiles/LLVMHexagonDesc.dir/HexagonInstPrinter.cpp.o
[2404/4598] Building CXX object lib/Target/Hexagon/MCTargetDesc/CMakeFiles/LLVMHexagonDesc.dir/HexagonMCExpr.cpp.o
[2405/4598] Building CXX object lib/Target/Hexagon/MCTargetDesc/CMakeFiles/LLVMHexagonDesc.dir/HexagonMCChecker.cpp.o
[2406/4598] Linking CXX static library lib/libLLVMHexagonInfo.a
[2407/4598] Building CXX object lib/Target/Hexagon/MCTargetDesc/CMakeFiles/LLVMHexagonDesc.dir/HexagonMCShuffler.cpp.o
[2408/4598] Building CXX object lib/Target/Hexagon/MCTargetDesc/CMakeFiles/LLVMHexagonDesc.dir/HexagonMCELFStreamer.cpp.o
[2409/4598] Building CXX object lib/Target/Lanai/MCTargetDesc/CMakeFiles/LLVMLanaiDesc.dir/LanaiELFObjectWriter.cpp.o
[2410/4598] Building CXX object lib/Target/Hexagon/MCTargetDesc/CMakeFiles/LLVMHexagonDesc.dir/HexagonMCInstrInfo.cpp.o
[2411/4598] Building CXX object lib/CodeGen/SelectionDAG/CMakeFiles/LLVMSelectionDAG.dir/TargetLowering.cpp.o
[2412/4598] Building CXX object lib/Target/Lanai/MCTargetDesc/CMakeFiles/LLVMLanaiDesc.dir/LanaiMCAsmInfo.cpp.o
[2413/4598] Linking CXX static library lib/libLLVMLanaiInfo.a
[2414/4598] Building CXX object lib/Target/Hexagon/MCTargetDesc/CMakeFiles/LLVMHexagonDesc.dir/HexagonMCCodeEmitter.cpp.o
[2415/4598] Building CXX object lib/Target/Lanai/MCTargetDesc/CMakeFiles/LLVMLanaiDesc.dir/LanaiInstPrinter.cpp.o
[2416/4598] Building CXX object lib/Target/Lanai/MCTargetDesc/CMakeFiles/LLVMLanaiDesc.dir/LanaiAsmBackend.cpp.o
[2417/4598] Building CXX object lib/Target/Lanai/MCTargetDesc/CMakeFiles/LLVMLanaiDesc.dir/LanaiMCCodeEmitter.cpp.o
[2418/4598] Building CXX object lib/Target/LoongArch/TargetInfo/CMakeFiles/LLVMLoongArchInfo.dir/LoongArchTargetInfo.cpp.o
[2419/4598] Building CXX object lib/Target/Mips/TargetInfo/CMakeFiles/LLVMMipsInfo.dir/MipsTargetInfo.cpp.o
[2420/4598] Building CXX object lib/Target/Hexagon/MCTargetDesc/CMakeFiles/LLVMHexagonDesc.dir/HexagonShuffler.cpp.o
[2421/4598] Building CXX object lib/Target/MSP430/TargetInfo/CMakeFiles/LLVMMSP430Info.dir/MSP430TargetInfo.cpp.o
[2422/4598] Building CXX object lib/Target/Lanai/MCTargetDesc/CMakeFiles/LLVMLanaiDesc.dir/LanaiMCExpr.cpp.o
[2423/4598] Building CXX object lib/Target/NVPTX/TargetInfo/CMakeFiles/LLVMNVPTXInfo.dir/NVPTXTargetInfo.cpp.o
[2424/4598] Building CXX object lib/Target/PowerPC/TargetInfo/CMakeFiles/LLVMPowerPCInfo.dir/PowerPCTargetInfo.cpp.o
[2425/4598] Building CXX object lib/Target/Hexagon/MCTargetDesc/CMakeFiles/LLVMHexagonDesc.dir/HexagonMCTargetDesc.cpp.o
[2426/4598] Building CXX object lib/Target/Lanai/MCTargetDesc/CMakeFiles/LLVMLanaiDesc.dir/LanaiMCTargetDesc.cpp.o
[2427/4598] Building CXX object lib/Target/RISCV/TargetInfo/CMakeFiles/LLVMRISCVInfo.dir/RISCVTargetInfo.cpp.o
[2428/4598] Copying clang's __stddef_max_align_t.h...
[2429/4598] Copying clang's arm_bf16.h...
[2430/4598] Building CXX object lib/Target/SystemZ/TargetInfo/CMakeFiles/LLVMSystemZInfo.dir/SystemZTargetInfo.cpp.o
[2431/4598] Copying clang's arm_cde.h...
[2432/4598] Copying clang's arm_fp16.h...
[2433/4598] Building CXX object lib/Target/Sparc/TargetInfo/CMakeFiles/LLVMSparcInfo.dir/SparcTargetInfo.cpp.o
[2434/4598] Copying clang's arm_mve.h...
[2435/4598] Copying clang's arm_neon.h...
[2436/4598] Copying clang's arm_sve.h...
[2437/4598] Copying clang's float.h...
[2438/4598] Copying clang's hlsl/hlsl_basic_types.h...
[2439/4598] Copying clang's inttypes.h...
[2440/4598] Copying clang's hlsl/hlsl_intrinsics.h...
[2441/4598] Copying clang's iso646.h...
[2442/4598] Copying clang's limits.h...
[2443/4598] Copying clang's module.modulemap...
[2444/4598] Copying clang's opencl-c-base.h...
[2445/4598] Copying clang's openmp_wrappers/__clang_openmp_device_functions.h...
[2446/4598] Copying clang's openmp_wrappers/cmath...
[2447/4598] Copying clang's openmp_wrappers/complex...
[2448/4598] Copying clang's openmp_wrappers/complex.h...
[2449/4598] Copying clang's openmp_wrappers/complex_cmath.h...
[2450/4598] Copying clang's openmp_wrappers/new...
[2451/4598] Copying clang's riscv_vector.h...
[2452/4598] Copying clang's stdarg.h...
[2453/4598] Copying clang's stdalign.h...
[2454/4598] Copying clang's stdatomic.h...
[2455/4598] Copying clang's stdbool.h...
[2456/4598] Copying clang's stddef.h...
[2457/4598] Copying clang's stdint.h...
[2458/4598] Copying clang's stdnoreturn.h...
[2459/4598] Copying clang's tgmath.h...
[2460/4598] Copying clang's unwind.h...
[2461/4598] Copying clang's vadefs.h...
[2462/4598] Copying clang's varargs.h...
[2463/4598] Linking CXX static library lib/libclangIndex.a
[2464/4598] Building CXX object lib/Target/VE/TargetInfo/CMakeFiles/LLVMVEInfo.dir/VETargetInfo.cpp.o
[2465/4598] Linking CXX static library lib/libLLVMIRPrinter.a
[2466/4598] Building CXX object lib/Target/WebAssembly/TargetInfo/CMakeFiles/LLVMWebAssemblyInfo.dir/WebAssemblyTargetInfo.cpp.o
[2467/4598] Linking CXX static library lib/libLLVMSelectionDAG.a
[2468/4598] Building CXX object lib/Target/X86/TargetInfo/CMakeFiles/LLVMX86Info.dir/X86TargetInfo.cpp.o
[2469/4598] Building CXX object lib/Target/XCore/TargetInfo/CMakeFiles/LLVMXCoreInfo.dir/XCoreTargetInfo.cpp.o
[2470/4598] Building CXX object lib/Target/AMDGPU/Utils/CMakeFiles/LLVMAMDGPUUtils.dir/AMDGPUBaseInfo.cpp.o
[2471/4598] Building CXX object lib/Target/WebAssembly/Utils/CMakeFiles/LLVMWebAssemblyUtils.dir/WebAssemblyTypeUtilities.cpp.o
[2472/4598] Building CXX object lib/CodeGen/AsmPrinter/CMakeFiles/LLVMAsmPrinter.dir/AddressPool.cpp.o
[2473/4598] Linking CXX executable bin/clang-ast-dump
[2474/4598] Building CXX object lib/CodeGen/AsmPrinter/CMakeFiles/LLVMAsmPrinter.dir/ARMException.cpp.o
[2475/4598] Building CXX object lib/CodeGen/AsmPrinter/CMakeFiles/LLVMAsmPrinter.dir/AIXException.cpp.o
[2476/4598] Building CXX object lib/CodeGen/AsmPrinter/CMakeFiles/LLVMAsmPrinter.dir/AsmPrinterDwarf.cpp.o
[2477/4598] Building CXX object lib/Target/WebAssembly/Utils/CMakeFiles/LLVMWebAssemblyUtils.dir/WebAssemblyUtilities.cpp.o
[2478/4598] Building CXX object lib/CodeGen/AsmPrinter/CMakeFiles/LLVMAsmPrinter.dir/AsmPrinterInlineAsm.cpp.o
[2479/4598] Building CXX object lib/CodeGen/AsmPrinter/CMakeFiles/LLVMAsmPrinter.dir/AccelTable.cpp.o
[2480/4598] Building CXX object lib/CodeGen/AsmPrinter/CMakeFiles/LLVMAsmPrinter.dir/DebugLocStream.cpp.o
[2481/4598] Building CXX object tools/clang/lib/CrossTU/CMakeFiles/obj.clangCrossTU.dir/CrossTranslationUnit.cpp.o
[2482/4598] Building CXX object lib/CodeGen/AsmPrinter/CMakeFiles/LLVMAsmPrinter.dir/DwarfCFIException.cpp.o
[2483/4598] Building CXX object lib/CodeGen/AsmPrinter/CMakeFiles/LLVMAsmPrinter.dir/DbgEntityHistoryCalculator.cpp.o
[2484/4598] Building CXX object lib/CodeGen/AsmPrinter/CMakeFiles/LLVMAsmPrinter.dir/DebugHandlerBase.cpp.o
[2485/4598] Building CXX object lib/CodeGen/AsmPrinter/CMakeFiles/LLVMAsmPrinter.dir/DIEHash.cpp.o
[2486/4598] Building CXX object lib/CodeGen/AsmPrinter/CMakeFiles/LLVMAsmPrinter.dir/DIE.cpp.o
[2487/4598] Building CXX object lib/CodeGen/AsmPrinter/CMakeFiles/LLVMAsmPrinter.dir/DwarfExpression.cpp.o
[2488/4598] Building CXX object lib/CodeGen/AsmPrinter/CMakeFiles/LLVMAsmPrinter.dir/DwarfFile.cpp.o
[2489/4598] Building CXX object lib/CodeGen/AsmPrinter/CMakeFiles/LLVMAsmPrinter.dir/DwarfStringPool.cpp.o
[2490/4598] Building CXX object lib/CodeGen/AsmPrinter/CMakeFiles/LLVMAsmPrinter.dir/EHStreamer.cpp.o
[2491/4598] Building CXX object lib/CodeGen/AsmPrinter/CMakeFiles/LLVMAsmPrinter.dir/ErlangGCPrinter.cpp.o
[2492/4598] Building CXX object lib/CodeGen/AsmPrinter/CMakeFiles/LLVMAsmPrinter.dir/OcamlGCPrinter.cpp.o
[2493/4598] Building CXX object lib/CodeGen/AsmPrinter/CMakeFiles/LLVMAsmPrinter.dir/DwarfCompileUnit.cpp.o
[2494/4598] Building CXX object lib/CodeGen/AsmPrinter/CMakeFiles/LLVMAsmPrinter.dir/AsmPrinter.cpp.o
[2495/4598] Building CXX object lib/CodeGen/AsmPrinter/CMakeFiles/LLVMAsmPrinter.dir/PseudoProbePrinter.cpp.o
[2496/4598] Building CXX object lib/CodeGen/MIRParser/CMakeFiles/LLVMMIRParser.dir/MILexer.cpp.o
[2497/4598] Building CXX object lib/CodeGen/AsmPrinter/CMakeFiles/LLVMAsmPrinter.dir/DwarfUnit.cpp.o
[2498/4598] Building CXX object lib/CodeGen/AsmPrinter/CMakeFiles/LLVMAsmPrinter.dir/WinCFGuard.cpp.o
[2499/4598] Building CXX object lib/CodeGen/AsmPrinter/CMakeFiles/LLVMAsmPrinter.dir/WasmException.cpp.o
[2500/4598] Building CXX object lib/CodeGen/GlobalISel/CMakeFiles/LLVMGlobalISel.dir/GlobalISel.cpp.o
[2501/4598] Building CXX object lib/CodeGen/AsmPrinter/CMakeFiles/LLVMAsmPrinter.dir/WinException.cpp.o
[2502/4598] Building CXX object lib/CodeGen/GlobalISel/CMakeFiles/LLVMGlobalISel.dir/CSEInfo.cpp.o
[2503/4598] Building CXX object lib/CodeGen/AsmPrinter/CMakeFiles/LLVMAsmPrinter.dir/DwarfDebug.cpp.o
[2504/4598] Building CXX object lib/CodeGen/GlobalISel/CMakeFiles/LLVMGlobalISel.dir/CSEMIRBuilder.cpp.o
[2505/4598] Building CXX object lib/CodeGen/GlobalISel/CMakeFiles/LLVMGlobalISel.dir/Combiner.cpp.o
[2506/4598] Building CXX object lib/CodeGen/GlobalISel/CMakeFiles/LLVMGlobalISel.dir/GISelChangeObserver.cpp.o
[2507/4598] Building CXX object lib/CodeGen/GlobalISel/CMakeFiles/LLVMGlobalISel.dir/CallLowering.cpp.o
[2508/4598] Building CXX object lib/CodeGen/GlobalISel/CMakeFiles/LLVMGlobalISel.dir/GISelKnownBits.cpp.o
[2509/4598] Building CXX object lib/CodeGen/GlobalISel/CMakeFiles/LLVMGlobalISel.dir/InstructionSelector.cpp.o
[2510/4598] Building CXX object lib/CodeGen/MIRParser/CMakeFiles/LLVMMIRParser.dir/MIParser.cpp.o
[2511/4598] Building CXX object lib/CodeGen/GlobalISel/CMakeFiles/LLVMGlobalISel.dir/LegalityPredicates.cpp.o
[2512/4598] Building CXX object lib/CodeGen/GlobalISel/CMakeFiles/LLVMGlobalISel.dir/LegalizeMutations.cpp.o
[2513/4598] Building CXX object lib/CodeGen/MIRParser/CMakeFiles/LLVMMIRParser.dir/MIRParser.cpp.o
[2514/4598] Building CXX object lib/CodeGen/GlobalISel/CMakeFiles/LLVMGlobalISel.dir/InlineAsmLowering.cpp.o
[2515/4598] Building CXX object lib/CodeGen/AsmPrinter/CMakeFiles/LLVMAsmPrinter.dir/CodeViewDebug.cpp.o
[2516/4598] Building CXX object lib/CodeGen/GlobalISel/CMakeFiles/LLVMGlobalISel.dir/InstructionSelect.cpp.o
[2517/4598] Building CXX object lib/CodeGen/GlobalISel/CMakeFiles/LLVMGlobalISel.dir/LegalizerInfo.cpp.o
[2518/4598] Building CXX object lib/CodeGen/GlobalISel/CMakeFiles/LLVMGlobalISel.dir/LegacyLegalizerInfo.cpp.o
[2519/4598] Building CXX object lib/CodeGen/GlobalISel/CMakeFiles/LLVMGlobalISel.dir/LostDebugLocObserver.cpp.o
[2520/4598] Linking CXX static library lib/libLLVMCoroutines.a
[2521/4598] Building CXX object lib/CodeGen/GlobalISel/CMakeFiles/LLVMGlobalISel.dir/Localizer.cpp.o
[2522/4598] Linking CXX static library lib/libLLVMOrcShared.a
[2523/4598] Building CXX object lib/CodeGen/GlobalISel/CMakeFiles/LLVMGlobalISel.dir/IRTranslator.cpp.o
[2524/4598] Building CXX object lib/CodeGen/GlobalISel/CMakeFiles/LLVMGlobalISel.dir/LoadStoreOpt.cpp.o
[2525/4598] Building CXX object lib/CodeGen/GlobalISel/CMakeFiles/LLVMGlobalISel.dir/Legalizer.cpp.o
[2526/4598] Building CXX object lib/CodeGen/GlobalISel/CMakeFiles/LLVMGlobalISel.dir/RegBankSelect.cpp.o
[2527/4598] Building CXX object lib/CodeGen/GlobalISel/CMakeFiles/LLVMGlobalISel.dir/CombinerHelper.cpp.o
[2528/4598] Building CXX object lib/Transforms/CFGuard/CMakeFiles/LLVMCFGuard.dir/CFGuard.cpp.o
[2529/4598] Building CXX object lib/ExecutionEngine/Orc/TargetProcess/CMakeFiles/LLVMOrcTargetProcess.dir/JITLoaderGDB.cpp.o
[2530/4598] Building CXX object lib/CodeGen/GlobalISel/CMakeFiles/LLVMGlobalISel.dir/MachineIRBuilder.cpp.o
[2531/4598] Building CXX object lib/ExecutionEngine/Orc/TargetProcess/CMakeFiles/LLVMOrcTargetProcess.dir/OrcRTBootstrap.cpp.o
[2532/4598] Building CXX object lib/ExecutionEngine/Orc/TargetProcess/CMakeFiles/LLVMOrcTargetProcess.dir/RegisterEHFrames.cpp.o
[2533/4598] Building CXX object lib/ExecutionEngine/Orc/TargetProcess/CMakeFiles/LLVMOrcTargetProcess.dir/TargetExecutionUtils.cpp.o
[2534/4598] Building CXX object lib/ExecutionEngine/Orc/TargetProcess/CMakeFiles/LLVMOrcTargetProcess.dir/ExecutorSharedMemoryMapperService.cpp.o
[2535/4598] Building CXX object lib/ExecutionEngine/Orc/TargetProcess/CMakeFiles/LLVMOrcTargetProcess.dir/SimpleExecutorDylibManager.cpp.o
[2536/4598] Building CXX object lib/ExecutionEngine/Orc/TargetProcess/CMakeFiles/LLVMOrcTargetProcess.dir/SimpleRemoteEPCServer.cpp.o
[2537/4598] Building CXX object lib/ExecutionEngine/RuntimeDyld/CMakeFiles/LLVMRuntimeDyld.dir/RTDyldMemoryManager.cpp.o
[2538/4598] Building CXX object lib/CodeGen/GlobalISel/CMakeFiles/LLVMGlobalISel.dir/LegalizerHelper.cpp.o
[2539/4598] Building CXX object lib/ExecutionEngine/Orc/TargetProcess/CMakeFiles/LLVMOrcTargetProcess.dir/SimpleExecutorMemoryManager.cpp.o
[2540/4598] Building CXX object lib/CodeGen/GlobalISel/CMakeFiles/LLVMGlobalISel.dir/Utils.cpp.o
[2541/4598] Building CXX object lib/ExecutionEngine/RuntimeDyld/CMakeFiles/LLVMRuntimeDyld.dir/JITSymbol.cpp.o
[2542/4598] Building CXX object lib/ExecutionEngine/RuntimeDyld/CMakeFiles/LLVMRuntimeDyld.dir/Targets/RuntimeDyldELFMips.cpp.o
[2543/4598] Building CXX object lib/ExecutionEngine/RuntimeDyld/CMakeFiles/LLVMRuntimeDyld.dir/RuntimeDyldChecker.cpp.o
[2544/4598] Building CXX object lib/ExecutionEngine/RuntimeDyld/CMakeFiles/LLVMRuntimeDyld.dir/RuntimeDyldCOFF.cpp.o
[2545/4598] Building CXX object lib/Target/AArch64/MCTargetDesc/CMakeFiles/LLVMAArch64Desc.dir/AArch64ELFObjectWriter.cpp.o
[2546/4598] Building CXX object lib/ExecutionEngine/RuntimeDyld/CMakeFiles/LLVMRuntimeDyld.dir/RuntimeDyldMachO.cpp.o
[2547/4598] Building CXX object lib/Target/AArch64/MCTargetDesc/CMakeFiles/LLVMAArch64Desc.dir/AArch64ELFStreamer.cpp.o
[2548/4598] Building CXX object lib/ExecutionEngine/RuntimeDyld/CMakeFiles/LLVMRuntimeDyld.dir/RuntimeDyld.cpp.o
[2549/4598] Building CXX object lib/Target/AArch64/MCTargetDesc/CMakeFiles/LLVMAArch64Desc.dir/AArch64AsmBackend.cpp.o
[2550/4598] Building CXX object lib/Target/AArch64/MCTargetDesc/CMakeFiles/LLVMAArch64Desc.dir/AArch64MCExpr.cpp.o
[2551/4598] Linking CXX static library lib/libLLVMAArch64Info.a
[2552/4598] Linking CXX static library lib/libLLVMAArch64Utils.a
[2553/4598] Building CXX object lib/Target/AArch64/MCTargetDesc/CMakeFiles/LLVMAArch64Desc.dir/AArch64MCAsmInfo.cpp.o
[2554/4598] Building CXX object lib/Target/AArch64/MCTargetDesc/CMakeFiles/LLVMAArch64Desc.dir/AArch64MachObjectWriter.cpp.o
[2555/4598] Building CXX object lib/Target/AArch64/MCTargetDesc/CMakeFiles/LLVMAArch64Desc.dir/AArch64WinCOFFStreamer.cpp.o
[2556/4598] Building CXX object lib/Target/AArch64/MCTargetDesc/CMakeFiles/LLVMAArch64Desc.dir/AArch64WinCOFFObjectWriter.cpp.o
[2557/4598] Building CXX object lib/Target/AArch64/MCTargetDesc/CMakeFiles/LLVMAArch64Desc.dir/AArch64InstPrinter.cpp.o
[2558/4598] Building CXX object lib/Target/AMDGPU/MCTargetDesc/CMakeFiles/LLVMAMDGPUDesc.dir/AMDGPUMCCodeEmitter.cpp.o
[2559/4598] Building CXX object lib/Target/AMDGPU/MCTargetDesc/CMakeFiles/LLVMAMDGPUDesc.dir/AMDGPUAsmBackend.cpp.o
[2560/4598] Building CXX object lib/Target/AMDGPU/MCTargetDesc/CMakeFiles/LLVMAMDGPUDesc.dir/AMDGPUELFStreamer.cpp.o
[2561/4598] Building CXX object lib/Target/AMDGPU/MCTargetDesc/CMakeFiles/LLVMAMDGPUDesc.dir/AMDGPUELFObjectWriter.cpp.o
[2562/4598] Building CXX object lib/Target/AArch64/MCTargetDesc/CMakeFiles/LLVMAArch64Desc.dir/AArch64MCTargetDesc.cpp.o
[2563/4598] Building CXX object lib/Target/AMDGPU/MCTargetDesc/CMakeFiles/LLVMAMDGPUDesc.dir/AMDGPUMCAsmInfo.cpp.o
[2564/4598] Building CXX object lib/Target/AMDGPU/MCTargetDesc/CMakeFiles/LLVMAMDGPUDesc.dir/R600InstPrinter.cpp.o
[2565/4598] Linking CXX static library lib/libLLVMAMDGPUInfo.a
[2566/4598] Linking CXX static library lib/libLLVMAMDGPUUtils.a
[2567/4598] Building CXX object lib/Target/AArch64/MCTargetDesc/CMakeFiles/LLVMAArch64Desc.dir/AArch64MCCodeEmitter.cpp.o
[2568/4598] Building CXX object lib/Target/AMDGPU/MCTargetDesc/CMakeFiles/LLVMAMDGPUDesc.dir/R600MCTargetDesc.cpp.o
[2569/4598] Building CXX object lib/ExecutionEngine/RuntimeDyld/CMakeFiles/LLVMRuntimeDyld.dir/RuntimeDyldELF.cpp.o
[2570/4598] Building CXX object lib/Target/AMDGPU/MCTargetDesc/CMakeFiles/LLVMAMDGPUDesc.dir/R600MCCodeEmitter.cpp.o
[2571/4598] Building CXX object lib/Target/AArch64/MCTargetDesc/CMakeFiles/LLVMAArch64Desc.dir/AArch64TargetStreamer.cpp.o
[2572/4598] Building CXX object lib/Target/AMDGPU/MCTargetDesc/CMakeFiles/LLVMAMDGPUDesc.dir/AMDGPUTargetStreamer.cpp.o
[2573/4598] Building CXX object lib/Target/ARM/MCTargetDesc/CMakeFiles/LLVMARMDesc.dir/ARMELFObjectWriter.cpp.o
[2574/4598] Building CXX object lib/Target/AMDGPU/MCTargetDesc/CMakeFiles/LLVMAMDGPUDesc.dir/AMDGPUInstPrinter.cpp.o
[2575/4598] Building CXX object lib/Target/ARM/MCTargetDesc/CMakeFiles/LLVMARMDesc.dir/ARMMachORelocationInfo.cpp.o
[2576/4598] Building CXX object lib/Target/ARM/MCTargetDesc/CMakeFiles/LLVMARMDesc.dir/ARMMCAsmInfo.cpp.o
[2577/4598] Building CXX object lib/Target/ARM/MCTargetDesc/CMakeFiles/LLVMARMDesc.dir/ARMAsmBackend.cpp.o
[2578/4598] Building CXX object lib/Target/ARM/MCTargetDesc/CMakeFiles/LLVMARMDesc.dir/ARMInstPrinter.cpp.o
[2579/4598] Building CXX object lib/Target/ARM/MCTargetDesc/CMakeFiles/LLVMARMDesc.dir/ARMMachObjectWriter.cpp.o
[2580/4598] Building CXX object lib/Target/ARM/MCTargetDesc/CMakeFiles/LLVMARMDesc.dir/ARMUnwindOpAsm.cpp.o
[2581/4598] Building CXX object lib/Target/ARM/MCTargetDesc/CMakeFiles/LLVMARMDesc.dir/ARMMCExpr.cpp.o
[2582/4598] Linking CXX static library lib/libLLVMARMUtils.a
[2583/4598] Linking CXX static library lib/libLLVMARMInfo.a
[2584/4598] Building CXX object lib/Target/ARM/MCTargetDesc/CMakeFiles/LLVMARMDesc.dir/ARMELFStreamer.cpp.o
[2585/4598] Building CXX object lib/Target/ARM/MCTargetDesc/CMakeFiles/LLVMARMDesc.dir/ARMTargetStreamer.cpp.o
[2586/4598] Building CXX object lib/Target/ARM/MCTargetDesc/CMakeFiles/LLVMARMDesc.dir/ARMWinCOFFObjectWriter.cpp.o
[2587/4598] Building CXX object lib/Target/ARM/MCTargetDesc/CMakeFiles/LLVMARMDesc.dir/ARMWinCOFFStreamer.cpp.o
[2588/4598] Building CXX object lib/Target/AVR/MCTargetDesc/CMakeFiles/LLVMAVRDesc.dir/AVRAsmBackend.cpp.o
[2589/4598] Building CXX object lib/Target/AVR/MCTargetDesc/CMakeFiles/LLVMAVRDesc.dir/AVRMCAsmInfo.cpp.o
[2590/4598] Building CXX object lib/Target/AVR/MCTargetDesc/CMakeFiles/LLVMAVRDesc.dir/AVRELFObjectWriter.cpp.o
[2591/4598] Building CXX object lib/Target/AVR/MCTargetDesc/CMakeFiles/LLVMAVRDesc.dir/AVRInstPrinter.cpp.o
[2592/4598] Building CXX object lib/Target/AVR/MCTargetDesc/CMakeFiles/LLVMAVRDesc.dir/AVRELFStreamer.cpp.o
[2593/4598] Building CXX object lib/Target/ARM/MCTargetDesc/CMakeFiles/LLVMARMDesc.dir/ARMMCTargetDesc.cpp.o
[2594/4598] Linking CXX static library lib/libLLVMAVRInfo.a
[2595/4598] Building CXX object lib/Target/AMDGPU/MCTargetDesc/CMakeFiles/LLVMAMDGPUDesc.dir/AMDGPUMCTargetDesc.cpp.o
[2596/4598] Building CXX object lib/Target/AVR/MCTargetDesc/CMakeFiles/LLVMAVRDesc.dir/AVRMCCodeEmitter.cpp.o
[2597/4598] Building CXX object lib/Target/AVR/MCTargetDesc/CMakeFiles/LLVMAVRDesc.dir/AVRMCExpr.cpp.o
[2598/4598] Building CXX object lib/Target/AVR/MCTargetDesc/CMakeFiles/LLVMAVRDesc.dir/AVRMCELFStreamer.cpp.o
[2599/4598] Building CXX object lib/Target/AVR/MCTargetDesc/CMakeFiles/LLVMAVRDesc.dir/AVRTargetStreamer.cpp.o
[2600/4598] Linking CXX static library lib/libLLVMBPFInfo.a
[2601/4598] Linking CXX static library lib/libLLVMHexagonDesc.a
[2602/4598] Building CXX object lib/Target/AVR/MCTargetDesc/CMakeFiles/LLVMAVRDesc.dir/AVRMCTargetDesc.cpp.o
[2603/4598] Linking CXX static library lib/libLLVMLanaiDesc.a
[2604/4598] Building CXX object lib/Target/BPF/MCTargetDesc/CMakeFiles/LLVMBPFDesc.dir/BPFInstPrinter.cpp.o
[2605/4598] Building CXX object lib/Target/ARM/MCTargetDesc/CMakeFiles/LLVMARMDesc.dir/ARMMCCodeEmitter.cpp.o
[2606/4598] Building CXX object lib/Target/BPF/MCTargetDesc/CMakeFiles/LLVMBPFDesc.dir/BPFAsmBackend.cpp.o
[2607/4598] Building CXX object lib/Target/BPF/MCTargetDesc/CMakeFiles/LLVMBPFDesc.dir/BPFMCTargetDesc.cpp.o
[2608/4598] Building CXX object lib/Target/LoongArch/MCTargetDesc/CMakeFiles/LLVMLoongArchDesc.dir/LoongArchBaseInfo.cpp.o
[2609/4598] Building CXX object lib/Target/BPF/MCTargetDesc/CMakeFiles/LLVMBPFDesc.dir/BPFMCCodeEmitter.cpp.o
[2610/4598] Building CXX object lib/Target/BPF/MCTargetDesc/CMakeFiles/LLVMBPFDesc.dir/BPFELFObjectWriter.cpp.o
[2611/4598] Building CXX object lib/Target/LoongArch/MCTargetDesc/CMakeFiles/LLVMLoongArchDesc.dir/LoongArchAsmBackend.cpp.o
[2612/4598] Building CXX object lib/Target/LoongArch/MCTargetDesc/CMakeFiles/LLVMLoongArchDesc.dir/LoongArchInstPrinter.cpp.o
[2613/4598] Building CXX object lib/Target/LoongArch/MCTargetDesc/CMakeFiles/LLVMLoongArchDesc.dir/LoongArchELFObjectWriter.cpp.o
[2614/4598] Building CXX object lib/Target/LoongArch/MCTargetDesc/CMakeFiles/LLVMLoongArchDesc.dir/LoongArchMCAsmInfo.cpp.o
[2615/4598] Linking CXX static library lib/libLLVMLoongArchInfo.a
[2616/4598] Building CXX object lib/Target/LoongArch/MCTargetDesc/CMakeFiles/LLVMLoongArchDesc.dir/LoongArchELFStreamer.cpp.o
[2617/4598] Building CXX object lib/Target/LoongArch/MCTargetDesc/CMakeFiles/LLVMLoongArchDesc.dir/LoongArchMatInt.cpp.o
[2618/4598] Building CXX object lib/Target/LoongArch/MCTargetDesc/CMakeFiles/LLVMLoongArchDesc.dir/LoongArchMCCodeEmitter.cpp.o
[2619/4598] Building CXX object lib/Target/LoongArch/MCTargetDesc/CMakeFiles/LLVMLoongArchDesc.dir/LoongArchMCExpr.cpp.o
[2620/4598] Building CXX object lib/Target/LoongArch/MCTargetDesc/CMakeFiles/LLVMLoongArchDesc.dir/LoongArchTargetStreamer.cpp.o
[2621/4598] Building CXX object lib/Target/Mips/MCTargetDesc/CMakeFiles/LLVMMipsDesc.dir/MipsABIFlagsSection.cpp.o
[2622/4598] Building CXX object lib/Target/Lanai/AsmParser/CMakeFiles/LLVMLanaiAsmParser.dir/LanaiAsmParser.cpp.o
[2623/4598] Building CXX object lib/Target/Mips/MCTargetDesc/CMakeFiles/LLVMMipsDesc.dir/MipsABIInfo.cpp.o
[2624/4598] Building CXX object lib/Target/LoongArch/MCTargetDesc/CMakeFiles/LLVMLoongArchDesc.dir/LoongArchMCTargetDesc.cpp.o
[2625/4598] Building CXX object lib/Target/Mips/MCTargetDesc/CMakeFiles/LLVMMipsDesc.dir/MipsMCAsmInfo.cpp.o
[2626/4598] Building CXX object lib/Target/Mips/MCTargetDesc/CMakeFiles/LLVMMipsDesc.dir/MipsELFObjectWriter.cpp.o
[2627/4598] Building CXX object lib/Target/Hexagon/AsmParser/CMakeFiles/LLVMHexagonAsmParser.dir/HexagonAsmParser.cpp.o
[2628/4598] Building CXX object lib/Target/Mips/MCTargetDesc/CMakeFiles/LLVMMipsDesc.dir/MipsAsmBackend.cpp.o
[2629/4598] Linking CXX static library lib/libLLVMMipsInfo.a
[2630/4598] Building CXX object lib/Target/Mips/MCTargetDesc/CMakeFiles/LLVMMipsDesc.dir/MipsELFStreamer.cpp.o
[2631/4598] Building CXX object lib/Target/Mips/MCTargetDesc/CMakeFiles/LLVMMipsDesc.dir/MipsMCExpr.cpp.o
[2632/4598] Building CXX object lib/Target/MSP430/MCTargetDesc/CMakeFiles/LLVMMSP430Desc.dir/MSP430ELFObjectWriter.cpp.o
[2633/4598] Building CXX object lib/Target/MSP430/MCTargetDesc/CMakeFiles/LLVMMSP430Desc.dir/MSP430AsmBackend.cpp.o
[2634/4598] Building CXX object lib/Target/Mips/MCTargetDesc/CMakeFiles/LLVMMipsDesc.dir/MipsInstPrinter.cpp.o
[2635/4598] Building CXX object lib/Target/Mips/MCTargetDesc/CMakeFiles/LLVMMipsDesc.dir/MipsMCCodeEmitter.cpp.o
[2636/4598] Building CXX object lib/Target/Mips/MCTargetDesc/CMakeFiles/LLVMMipsDesc.dir/MipsMCTargetDesc.cpp.o
[2637/4598] Linking CXX static library lib/libLLVMMSP430Info.a
[2638/4598] Building CXX object lib/Target/Mips/MCTargetDesc/CMakeFiles/LLVMMipsDesc.dir/MipsNaClELFStreamer.cpp.o
[2639/4598] Building CXX object lib/Target/MSP430/MCTargetDesc/CMakeFiles/LLVMMSP430Desc.dir/MSP430MCAsmInfo.cpp.o
[2640/4598] Building CXX object lib/Target/Mips/MCTargetDesc/CMakeFiles/LLVMMipsDesc.dir/MipsOptionRecord.cpp.o
[2641/4598] Building CXX object lib/Target/Mips/MCTargetDesc/CMakeFiles/LLVMMipsDesc.dir/MipsTargetStreamer.cpp.o
[2642/4598] Linking CXX static library lib/libLLVMNVPTXInfo.a
[2643/4598] Building CXX object lib/Target/NVPTX/MCTargetDesc/CMakeFiles/LLVMNVPTXDesc.dir/NVPTXMCAsmInfo.cpp.o
[2644/4598] Building CXX object lib/Target/MSP430/MCTargetDesc/CMakeFiles/LLVMMSP430Desc.dir/MSP430ELFStreamer.cpp.o
[2645/4598] Building CXX object lib/Target/MSP430/MCTargetDesc/CMakeFiles/LLVMMSP430Desc.dir/MSP430MCTargetDesc.cpp.o
[2646/4598] Building CXX object lib/Target/MSP430/MCTargetDesc/CMakeFiles/LLVMMSP430Desc.dir/MSP430InstPrinter.cpp.o
[2647/4598] Building CXX object lib/Target/AMDGPU/MCTargetDesc/CMakeFiles/LLVMAMDGPUDesc.dir/SIMCCodeEmitter.cpp.o
[2648/4598] Building CXX object lib/Target/PowerPC/MCTargetDesc/CMakeFiles/LLVMPowerPCDesc.dir/PPCMCAsmInfo.cpp.o
[2649/4598] Building CXX object lib/Target/PowerPC/MCTargetDesc/CMakeFiles/LLVMPowerPCDesc.dir/PPCPredicates.cpp.o
[2650/4598] Building CXX object lib/Target/NVPTX/MCTargetDesc/CMakeFiles/LLVMNVPTXDesc.dir/NVPTXTargetStreamer.cpp.o
[2651/4598] Building CXX object lib/Target/MSP430/MCTargetDesc/CMakeFiles/LLVMMSP430Desc.dir/MSP430MCCodeEmitter.cpp.o
[2652/4598] Building CXX object lib/Target/PowerPC/MCTargetDesc/CMakeFiles/LLVMPowerPCDesc.dir/PPCELFObjectWriter.cpp.o
[2653/4598] Building CXX object lib/Target/PowerPC/MCTargetDesc/CMakeFiles/LLVMPowerPCDesc.dir/PPCAsmBackend.cpp.o
[2654/4598] Linking CXX static library lib/libLLVMPowerPCInfo.a
[2655/4598] Building CXX object lib/Target/PowerPC/MCTargetDesc/CMakeFiles/LLVMPowerPCDesc.dir/PPCXCOFFObjectWriter.cpp.o
[2656/4598] Building CXX object lib/Target/PowerPC/MCTargetDesc/CMakeFiles/LLVMPowerPCDesc.dir/PPCMCExpr.cpp.o
[2657/4598] Building CXX object lib/Target/NVPTX/MCTargetDesc/CMakeFiles/LLVMNVPTXDesc.dir/NVPTXMCTargetDesc.cpp.o
[2658/4598] Building CXX object lib/Target/PowerPC/MCTargetDesc/CMakeFiles/LLVMPowerPCDesc.dir/PPCInstPrinter.cpp.o
[2659/4598] Building CXX object lib/Target/PowerPC/MCTargetDesc/CMakeFiles/LLVMPowerPCDesc.dir/PPCXCOFFStreamer.cpp.o
[2660/4598] Building CXX object lib/Target/PowerPC/MCTargetDesc/CMakeFiles/LLVMPowerPCDesc.dir/PPCMCTargetDesc.cpp.o
[2661/4598] Building CXX object lib/Target/RISCV/MCTargetDesc/CMakeFiles/LLVMRISCVDesc.dir/RISCVAsmBackend.cpp.o
[2662/4598] Building CXX object lib/Target/PowerPC/MCTargetDesc/CMakeFiles/LLVMPowerPCDesc.dir/PPCMCCodeEmitter.cpp.o
[2663/4598] Building CXX object lib/Target/RISCV/MCTargetDesc/CMakeFiles/LLVMRISCVDesc.dir/RISCVInstPrinter.cpp.o
[2664/4598] Building CXX object lib/Target/RISCV/MCTargetDesc/CMakeFiles/LLVMRISCVDesc.dir/RISCVMCAsmInfo.cpp.o
[2665/4598] Building CXX object lib/Target/RISCV/MCTargetDesc/CMakeFiles/LLVMRISCVDesc.dir/RISCVBaseInfo.cpp.o
[2666/4598] Building CXX object lib/Target/RISCV/MCTargetDesc/CMakeFiles/LLVMRISCVDesc.dir/RISCVELFObjectWriter.cpp.o
[2667/4598] Linking CXX static library lib/libLLVMRISCVInfo.a
[2668/4598] Building CXX object lib/Target/PowerPC/MCTargetDesc/CMakeFiles/LLVMPowerPCDesc.dir/PPCELFStreamer.cpp.o
[2669/4598] Building CXX object lib/Target/RISCV/MCTargetDesc/CMakeFiles/LLVMRISCVDesc.dir/RISCVMatInt.cpp.o
[2670/4598] Building CXX object lib/Target/RISCV/MCTargetDesc/CMakeFiles/LLVMRISCVDesc.dir/RISCVMCObjectFileInfo.cpp.o
[2671/4598] Building CXX object lib/Target/Sparc/MCTargetDesc/CMakeFiles/LLVMSparcDesc.dir/SparcAsmBackend.cpp.o
[2672/4598] Building CXX object lib/Target/Sparc/MCTargetDesc/CMakeFiles/LLVMSparcDesc.dir/SparcELFObjectWriter.cpp.o
[2673/4598] Building CXX object lib/Target/RISCV/MCTargetDesc/CMakeFiles/LLVMRISCVDesc.dir/RISCVMCCodeEmitter.cpp.o
[2674/4598] Building CXX object lib/Target/RISCV/MCTargetDesc/CMakeFiles/LLVMRISCVDesc.dir/RISCVMCExpr.cpp.o
[2675/4598] Building CXX object lib/Target/Sparc/MCTargetDesc/CMakeFiles/LLVMSparcDesc.dir/SparcMCAsmInfo.cpp.o
[2676/4598] Linking CXX static library lib/libLLVMSparcInfo.a
[2677/4598] Building CXX object lib/Target/NVPTX/MCTargetDesc/CMakeFiles/LLVMNVPTXDesc.dir/NVPTXInstPrinter.cpp.o
[2678/4598] Building CXX object lib/Target/Sparc/MCTargetDesc/CMakeFiles/LLVMSparcDesc.dir/SparcInstPrinter.cpp.o
[2679/4598] Building CXX object lib/Target/Sparc/MCTargetDesc/CMakeFiles/LLVMSparcDesc.dir/SparcMCCodeEmitter.cpp.o
[2680/4598] Building CXX object lib/Target/RISCV/MCTargetDesc/CMakeFiles/LLVMRISCVDesc.dir/RISCVTargetStreamer.cpp.o
[2681/4598] Building CXX object lib/Target/Sparc/MCTargetDesc/CMakeFiles/LLVMSparcDesc.dir/SparcTargetStreamer.cpp.o
[2682/4598] Building CXX object lib/Target/RISCV/MCTargetDesc/CMakeFiles/LLVMRISCVDesc.dir/RISCVELFStreamer.cpp.o
[2683/4598] Linking CXX static library lib/libLLVMSystemZInfo.a
[2684/4598] Linking CXX static library lib/libLLVMVEInfo.a
[2685/4598] Building CXX object lib/Target/Sparc/MCTargetDesc/CMakeFiles/LLVMSparcDesc.dir/SparcMCExpr.cpp.o
[2686/4598] Building CXX object lib/Target/Sparc/MCTargetDesc/CMakeFiles/LLVMSparcDesc.dir/SparcMCTargetDesc.cpp.o
[2687/4598] Building CXX object lib/Target/SystemZ/MCTargetDesc/CMakeFiles/LLVMSystemZDesc.dir/SystemZInstPrinter.cpp.o
[2688/4598] Building CXX object lib/Target/SystemZ/MCTargetDesc/CMakeFiles/LLVMSystemZDesc.dir/SystemZMCObjectWriter.cpp.o
[2689/4598] Building CXX object lib/Target/SystemZ/MCTargetDesc/CMakeFiles/LLVMSystemZDesc.dir/SystemZMCAsmBackend.cpp.o
[2690/4598] Building CXX object lib/Target/SystemZ/MCTargetDesc/CMakeFiles/LLVMSystemZDesc.dir/SystemZMCAsmInfo.cpp.o
[2691/4598] Building CXX object lib/Target/RISCV/MCTargetDesc/CMakeFiles/LLVMRISCVDesc.dir/RISCVMCTargetDesc.cpp.o
[2692/4598] Building CXX object lib/Target/VE/MCTargetDesc/CMakeFiles/LLVMVEDesc.dir/VEAsmBackend.cpp.o
[2693/4598] Building CXX object lib/Target/VE/MCTargetDesc/CMakeFiles/LLVMVEDesc.dir/VEELFObjectWriter.cpp.o
[2694/4598] Building CXX object lib/Target/VE/MCTargetDesc/CMakeFiles/LLVMVEDesc.dir/VEMCAsmInfo.cpp.o
[2695/4598] Building CXX object lib/Target/SystemZ/MCTargetDesc/CMakeFiles/LLVMSystemZDesc.dir/SystemZMCTargetDesc.cpp.o
[2696/4598] Building CXX object lib/Target/VE/MCTargetDesc/CMakeFiles/LLVMVEDesc.dir/VEMCExpr.cpp.o
[2697/4598] Building CXX object lib/Target/VE/MCTargetDesc/CMakeFiles/LLVMVEDesc.dir/VETargetStreamer.cpp.o
[2698/4598] Building CXX object lib/Target/VE/MCTargetDesc/CMakeFiles/LLVMVEDesc.dir/VEInstPrinter.cpp.o
[2699/4598] Building CXX object lib/Target/WebAssembly/MCTargetDesc/CMakeFiles/LLVMWebAssemblyDesc.dir/WebAssemblyMCAsmInfo.cpp.o
[2700/4598] Linking CXX static library lib/libLLVMWebAssemblyInfo.a
[2701/4598] Linking CXX static library lib/libLLVMWebAssemblyUtils.a
[2702/4598] Building CXX object lib/Target/VE/MCTargetDesc/CMakeFiles/LLVMVEDesc.dir/VEMCTargetDesc.cpp.o
[2703/4598] Building CXX object lib/Target/VE/MCTargetDesc/CMakeFiles/LLVMVEDesc.dir/VEMCCodeEmitter.cpp.o
[2704/4598] Building CXX object lib/Target/SystemZ/MCTargetDesc/CMakeFiles/LLVMSystemZDesc.dir/SystemZMCCodeEmitter.cpp.o
[2705/4598] Building CXX object lib/Target/X86/MCTargetDesc/CMakeFiles/LLVMX86Desc.dir/X86ATTInstPrinter.cpp.o
[2706/4598] Building CXX object lib/Target/X86/MCTargetDesc/CMakeFiles/LLVMX86Desc.dir/X86InstPrinterCommon.cpp.o
[2707/4598] Building CXX object lib/Target/WebAssembly/MCTargetDesc/CMakeFiles/LLVMWebAssemblyDesc.dir/WebAssemblyAsmBackend.cpp.o
[2708/4598] Building CXX object lib/Target/X86/MCTargetDesc/CMakeFiles/LLVMX86Desc.dir/X86InstComments.cpp.o
[2709/4598] Building CXX object lib/Target/X86/MCTargetDesc/CMakeFiles/LLVMX86Desc.dir/X86ShuffleDecode.cpp.o
[2710/4598] Building CXX object lib/Target/WebAssembly/MCTargetDesc/CMakeFiles/LLVMWebAssemblyDesc.dir/WebAssemblyMCCodeEmitter.cpp.o
[2711/4598] Building CXX object lib/Target/X86/MCTargetDesc/CMakeFiles/LLVMX86Desc.dir/X86IntelInstPrinter.cpp.o
[2712/4598] Building CXX object lib/Target/WebAssembly/MCTargetDesc/CMakeFiles/LLVMWebAssemblyDesc.dir/WebAssemblyWasmObjectWriter.cpp.o
[2713/4598] Building CXX object lib/Target/WebAssembly/MCTargetDesc/CMakeFiles/LLVMWebAssemblyDesc.dir/WebAssemblyInstPrinter.cpp.o
[2714/4598] Building CXX object lib/Target/WebAssembly/MCTargetDesc/CMakeFiles/LLVMWebAssemblyDesc.dir/WebAssemblyMCTargetDesc.cpp.o
[2715/4598] Building CXX object lib/Target/WebAssembly/MCTargetDesc/CMakeFiles/LLVMWebAssemblyDesc.dir/WebAssemblyTargetStreamer.cpp.o
[2716/4598] Building CXX object lib/Target/X86/MCTargetDesc/CMakeFiles/LLVMX86Desc.dir/X86MCAsmInfo.cpp.o
[2717/4598] Building CXX object lib/Target/X86/MCTargetDesc/CMakeFiles/LLVMX86Desc.dir/X86InstrRelaxTables.cpp.o
[2718/4598] Linking CXX static library lib/libLLVMX86Info.a
[2719/4598] Building CXX object lib/Target/X86/MCTargetDesc/CMakeFiles/LLVMX86Desc.dir/X86MCCodeEmitter.cpp.o
[2720/4598] Building CXX object lib/Target/X86/MCTargetDesc/CMakeFiles/LLVMX86Desc.dir/X86MachObjectWriter.cpp.o
[2721/4598] Building CXX object lib/Target/X86/MCTargetDesc/CMakeFiles/LLVMX86Desc.dir/X86ELFObjectWriter.cpp.o
[2722/4598] Building CXX object lib/Target/X86/MCTargetDesc/CMakeFiles/LLVMX86Desc.dir/X86AsmBackend.cpp.o
[2723/4598] Linking CXX static library lib/libLLVMXCoreInfo.a
[2724/4598] Building CXX object lib/Passes/CMakeFiles/LLVMPasses.dir/OptimizationLevel.cpp.o
[2725/4598] Building CXX object lib/Target/X86/MCTargetDesc/CMakeFiles/LLVMX86Desc.dir/X86WinCOFFObjectWriter.cpp.o
[2726/4598] Building CXX object lib/Target/XCore/MCTargetDesc/CMakeFiles/LLVMXCoreDesc.dir/XCoreInstPrinter.cpp.o
[2727/4598] Building CXX object lib/Target/XCore/MCTargetDesc/CMakeFiles/LLVMXCoreDesc.dir/XCoreMCAsmInfo.cpp.o
[2728/4598] Building CXX object lib/Target/X86/MCTargetDesc/CMakeFiles/LLVMX86Desc.dir/X86WinCOFFStreamer.cpp.o
[2729/4598] Linking CXX static library lib/libclangCrossTU.a
[2730/4598] Building CXX object lib/Passes/CMakeFiles/LLVMPasses.dir/PassPlugin.cpp.o
[2731/4598] Building CXX object tools/clang/lib/StaticAnalyzer/Core/CMakeFiles/obj.clangStaticAnalyzerCore.dir/APSIntType.cpp.o
[2732/4598] Building CXX object lib/Target/XCore/MCTargetDesc/CMakeFiles/LLVMXCoreDesc.dir/XCoreMCTargetDesc.cpp.o
[2733/4598] Building CXX object lib/Target/X86/MCTargetDesc/CMakeFiles/LLVMX86Desc.dir/X86WinCOFFTargetStreamer.cpp.o
[2734/4598] Building CXX object lib/Target/X86/MCTargetDesc/CMakeFiles/LLVMX86Desc.dir/X86MCTargetDesc.cpp.o
[2735/4598] Building CXX object lib/Target/X86/MCTargetDesc/CMakeFiles/LLVMX86Desc.dir/X86MnemonicTables.cpp.o
[2736/4598] Building CXX object tools/clang/lib/StaticAnalyzer/Core/CMakeFiles/obj.clangStaticAnalyzerCore.dir/BlockCounter.cpp.o
[2737/4598] Building CXX object lib/Passes/CMakeFiles/LLVMPasses.dir/PassBuilderBindings.cpp.o
[2738/4598] Building CXX object tools/clang/lib/StaticAnalyzer/Core/CMakeFiles/obj.clangStaticAnalyzerCore.dir/AnalyzerOptions.cpp.o
[2739/4598] Building CXX object tools/clang/lib/StaticAnalyzer/Core/CMakeFiles/obj.clangStaticAnalyzerCore.dir/AnalysisManager.cpp.o
[2740/4598] ASTNodeAPI.json
[2741/4598] Building CXX object tools/clang/lib/StaticAnalyzer/Core/CMakeFiles/obj.clangStaticAnalyzerCore.dir/BasicValueFactory.cpp.o
[2742/4598] Building CXX object lib/Passes/CMakeFiles/LLVMPasses.dir/StandardInstrumentations.cpp.o
[2743/4598] Building CXX object tools/clang/lib/StaticAnalyzer/Core/CMakeFiles/obj.clangStaticAnalyzerCore.dir/CallDescription.cpp.o
[2744/4598] Building CXX object tools/clang/lib/StaticAnalyzer/Core/CMakeFiles/obj.clangStaticAnalyzerCore.dir/Checker.cpp.o
[2745/4598] Building CXX object tools/clang/lib/StaticAnalyzer/Core/CMakeFiles/obj.clangStaticAnalyzerCore.dir/CommonBugCategories.cpp.o
[2746/4598] Building CXX object tools/clang/lib/StaticAnalyzer/Core/CMakeFiles/obj.clangStaticAnalyzerCore.dir/CheckerHelpers.cpp.o
[2747/4598] Building CXX object lib/Passes/CMakeFiles/LLVMPasses.dir/PassBuilderPipelines.cpp.o
[2748/4598] Building CXX object tools/clang/lib/StaticAnalyzer/Core/CMakeFiles/obj.clangStaticAnalyzerCore.dir/CallEvent.cpp.o
[2749/4598] Building CXX object tools/clang/lib/StaticAnalyzer/Core/CMakeFiles/obj.clangStaticAnalyzerCore.dir/CheckerRegistryData.cpp.o
[2750/4598] Building CXX object tools/clang/lib/StaticAnalyzer/Core/CMakeFiles/obj.clangStaticAnalyzerCore.dir/CheckerContext.cpp.o
[2751/4598] Building CXX object tools/clang/lib/StaticAnalyzer/Core/CMakeFiles/obj.clangStaticAnalyzerCore.dir/BugReporter.cpp.o
[2752/4598] Building CXX object tools/clang/lib/StaticAnalyzer/Core/CMakeFiles/obj.clangStaticAnalyzerCore.dir/ConstraintManager.cpp.o
[2753/4598] Building CXX object tools/clang/lib/StaticAnalyzer/Core/CMakeFiles/obj.clangStaticAnalyzerCore.dir/DynamicExtent.cpp.o
[2754/4598] Building CXX object tools/clang/lib/StaticAnalyzer/Core/CMakeFiles/obj.clangStaticAnalyzerCore.dir/CheckerManager.cpp.o
[2755/4598] Building CXX object tools/clang/lib/StaticAnalyzer/Core/CMakeFiles/obj.clangStaticAnalyzerCore.dir/DynamicType.cpp.o
[2756/4598] Building CXX object tools/clang/lib/StaticAnalyzer/Core/CMakeFiles/obj.clangStaticAnalyzerCore.dir/CoreEngine.cpp.o
[2757/4598] Building CXX object tools/clang/lib/StaticAnalyzer/Core/CMakeFiles/obj.clangStaticAnalyzerCore.dir/Environment.cpp.o
[2758/4598] Building CXX object tools/clang/lib/StaticAnalyzer/Core/CMakeFiles/obj.clangStaticAnalyzerCore.dir/FunctionSummary.cpp.o
[2759/4598] Building CXX object tools/clang/lib/StaticAnalyzer/Core/CMakeFiles/obj.clangStaticAnalyzerCore.dir/BugReporterVisitors.cpp.o
[2760/4598] Building CXX object tools/clang/lib/StaticAnalyzer/Core/CMakeFiles/obj.clangStaticAnalyzerCore.dir/ExplodedGraph.cpp.o
[2761/4598] Building CXX object tools/clang/lib/StaticAnalyzer/Core/CMakeFiles/obj.clangStaticAnalyzerCore.dir/ExprEngineC.cpp.o
[2762/4598] Building CXX object tools/clang/lib/StaticAnalyzer/Core/CMakeFiles/obj.clangStaticAnalyzerCore.dir/ExprEngineCallAndReturn.cpp.o
[2763/4598] Building CXX object tools/clang/lib/StaticAnalyzer/Core/CMakeFiles/obj.clangStaticAnalyzerCore.dir/ExprEngine.cpp.o
[2764/4598] Building CXX object tools/clang/lib/StaticAnalyzer/Core/CMakeFiles/obj.clangStaticAnalyzerCore.dir/ExprEngineCXX.cpp.o
[2765/4598] Building CXX object tools/clang/lib/StaticAnalyzer/Core/CMakeFiles/obj.clangStaticAnalyzerCore.dir/ExprEngineObjC.cpp.o
[2766/4598] Building CXX object tools/clang/lib/StaticAnalyzer/Core/CMakeFiles/obj.clangStaticAnalyzerCore.dir/HTMLDiagnostics.cpp.o
[2767/4598] Building CXX object tools/clang/lib/StaticAnalyzer/Core/CMakeFiles/obj.clangStaticAnalyzerCore.dir/PlistDiagnostics.cpp.o
[2768/4598] Building CXX object tools/clang/lib/StaticAnalyzer/Core/CMakeFiles/obj.clangStaticAnalyzerCore.dir/MemRegion.cpp.o
[2769/4598] Building CXX object tools/clang/lib/StaticAnalyzer/Core/CMakeFiles/obj.clangStaticAnalyzerCore.dir/RangedConstraintManager.cpp.o
[2770/4598] Building CXX object tools/clang/lib/StaticAnalyzer/Core/CMakeFiles/obj.clangStaticAnalyzerCore.dir/LoopWidening.cpp.o
[2771/4598] Building CXX object tools/clang/lib/StaticAnalyzer/Core/CMakeFiles/obj.clangStaticAnalyzerCore.dir/ProgramState.cpp.o
[2772/4598] Building CXX object tools/clang/lib/StaticAnalyzer/Core/CMakeFiles/obj.clangStaticAnalyzerCore.dir/SarifDiagnostics.cpp.o
[2773/4598] Building CXX object tools/clang/lib/StaticAnalyzer/Core/CMakeFiles/obj.clangStaticAnalyzerCore.dir/SimpleConstraintManager.cpp.o
[2774/4598] Building CXX object tools/clang/lib/StaticAnalyzer/Core/CMakeFiles/obj.clangStaticAnalyzerCore.dir/RangeConstraintManager.cpp.o
[2775/4598] Building CXX object tools/clang/lib/StaticAnalyzer/Core/CMakeFiles/obj.clangStaticAnalyzerCore.dir/SMTConstraintManager.cpp.o
[2776/4598] Building CXX object tools/clang/lib/StaticAnalyzer/Core/CMakeFiles/obj.clangStaticAnalyzerCore.dir/LoopUnrolling.cpp.o
[2777/4598] Linking CXX static library lib/libLLVMAsmPrinter.a
[2778/4598] Building CXX object tools/clang/lib/StaticAnalyzer/Core/CMakeFiles/obj.clangStaticAnalyzerCore.dir/Store.cpp.o
[2779/4598] Linking CXX static library lib/libLLVMMIRParser.a
[2780/4598] Linking CXX static library lib/libLLVMCFGuard.a
[2781/4598] Linking CXX static library lib/libLLVMGlobalISel.a
[2782/4598] Building CXX object tools/clang/lib/StaticAnalyzer/Core/CMakeFiles/obj.clangStaticAnalyzerCore.dir/SimpleSValBuilder.cpp.o
[2783/4598] Building CXX object tools/clang/lib/StaticAnalyzer/Core/CMakeFiles/obj.clangStaticAnalyzerCore.dir/SVals.cpp.o
[2784/4598] Building CXX object tools/clang/lib/StaticAnalyzer/Core/CMakeFiles/obj.clangStaticAnalyzerCore.dir/SymbolManager.cpp.o
[2785/4598] Building CXX object tools/clang/lib/StaticAnalyzer/Core/CMakeFiles/obj.clangStaticAnalyzerCore.dir/WorkList.cpp.o
[2786/4598] Building CXX object lib/Passes/CMakeFiles/LLVMPasses.dir/PassBuilder.cpp.o
[2787/4598] Building CXX object tools/clang/lib/StaticAnalyzer/Core/CMakeFiles/obj.clangStaticAnalyzerCore.dir/SValBuilder.cpp.o
[2788/4598] Building CXX object tools/clang/lib/StaticAnalyzer/Core/CMakeFiles/obj.clangStaticAnalyzerCore.dir/RegionStore.cpp.o
[2789/4598] Building CXX object tools/clang/lib/StaticAnalyzer/Core/CMakeFiles/obj.clangStaticAnalyzerCore.dir/TextDiagnostics.cpp.o
[2790/4598] Building CXX object lib/LTO/CMakeFiles/LLVMLTO.dir/SummaryBasedOptimizations.cpp.o
[2791/4598] Building CXX object lib/ExecutionEngine/CMakeFiles/LLVMExecutionEngine.dir/ExecutionEngineBindings.cpp.o
[2792/4598] Building CXX object lib/ExecutionEngine/CMakeFiles/LLVMExecutionEngine.dir/GDBRegistrationListener.cpp.o
[2793/4598] Building CXX object lib/LTO/CMakeFiles/LLVMLTO.dir/UpdateCompilerUsed.cpp.o
[2794/4598] Building CXX object lib/ExecutionEngine/CMakeFiles/LLVMExecutionEngine.dir/SectionMemoryManager.cpp.o
[2795/4598] Building CXX object lib/LTO/CMakeFiles/LLVMLTO.dir/LTOModule.cpp.o
[2796/4598] Building CXX object lib/ExecutionEngine/CMakeFiles/LLVMExecutionEngine.dir/ExecutionEngine.cpp.o
[2797/4598] Building CXX object lib/ExecutionEngine/CMakeFiles/LLVMExecutionEngine.dir/TargetSelect.cpp.o
[2798/4598] Building CXX object lib/ExecutionEngine/JITLink/CMakeFiles/LLVMJITLink.dir/DWARFRecordSectionSplitter.cpp.o
[2799/4598] Building CXX object lib/ExecutionEngine/JITLink/CMakeFiles/LLVMJITLink.dir/EHFrameSupport.cpp.o
[2800/4598] Building CXX object lib/LTO/CMakeFiles/LLVMLTO.dir/LTOCodeGenerator.cpp.o
[2801/4598] Building CXX object lib/ExecutionEngine/JITLink/CMakeFiles/LLVMJITLink.dir/JITLinkGeneric.cpp.o
[2802/4598] Building CXX object lib/ExecutionEngine/JITLink/CMakeFiles/LLVMJITLink.dir/MachO.cpp.o
[2803/4598] Building CXX object lib/LTO/CMakeFiles/LLVMLTO.dir/LTOBackend.cpp.o
[2804/4598] Building CXX object lib/ExecutionEngine/JITLink/CMakeFiles/LLVMJITLink.dir/JITLink.cpp.o
[2805/4598] Building CXX object lib/ExecutionEngine/JITLink/CMakeFiles/LLVMJITLink.dir/JITLinkMemoryManager.cpp.o
[2806/4598] Building CXX object lib/LTO/CMakeFiles/LLVMLTO.dir/LTO.cpp.o
[2807/4598] Building CXX object lib/ExecutionEngine/JITLink/CMakeFiles/LLVMJITLink.dir/MachO_arm64.cpp.o
[2808/4598] Building CXX object lib/ExecutionEngine/JITLink/CMakeFiles/LLVMJITLink.dir/ELF.cpp.o
[2809/4598] Building CXX object lib/ExecutionEngine/JITLink/CMakeFiles/LLVMJITLink.dir/MachO_x86_64.cpp.o
[2810/4598] Building CXX object lib/ExecutionEngine/JITLink/CMakeFiles/LLVMJITLink.dir/ELFLinkGraphBuilder.cpp.o
[2811/4598] Building CXX object lib/ExecutionEngine/JITLink/CMakeFiles/LLVMJITLink.dir/MachOLinkGraphBuilder.cpp.o
[2812/4598] Building CXX object lib/ExecutionEngine/JITLink/CMakeFiles/LLVMJITLink.dir/COFF.cpp.o
[2813/4598] Building CXX object lib/LTO/CMakeFiles/LLVMLTO.dir/ThinLTOCodeGenerator.cpp.o
[2814/4598] Building CXX object lib/ExecutionEngine/JITLink/CMakeFiles/LLVMJITLink.dir/COFFDirectiveParser.cpp.o
[2815/4598] Building CXX object lib/ExecutionEngine/JITLink/CMakeFiles/LLVMJITLink.dir/ELF_i386.cpp.o
[2816/4598] Building CXX object lib/ExecutionEngine/JITLink/CMakeFiles/LLVMJITLink.dir/ELF_aarch64.cpp.o
[2817/4598] Building CXX object lib/ExecutionEngine/JITLink/CMakeFiles/LLVMJITLink.dir/i386.cpp.o
[2818/4598] Linking CXX static library lib/libLLVMOrcTargetProcess.a
[2819/4598] Building CXX object lib/ExecutionEngine/JITLink/CMakeFiles/LLVMJITLink.dir/aarch64.cpp.o
[2820/4598] Linking CXX static library lib/libLLVMRuntimeDyld.a
[2821/4598] Building CXX object lib/ExecutionEngine/JITLink/CMakeFiles/LLVMJITLink.dir/loongarch.cpp.o
[2822/4598] Building CXX object lib/ExecutionEngine/JITLink/CMakeFiles/LLVMJITLink.dir/riscv.cpp.o
[2823/4598] Building CXX object lib/ExecutionEngine/JITLink/CMakeFiles/LLVMJITLink.dir/ELF_x86_64.cpp.o
[2824/4598] Building CXX object lib/ExecutionEngine/JITLink/CMakeFiles/LLVMJITLink.dir/COFFLinkGraphBuilder.cpp.o
[2825/4598] Building CXX object lib/ExecutionEngine/JITLink/CMakeFiles/LLVMJITLink.dir/ELF_loongarch.cpp.o
[2826/4598] Building CXX object lib/ExecutionEngine/JITLink/CMakeFiles/LLVMJITLink.dir/COFF_x86_64.cpp.o
[2827/4598] Building CXX object lib/ExecutionEngine/JITLink/CMakeFiles/LLVMJITLink.dir/ELF_riscv.cpp.o
[2828/4598] Building CXX object lib/ExecutionEngine/JITLink/CMakeFiles/LLVMJITLink.dir/x86_64.cpp.o
[2829/4598] Building CXX object lib/Target/AArch64/CMakeFiles/LLVMAArch64CodeGen.dir/GISel/AArch64GlobalISelUtils.cpp.o
[2830/4598] Building CXX object lib/Target/AArch64/CMakeFiles/LLVMAArch64CodeGen.dir/GISel/AArch64RegisterBankInfo.cpp.o
[2831/4598] Building CXX object lib/Target/AArch64/CMakeFiles/LLVMAArch64CodeGen.dir/GISel/AArch64O0PreLegalizerCombiner.cpp.o
[2832/4598] Building CXX object lib/Target/AArch64/CMakeFiles/LLVMAArch64CodeGen.dir/GISel/AArch64CallLowering.cpp.o
[2833/4598] Building CXX object lib/Target/AArch64/CMakeFiles/LLVMAArch64CodeGen.dir/GISel/AArch64LegalizerInfo.cpp.o
[2834/4598] Building CXX object lib/Target/AArch64/CMakeFiles/LLVMAArch64CodeGen.dir/GISel/AArch64PostSelectOptimize.cpp.o
[2835/4598] Building CXX object lib/Target/AArch64/CMakeFiles/LLVMAArch64CodeGen.dir/GISel/AArch64PostLegalizerLowering.cpp.o
[2836/4598] Building CXX object lib/Target/AArch64/CMakeFiles/LLVMAArch64CodeGen.dir/GISel/AArch64PostLegalizerCombiner.cpp.o
[2837/4598] Building CXX object lib/Target/AArch64/CMakeFiles/LLVMAArch64CodeGen.dir/AArch64AdvSIMDScalarPass.cpp.o
[2838/4598] Building CXX object lib/Target/AArch64/CMakeFiles/LLVMAArch64CodeGen.dir/GISel/AArch64PreLegalizerCombiner.cpp.o
[2839/4598] Building CXX object lib/Target/AArch64/CMakeFiles/LLVMAArch64CodeGen.dir/AArch64A57FPLoadBalancing.cpp.o
[2840/4598] Building CXX object lib/Target/AArch64/CMakeFiles/LLVMAArch64CodeGen.dir/AArch64CleanupLocalDynamicTLSPass.cpp.o
[2841/4598] Building CXX object lib/Target/AArch64/CMakeFiles/LLVMAArch64CodeGen.dir/GISel/AArch64InstructionSelector.cpp.o
[2842/4598] Building CXX object lib/Target/AArch64/CMakeFiles/LLVMAArch64CodeGen.dir/AArch64BranchTargets.cpp.o
[2843/4598] Building CXX object lib/Target/AArch64/CMakeFiles/LLVMAArch64CodeGen.dir/AArch64CollectLOH.cpp.o
[2844/4598] Building CXX object lib/Target/AArch64/CMakeFiles/LLVMAArch64CodeGen.dir/AArch64CallingConvention.cpp.o
[2845/4598] Building CXX object lib/Target/AArch64/CMakeFiles/LLVMAArch64CodeGen.dir/AArch64ExpandImm.cpp.o
[2846/4598] Building CXX object lib/Target/AArch64/CMakeFiles/LLVMAArch64CodeGen.dir/AArch64ConditionalCompares.cpp.o
[2847/4598] Building CXX object lib/Target/AArch64/CMakeFiles/LLVMAArch64CodeGen.dir/AArch64CondBrTuning.cpp.o
[2848/4598] Building CXX object lib/Target/AArch64/CMakeFiles/LLVMAArch64CodeGen.dir/AArch64DeadRegisterDefinitionsPass.cpp.o
[2849/4598] Building CXX object lib/Target/AArch64/CMakeFiles/LLVMAArch64CodeGen.dir/AArch64ConditionOptimizer.cpp.o
[2850/4598] Building CXX object lib/Target/AArch64/CMakeFiles/LLVMAArch64CodeGen.dir/AArch64A53Fix835769.cpp.o
[2851/4598] Building CXX object lib/Target/AArch64/CMakeFiles/LLVMAArch64CodeGen.dir/AArch64ExpandPseudoInsts.cpp.o
[2852/4598] Building CXX object lib/Target/AArch64/CMakeFiles/LLVMAArch64CodeGen.dir/AArch64AsmPrinter.cpp.o
[2853/4598] Building CXX object lib/Target/AArch64/CMakeFiles/LLVMAArch64CodeGen.dir/AArch64FalkorHWPFFix.cpp.o
[2854/4598] Building CXX object lib/Target/AArch64/CMakeFiles/LLVMAArch64CodeGen.dir/AArch64RedundantCopyElimination.cpp.o
[2855/4598] Building CXX object lib/Target/AArch64/CMakeFiles/LLVMAArch64CodeGen.dir/AArch64CompressJumpTables.cpp.o
[2856/4598] Building CXX object lib/Target/AArch64/CMakeFiles/LLVMAArch64CodeGen.dir/AArch64FastISel.cpp.o
[2857/4598] Building CXX object lib/Target/AArch64/CMakeFiles/LLVMAArch64CodeGen.dir/AArch64FrameLowering.cpp.o
[2858/4598] Building CXX object lib/Target/AArch64/CMakeFiles/LLVMAArch64CodeGen.dir/AArch64MachineFunctionInfo.cpp.o
[2859/4598] Building CXX object lib/Target/AArch64/CMakeFiles/LLVMAArch64CodeGen.dir/AArch64MachineScheduler.cpp.o
[2860/4598] Building CXX object lib/Target/AArch64/CMakeFiles/LLVMAArch64CodeGen.dir/AArch64LoadStoreOptimizer.cpp.o
[2861/4598] Building CXX object lib/Target/AArch64/CMakeFiles/LLVMAArch64CodeGen.dir/AArch64ISelDAGToDAG.cpp.o
[2862/4598] Building CXX object lib/Target/AArch64/CMakeFiles/LLVMAArch64CodeGen.dir/AArch64KCFI.cpp.o
[2863/4598] Building CXX object lib/Target/AArch64/CMakeFiles/LLVMAArch64CodeGen.dir/AArch64LowerHomogeneousPrologEpilog.cpp.o
[2864/4598] Building CXX object lib/Target/AArch64/CMakeFiles/LLVMAArch64CodeGen.dir/AArch64InstrInfo.cpp.o
[2865/4598] Building CXX object lib/Target/AArch64/CMakeFiles/LLVMAArch64CodeGen.dir/AArch64MIPeepholeOpt.cpp.o
[2866/4598] Building CXX object lib/Target/AArch64/CMakeFiles/LLVMAArch64CodeGen.dir/AArch64MacroFusion.cpp.o
[2867/4598] Building CXX object lib/Target/AArch64/CMakeFiles/LLVMAArch64CodeGen.dir/AArch64MCInstLower.cpp.o
[2868/4598] Building CXX object lib/Target/AArch64/CMakeFiles/LLVMAArch64CodeGen.dir/AArch64PromoteConstant.cpp.o
[2869/4598] Building CXX object lib/Target/AArch64/CMakeFiles/LLVMAArch64CodeGen.dir/AArch64PBQPRegAlloc.cpp.o
[2870/4598] Building CXX object lib/Target/AArch64/CMakeFiles/LLVMAArch64CodeGen.dir/AArch64SLSHardening.cpp.o
[2871/4598] Building CXX object lib/Target/AArch64/CMakeFiles/LLVMAArch64CodeGen.dir/AArch64SelectionDAGInfo.cpp.o
[2872/4598] Building CXX object lib/Target/AArch64/CMakeFiles/LLVMAArch64CodeGen.dir/AArch64RegisterInfo.cpp.o
[2873/4598] Building CXX object lib/Target/AArch64/CMakeFiles/LLVMAArch64CodeGen.dir/AArch64SpeculationHardening.cpp.o
[2874/4598] Building CXX object lib/Target/AArch64/CMakeFiles/LLVMAArch64CodeGen.dir/AArch64StackTaggingPreRA.cpp.o
[2875/4598] Building CXX object lib/Target/AArch64/CMakeFiles/LLVMAArch64CodeGen.dir/AArch64StorePairSuppress.cpp.o
[2876/4598] Building CXX object lib/Target/AArch64/CMakeFiles/LLVMAArch64CodeGen.dir/SMEABIPass.cpp.o
[2877/4598] Building CXX object lib/Target/AArch64/CMakeFiles/LLVMAArch64CodeGen.dir/AArch64StackTagging.cpp.o
[2878/4598] Building CXX object lib/Target/AArch64/CMakeFiles/LLVMAArch64CodeGen.dir/SVEIntrinsicOpts.cpp.o
[2879/4598] Linking CXX static library lib/libLLVMAArch64Desc.a
[2880/4598] Building CXX object lib/Target/AArch64/CMakeFiles/LLVMAArch64CodeGen.dir/AArch64Subtarget.cpp.o
[2881/4598] Building CXX object lib/Target/AArch64/CMakeFiles/LLVMAArch64CodeGen.dir/AArch64SIMDInstrOpt.cpp.o
[2882/4598] Building CXX object lib/Target/AMDGPU/CMakeFiles/LLVMAMDGPUCodeGen.dir/AMDGPUAliasAnalysis.cpp.o
[2883/4598] Building CXX object lib/Target/AArch64/Disassembler/CMakeFiles/LLVMAArch64Disassembler.dir/AArch64ExternalSymbolizer.cpp.o
[2884/4598] Building CXX object lib/Target/AArch64/CMakeFiles/LLVMAArch64CodeGen.dir/AArch64TargetObjectFile.cpp.o
[2885/4598] Building CXX object lib/Target/AArch64/CMakeFiles/LLVMAArch64CodeGen.dir/AArch64ISelLowering.cpp.o
[2886/4598] Building CXX object lib/Target/AArch64/CMakeFiles/LLVMAArch64CodeGen.dir/AArch64TargetMachine.cpp.o
[2887/4598] Building CXX object lib/Target/AMDGPU/CMakeFiles/LLVMAMDGPUCodeGen.dir/AMDGPUAnnotateUniformValues.cpp.o
[2888/4598] Building CXX object lib/Target/AMDGPU/CMakeFiles/LLVMAMDGPUCodeGen.dir/AMDGPUAlwaysInlinePass.cpp.o
[2889/4598] Building CXX object lib/Target/AMDGPU/CMakeFiles/LLVMAMDGPUCodeGen.dir/AMDGPUAnnotateKernelFeatures.cpp.o
[2890/4598] Building CXX object lib/Target/AArch64/CMakeFiles/LLVMAArch64CodeGen.dir/AArch64TargetTransformInfo.cpp.o
[2891/4598] Building CXX object lib/Target/AArch64/Disassembler/CMakeFiles/LLVMAArch64Disassembler.dir/AArch64Disassembler.cpp.o
[2892/4598] Building CXX object lib/Target/AMDGPU/CMakeFiles/LLVMAMDGPUCodeGen.dir/AMDGPUArgumentUsageInfo.cpp.o
[2893/4598] Building CXX object lib/Target/AMDGPU/CMakeFiles/LLVMAMDGPUCodeGen.dir/AMDGPUAtomicOptimizer.cpp.o
[2894/4598] Building CXX object lib/Target/AArch64/AsmParser/CMakeFiles/LLVMAArch64AsmParser.dir/AArch64AsmParser.cpp.o
[2895/4598] Building CXX object lib/Target/AMDGPU/CMakeFiles/LLVMAMDGPUCodeGen.dir/AMDGPUFrameLowering.cpp.o
[2896/4598] Building CXX object lib/Target/AMDGPU/CMakeFiles/LLVMAMDGPUCodeGen.dir/AMDGPUCtorDtorLowering.cpp.o
[2897/4598] Building CXX object lib/Target/AMDGPU/CMakeFiles/LLVMAMDGPUCodeGen.dir/AMDGPUAsmPrinter.cpp.o
[2898/4598] Building CXX object lib/Target/AMDGPU/CMakeFiles/LLVMAMDGPUCodeGen.dir/AMDGPUAttributor.cpp.o
[2899/4598] Building CXX object lib/Target/AMDGPU/CMakeFiles/LLVMAMDGPUCodeGen.dir/AMDGPUCombinerHelper.cpp.o
[2900/4598] Building CXX object lib/Target/AMDGPU/CMakeFiles/LLVMAMDGPUCodeGen.dir/AMDGPUExportClustering.cpp.o
[2901/4598] Building CXX object lib/Target/AMDGPU/CMakeFiles/LLVMAMDGPUCodeGen.dir/AMDGPUInstrInfo.cpp.o
[2902/4598] Building CXX object lib/Target/AMDGPU/CMakeFiles/LLVMAMDGPUCodeGen.dir/AMDGPUCodeGenPrepare.cpp.o
[2903/4598] Building CXX object lib/Target/AMDGPU/CMakeFiles/LLVMAMDGPUCodeGen.dir/AMDGPUCallLowering.cpp.o
[2904/4598] Building CXX object lib/Target/AMDGPU/CMakeFiles/LLVMAMDGPUCodeGen.dir/AMDGPUGlobalISelUtils.cpp.o
[2905/4598] Building CXX object lib/Target/AMDGPU/CMakeFiles/LLVMAMDGPUCodeGen.dir/AMDGPULateCodeGenPrepare.cpp.o
[2906/4598] Building CXX object lib/Target/AMDGPU/CMakeFiles/LLVMAMDGPUCodeGen.dir/AMDGPUInsertDelayAlu.cpp.o
[2907/4598] Building CXX object lib/Target/AMDGPU/CMakeFiles/LLVMAMDGPUCodeGen.dir/AMDGPULibFunc.cpp.o
[2908/4598] Building CXX object lib/Target/AMDGPU/CMakeFiles/LLVMAMDGPUCodeGen.dir/AMDGPUHSAMetadataStreamer.cpp.o
[2909/4598] Building CXX object lib/Target/AMDGPU/CMakeFiles/LLVMAMDGPUCodeGen.dir/AMDGPUInstCombineIntrinsic.cpp.o
[2910/4598] Building CXX object lib/Target/AMDGPU/CMakeFiles/LLVMAMDGPUCodeGen.dir/AMDGPULowerIntrinsics.cpp.o
[2911/4598] Building CXX object lib/Target/AMDGPU/CMakeFiles/LLVMAMDGPUCodeGen.dir/AMDGPULowerKernelAttributes.cpp.o
[2912/4598] Building CXX object lib/Target/AMDGPU/CMakeFiles/LLVMAMDGPUCodeGen.dir/AMDGPULibCalls.cpp.o
[2913/4598] Building CXX object lib/Target/AMDGPU/CMakeFiles/LLVMAMDGPUCodeGen.dir/AMDGPUISelLowering.cpp.o
[2914/4598] Building CXX object lib/Target/AMDGPU/CMakeFiles/LLVMAMDGPUCodeGen.dir/AMDGPULowerKernelArguments.cpp.o
[2915/4598] Building CXX object lib/Target/AMDGPU/CMakeFiles/LLVMAMDGPUCodeGen.dir/AMDGPUMachineModuleInfo.cpp.o
[2916/4598] Building CXX object lib/Target/AMDGPU/CMakeFiles/LLVMAMDGPUCodeGen.dir/AMDGPUISelDAGToDAG.cpp.o
[2917/4598] Building CXX object lib/Target/AMDGPU/CMakeFiles/LLVMAMDGPUCodeGen.dir/AMDGPUMachineFunction.cpp.o
[2918/4598] Building CXX object lib/Target/AMDGPU/CMakeFiles/LLVMAMDGPUCodeGen.dir/AMDGPULowerModuleLDSPass.cpp.o
[2919/4598] Building CXX object lib/Target/AMDGPU/CMakeFiles/LLVMAMDGPUCodeGen.dir/AMDGPULegalizerInfo.cpp.o
[2920/4598] Building CXX object lib/Target/AMDGPU/CMakeFiles/LLVMAMDGPUCodeGen.dir/AMDGPUMacroFusion.cpp.o
[2921/4598] Building CXX object lib/Target/AMDGPU/CMakeFiles/LLVMAMDGPUCodeGen.dir/AMDGPUOpenCLEnqueuedBlockLowering.cpp.o
[2922/4598] Building CXX object lib/Target/AMDGPU/CMakeFiles/LLVMAMDGPUCodeGen.dir/AMDGPUMachineCFGStructurizer.cpp.o
[2923/4598] Building CXX object lib/Target/AMDGPU/CMakeFiles/LLVMAMDGPUCodeGen.dir/AMDGPUPerfHintAnalysis.cpp.o
[2924/4598] Building CXX object lib/Target/AMDGPU/CMakeFiles/LLVMAMDGPUCodeGen.dir/AMDGPUPrintfRuntimeBinding.cpp.o
[2925/4598] Building CXX object lib/Target/AMDGPU/CMakeFiles/LLVMAMDGPUCodeGen.dir/AMDGPUInstructionSelector.cpp.o
[2926/4598] Building CXX object lib/Target/AMDGPU/CMakeFiles/LLVMAMDGPUCodeGen.dir/AMDGPUMIRFormatter.cpp.o
[2927/4598] Building CXX object lib/Target/AMDGPU/CMakeFiles/LLVMAMDGPUCodeGen.dir/AMDGPUMCInstLower.cpp.o
[2928/4598] Building CXX object lib/Target/AMDGPU/CMakeFiles/LLVMAMDGPUCodeGen.dir/AMDGPUIGroupLP.cpp.o
[2929/4598] Building CXX object lib/Target/AMDGPU/CMakeFiles/LLVMAMDGPUCodeGen.dir/AMDGPUPromoteKernelArguments.cpp.o
[2930/4598] Building CXX object lib/Target/AMDGPU/CMakeFiles/LLVMAMDGPUCodeGen.dir/AMDGPUPropagateAttributes.cpp.o
[2931/4598] Building CXX object lib/Target/AMDGPU/CMakeFiles/LLVMAMDGPUCodeGen.dir/AMDGPUPromoteAlloca.cpp.o
[2932/4598] Building CXX object lib/Target/AMDGPU/CMakeFiles/LLVMAMDGPUCodeGen.dir/AMDGPUPreLegalizerCombiner.cpp.o
[2933/4598] Building CXX object lib/Target/AMDGPU/CMakeFiles/LLVMAMDGPUCodeGen.dir/AMDGPUPostLegalizerCombiner.cpp.o
[2934/4598] Building CXX object lib/Target/AMDGPU/CMakeFiles/LLVMAMDGPUCodeGen.dir/AMDGPURewriteUndefForPHI.cpp.o
[2935/4598] Building CXX object lib/Target/AMDGPU/CMakeFiles/LLVMAMDGPUCodeGen.dir/AMDGPUReleaseVGPRs.cpp.o
[2936/4598] Building CXX object lib/Target/AMDGPU/CMakeFiles/LLVMAMDGPUCodeGen.dir/AMDGPURewriteOutArguments.cpp.o
[2937/4598] Building CXX object lib/Target/AMDGPU/CMakeFiles/LLVMAMDGPUCodeGen.dir/AMDGPURegBankCombiner.cpp.o
[2938/4598] Building CXX object lib/Target/AMDGPU/CMakeFiles/LLVMAMDGPUCodeGen.dir/AMDGPUTargetObjectFile.cpp.o
[2939/4598] Building CXX object lib/Target/AMDGPU/CMakeFiles/LLVMAMDGPUCodeGen.dir/AMDGPUResourceUsageAnalysis.cpp.o
[2940/4598] Building CXX object lib/Target/AMDGPU/CMakeFiles/LLVMAMDGPUCodeGen.dir/AMDGPUUnifyMetadata.cpp.o
[2941/4598] Building CXX object lib/Target/AMDGPU/CMakeFiles/LLVMAMDGPUCodeGen.dir/AMDGPUReplaceLDSUseWithPointer.cpp.o
[2942/4598] Building CXX object lib/Target/AMDGPU/CMakeFiles/LLVMAMDGPUCodeGen.dir/AMDGPURegisterBankInfo.cpp.o
[2943/4598] Building CXX object lib/Target/AMDGPU/CMakeFiles/LLVMAMDGPUCodeGen.dir/AMDGPUUnifyDivergentExitNodes.cpp.o
[2944/4598] Building CXX object lib/Target/AMDGPU/CMakeFiles/LLVMAMDGPUCodeGen.dir/AMDGPUSetWavePriority.cpp.o
[2945/4598] Building CXX object lib/Target/AMDGPU/CMakeFiles/LLVMAMDGPUCodeGen.dir/AMDGPUSubtarget.cpp.o
[2946/4598] Building CXX object lib/Target/AMDGPU/CMakeFiles/LLVMAMDGPUCodeGen.dir/GCNILPSched.cpp.o
[2947/4598] Building CXX object lib/Target/AMDGPU/CMakeFiles/LLVMAMDGPUCodeGen.dir/GCNCreateVOPD.cpp.o
[2948/4598] Building CXX object lib/Target/AMDGPU/CMakeFiles/LLVMAMDGPUCodeGen.dir/R600MachineCFGStructurizer.cpp.o
[2949/4598] Building CXX object lib/Target/AMDGPU/CMakeFiles/LLVMAMDGPUCodeGen.dir/GCNMinRegStrategy.cpp.o
[2950/4598] Building CXX object lib/Target/AMDGPU/CMakeFiles/LLVMAMDGPUCodeGen.dir/AMDGPUTargetTransformInfo.cpp.o
[2951/4598] Building CXX object lib/Target/AMDGPU/CMakeFiles/LLVMAMDGPUCodeGen.dir/GCNDPPCombine.cpp.o
[2952/4598] Building CXX object lib/Target/AMDGPU/CMakeFiles/LLVMAMDGPUCodeGen.dir/GCNIterativeScheduler.cpp.o
[2953/4598] Building CXX object lib/Target/AMDGPU/CMakeFiles/LLVMAMDGPUCodeGen.dir/GCNHazardRecognizer.cpp.o
[2954/4598] Building CXX object lib/Target/AMDGPU/CMakeFiles/LLVMAMDGPUCodeGen.dir/GCNPreRAOptimizations.cpp.o
[2955/4598] Building CXX object lib/Target/AMDGPU/CMakeFiles/LLVMAMDGPUCodeGen.dir/GCNNSAReassign.cpp.o
[2956/4598] Building CXX object lib/Target/AMDGPU/CMakeFiles/LLVMAMDGPUCodeGen.dir/R600AsmPrinter.cpp.o
[2957/4598] Building CXX object lib/Target/AMDGPU/CMakeFiles/LLVMAMDGPUCodeGen.dir/GCNRegPressure.cpp.o
[2958/4598] Building CXX object lib/Target/AMDGPU/CMakeFiles/LLVMAMDGPUCodeGen.dir/AMDGPUTargetMachine.cpp.o
[2959/4598] Building CXX object lib/Target/AMDGPU/CMakeFiles/LLVMAMDGPUCodeGen.dir/R600ClauseMergePass.cpp.o
[2960/4598] Building CXX object lib/Target/AMDGPU/CMakeFiles/LLVMAMDGPUCodeGen.dir/GCNVOPDUtils.cpp.o
[2961/4598] Building CXX object lib/Target/AMDGPU/CMakeFiles/LLVMAMDGPUCodeGen.dir/R600ControlFlowFinalizer.cpp.o
[2962/4598] Building CXX object lib/Target/AMDGPU/CMakeFiles/LLVMAMDGPUCodeGen.dir/R600EmitClauseMarkers.cpp.o
[2963/4598] Building CXX object lib/Target/AMDGPU/CMakeFiles/LLVMAMDGPUCodeGen.dir/R600FrameLowering.cpp.o
[2964/4598] Building CXX object lib/Target/AMDGPU/CMakeFiles/LLVMAMDGPUCodeGen.dir/R600ExpandSpecialInstrs.cpp.o
[2965/4598] Building CXX object lib/Target/AMDGPU/CMakeFiles/LLVMAMDGPUCodeGen.dir/R600MachineFunctionInfo.cpp.o
[2966/4598] Building CXX object lib/Target/AMDGPU/CMakeFiles/LLVMAMDGPUCodeGen.dir/R600OpenCLImageTypeLoweringPass.cpp.o
[2967/4598] Building CXX object lib/Target/AMDGPU/CMakeFiles/LLVMAMDGPUCodeGen.dir/R600InstrInfo.cpp.o
[2968/4598] Building CXX object lib/Target/AMDGPU/CMakeFiles/LLVMAMDGPUCodeGen.dir/R600MachineScheduler.cpp.o
[2969/4598] Building CXX object lib/Target/AMDGPU/CMakeFiles/LLVMAMDGPUCodeGen.dir/GCNSchedStrategy.cpp.o
[2970/4598] Building CXX object lib/Target/AMDGPU/CMakeFiles/LLVMAMDGPUCodeGen.dir/R600ISelLowering.cpp.o
[2971/4598] Building CXX object lib/Target/AMDGPU/CMakeFiles/LLVMAMDGPUCodeGen.dir/R600ISelDAGToDAG.cpp.o
[2972/4598] Building CXX object lib/Target/AMDGPU/CMakeFiles/LLVMAMDGPUCodeGen.dir/R600Packetizer.cpp.o
[2973/4598] Building CXX object lib/Target/AMDGPU/CMakeFiles/LLVMAMDGPUCodeGen.dir/R600OptimizeVectorRegisters.cpp.o
[2974/4598] Building CXX object lib/Target/AMDGPU/CMakeFiles/LLVMAMDGPUCodeGen.dir/R600RegisterInfo.cpp.o
[2975/4598] Building CXX object lib/Target/AMDGPU/CMakeFiles/LLVMAMDGPUCodeGen.dir/R600MCInstLower.cpp.o
[2976/4598] Building CXX object lib/Target/AMDGPU/CMakeFiles/LLVMAMDGPUCodeGen.dir/R600Subtarget.cpp.o
[2977/4598] Building CXX object lib/Target/AMDGPU/CMakeFiles/LLVMAMDGPUCodeGen.dir/SIAnnotateControlFlow.cpp.o
[2978/4598] Building CXX object lib/Target/AMDGPU/CMakeFiles/LLVMAMDGPUCodeGen.dir/R600TargetTransformInfo.cpp.o
[2979/4598] Building CXX object lib/Target/AMDGPU/CMakeFiles/LLVMAMDGPUCodeGen.dir/SIFixVGPRCopies.cpp.o
[2980/4598] Building CXX object lib/Target/AMDGPU/CMakeFiles/LLVMAMDGPUCodeGen.dir/SIFixSGPRCopies.cpp.o
[2981/4598] Building CXX object lib/Target/AMDGPU/CMakeFiles/LLVMAMDGPUCodeGen.dir/SIFoldOperands.cpp.o
[2982/4598] Building CXX object lib/Target/AMDGPU/CMakeFiles/LLVMAMDGPUCodeGen.dir/SIInsertHardClauses.cpp.o
[2983/4598] Building CXX object lib/Target/AMDGPU/CMakeFiles/LLVMAMDGPUCodeGen.dir/R600TargetMachine.cpp.o
[2984/4598] Building CXX object lib/Target/AMDGPU/CMakeFiles/LLVMAMDGPUCodeGen.dir/SIFrameLowering.cpp.o
[2985/4598] Building CXX object lib/Target/AMDGPU/CMakeFiles/LLVMAMDGPUCodeGen.dir/SIFormMemoryClauses.cpp.o
[2986/4598] Building CXX object lib/Target/AMDGPU/CMakeFiles/LLVMAMDGPUCodeGen.dir/SIInsertWaitcnts.cpp.o
[2987/4598] Building CXX object lib/Target/AMDGPU/CMakeFiles/LLVMAMDGPUCodeGen.dir/SILateBranchLowering.cpp.o
[2988/4598] Building CXX object lib/Target/AMDGPU/CMakeFiles/LLVMAMDGPUCodeGen.dir/SILoadStoreOptimizer.cpp.o
[2989/4598] Building CXX object lib/Target/AMDGPU/CMakeFiles/LLVMAMDGPUCodeGen.dir/SILowerI1Copies.cpp.o
[2990/4598] Building CXX object lib/Target/AMDGPU/CMakeFiles/LLVMAMDGPUCodeGen.dir/SILowerSGPRSpills.cpp.o
[2991/4598] Building CXX object lib/Target/AMDGPU/CMakeFiles/LLVMAMDGPUCodeGen.dir/SILowerControlFlow.cpp.o
[2992/4598] Building CXX object lib/Target/AMDGPU/CMakeFiles/LLVMAMDGPUCodeGen.dir/SIInstrInfo.cpp.o
[2993/4598] Building CXX object lib/Target/AMDGPU/CMakeFiles/LLVMAMDGPUCodeGen.dir/SIModeRegister.cpp.o
[2994/4598] Building CXX object lib/Target/AMDGPU/CMakeFiles/LLVMAMDGPUCodeGen.dir/SIMemoryLegalizer.cpp.o
[2995/4598] Building CXX object lib/Target/AMDGPU/CMakeFiles/LLVMAMDGPUCodeGen.dir/SIOptimizeExecMasking.cpp.o
[2996/4598] Building CXX object lib/Target/AMDGPU/CMakeFiles/LLVMAMDGPUCodeGen.dir/SIMachineScheduler.cpp.o
[2997/4598] Building CXX object lib/Target/AMDGPU/CMakeFiles/LLVMAMDGPUCodeGen.dir/SIMachineFunctionInfo.cpp.o
[2998/4598] Building CXX object lib/Target/AMDGPU/CMakeFiles/LLVMAMDGPUCodeGen.dir/SIProgramInfo.cpp.o
[2999/4598] Building CXX object lib/Target/AMDGPU/CMakeFiles/LLVMAMDGPUCodeGen.dir/SIISelLowering.cpp.o
[3000/4598] Building CXX object lib/Target/AMDGPU/CMakeFiles/LLVMAMDGPUCodeGen.dir/SIPeepholeSDWA.cpp.o
[3001/4598] Building CXX object lib/Target/AMDGPU/CMakeFiles/LLVMAMDGPUCodeGen.dir/SIOptimizeExecMaskingPreRA.cpp.o
[3002/4598] Linking CXX static library lib/libLLVMAMDGPUDesc.a
[3003/4598] Building CXX object lib/Target/AMDGPU/CMakeFiles/LLVMAMDGPUCodeGen.dir/SIPreEmitPeephole.cpp.o
[3004/4598] Building CXX object lib/Target/AMDGPU/CMakeFiles/LLVMAMDGPUCodeGen.dir/SIOptimizeVGPRLiveRange.cpp.o
[3005/4598] Building CXX object lib/Target/AMDGPU/CMakeFiles/LLVMAMDGPUCodeGen.dir/SIPostRABundler.cpp.o
[3006/4598] Building CXX object lib/Target/AMDGPU/CMakeFiles/LLVMAMDGPUCodeGen.dir/SIShrinkInstructions.cpp.o
[3007/4598] Building CXX object lib/Target/AMDGPU/CMakeFiles/LLVMAMDGPUCodeGen.dir/SIPreAllocateWWMRegs.cpp.o
[3008/4598] Building CXX object lib/Target/ARM/CMakeFiles/LLVMARMCodeGen.dir/A15SDOptimizer.cpp.o
[3009/4598] Building CXX object lib/Target/AMDGPU/CMakeFiles/LLVMAMDGPUCodeGen.dir/SIRegisterInfo.cpp.o
[3010/4598] Building CXX object lib/Target/ARM/CMakeFiles/LLVMARMCodeGen.dir/ARMBaseRegisterInfo.cpp.o
[3011/4598] Building CXX object lib/Target/AMDGPU/CMakeFiles/LLVMAMDGPUCodeGen.dir/SIWholeQuadMode.cpp.o
[3012/4598] Building CXX object lib/Target/ARM/CMakeFiles/LLVMARMCodeGen.dir/ARMBranchTargets.cpp.o
[3013/4598] Building CXX object lib/Target/ARM/CMakeFiles/LLVMARMCodeGen.dir/ARMBasicBlockInfo.cpp.o
[3014/4598] Building CXX object lib/Target/ARM/CMakeFiles/LLVMARMCodeGen.dir/ARMAsmPrinter.cpp.o
[3015/4598] Building CXX object lib/Target/ARM/CMakeFiles/LLVMARMCodeGen.dir/ARMConstantPoolValue.cpp.o
[3016/4598] Building CXX object lib/Target/ARM/CMakeFiles/LLVMARMCodeGen.dir/ARMCallingConv.cpp.o
[3017/4598] Building CXX object lib/Target/ARM/CMakeFiles/LLVMARMCodeGen.dir/ARMCallLowering.cpp.o
[3018/4598] Building CXX object lib/Target/AMDGPU/AsmParser/CMakeFiles/LLVMAMDGPUAsmParser.dir/AMDGPUAsmParser.cpp.o
[3019/4598] Building CXX object lib/Target/ARM/CMakeFiles/LLVMARMCodeGen.dir/ARMFixCortexA57AES1742098Pass.cpp.o
[3020/4598] Building CXX object lib/Target/ARM/CMakeFiles/LLVMARMCodeGen.dir/ARMBaseInstrInfo.cpp.o
[3021/4598] Building CXX object lib/Target/ARM/CMakeFiles/LLVMARMCodeGen.dir/ARMExpandPseudoInsts.cpp.o
[3022/4598] Building CXX object lib/Target/ARM/CMakeFiles/LLVMARMCodeGen.dir/ARMFastISel.cpp.o
[3023/4598] Building CXX object lib/Target/ARM/CMakeFiles/LLVMARMCodeGen.dir/ARMHazardRecognizer.cpp.o
[3024/4598] Building CXX object lib/Target/ARM/CMakeFiles/LLVMARMCodeGen.dir/ARMFrameLowering.cpp.o
[3025/4598] Building CXX object lib/Target/ARM/CMakeFiles/LLVMARMCodeGen.dir/ARMConstantIslandPass.cpp.o
[3026/4598] Building CXX object lib/Target/ARM/CMakeFiles/LLVMARMCodeGen.dir/ARMInstructionSelector.cpp.o
[3027/4598] Building CXX object lib/Target/ARM/CMakeFiles/LLVMARMCodeGen.dir/ARMLegalizerInfo.cpp.o
[3028/4598] Building CXX object lib/Target/ARM/CMakeFiles/LLVMARMCodeGen.dir/ARMInstrInfo.cpp.o
[3029/4598] Building CXX object lib/Target/ARM/CMakeFiles/LLVMARMCodeGen.dir/ARMISelDAGToDAG.cpp.o
[3030/4598] Building CXX object lib/Target/ARM/CMakeFiles/LLVMARMCodeGen.dir/ARMParallelDSP.cpp.o
[3031/4598] Building CXX object lib/Target/ARM/CMakeFiles/LLVMARMCodeGen.dir/ARMBlockPlacement.cpp.o
[3032/4598] Building CXX object lib/Target/ARM/CMakeFiles/LLVMARMCodeGen.dir/ARMRegisterInfo.cpp.o
[3033/4598] Building CXX object lib/Target/ARM/CMakeFiles/LLVMARMCodeGen.dir/ARMMCInstLower.cpp.o
[3034/4598] Building CXX object lib/Target/ARM/CMakeFiles/LLVMARMCodeGen.dir/ARMLoadStoreOptimizer.cpp.o
[3035/4598] Building CXX object lib/Target/ARM/CMakeFiles/LLVMARMCodeGen.dir/ARMMacroFusion.cpp.o
[3036/4598] Building CXX object lib/Target/ARM/CMakeFiles/LLVMARMCodeGen.dir/ARMMachineFunctionInfo.cpp.o
[3037/4598] Building CXX object lib/Target/ARM/CMakeFiles/LLVMARMCodeGen.dir/ARMOptimizeBarriersPass.cpp.o
[3038/4598] Building CXX object lib/Target/ARM/CMakeFiles/LLVMARMCodeGen.dir/ARMLowOverheadLoops.cpp.o
[3039/4598] Building CXX object lib/Target/ARM/CMakeFiles/LLVMARMCodeGen.dir/ARMRegisterBankInfo.cpp.o
[3040/4598] Building CXX object lib/Target/ARM/CMakeFiles/LLVMARMCodeGen.dir/ARMSelectionDAGInfo.cpp.o
[3041/4598] Building CXX object lib/Target/ARM/CMakeFiles/LLVMARMCodeGen.dir/ARMSLSHardening.cpp.o
[3042/4598] Building CXX object lib/Target/ARM/CMakeFiles/LLVMARMCodeGen.dir/ARMTargetObjectFile.cpp.o
[3043/4598] Building CXX object lib/Target/ARM/CMakeFiles/LLVMARMCodeGen.dir/ARMSubtarget.cpp.o
[3044/4598] Building CXX object lib/Target/ARM/CMakeFiles/LLVMARMCodeGen.dir/MLxExpansionPass.cpp.o
[3045/4598] Building CXX object lib/Target/ARM/CMakeFiles/LLVMARMCodeGen.dir/MVEGatherScatterLowering.cpp.o
[3046/4598] Building CXX object lib/Target/ARM/CMakeFiles/LLVMARMCodeGen.dir/MVELaneInterleavingPass.cpp.o
[3047/4598] Building CXX object lib/Target/ARM/CMakeFiles/LLVMARMCodeGen.dir/ARMTargetMachine.cpp.o
[3048/4598] Building CXX object lib/Target/ARM/CMakeFiles/LLVMARMCodeGen.dir/ARMISelLowering.cpp.o
[3049/4598] Building CXX object lib/Target/ARM/CMakeFiles/LLVMARMCodeGen.dir/ARMTargetTransformInfo.cpp.o
[3050/4598] Building CXX object lib/Target/ARM/CMakeFiles/LLVMARMCodeGen.dir/MVETailPredication.cpp.o
[3051/4598] Building CXX object lib/Target/ARM/CMakeFiles/LLVMARMCodeGen.dir/MVEVPTBlockPass.cpp.o
[3052/4598] Building CXX object lib/Target/ARM/CMakeFiles/LLVMARMCodeGen.dir/MVETPAndVPTOptimisationsPass.cpp.o
[3053/4598] Linking CXX static library lib/libLLVMARMDesc.a
[3054/4598] Building CXX object lib/Target/ARM/CMakeFiles/LLVMARMCodeGen.dir/Thumb1InstrInfo.cpp.o
[3055/4598] Building CXX object lib/Target/ARM/CMakeFiles/LLVMARMCodeGen.dir/Thumb1FrameLowering.cpp.o
[3056/4598] Building CXX object lib/Target/ARM/CMakeFiles/LLVMARMCodeGen.dir/ThumbRegisterInfo.cpp.o
[3057/4598] Building CXX object lib/Target/ARM/CMakeFiles/LLVMARMCodeGen.dir/Thumb2ITBlockPass.cpp.o
[3058/4598] Building CXX object lib/Target/ARM/CMakeFiles/LLVMARMCodeGen.dir/Thumb2InstrInfo.cpp.o
[3059/4598] Building CXX object lib/Target/ARM/CMakeFiles/LLVMARMCodeGen.dir/Thumb2SizeReduction.cpp.o
[3060/4598] Building CXX object lib/Target/AVR/CMakeFiles/LLVMAVRCodeGen.dir/AVRAsmPrinter.cpp.o
[3061/4598] Building CXX object lib/Target/AVR/CMakeFiles/LLVMAVRCodeGen.dir/AVRExpandPseudoInsts.cpp.o
[3062/4598] Building CXX object lib/Target/AVR/CMakeFiles/LLVMAVRCodeGen.dir/AVRInstrInfo.cpp.o
[3063/4598] Building CXX object lib/Target/AVR/CMakeFiles/LLVMAVRCodeGen.dir/AVRFrameLowering.cpp.o
[3064/4598] Building CXX object lib/Target/AVR/CMakeFiles/LLVMAVRCodeGen.dir/AVRISelDAGToDAG.cpp.o
[3065/4598] Building CXX object lib/Target/AVR/CMakeFiles/LLVMAVRCodeGen.dir/AVRMCInstLower.cpp.o
[3066/4598] Building CXX object lib/Target/ARM/Disassembler/CMakeFiles/LLVMARMDisassembler.dir/ARMDisassembler.cpp.o
[3067/4598] Building CXX object lib/Target/AVR/CMakeFiles/LLVMAVRCodeGen.dir/AVRRegisterInfo.cpp.o
[3068/4598] Linking CXX static library lib/libLLVMAVRDesc.a
[3069/4598] Building CXX object lib/Target/AVR/CMakeFiles/LLVMAVRCodeGen.dir/AVRShiftExpand.cpp.o
[3070/4598] Building CXX object lib/Target/AVR/CMakeFiles/LLVMAVRCodeGen.dir/AVRISelLowering.cpp.o
[3071/4598] Building CXX object lib/Target/AVR/CMakeFiles/LLVMAVRCodeGen.dir/AVRSubtarget.cpp.o
[3072/4598] Building CXX object lib/Target/AVR/CMakeFiles/LLVMAVRCodeGen.dir/AVRTargetObjectFile.cpp.o
[3073/4598] Building CXX object lib/Target/ARM/AsmParser/CMakeFiles/LLVMARMAsmParser.dir/ARMAsmParser.cpp.o
[3074/4598] Building CXX object lib/Target/AVR/CMakeFiles/LLVMAVRCodeGen.dir/AVRTargetMachine.cpp.o
[3075/4598] Building CXX object lib/Target/AVR/AsmParser/CMakeFiles/LLVMAVRAsmParser.dir/AVRAsmParser.cpp.o
[3076/4598] Building CXX object lib/Target/BPF/CMakeFiles/LLVMBPFCodeGen.dir/BPFAdjustOpt.cpp.o
[3077/4598] Building CXX object lib/Target/AVR/Disassembler/CMakeFiles/LLVMAVRDisassembler.dir/AVRDisassembler.cpp.o
[3078/4598] Building CXX object lib/Target/BPF/CMakeFiles/LLVMBPFCodeGen.dir/BPFCheckAndAdjustIR.cpp.o
[3079/4598] Building CXX object lib/Target/BPF/CMakeFiles/LLVMBPFCodeGen.dir/BPFIRPeephole.cpp.o
[3080/4598] Building CXX object lib/Target/BPF/CMakeFiles/LLVMBPFCodeGen.dir/BPFAsmPrinter.cpp.o
[3081/4598] Building CXX object lib/Target/BPF/CMakeFiles/LLVMBPFCodeGen.dir/BPFInstrInfo.cpp.o
[3082/4598] Building CXX object lib/Target/BPF/CMakeFiles/LLVMBPFCodeGen.dir/BPFMCInstLower.cpp.o
[3083/4598] Building CXX object lib/Target/BPF/CMakeFiles/LLVMBPFCodeGen.dir/BPFFrameLowering.cpp.o
[3084/4598] Building CXX object lib/Target/BPF/CMakeFiles/LLVMBPFCodeGen.dir/BPFISelDAGToDAG.cpp.o
[3085/4598] Building CXX object lib/Target/BPF/CMakeFiles/LLVMBPFCodeGen.dir/BPFPreserveDIType.cpp.o
[3086/4598] Building CXX object lib/Target/BPF/CMakeFiles/LLVMBPFCodeGen.dir/BPFAbstractMemberAccess.cpp.o
[3087/4598] Building CXX object lib/Target/BPF/CMakeFiles/LLVMBPFCodeGen.dir/BPFRegisterInfo.cpp.o
[3088/4598] Building CXX object lib/Target/BPF/CMakeFiles/LLVMBPFCodeGen.dir/BPFSelectionDAGInfo.cpp.o
[3089/4598] Building CXX object lib/Target/BPF/CMakeFiles/LLVMBPFCodeGen.dir/BPFSubtarget.cpp.o
[3090/4598] Linking CXX static library lib/libLLVMBPFDesc.a
[3091/4598] Building CXX object lib/Target/BPF/CMakeFiles/LLVMBPFCodeGen.dir/BPFISelLowering.cpp.o
[3092/4598] Building CXX object lib/Target/BPF/Disassembler/CMakeFiles/LLVMBPFDisassembler.dir/BPFDisassembler.cpp.o
[3093/4598] Building CXX object lib/Target/BPF/CMakeFiles/LLVMBPFCodeGen.dir/BPFMIPeephole.cpp.o
[3094/4598] Building CXX object lib/Target/BPF/CMakeFiles/LLVMBPFCodeGen.dir/BPFMIChecking.cpp.o
[3095/4598] Building CXX object lib/Target/BPF/AsmParser/CMakeFiles/LLVMBPFAsmParser.dir/BPFAsmParser.cpp.o
[3096/4598] Building CXX object lib/Target/BPF/CMakeFiles/LLVMBPFCodeGen.dir/BPFMISimplifyPatchable.cpp.o
[3097/4598] Building CXX object lib/Target/Hexagon/CMakeFiles/LLVMHexagonCodeGen.dir/BitTracker.cpp.o
[3098/4598] Building CXX object lib/Target/BPF/CMakeFiles/LLVMBPFCodeGen.dir/BTFDebug.cpp.o
[3099/4598] Building CXX object lib/Target/Hexagon/CMakeFiles/LLVMHexagonCodeGen.dir/HexagonAsmPrinter.cpp.o
[3100/4598] Building CXX object lib/Target/Hexagon/CMakeFiles/LLVMHexagonCodeGen.dir/HexagonBlockRanges.cpp.o
[3101/4598] Building CXX object lib/Target/Hexagon/CMakeFiles/LLVMHexagonCodeGen.dir/HexagonCFGOptimizer.cpp.o
[3102/4598] Building CXX object lib/Target/BPF/CMakeFiles/LLVMBPFCodeGen.dir/BPFTargetMachine.cpp.o
[3103/4598] Building CXX object lib/Target/Hexagon/CMakeFiles/LLVMHexagonCodeGen.dir/HexagonBranchRelaxation.cpp.o
[3104/4598] Building CXX object lib/Target/Hexagon/CMakeFiles/LLVMHexagonCodeGen.dir/HexagonBitTracker.cpp.o
[3105/4598] Building CXX object lib/Target/Hexagon/CMakeFiles/LLVMHexagonCodeGen.dir/HexagonCommonGEP.cpp.o
[3106/4598] Building CXX object lib/Target/Hexagon/CMakeFiles/LLVMHexagonCodeGen.dir/HexagonBitSimplify.cpp.o
[3107/4598] Building CXX object lib/Target/Hexagon/CMakeFiles/LLVMHexagonCodeGen.dir/HexagonCopyToCombine.cpp.o
[3108/4598] Building CXX object lib/Target/Hexagon/CMakeFiles/LLVMHexagonCodeGen.dir/HexagonExpandCondsets.cpp.o
[3109/4598] Building CXX object lib/Target/Hexagon/CMakeFiles/LLVMHexagonCodeGen.dir/HexagonConstExtenders.cpp.o
[3110/4598] Building CXX object lib/Target/Hexagon/CMakeFiles/LLVMHexagonCodeGen.dir/HexagonConstPropagation.cpp.o
[3111/4598] Building CXX object lib/Target/Hexagon/CMakeFiles/LLVMHexagonCodeGen.dir/HexagonEarlyIfConv.cpp.o
[3112/4598] Building CXX object lib/Target/Hexagon/CMakeFiles/LLVMHexagonCodeGen.dir/HexagonGenExtract.cpp.o
[3113/4598] Building CXX object lib/Target/Hexagon/CMakeFiles/LLVMHexagonCodeGen.dir/HexagonFixupHwLoops.cpp.o
[3114/4598] Building CXX object lib/Target/Hexagon/CMakeFiles/LLVMHexagonCodeGen.dir/HexagonGenMux.cpp.o
[3115/4598] Building CXX object lib/Target/Hexagon/CMakeFiles/LLVMHexagonCodeGen.dir/HexagonGenInsert.cpp.o
[3116/4598] Building CXX object lib/Target/Hexagon/CMakeFiles/LLVMHexagonCodeGen.dir/HexagonGenPredicate.cpp.o
[3117/4598] Building CXX object lib/Target/Hexagon/CMakeFiles/LLVMHexagonCodeGen.dir/HexagonFrameLowering.cpp.o
[3118/4598] Building CXX object lib/Target/Hexagon/CMakeFiles/LLVMHexagonCodeGen.dir/HexagonHardwareLoops.cpp.o
[3119/4598] Building CXX object lib/Target/Hexagon/CMakeFiles/LLVMHexagonCodeGen.dir/HexagonHazardRecognizer.cpp.o
[3120/4598] Building CXX object lib/Target/Hexagon/CMakeFiles/LLVMHexagonCodeGen.dir/HexagonMachineFunctionInfo.cpp.o
[3121/4598] Building CXX object lib/Target/Hexagon/CMakeFiles/LLVMHexagonCodeGen.dir/HexagonInstrInfo.cpp.o
[3122/4598] Building CXX object lib/Target/Hexagon/CMakeFiles/LLVMHexagonCodeGen.dir/HexagonISelDAGToDAGHVX.cpp.o
[3123/4598] Building CXX object lib/Target/Hexagon/CMakeFiles/LLVMHexagonCodeGen.dir/HexagonISelDAGToDAG.cpp.o
[3124/4598] Building CXX object lib/Target/Hexagon/CMakeFiles/LLVMHexagonCodeGen.dir/HexagonISelLoweringHVX.cpp.o
[3125/4598] Building CXX object lib/Target/Hexagon/CMakeFiles/LLVMHexagonCodeGen.dir/HexagonMCInstLower.cpp.o
[3126/4598] Building CXX object lib/Target/Hexagon/CMakeFiles/LLVMHexagonCodeGen.dir/HexagonISelLowering.cpp.o
[3127/4598] Building CXX object lib/Target/Hexagon/CMakeFiles/LLVMHexagonCodeGen.dir/HexagonMachineScheduler.cpp.o
[3128/4598] Building CXX object lib/Target/Hexagon/CMakeFiles/LLVMHexagonCodeGen.dir/HexagonNewValueJump.cpp.o
[3129/4598] Building CXX object lib/Target/Hexagon/CMakeFiles/LLVMHexagonCodeGen.dir/HexagonOptimizeSZextends.cpp.o
[3130/4598] Building CXX object lib/Target/Hexagon/CMakeFiles/LLVMHexagonCodeGen.dir/HexagonLoopIdiomRecognition.cpp.o
[3131/4598] Building CXX object lib/Target/Hexagon/CMakeFiles/LLVMHexagonCodeGen.dir/HexagonOptAddrMode.cpp.o
[3132/4598] Building CXX object lib/Target/Hexagon/CMakeFiles/LLVMHexagonCodeGen.dir/HexagonRegisterInfo.cpp.o
[3133/4598] Building CXX object lib/Target/Hexagon/CMakeFiles/LLVMHexagonCodeGen.dir/HexagonPeephole.cpp.o
[3134/4598] Building CXX object lib/Target/Hexagon/CMakeFiles/LLVMHexagonCodeGen.dir/HexagonRDFOpt.cpp.o
[3135/4598] Building CXX object lib/Target/Hexagon/CMakeFiles/LLVMHexagonCodeGen.dir/HexagonSplitConst32AndConst64.cpp.o
[3136/4598] Building CXX object lib/Target/Hexagon/CMakeFiles/LLVMHexagonCodeGen.dir/HexagonSelectionDAGInfo.cpp.o
[3137/4598] Building CXX object lib/Target/Hexagon/CMakeFiles/LLVMHexagonCodeGen.dir/HexagonStoreWidening.cpp.o
[3138/4598] Building CXX object lib/Target/Hexagon/CMakeFiles/LLVMHexagonCodeGen.dir/HexagonSplitDouble.cpp.o
[3139/4598] Building CXX object lib/Target/Hexagon/CMakeFiles/LLVMHexagonCodeGen.dir/HexagonTargetObjectFile.cpp.o
[3140/4598] Building CXX object lib/Target/Hexagon/CMakeFiles/LLVMHexagonCodeGen.dir/HexagonSubtarget.cpp.o
[3141/4598] Building CXX object lib/Target/Hexagon/CMakeFiles/LLVMHexagonCodeGen.dir/HexagonVectorPrint.cpp.o
[3142/4598] Linking CXX static library lib/libLLVMHexagonAsmParser.a
[3143/4598] Building CXX object lib/Target/Hexagon/CMakeFiles/LLVMHexagonCodeGen.dir/HexagonVectorLoopCarriedReuse.cpp.o
[3144/4598] Building CXX object lib/Target/Hexagon/CMakeFiles/LLVMHexagonCodeGen.dir/HexagonTargetMachine.cpp.o
[3145/4598] Building CXX object lib/Target/Hexagon/CMakeFiles/LLVMHexagonCodeGen.dir/HexagonTargetTransformInfo.cpp.o
[3146/4598] Building CXX object lib/Target/Hexagon/CMakeFiles/LLVMHexagonCodeGen.dir/RDFCopy.cpp.o
[3147/4598] Building CXX object lib/Target/Hexagon/CMakeFiles/LLVMHexagonCodeGen.dir/RDFDeadCode.cpp.o
[3148/4598] Building CXX object lib/Target/Hexagon/CMakeFiles/LLVMHexagonCodeGen.dir/HexagonVExtract.cpp.o
[3149/4598] Building CXX object lib/Target/Hexagon/CMakeFiles/LLVMHexagonCodeGen.dir/HexagonVectorCombine.cpp.o
[3150/4598] Building CXX object lib/Target/Hexagon/CMakeFiles/LLVMHexagonCodeGen.dir/HexagonVLIWPacketizer.cpp.o
[3151/4598] Building CXX object lib/Target/Hexagon/Disassembler/CMakeFiles/LLVMHexagonDisassembler.dir/HexagonDisassembler.cpp.o
[3152/4598] Building CXX object lib/Target/Lanai/CMakeFiles/LLVMLanaiCodeGen.dir/LanaiInstrInfo.cpp.o
[3153/4598] Building CXX object lib/Target/Lanai/CMakeFiles/LLVMLanaiCodeGen.dir/LanaiDelaySlotFiller.cpp.o
[3154/4598] Building CXX object lib/Target/Lanai/CMakeFiles/LLVMLanaiCodeGen.dir/LanaiAsmPrinter.cpp.o
[3155/4598] Building CXX object lib/Target/Lanai/CMakeFiles/LLVMLanaiCodeGen.dir/LanaiMachineFunctionInfo.cpp.o
[3156/4598] Building CXX object lib/Target/Lanai/CMakeFiles/LLVMLanaiCodeGen.dir/LanaiMCInstLower.cpp.o
[3157/4598] Building CXX object lib/Target/Lanai/CMakeFiles/LLVMLanaiCodeGen.dir/LanaiFrameLowering.cpp.o
[3158/4598] Linking CXX static library lib/libLLVMLanaiAsmParser.a
[3159/4598] Building CXX object lib/Target/Lanai/CMakeFiles/LLVMLanaiCodeGen.dir/LanaiISelDAGToDAG.cpp.o
[3160/4598] Building CXX object lib/Target/Lanai/CMakeFiles/LLVMLanaiCodeGen.dir/LanaiRegisterInfo.cpp.o
[3161/4598] Building CXX object lib/Target/Lanai/CMakeFiles/LLVMLanaiCodeGen.dir/LanaiISelLowering.cpp.o
[3162/4598] Building CXX object lib/Target/Lanai/CMakeFiles/LLVMLanaiCodeGen.dir/LanaiSelectionDAGInfo.cpp.o
[3163/4598] Building CXX object lib/Target/Lanai/CMakeFiles/LLVMLanaiCodeGen.dir/LanaiMemAluCombiner.cpp.o
[3164/4598] Building CXX object lib/Target/Lanai/CMakeFiles/LLVMLanaiCodeGen.dir/LanaiSubtarget.cpp.o
[3165/4598] Building CXX object lib/Target/Lanai/Disassembler/CMakeFiles/LLVMLanaiDisassembler.dir/LanaiDisassembler.cpp.o
[3166/4598] Building CXX object lib/Target/Lanai/CMakeFiles/LLVMLanaiCodeGen.dir/LanaiTargetObjectFile.cpp.o
[3167/4598] Building CXX object lib/Target/LoongArch/CMakeFiles/LLVMLoongArchCodeGen.dir/LoongArchAsmPrinter.cpp.o
[3168/4598] Building CXX object lib/Target/LoongArch/CMakeFiles/LLVMLoongArchCodeGen.dir/LoongArchExpandPseudoInsts.cpp.o
[3169/4598] Building CXX object lib/Target/LoongArch/CMakeFiles/LLVMLoongArchCodeGen.dir/LoongArchExpandAtomicPseudoInsts.cpp.o
[3170/4598] Building CXX object lib/Target/LoongArch/CMakeFiles/LLVMLoongArchCodeGen.dir/LoongArchInstrInfo.cpp.o
[3171/4598] Building CXX object lib/Target/Lanai/CMakeFiles/LLVMLanaiCodeGen.dir/LanaiTargetMachine.cpp.o
[3172/4598] Building CXX object lib/Target/LoongArch/CMakeFiles/LLVMLoongArchCodeGen.dir/LoongArchFrameLowering.cpp.o
[3173/4598] Linking CXX static library lib/libLLVMLoongArchDesc.a
[3174/4598] Building CXX object lib/Target/LoongArch/CMakeFiles/LLVMLoongArchCodeGen.dir/LoongArchISelDAGToDAG.cpp.o
[3175/4598] Building CXX object lib/Target/LoongArch/Disassembler/CMakeFiles/LLVMLoongArchDisassembler.dir/LoongArchDisassembler.cpp.o
[3176/4598] Building CXX object lib/Target/Mips/CMakeFiles/LLVMMipsCodeGen.dir/Mips16HardFloatInfo.cpp.o
[3177/4598] Building CXX object lib/Target/LoongArch/CMakeFiles/LLVMLoongArchCodeGen.dir/LoongArchMCInstLower.cpp.o
[3178/4598] Building CXX object lib/Target/LoongArch/CMakeFiles/LLVMLoongArchCodeGen.dir/LoongArchRegisterInfo.cpp.o
[3179/4598] Building CXX object lib/Target/LoongArch/AsmParser/CMakeFiles/LLVMLoongArchAsmParser.dir/LoongArchAsmParser.cpp.o
[3180/4598] Building CXX object lib/Target/LoongArch/CMakeFiles/LLVMLoongArchCodeGen.dir/LoongArchISelLowering.cpp.o
[3181/4598] Building CXX object lib/Target/LoongArch/CMakeFiles/LLVMLoongArchCodeGen.dir/LoongArchTargetMachine.cpp.o
[3182/4598] Building CXX object lib/Target/LoongArch/CMakeFiles/LLVMLoongArchCodeGen.dir/LoongArchSubtarget.cpp.o
[3183/4598] Building CXX object lib/Target/Mips/CMakeFiles/LLVMMipsCodeGen.dir/Mips16FrameLowering.cpp.o
[3184/4598] Building CXX object lib/Target/Mips/CMakeFiles/LLVMMipsCodeGen.dir/Mips16InstrInfo.cpp.o
[3185/4598] Building CXX object lib/Target/Mips/CMakeFiles/LLVMMipsCodeGen.dir/Mips16HardFloat.cpp.o
[3186/4598] Building CXX object lib/Target/Mips/CMakeFiles/LLVMMipsCodeGen.dir/MipsAnalyzeImmediate.cpp.o
[3187/4598] Building CXX object lib/Target/Mips/CMakeFiles/LLVMMipsCodeGen.dir/Mips16ISelDAGToDAG.cpp.o
[3188/4598] Building CXX object lib/Target/Mips/CMakeFiles/LLVMMipsCodeGen.dir/Mips16ISelLowering.cpp.o
[3189/4598] Building CXX object lib/Target/Mips/CMakeFiles/LLVMMipsCodeGen.dir/Mips16RegisterInfo.cpp.o
[3190/4598] Building CXX object lib/Target/Mips/CMakeFiles/LLVMMipsCodeGen.dir/MipsCallLowering.cpp.o
[3191/4598] Building CXX object lib/Target/AMDGPU/Disassembler/CMakeFiles/LLVMAMDGPUDisassembler.dir/AMDGPUDisassembler.cpp.o
[3192/4598] Building CXX object lib/Target/Mips/CMakeFiles/LLVMMipsCodeGen.dir/MipsCCState.cpp.o
[3193/4598] Building CXX object lib/Target/Mips/CMakeFiles/LLVMMipsCodeGen.dir/MipsAsmPrinter.cpp.o
[3194/4598] Building CXX object lib/Target/Mips/CMakeFiles/LLVMMipsCodeGen.dir/MipsExpandPseudo.cpp.o
[3195/4598] Building CXX object lib/Target/Mips/CMakeFiles/LLVMMipsCodeGen.dir/MipsConstantIslandPass.cpp.o
[3196/4598] Building CXX object lib/Target/Mips/CMakeFiles/LLVMMipsCodeGen.dir/MipsDelaySlotFiller.cpp.o
[3197/4598] Building CXX object lib/Target/Mips/CMakeFiles/LLVMMipsCodeGen.dir/MipsInstrInfo.cpp.o
[3198/4598] Building CXX object lib/Target/Mips/CMakeFiles/LLVMMipsCodeGen.dir/MipsFastISel.cpp.o
[3199/4598] Building CXX object lib/Target/Mips/CMakeFiles/LLVMMipsCodeGen.dir/MipsISelDAGToDAG.cpp.o
[3200/4598] Building CXX object lib/Target/Mips/CMakeFiles/LLVMMipsCodeGen.dir/MipsFrameLowering.cpp.o
[3201/4598] Building CXX object lib/Target/Mips/CMakeFiles/LLVMMipsCodeGen.dir/MipsInstructionSelector.cpp.o
[3202/4598] Building CXX object lib/Target/Mips/CMakeFiles/LLVMMipsCodeGen.dir/MipsLegalizerInfo.cpp.o
[3203/4598] Building CXX object lib/Target/Mips/CMakeFiles/LLVMMipsCodeGen.dir/MipsOs16.cpp.o
[3204/4598] Building CXX object lib/Target/Mips/CMakeFiles/LLVMMipsCodeGen.dir/MipsMachineFunction.cpp.o
[3205/4598] Building CXX object lib/Target/Mips/CMakeFiles/LLVMMipsCodeGen.dir/MipsMCInstLower.cpp.o
[3206/4598] Building CXX object lib/Target/Mips/CMakeFiles/LLVMMipsCodeGen.dir/MipsModuleISelDAGToDAG.cpp.o
[3207/4598] Building CXX object lib/Target/Mips/CMakeFiles/LLVMMipsCodeGen.dir/MipsBranchExpansion.cpp.o
[3208/4598] Building CXX object lib/Target/Mips/CMakeFiles/LLVMMipsCodeGen.dir/MipsISelLowering.cpp.o
[3209/4598] Building CXX object lib/Target/Mips/CMakeFiles/LLVMMipsCodeGen.dir/MipsOptimizePICCall.cpp.o
[3210/4598] Building CXX object lib/Target/Mips/CMakeFiles/LLVMMipsCodeGen.dir/MipsPostLegalizerCombiner.cpp.o
[3211/4598] Building CXX object lib/Target/Mips/CMakeFiles/LLVMMipsCodeGen.dir/MipsPreLegalizerCombiner.cpp.o
[3212/4598] Building CXX object lib/Target/Mips/CMakeFiles/LLVMMipsCodeGen.dir/MipsRegisterInfo.cpp.o
[3213/4598] Building CXX object lib/Target/Mips/CMakeFiles/LLVMMipsCodeGen.dir/MipsRegisterBankInfo.cpp.o
[3214/4598] Building CXX object lib/Target/Mips/CMakeFiles/LLVMMipsCodeGen.dir/MipsSEFrameLowering.cpp.o
[3215/4598] Building CXX object lib/Target/Mips/CMakeFiles/LLVMMipsCodeGen.dir/MipsSEInstrInfo.cpp.o
[3216/4598] Building CXX object lib/Target/Mips/CMakeFiles/LLVMMipsCodeGen.dir/MipsSubtarget.cpp.o
[3217/4598] Building CXX object lib/Target/Mips/CMakeFiles/LLVMMipsCodeGen.dir/MipsSERegisterInfo.cpp.o
[3218/4598] Linking CXX static library lib/libLLVMMipsDesc.a
[3219/4598] Building CXX object lib/Target/Mips/CMakeFiles/LLVMMipsCodeGen.dir/MipsSEISelDAGToDAG.cpp.o
[3220/4598] Building CXX object lib/Target/Mips/CMakeFiles/LLVMMipsCodeGen.dir/MicroMipsSizeReduction.cpp.o
[3221/4598] Building CXX object lib/Target/Mips/CMakeFiles/LLVMMipsCodeGen.dir/MipsTargetTransformInfo.cpp.o
[3222/4598] Building CXX object lib/Target/Mips/CMakeFiles/LLVMMipsCodeGen.dir/MipsMulMulBugPass.cpp.o
[3223/4598] Building CXX object lib/Target/Mips/CMakeFiles/LLVMMipsCodeGen.dir/MipsTargetObjectFile.cpp.o
[3224/4598] Building CXX object lib/Target/Mips/CMakeFiles/LLVMMipsCodeGen.dir/MipsTargetMachine.cpp.o
[3225/4598] Building CXX object lib/Target/Mips/Disassembler/CMakeFiles/LLVMMipsDisassembler.dir/MipsDisassembler.cpp.o
[3226/4598] Building CXX object lib/Target/MSP430/CMakeFiles/LLVMMSP430CodeGen.dir/MSP430BranchSelector.cpp.o
[3227/4598] Building CXX object lib/Target/MSP430/CMakeFiles/LLVMMSP430CodeGen.dir/MSP430MachineFunctionInfo.cpp.o
[3228/4598] Building CXX object lib/Target/MSP430/CMakeFiles/LLVMMSP430CodeGen.dir/MSP430ISelDAGToDAG.cpp.o
[3229/4598] Building CXX object lib/Target/Mips/CMakeFiles/LLVMMipsCodeGen.dir/MipsSEISelLowering.cpp.o
[3230/4598] Linking CXX static library lib/libLLVMMSP430Desc.a
[3231/4598] Building CXX object lib/Target/Mips/AsmParser/CMakeFiles/LLVMMipsAsmParser.dir/MipsAsmParser.cpp.o
[3232/4598] Building CXX object lib/Target/MSP430/CMakeFiles/LLVMMSP430CodeGen.dir/MSP430MCInstLower.cpp.o
[3233/4598] Building CXX object lib/Target/MSP430/CMakeFiles/LLVMMSP430CodeGen.dir/MSP430InstrInfo.cpp.o
[3234/4598] Building CXX object lib/Target/MSP430/CMakeFiles/LLVMMSP430CodeGen.dir/MSP430FrameLowering.cpp.o
[3235/4598] Building CXX object lib/Target/MSP430/CMakeFiles/LLVMMSP430CodeGen.dir/MSP430ISelLowering.cpp.o
[3236/4598] Building CXX object lib/Target/MSP430/CMakeFiles/LLVMMSP430CodeGen.dir/MSP430Subtarget.cpp.o
[3237/4598] Building CXX object lib/Target/MSP430/CMakeFiles/LLVMMSP430CodeGen.dir/MSP430RegisterInfo.cpp.o
[3238/4598] Building CXX object lib/Target/MSP430/AsmParser/CMakeFiles/LLVMMSP430AsmParser.dir/MSP430AsmParser.cpp.o
[3239/4598] Building CXX object lib/Target/MSP430/Disassembler/CMakeFiles/LLVMMSP430Disassembler.dir/MSP430Disassembler.cpp.o
[3240/4598] Building CXX object lib/Target/MSP430/CMakeFiles/LLVMMSP430CodeGen.dir/MSP430AsmPrinter.cpp.o
[3241/4598] Building CXX object lib/Target/NVPTX/CMakeFiles/LLVMNVPTXCodeGen.dir/NVPTXAssignValidGlobalNames.cpp.o
[3242/4598] Building CXX object lib/Target/NVPTX/CMakeFiles/LLVMNVPTXCodeGen.dir/NVPTXAllocaHoisting.cpp.o
[3243/4598] Building CXX object lib/Target/MSP430/CMakeFiles/LLVMMSP430CodeGen.dir/MSP430TargetMachine.cpp.o
[3244/4598] Building CXX object lib/Target/NVPTX/CMakeFiles/LLVMNVPTXCodeGen.dir/NVPTXAtomicLower.cpp.o
[3245/4598] Building CXX object lib/Target/NVPTX/CMakeFiles/LLVMNVPTXCodeGen.dir/NVPTXImageOptimizer.cpp.o
[3246/4598] Building CXX object lib/Target/NVPTX/CMakeFiles/LLVMNVPTXCodeGen.dir/NVPTXFrameLowering.cpp.o
[3247/4598] Building CXX object lib/Target/NVPTX/CMakeFiles/LLVMNVPTXCodeGen.dir/NVPTXLowerAggrCopies.cpp.o
[3248/4598] Building CXX object lib/Target/NVPTX/CMakeFiles/LLVMNVPTXCodeGen.dir/NVPTXGenericToNVVM.cpp.o
[3249/4598] Building CXX object lib/Target/NVPTX/CMakeFiles/LLVMNVPTXCodeGen.dir/NVPTXLowerAlloca.cpp.o
[3250/4598] Building CXX object lib/Target/NVPTX/CMakeFiles/LLVMNVPTXCodeGen.dir/NVPTXISelDAGToDAG.cpp.o
[3251/4598] Building CXX object lib/Target/NVPTX/CMakeFiles/LLVMNVPTXCodeGen.dir/NVPTXMCExpr.cpp.o
[3252/4598] Building CXX object lib/Target/NVPTX/CMakeFiles/LLVMNVPTXCodeGen.dir/NVPTXAsmPrinter.cpp.o
[3253/4598] Building CXX object lib/Target/NVPTX/CMakeFiles/LLVMNVPTXCodeGen.dir/NVPTXInstrInfo.cpp.o
[3254/4598] Building CXX object lib/Target/NVPTX/CMakeFiles/LLVMNVPTXCodeGen.dir/NVPTXLowerArgs.cpp.o
[3255/4598] Building CXX object lib/Target/NVPTX/CMakeFiles/LLVMNVPTXCodeGen.dir/NVPTXISelLowering.cpp.o
[3256/4598] Building CXX object lib/Target/NVPTX/CMakeFiles/LLVMNVPTXCodeGen.dir/NVPTXPeephole.cpp.o
[3257/4598] Building CXX object lib/Target/NVPTX/CMakeFiles/LLVMNVPTXCodeGen.dir/NVPTXPrologEpilogPass.cpp.o
[3258/4598] Linking CXX static library lib/libLLVMNVPTXDesc.a
[3259/4598] Building CXX object lib/Target/NVPTX/CMakeFiles/LLVMNVPTXCodeGen.dir/NVVMIntrRange.cpp.o
[3260/4598] Building CXX object lib/Target/NVPTX/CMakeFiles/LLVMNVPTXCodeGen.dir/NVPTXRegisterInfo.cpp.o
[3261/4598] Building CXX object lib/Target/NVPTX/CMakeFiles/LLVMNVPTXCodeGen.dir/NVVMReflect.cpp.o
[3262/4598] Building CXX object lib/Target/NVPTX/CMakeFiles/LLVMNVPTXCodeGen.dir/NVPTXReplaceImageHandles.cpp.o
[3263/4598] Building CXX object lib/Target/NVPTX/CMakeFiles/LLVMNVPTXCodeGen.dir/NVPTXSubtarget.cpp.o
[3264/4598] Building CXX object lib/Target/NVPTX/CMakeFiles/LLVMNVPTXCodeGen.dir/NVPTXProxyRegErasure.cpp.o
[3265/4598] Building CXX object lib/Target/NVPTX/CMakeFiles/LLVMNVPTXCodeGen.dir/NVPTXTargetTransformInfo.cpp.o
[3266/4598] Building CXX object lib/Target/NVPTX/CMakeFiles/LLVMNVPTXCodeGen.dir/NVPTXUtilities.cpp.o
[3267/4598] Building CXX object lib/Target/PowerPC/CMakeFiles/LLVMPowerPCCodeGen.dir/PPCBranchCoalescing.cpp.o
[3268/4598] Building CXX object lib/Target/PowerPC/CMakeFiles/LLVMPowerPCCodeGen.dir/PPCBoolRetToInt.cpp.o
[3269/4598] Building CXX object lib/Target/PowerPC/CMakeFiles/LLVMPowerPCCodeGen.dir/GISel/PPCInstructionSelector.cpp.o
[3270/4598] Building CXX object lib/Target/PowerPC/CMakeFiles/LLVMPowerPCCodeGen.dir/PPCBranchSelector.cpp.o
[3271/4598] Building CXX object lib/Target/PowerPC/CMakeFiles/LLVMPowerPCCodeGen.dir/PPCCallingConv.cpp.o
[3272/4598] Building CXX object lib/Target/PowerPC/CMakeFiles/LLVMPowerPCCodeGen.dir/PPCCTRLoopsVerify.cpp.o
[3273/4598] Building CXX object lib/Target/NVPTX/CMakeFiles/LLVMNVPTXCodeGen.dir/NVPTXTargetMachine.cpp.o
[3274/4598] Building CXX object lib/Target/PowerPC/CMakeFiles/LLVMPowerPCCodeGen.dir/PPCCCState.cpp.o
[3275/4598] Building CXX object lib/Target/PowerPC/CMakeFiles/LLVMPowerPCCodeGen.dir/PPCCTRLoops.cpp.o
[3276/4598] Building CXX object lib/Target/PowerPC/CMakeFiles/LLVMPowerPCCodeGen.dir/PPCAsmPrinter.cpp.o
[3277/4598] Building CXX object lib/Target/PowerPC/CMakeFiles/LLVMPowerPCCodeGen.dir/PPCHazardRecognizers.cpp.o
[3278/4598] Building CXX object lib/Target/PowerPC/CMakeFiles/LLVMPowerPCCodeGen.dir/PPCExpandAtomicPseudoInsts.cpp.o
[3279/4598] Building CXX object lib/Target/PowerPC/CMakeFiles/LLVMPowerPCCodeGen.dir/PPCEarlyReturn.cpp.o
[3280/4598] Building CXX object lib/Target/PowerPC/CMakeFiles/LLVMPowerPCCodeGen.dir/PPCMachineFunctionInfo.cpp.o
[3281/4598] Building CXX object lib/Target/PowerPC/CMakeFiles/LLVMPowerPCCodeGen.dir/PPCMCInstLower.cpp.o
[3282/4598] Building CXX object lib/Target/PowerPC/CMakeFiles/LLVMPowerPCCodeGen.dir/PPCInstrInfo.cpp.o
[3283/4598] Building CXX object lib/Target/PowerPC/CMakeFiles/LLVMPowerPCCodeGen.dir/PPCFastISel.cpp.o
[3284/4598] Building CXX object lib/Target/PowerPC/CMakeFiles/LLVMPowerPCCodeGen.dir/PPCFrameLowering.cpp.o
[3285/4598] Building CXX object lib/Target/PowerPC/CMakeFiles/LLVMPowerPCCodeGen.dir/PPCMachineScheduler.cpp.o
[3286/4598] Building CXX object lib/Target/PowerPC/CMakeFiles/LLVMPowerPCCodeGen.dir/PPCMacroFusion.cpp.o
[3287/4598] Building CXX object lib/Target/PowerPC/CMakeFiles/LLVMPowerPCCodeGen.dir/PPCLoopInstrFormPrep.cpp.o
[3288/4598] Building CXX object lib/Target/PowerPC/CMakeFiles/LLVMPowerPCCodeGen.dir/PPCTargetObjectFile.cpp.o
[3289/4598] Building CXX object lib/Target/PowerPC/CMakeFiles/LLVMPowerPCCodeGen.dir/PPCISelDAGToDAG.cpp.o
[3290/4598] Building CXX object lib/Target/PowerPC/CMakeFiles/LLVMPowerPCCodeGen.dir/PPCMIPeephole.cpp.o
[3291/4598] Building CXX object lib/Target/PowerPC/CMakeFiles/LLVMPowerPCCodeGen.dir/PPCSubtarget.cpp.o
[3292/4598] Building CXX object lib/Target/PowerPC/CMakeFiles/LLVMPowerPCCodeGen.dir/PPCTOCRegDeps.cpp.o
[3293/4598] Building CXX object lib/Target/PowerPC/CMakeFiles/LLVMPowerPCCodeGen.dir/PPCVSXCopy.cpp.o
[3294/4598] Building CXX object lib/Target/PowerPC/CMakeFiles/LLVMPowerPCCodeGen.dir/PPCTLSDynamicCall.cpp.o
[3295/4598] Building CXX object lib/Target/PowerPC/CMakeFiles/LLVMPowerPCCodeGen.dir/PPCRegisterInfo.cpp.o
[3296/4598] Building CXX object lib/Target/PowerPC/CMakeFiles/LLVMPowerPCCodeGen.dir/PPCTargetMachine.cpp.o
[3297/4598] Building CXX object lib/Target/PowerPC/CMakeFiles/LLVMPowerPCCodeGen.dir/PPCReduceCRLogicals.cpp.o
[3298/4598] Building CXX object lib/Target/PowerPC/CMakeFiles/LLVMPowerPCCodeGen.dir/PPCISelLowering.cpp.o
[3299/4598] Building CXX object lib/Target/PowerPC/CMakeFiles/LLVMPowerPCCodeGen.dir/PPCTargetTransformInfo.cpp.o
[3300/4598] Building CXX object lib/Target/PowerPC/CMakeFiles/LLVMPowerPCCodeGen.dir/PPCVSXFMAMutate.cpp.o
[3301/4598] Building CXX object lib/Target/PowerPC/CMakeFiles/LLVMPowerPCCodeGen.dir/GISel/PPCLegalizerInfo.cpp.o
[3302/4598] Linking CXX static library lib/libLLVMPowerPCDesc.a
[3303/4598] Building CXX object lib/Target/PowerPC/CMakeFiles/LLVMPowerPCCodeGen.dir/PPCVSXSwapRemoval.cpp.o
[3304/4598] Building CXX object lib/Target/PowerPC/CMakeFiles/LLVMPowerPCCodeGen.dir/PPCExpandISEL.cpp.o
[3305/4598] Building CXX object lib/Target/PowerPC/CMakeFiles/LLVMPowerPCCodeGen.dir/PPCLowerMASSVEntries.cpp.o
[3306/4598] Building CXX object lib/Target/PowerPC/CMakeFiles/LLVMPowerPCCodeGen.dir/GISel/PPCRegisterBankInfo.cpp.o
[3307/4598] Building CXX object lib/Target/PowerPC/CMakeFiles/LLVMPowerPCCodeGen.dir/GISel/PPCCallLowering.cpp.o
[3308/4598] Building CXX object lib/Target/PowerPC/CMakeFiles/LLVMPowerPCCodeGen.dir/PPCGenScalarMASSEntries.cpp.o
[3309/4598] Building CXX object lib/Target/PowerPC/Disassembler/CMakeFiles/LLVMPowerPCDisassembler.dir/PPCDisassembler.cpp.o
[3310/4598] Building CXX object lib/Target/PowerPC/AsmParser/CMakeFiles/LLVMPowerPCAsmParser.dir/PPCAsmParser.cpp.o
[3311/4598] Building CXX object lib/Target/PowerPC/CMakeFiles/LLVMPowerPCCodeGen.dir/PPCPreEmitPeephole.cpp.o
[3312/4598] Building CXX object lib/Target/RISCV/CMakeFiles/LLVMRISCVCodeGen.dir/RISCVCodeGenPrepare.cpp.o
[3313/4598] Building CXX object lib/Target/RISCV/CMakeFiles/LLVMRISCVCodeGen.dir/RISCVMakeCompressible.cpp.o
[3314/4598] Building CXX object lib/Target/RISCV/CMakeFiles/LLVMRISCVCodeGen.dir/RISCVExpandAtomicPseudoInsts.cpp.o
[3315/4598] Building CXX object lib/Target/RISCV/CMakeFiles/LLVMRISCVCodeGen.dir/RISCVExpandPseudoInsts.cpp.o
[3316/4598] Building CXX object lib/Target/RISCV/CMakeFiles/LLVMRISCVCodeGen.dir/RISCVAsmPrinter.cpp.o
[3317/4598] Building CXX object lib/Target/RISCV/CMakeFiles/LLVMRISCVCodeGen.dir/RISCVFrameLowering.cpp.o
[3318/4598] Building CXX object lib/Target/RISCV/CMakeFiles/LLVMRISCVCodeGen.dir/RISCVInsertVSETVLI.cpp.o
[3319/4598] Building CXX object lib/Target/RISCV/CMakeFiles/LLVMRISCVCodeGen.dir/RISCVGatherScatterLowering.cpp.o
[3320/4598] Building CXX object lib/Target/RISCV/CMakeFiles/LLVMRISCVCodeGen.dir/RISCVMacroFusion.cpp.o
[3321/4598] Building CXX object lib/Target/RISCV/CMakeFiles/LLVMRISCVCodeGen.dir/RISCVMachineFunctionInfo.cpp.o
[3322/4598] Building CXX object lib/Target/RISCV/CMakeFiles/LLVMRISCVCodeGen.dir/RISCVMCInstLower.cpp.o
[3323/4598] Building CXX object lib/Target/RISCV/CMakeFiles/LLVMRISCVCodeGen.dir/RISCVInstrInfo.cpp.o
[3324/4598] Building CXX object lib/Target/RISCV/CMakeFiles/LLVMRISCVCodeGen.dir/RISCVRedundantCopyElimination.cpp.o
[3325/4598] Building CXX object lib/Target/RISCV/CMakeFiles/LLVMRISCVCodeGen.dir/RISCVMergeBaseOffset.cpp.o
[3326/4598] Building CXX object lib/Target/RISCV/CMakeFiles/LLVMRISCVCodeGen.dir/RISCVSExtWRemoval.cpp.o
[3327/4598] Building CXX object lib/Target/RISCV/CMakeFiles/LLVMRISCVCodeGen.dir/RISCVRegisterInfo.cpp.o
[3328/4598] Building CXX object lib/Target/RISCV/CMakeFiles/LLVMRISCVCodeGen.dir/RISCVStripWSuffix.cpp.o
[3329/4598] Building CXX object lib/Target/RISCV/CMakeFiles/LLVMRISCVCodeGen.dir/GISel/RISCVLegalizerInfo.cpp.o
[3330/4598] Building CXX object lib/Target/RISCV/CMakeFiles/LLVMRISCVCodeGen.dir/RISCVSubtarget.cpp.o
[3331/4598] Building CXX object lib/Target/RISCV/CMakeFiles/LLVMRISCVCodeGen.dir/GISel/RISCVRegisterBankInfo.cpp.o
[3332/4598] Linking CXX static library lib/libLLVMRISCVDesc.a
[3333/4598] Building CXX object lib/Target/RISCV/CMakeFiles/LLVMRISCVCodeGen.dir/GISel/RISCVCallLowering.cpp.o
[3334/4598] Building CXX object lib/Target/RISCV/CMakeFiles/LLVMRISCVCodeGen.dir/RISCVISelDAGToDAG.cpp.o
[3335/4598] Building CXX object lib/Target/RISCV/CMakeFiles/LLVMRISCVCodeGen.dir/RISCVTargetObjectFile.cpp.o
[3336/4598] Building CXX object lib/Target/RISCV/Disassembler/CMakeFiles/LLVMRISCVDisassembler.dir/RISCVDisassembler.cpp.o
[3337/4598] Building CXX object lib/Target/RISCV/CMakeFiles/LLVMRISCVCodeGen.dir/RISCVTargetMachine.cpp.o
[3338/4598] Building CXX object lib/Target/RISCV/CMakeFiles/LLVMRISCVCodeGen.dir/RISCVTargetTransformInfo.cpp.o
[3339/4598] Building CXX object lib/Target/RISCV/CMakeFiles/LLVMRISCVCodeGen.dir/RISCVISelLowering.cpp.o
[3340/4598] Building CXX object lib/Target/RISCV/AsmParser/CMakeFiles/LLVMRISCVAsmParser.dir/RISCVAsmParser.cpp.o
[3341/4598] Building CXX object lib/Target/Sparc/CMakeFiles/LLVMSparcCodeGen.dir/LeonPasses.cpp.o
[3342/4598] Building CXX object lib/Target/Sparc/CMakeFiles/LLVMSparcCodeGen.dir/DelaySlotFiller.cpp.o
[3343/4598] Building CXX object lib/Target/RISCV/CMakeFiles/LLVMRISCVCodeGen.dir/GISel/RISCVInstructionSelector.cpp.o
[3344/4598] Building CXX object lib/Target/Sparc/CMakeFiles/LLVMSparcCodeGen.dir/SparcMachineFunctionInfo.cpp.o
[3345/4598] Building CXX object lib/Target/Sparc/CMakeFiles/LLVMSparcCodeGen.dir/SparcAsmPrinter.cpp.o
[3346/4598] Building CXX object lib/Target/Sparc/CMakeFiles/LLVMSparcCodeGen.dir/SparcInstrInfo.cpp.o
[3347/4598] Building CXX object lib/Target/Sparc/CMakeFiles/LLVMSparcCodeGen.dir/SparcISelDAGToDAG.cpp.o
[3348/4598] Linking CXX static library lib/libLLVMSparcDesc.a
[3349/4598] Building CXX object lib/Target/Sparc/CMakeFiles/LLVMSparcCodeGen.dir/SparcFrameLowering.cpp.o
[3350/4598] Building CXX object lib/Target/Sparc/CMakeFiles/LLVMSparcCodeGen.dir/SparcRegisterInfo.cpp.o
[3351/4598] Building CXX object lib/Target/Sparc/CMakeFiles/LLVMSparcCodeGen.dir/SparcSubtarget.cpp.o
[3352/4598] Building CXX object lib/Target/Sparc/CMakeFiles/LLVMSparcCodeGen.dir/SparcMCInstLower.cpp.o
[3353/4598] Building CXX object lib/Target/Sparc/AsmParser/CMakeFiles/LLVMSparcAsmParser.dir/SparcAsmParser.cpp.o
[3354/4598] Building CXX object lib/Target/SystemZ/CMakeFiles/LLVMSystemZCodeGen.dir/SystemZConstantPoolValue.cpp.o
[3355/4598] Building CXX object lib/Target/Sparc/CMakeFiles/LLVMSparcCodeGen.dir/SparcTargetObjectFile.cpp.o
[3356/4598] Building CXX object lib/Target/Sparc/Disassembler/CMakeFiles/LLVMSparcDisassembler.dir/SparcDisassembler.cpp.o
[3357/4598] Building CXX object lib/Target/Sparc/CMakeFiles/LLVMSparcCodeGen.dir/SparcISelLowering.cpp.o
[3358/4598] Building CXX object lib/Target/Sparc/CMakeFiles/LLVMSparcCodeGen.dir/SparcTargetMachine.cpp.o
[3359/4598] Building CXX object lib/Target/SystemZ/CMakeFiles/LLVMSystemZCodeGen.dir/SystemZCallingConv.cpp.o
[3360/4598] Building CXX object lib/Target/SystemZ/CMakeFiles/LLVMSystemZCodeGen.dir/SystemZElimCompare.cpp.o
[3361/4598] Building CXX object lib/Target/SystemZ/CMakeFiles/LLVMSystemZCodeGen.dir/SystemZAsmPrinter.cpp.o
[3362/4598] Building CXX object lib/Target/SystemZ/CMakeFiles/LLVMSystemZCodeGen.dir/SystemZHazardRecognizer.cpp.o
[3363/4598] Building CXX object lib/Target/SystemZ/CMakeFiles/LLVMSystemZCodeGen.dir/SystemZCopyPhysRegs.cpp.o
[3364/4598] Building CXX object lib/Target/SystemZ/CMakeFiles/LLVMSystemZCodeGen.dir/SystemZFrameLowering.cpp.o
[3365/4598] Building CXX object lib/Target/SystemZ/CMakeFiles/LLVMSystemZCodeGen.dir/SystemZMachineFunctionInfo.cpp.o
[3366/4598] Building CXX object lib/Target/SystemZ/CMakeFiles/LLVMSystemZCodeGen.dir/SystemZLDCleanup.cpp.o
[3367/4598] Building CXX object lib/Target/SystemZ/CMakeFiles/LLVMSystemZCodeGen.dir/SystemZISelDAGToDAG.cpp.o
[3368/4598] Building CXX object lib/Target/SystemZ/CMakeFiles/LLVMSystemZCodeGen.dir/SystemZLongBranch.cpp.o
[3369/4598] Building CXX object lib/Target/SystemZ/CMakeFiles/LLVMSystemZCodeGen.dir/SystemZInstrInfo.cpp.o
[3370/4598] Building CXX object lib/Target/SystemZ/CMakeFiles/LLVMSystemZCodeGen.dir/SystemZMachineScheduler.cpp.o
[3371/4598] Building CXX object lib/Target/SystemZ/CMakeFiles/LLVMSystemZCodeGen.dir/SystemZMCInstLower.cpp.o
[3372/4598] Building CXX object lib/Target/SystemZ/CMakeFiles/LLVMSystemZCodeGen.dir/SystemZPostRewrite.cpp.o
[3373/4598] Building CXX object lib/Target/SystemZ/CMakeFiles/LLVMSystemZCodeGen.dir/SystemZSubtarget.cpp.o
[3374/4598] Building CXX object lib/Target/SystemZ/CMakeFiles/LLVMSystemZCodeGen.dir/SystemZRegisterInfo.cpp.o
[3375/4598] Linking CXX static library lib/libLLVMSystemZDesc.a
[3376/4598] Building CXX object lib/Target/SystemZ/CMakeFiles/LLVMSystemZCodeGen.dir/SystemZShortenInst.cpp.o
[3377/4598] Building CXX object lib/Target/SystemZ/Disassembler/CMakeFiles/LLVMSystemZDisassembler.dir/SystemZDisassembler.cpp.o
[3378/4598] Building CXX object lib/Target/SystemZ/CMakeFiles/LLVMSystemZCodeGen.dir/SystemZSelectionDAGInfo.cpp.o
[3379/4598] Building CXX object lib/Target/SystemZ/CMakeFiles/LLVMSystemZCodeGen.dir/SystemZISelLowering.cpp.o
[3380/4598] Building CXX object lib/Target/SystemZ/CMakeFiles/LLVMSystemZCodeGen.dir/SystemZTDC.cpp.o
[3381/4598] Building CXX object lib/Target/SystemZ/AsmParser/CMakeFiles/LLVMSystemZAsmParser.dir/SystemZAsmParser.cpp.o
[3382/4598] Building CXX object lib/Target/SystemZ/CMakeFiles/LLVMSystemZCodeGen.dir/SystemZTargetMachine.cpp.o
[3383/4598] Building CXX object lib/Target/SystemZ/CMakeFiles/LLVMSystemZCodeGen.dir/SystemZTargetTransformInfo.cpp.o
[3384/4598] Building CXX object lib/Target/VE/CMakeFiles/LLVMVECodeGen.dir/VEMachineFunctionInfo.cpp.o
[3385/4598] Building CXX object lib/Target/VE/CMakeFiles/LLVMVECodeGen.dir/LVLGen.cpp.o
[3386/4598] Building CXX object lib/Target/VE/CMakeFiles/LLVMVECodeGen.dir/VECustomDAG.cpp.o
[3387/4598] Building CXX object lib/Target/VE/CMakeFiles/LLVMVECodeGen.dir/VEAsmPrinter.cpp.o
[3388/4598] Building CXX object lib/Target/VE/CMakeFiles/LLVMVECodeGen.dir/VEMCInstLower.cpp.o
[3389/4598] Building CXX object lib/Target/VE/CMakeFiles/LLVMVECodeGen.dir/VEISelDAGToDAG.cpp.o
[3390/4598] Linking CXX static library lib/libLLVMVEDesc.a
[3391/4598] Building CXX object lib/Target/VE/CMakeFiles/LLVMVECodeGen.dir/VEFrameLowering.cpp.o
[3392/4598] Building CXX object lib/Target/VE/CMakeFiles/LLVMVECodeGen.dir/VEInstrInfo.cpp.o
[3393/4598] Building CXX object lib/Target/VE/CMakeFiles/LLVMVECodeGen.dir/VVPISelLowering.cpp.o
[3394/4598] Building CXX object lib/Target/VE/CMakeFiles/LLVMVECodeGen.dir/VESubtarget.cpp.o
[3395/4598] Building CXX object lib/Target/WebAssembly/CMakeFiles/LLVMWebAssemblyCodeGen.dir/WebAssemblyAddMissingPrototypes.cpp.o
[3396/4598] Building CXX object lib/Target/VE/Disassembler/CMakeFiles/LLVMVEDisassembler.dir/VEDisassembler.cpp.o
[3397/4598] Building CXX object lib/Target/VE/CMakeFiles/LLVMVECodeGen.dir/VERegisterInfo.cpp.o
[3398/4598] Building CXX object lib/Target/VE/CMakeFiles/LLVMVECodeGen.dir/VEISelLowering.cpp.o
[3399/4598] Building CXX object lib/Target/VE/AsmParser/CMakeFiles/LLVMVEAsmParser.dir/VEAsmParser.cpp.o
[3400/4598] Building CXX object lib/Target/VE/CMakeFiles/LLVMVECodeGen.dir/VETargetMachine.cpp.o
[3401/4598] Building CXX object lib/Target/WebAssembly/CMakeFiles/LLVMWebAssemblyCodeGen.dir/WebAssemblyArgumentMove.cpp.o
[3402/4598] Building CXX object lib/Target/WebAssembly/CMakeFiles/LLVMWebAssemblyCodeGen.dir/WebAssemblyDebugFixup.cpp.o
[3403/4598] Building CXX object lib/Target/WebAssembly/CMakeFiles/LLVMWebAssemblyCodeGen.dir/WebAssemblyCFGSort.cpp.o
[3404/4598] Building CXX object lib/Target/WebAssembly/CMakeFiles/LLVMWebAssemblyCodeGen.dir/WebAssemblyAsmPrinter.cpp.o
[3405/4598] Building CXX object lib/Target/WebAssembly/CMakeFiles/LLVMWebAssemblyCodeGen.dir/WebAssemblyDebugValueManager.cpp.o
[3406/4598] Building CXX object lib/Target/WebAssembly/CMakeFiles/LLVMWebAssemblyCodeGen.dir/WebAssemblyCFGStackify.cpp.o
[3407/4598] Building CXX object lib/Target/WebAssembly/CMakeFiles/LLVMWebAssemblyCodeGen.dir/WebAssemblyFixFunctionBitcasts.cpp.o
[3408/4598] Building CXX object lib/Target/WebAssembly/CMakeFiles/LLVMWebAssemblyCodeGen.dir/WebAssemblyExplicitLocals.cpp.o
[3409/4598] Building CXX object lib/Target/WebAssembly/CMakeFiles/LLVMWebAssemblyCodeGen.dir/WebAssemblyLateEHPrepare.cpp.o
[3410/4598] Building CXX object lib/Target/WebAssembly/CMakeFiles/LLVMWebAssemblyCodeGen.dir/WebAssemblyExceptionInfo.cpp.o
[3411/4598] Building CXX object lib/Target/WebAssembly/CMakeFiles/LLVMWebAssemblyCodeGen.dir/WebAssemblyFixBrTableDefaults.cpp.o
[3412/4598] Building CXX object lib/Target/WebAssembly/CMakeFiles/LLVMWebAssemblyCodeGen.dir/WebAssemblyFixIrreducibleControlFlow.cpp.o
[3413/4598] Building CXX object lib/Target/WebAssembly/CMakeFiles/LLVMWebAssemblyCodeGen.dir/WebAssemblyFastISel.cpp.o
[3414/4598] Building CXX object lib/Target/WebAssembly/CMakeFiles/LLVMWebAssemblyCodeGen.dir/WebAssemblyISelDAGToDAG.cpp.o
[3415/4598] Building CXX object lib/Target/WebAssembly/CMakeFiles/LLVMWebAssemblyCodeGen.dir/WebAssemblyFrameLowering.cpp.o
[3416/4598] Building CXX object lib/Target/WebAssembly/CMakeFiles/LLVMWebAssemblyCodeGen.dir/WebAssemblyLowerBrUnless.cpp.o
[3417/4598] Building CXX object lib/Target/WebAssembly/CMakeFiles/LLVMWebAssemblyCodeGen.dir/WebAssemblyInstrInfo.cpp.o
[3418/4598] Building CXX object lib/Target/WebAssembly/CMakeFiles/LLVMWebAssemblyCodeGen.dir/WebAssemblyLowerRefTypesIntPtrConv.cpp.o
[3419/4598] Building CXX object lib/Target/WebAssembly/CMakeFiles/LLVMWebAssemblyCodeGen.dir/WebAssemblyISelLowering.cpp.o
[3420/4598] Building CXX object lib/Target/WebAssembly/CMakeFiles/LLVMWebAssemblyCodeGen.dir/WebAssemblyNullifyDebugValueLists.cpp.o
[3421/4598] Building CXX object lib/Target/WebAssembly/CMakeFiles/LLVMWebAssemblyCodeGen.dir/WebAssemblyMCInstLower.cpp.o
[3422/4598] Building CXX object lib/Target/WebAssembly/CMakeFiles/LLVMWebAssemblyCodeGen.dir/WebAssemblyLowerEmscriptenEHSjLj.cpp.o
[3423/4598] Building CXX object lib/Target/WebAssembly/CMakeFiles/LLVMWebAssemblyCodeGen.dir/WebAssemblyOptimizeLiveIntervals.cpp.o
[3424/4598] Building CXX object lib/Target/WebAssembly/CMakeFiles/LLVMWebAssemblyCodeGen.dir/WebAssemblyOptimizeReturned.cpp.o
[3425/4598] Building CXX object lib/Target/WebAssembly/CMakeFiles/LLVMWebAssemblyCodeGen.dir/WebAssemblyMCLowerPrePass.cpp.o
[3426/4598] Building CXX object lib/Target/WebAssembly/CMakeFiles/LLVMWebAssemblyCodeGen.dir/WebAssemblyPeephole.cpp.o
[3427/4598] Building CXX object lib/Target/WebAssembly/CMakeFiles/LLVMWebAssemblyCodeGen.dir/WebAssemblyMachineFunctionInfo.cpp.o
[3428/4598] Building CXX object lib/Target/WebAssembly/CMakeFiles/LLVMWebAssemblyCodeGen.dir/WebAssemblyRegisterInfo.cpp.o
[3429/4598] Building CXX object lib/Target/WebAssembly/CMakeFiles/LLVMWebAssemblyCodeGen.dir/WebAssemblyRegNumbering.cpp.o
[3430/4598] Building CXX object lib/Target/WebAssembly/CMakeFiles/LLVMWebAssemblyCodeGen.dir/WebAssemblyRegColoring.cpp.o
[3431/4598] Building CXX object lib/Target/WebAssembly/CMakeFiles/LLVMWebAssemblyCodeGen.dir/WebAssemblyRuntimeLibcallSignatures.cpp.o
[3432/4598] Building CXX object lib/Target/WebAssembly/CMakeFiles/LLVMWebAssemblyCodeGen.dir/WebAssemblyReplacePhysRegs.cpp.o
[3433/4598] Building CXX object lib/Target/WebAssembly/CMakeFiles/LLVMWebAssemblyCodeGen.dir/WebAssemblySortRegion.cpp.o
[3434/4598] Building CXX object lib/Target/WebAssembly/CMakeFiles/LLVMWebAssemblyCodeGen.dir/WebAssemblySelectionDAGInfo.cpp.o
[3435/4598] Building CXX object lib/Target/WebAssembly/CMakeFiles/LLVMWebAssemblyCodeGen.dir/WebAssemblySetP2AlignOperands.cpp.o
[3436/4598] Linking CXX static library lib/libLLVMWebAssemblyDesc.a
[3437/4598] Building CXX object lib/Target/WebAssembly/CMakeFiles/LLVMWebAssemblyCodeGen.dir/WebAssemblyRegStackify.cpp.o
[3438/4598] Building CXX object lib/Target/WebAssembly/CMakeFiles/LLVMWebAssemblyCodeGen.dir/WebAssemblyMemIntrinsicResults.cpp.o
[3439/4598] Building CXX object lib/Target/WebAssembly/CMakeFiles/LLVMWebAssemblyCodeGen.dir/WebAssemblySubtarget.cpp.o
[3440/4598] Building CXX object lib/Target/WebAssembly/CMakeFiles/LLVMWebAssemblyCodeGen.dir/WebAssemblyTargetObjectFile.cpp.o
[3441/4598] Building CXX object lib/Target/WebAssembly/CMakeFiles/LLVMWebAssemblyCodeGen.dir/WebAssemblyTargetTransformInfo.cpp.o
[3442/4598] Building CXX object lib/Target/WebAssembly/Disassembler/CMakeFiles/LLVMWebAssemblyDisassembler.dir/WebAssemblyDisassembler.cpp.o
[3443/4598] Building CXX object lib/Target/WebAssembly/AsmParser/CMakeFiles/LLVMWebAssemblyAsmParser.dir/WebAssemblyAsmTypeCheck.cpp.o
[3444/4598] Building CXX object lib/Target/X86/CMakeFiles/LLVMX86CodeGen.dir/X86AvoidTrailingCall.cpp.o
[3445/4598] Building CXX object lib/Target/WebAssembly/AsmParser/CMakeFiles/LLVMWebAssemblyAsmParser.dir/WebAssemblyAsmParser.cpp.o
[3446/4598] Building CXX object lib/Target/WebAssembly/CMakeFiles/LLVMWebAssemblyCodeGen.dir/WebAssemblyTargetMachine.cpp.o
[3447/4598] Building CXX object lib/Target/X86/CMakeFiles/LLVMX86CodeGen.dir/X86CallLowering.cpp.o
[3448/4598] Building CXX object lib/Target/X86/CMakeFiles/LLVMX86CodeGen.dir/X86CallFrameOptimization.cpp.o
[3449/4598] Building CXX object lib/Target/X86/CMakeFiles/LLVMX86CodeGen.dir/X86AsmPrinter.cpp.o
[3450/4598] Building CXX object lib/Target/X86/CMakeFiles/LLVMX86CodeGen.dir/X86CallingConv.cpp.o
[3451/4598] Building CXX object lib/Target/X86/CMakeFiles/LLVMX86CodeGen.dir/X86CmovConversion.cpp.o
[3452/4598] Building CXX object lib/Target/X86/CMakeFiles/LLVMX86CodeGen.dir/X86PreAMXConfig.cpp.o
[3453/4598] Building CXX object lib/Target/X86/CMakeFiles/LLVMX86CodeGen.dir/X86LowerTileCopy.cpp.o
[3454/4598] Building CXX object lib/Target/X86/CMakeFiles/LLVMX86CodeGen.dir/X86DomainReassignment.cpp.o
[3455/4598] Building CXX object lib/Target/X86/CMakeFiles/LLVMX86CodeGen.dir/X86DiscriminateMemOps.cpp.o
[3456/4598] Building CXX object lib/Target/X86/CMakeFiles/LLVMX86CodeGen.dir/X86LowerAMXType.cpp.o
[3457/4598] Building CXX object lib/Target/X86/CMakeFiles/LLVMX86CodeGen.dir/X86LowerAMXIntrinsics.cpp.o
[3458/4598] Building CXX object lib/Target/X86/CMakeFiles/LLVMX86CodeGen.dir/X86TileConfig.cpp.o
[3459/4598] Building CXX object lib/Target/X86/CMakeFiles/LLVMX86CodeGen.dir/X86FastPreTileConfig.cpp.o
[3460/4598] Building CXX object lib/Target/X86/CMakeFiles/LLVMX86CodeGen.dir/X86FastTileConfig.cpp.o
[3461/4598] Building CXX object lib/Target/X86/CMakeFiles/LLVMX86CodeGen.dir/X86ExpandPseudo.cpp.o
[3462/4598] Building CXX object lib/Target/X86/CMakeFiles/LLVMX86CodeGen.dir/X86PreTileConfig.cpp.o
[3463/4598] Building CXX object lib/Target/X86/CMakeFiles/LLVMX86CodeGen.dir/X86AvoidStoreForwardingBlocks.cpp.o
[3464/4598] Building CXX object lib/Target/X86/CMakeFiles/LLVMX86CodeGen.dir/X86FixupBWInsts.cpp.o
[3465/4598] Building CXX object lib/Target/X86/CMakeFiles/LLVMX86CodeGen.dir/X86FixupLEAs.cpp.o
[3466/4598] Building CXX object lib/Target/X86/CMakeFiles/LLVMX86CodeGen.dir/X86DynAllocaExpander.cpp.o
[3467/4598] Building CXX object lib/Target/X86/CMakeFiles/LLVMX86CodeGen.dir/X86FixupSetCC.cpp.o
[3468/4598] Building CXX object lib/Target/X86/CMakeFiles/LLVMX86CodeGen.dir/X86FloatingPoint.cpp.o
[3469/4598] Building CXX object lib/Target/X86/CMakeFiles/LLVMX86CodeGen.dir/X86FastISel.cpp.o
[3470/4598] Building CXX object lib/Target/X86/CMakeFiles/LLVMX86CodeGen.dir/X86FlagsCopyLowering.cpp.o
[3471/4598] Building CXX object lib/Target/X86/CMakeFiles/LLVMX86CodeGen.dir/X86InstructionSelector.cpp.o
[3472/4598] Building CXX object lib/Target/X86/CMakeFiles/LLVMX86CodeGen.dir/X86IndirectBranchTracking.cpp.o
[3473/4598] Building CXX object lib/Target/X86/CMakeFiles/LLVMX86CodeGen.dir/X86IndirectThunks.cpp.o
[3474/4598] Building CXX object lib/Target/X86/CMakeFiles/LLVMX86CodeGen.dir/X86FrameLowering.cpp.o
[3475/4598] Building CXX object lib/Target/X86/CMakeFiles/LLVMX86CodeGen.dir/X86InstrFMA3Info.cpp.o
[3476/4598] Building CXX object lib/Target/X86/CMakeFiles/LLVMX86CodeGen.dir/X86InsertPrefetch.cpp.o
[3477/4598] Building CXX object lib/Target/X86/CMakeFiles/LLVMX86CodeGen.dir/X86InstrFoldTables.cpp.o
[3478/4598] Building CXX object lib/Target/X86/CMakeFiles/LLVMX86CodeGen.dir/X86InterleavedAccess.cpp.o
[3479/4598] Building CXX object lib/Target/X86/CMakeFiles/LLVMX86CodeGen.dir/X86InstCombineIntrinsic.cpp.o
[3480/4598] Building CXX object lib/Target/X86/CMakeFiles/LLVMX86CodeGen.dir/X86ISelDAGToDAG.cpp.o
[3481/4598] Building CXX object lib/Target/X86/CMakeFiles/LLVMX86CodeGen.dir/X86KCFI.cpp.o
[3482/4598] Building CXX object lib/Target/X86/CMakeFiles/LLVMX86CodeGen.dir/X86EvexToVex.cpp.o
[3483/4598] Building CXX object lib/Target/X86/CMakeFiles/LLVMX86CodeGen.dir/X86MachineFunctionInfo.cpp.o
[3484/4598] Building CXX object lib/Target/X86/CMakeFiles/LLVMX86CodeGen.dir/X86LegalizerInfo.cpp.o
[3485/4598] Building CXX object lib/Target/X86/CMakeFiles/LLVMX86CodeGen.dir/X86LoadValueInjectionRetHardening.cpp.o
[3486/4598] Building CXX object lib/Target/X86/CMakeFiles/LLVMX86CodeGen.dir/X86MacroFusion.cpp.o
[3487/4598] Building CXX object lib/Target/X86/CMakeFiles/LLVMX86CodeGen.dir/X86LoadValueInjectionLoadHardening.cpp.o
[3488/4598] Building CXX object lib/Target/X86/CMakeFiles/LLVMX86CodeGen.dir/X86MCInstLower.cpp.o
[3489/4598] Building CXX object lib/Target/X86/CMakeFiles/LLVMX86CodeGen.dir/X86RegisterBankInfo.cpp.o
[3490/4598] Building CXX object lib/Target/X86/CMakeFiles/LLVMX86CodeGen.dir/X86InstrInfo.cpp.o
[3491/4598] Building CXX object lib/Target/X86/CMakeFiles/LLVMX86CodeGen.dir/X86ShuffleDecodeConstantPool.cpp.o
[3492/4598] Building CXX object lib/Target/X86/CMakeFiles/LLVMX86CodeGen.dir/X86PartialReduction.cpp.o
[3493/4598] Building CXX object lib/Target/X86/CMakeFiles/LLVMX86CodeGen.dir/X86PadShortFunction.cpp.o
[3494/4598] Building CXX object lib/Target/X86/CMakeFiles/LLVMX86CodeGen.dir/X86OptimizeLEAs.cpp.o
[3495/4598] Building CXX object lib/Target/X86/CMakeFiles/LLVMX86CodeGen.dir/X86SelectionDAGInfo.cpp.o
[3496/4598] Building CXX object lib/Target/X86/CMakeFiles/LLVMX86CodeGen.dir/X86TargetObjectFile.cpp.o
[3497/4598] Building CXX object lib/Target/X86/CMakeFiles/LLVMX86CodeGen.dir/X86RegisterInfo.cpp.o
[3498/4598] Building CXX object lib/Target/X86/CMakeFiles/LLVMX86CodeGen.dir/X86ReturnThunks.cpp.o
[3499/4598] Building CXX object lib/Target/X86/CMakeFiles/LLVMX86CodeGen.dir/X86SpeculativeExecutionSideEffectSuppression.cpp.o
[3500/4598] Building CXX object lib/Target/X86/CMakeFiles/LLVMX86CodeGen.dir/X86SpeculativeLoadHardening.cpp.o
[3501/4598] Linking CXX static library lib/libLLVMX86Desc.a
[3502/4598] Building CXX object lib/Target/X86/CMakeFiles/LLVMX86CodeGen.dir/X86Subtarget.cpp.o
[3503/4598] Building CXX object lib/Target/X86/CMakeFiles/LLVMX86CodeGen.dir/X86WinEHState.cpp.o
[3504/4598] Building CXX object lib/Target/X86/CMakeFiles/LLVMX86CodeGen.dir/X86VZeroUpper.cpp.o
[3505/4598] Building CXX object lib/Target/X86/Disassembler/CMakeFiles/LLVMX86Disassembler.dir/X86Disassembler.cpp.o
[3506/4598] Building CXX object lib/Target/X86/CMakeFiles/LLVMX86CodeGen.dir/X86TargetMachine.cpp.o
[3507/4598] Building CXX object lib/Target/X86/CMakeFiles/LLVMX86CodeGen.dir/X86InsertWait.cpp.o
[3508/4598] Building CXX object lib/Target/X86/CMakeFiles/LLVMX86CodeGen.dir/X86TargetTransformInfo.cpp.o
[3509/4598] Building CXX object lib/Target/XCore/CMakeFiles/LLVMXCoreCodeGen.dir/XCoreInstrInfo.cpp.o
[3510/4598] Building CXX object lib/Target/XCore/CMakeFiles/LLVMXCoreCodeGen.dir/XCoreISelDAGToDAG.cpp.o
[3511/4598] Building CXX object lib/Target/XCore/CMakeFiles/LLVMXCoreCodeGen.dir/XCoreLowerThreadLocal.cpp.o
[3512/4598] Building CXX object lib/Target/XCore/CMakeFiles/LLVMXCoreCodeGen.dir/XCoreAsmPrinter.cpp.o
[3513/4598] Building CXX object lib/Target/X86/AsmParser/CMakeFiles/LLVMX86AsmParser.dir/X86AsmParser.cpp.o
[3514/4598] Building CXX object lib/Target/XCore/CMakeFiles/LLVMXCoreCodeGen.dir/XCoreMCInstLower.cpp.o
[3515/4598] Building CXX object lib/Target/XCore/CMakeFiles/LLVMXCoreCodeGen.dir/XCoreMachineFunctionInfo.cpp.o
[3516/4598] Building CXX object lib/Target/XCore/CMakeFiles/LLVMXCoreCodeGen.dir/XCoreFrameLowering.cpp.o
[3517/4598] Linking CXX static library lib/libLLVMXCoreDesc.a
[3518/4598] Building CXX object lib/Target/XCore/CMakeFiles/LLVMXCoreCodeGen.dir/XCoreSubtarget.cpp.o
[3519/4598] Building CXX object lib/Target/XCore/CMakeFiles/LLVMXCoreCodeGen.dir/XCoreRegisterInfo.cpp.o
[3520/4598] Building CXX object lib/Target/XCore/CMakeFiles/LLVMXCoreCodeGen.dir/XCoreISelLowering.cpp.o
[3521/4598] Linking CXX static library lib/libLLVMPasses.a
[3522/4598] Building CXX object lib/Target/XCore/CMakeFiles/LLVMXCoreCodeGen.dir/XCoreSelectionDAGInfo.cpp.o
[3523/4598] NodeIntrospection.inc
/home/tim911004/.llvm-project/clang/lib/Tooling/DumpTool/generate_cxx_src_locs.py:26: SyntaxWarning: invalid escape sequence '\*'
  """
[3524/4598] Linking CXX static library lib/libclangStaticAnalyzerCore.a
[3525/4598] Building CXX object lib/Target/XCore/Disassembler/CMakeFiles/LLVMXCoreDisassembler.dir/XCoreDisassembler.cpp.o
[3526/4598] Building CXX object lib/ProfileData/Coverage/CMakeFiles/LLVMCoverage.dir/CoverageMappingWriter.cpp.o
[3527/4598] Building CXX object lib/Target/XCore/CMakeFiles/LLVMXCoreCodeGen.dir/XCoreFrameToArgsOffsetElim.cpp.o
[3528/4598] Building CXX object lib/Target/XCore/CMakeFiles/LLVMXCoreCodeGen.dir/XCoreTargetObjectFile.cpp.o
[3529/4598] Building CXX object lib/Target/XCore/CMakeFiles/LLVMXCoreCodeGen.dir/XCoreTargetMachine.cpp.o
[3530/4598] Building CXX object lib/ProfileData/Coverage/CMakeFiles/LLVMCoverage.dir/CoverageMapping.cpp.o
[3531/4598] Building CXX object lib/ProfileData/Coverage/CMakeFiles/LLVMCoverage.dir/CoverageMappingReader.cpp.o
[3532/4598] Building CXX object tools/clang/lib/StaticAnalyzer/Checkers/CMakeFiles/obj.clangStaticAnalyzerCheckers.dir/ArrayBoundChecker.cpp.o
[3533/4598] Building CXX object tools/clang/lib/StaticAnalyzer/Checkers/CMakeFiles/obj.clangStaticAnalyzerCheckers.dir/AnalysisOrderChecker.cpp.o
[3534/4598] Building CXX object tools/clang/lib/StaticAnalyzer/Checkers/CMakeFiles/obj.clangStaticAnalyzerCheckers.dir/AnalyzerStatsChecker.cpp.o
[3535/4598] Building CXX object tools/clang/lib/StaticAnalyzer/Checkers/CMakeFiles/obj.clangStaticAnalyzerCheckers.dir/BlockInCriticalSectionChecker.cpp.o
[3536/4598] Building CXX object tools/clang/lib/StaticAnalyzer/Checkers/CMakeFiles/obj.clangStaticAnalyzerCheckers.dir/ArrayBoundCheckerV2.cpp.o
[3537/4598] Building CXX object tools/clang/lib/StaticAnalyzer/Checkers/CMakeFiles/obj.clangStaticAnalyzerCheckers.dir/BoolAssignmentChecker.cpp.o
[3538/4598] Building CXX object tools/clang/lib/StaticAnalyzer/Checkers/CMakeFiles/obj.clangStaticAnalyzerCheckers.dir/BuiltinFunctionChecker.cpp.o
[3539/4598] Building CXX object tools/clang/lib/StaticAnalyzer/Checkers/CMakeFiles/obj.clangStaticAnalyzerCheckers.dir/BasicObjCFoundationChecks.cpp.o
[3540/4598] Building CXX object tools/clang/lib/StaticAnalyzer/Checkers/CMakeFiles/obj.clangStaticAnalyzerCheckers.dir/CallAndMessageChecker.cpp.o
[3541/4598] Building CXX object tools/clang/lib/StaticAnalyzer/Checkers/CMakeFiles/obj.clangStaticAnalyzerCheckers.dir/CStringSyntaxChecker.cpp.o
[3542/4598] Building CXX object lib/Target/X86/CMakeFiles/LLVMX86CodeGen.dir/X86ISelLowering.cpp.o
[3543/4598] Building CXX object tools/clang/lib/StaticAnalyzer/Checkers/CMakeFiles/obj.clangStaticAnalyzerCheckers.dir/CastValueChecker.cpp.o
[3544/4598] Building CXX object tools/clang/lib/StaticAnalyzer/Checkers/CMakeFiles/obj.clangStaticAnalyzerCheckers.dir/CStringChecker.cpp.o
[3545/4598] Building CXX object tools/clang/lib/StaticAnalyzer/Checkers/CMakeFiles/obj.clangStaticAnalyzerCheckers.dir/CheckObjCInstMethSignature.cpp.o
[3546/4598] Building CXX object tools/clang/lib/StaticAnalyzer/Checkers/CMakeFiles/obj.clangStaticAnalyzerCheckers.dir/CastSizeChecker.cpp.o
[3547/4598] Building CXX object tools/clang/lib/StaticAnalyzer/Checkers/CMakeFiles/obj.clangStaticAnalyzerCheckers.dir/CheckPlacementNew.cpp.o
[3548/4598] Building CXX object tools/clang/lib/StaticAnalyzer/Checkers/CMakeFiles/obj.clangStaticAnalyzerCheckers.dir/CheckObjCDealloc.cpp.o
[3549/4598] Building CXX object tools/clang/lib/StaticAnalyzer/Checkers/CMakeFiles/obj.clangStaticAnalyzerCheckers.dir/CheckSizeofPointer.cpp.o
[3550/4598] Building CXX object tools/clang/lib/StaticAnalyzer/Checkers/CMakeFiles/obj.clangStaticAnalyzerCheckers.dir/CastToStructChecker.cpp.o
[3551/4598] Building CXX object tools/clang/lib/StaticAnalyzer/Checkers/CMakeFiles/obj.clangStaticAnalyzerCheckers.dir/CheckerDocumentation.cpp.o
[3552/4598] Building CXX object tools/clang/lib/StaticAnalyzer/Checkers/CMakeFiles/obj.clangStaticAnalyzerCheckers.dir/CheckSecuritySyntaxOnly.cpp.o
[3553/4598] Building CXX object tools/clang/lib/StaticAnalyzer/Checkers/CMakeFiles/obj.clangStaticAnalyzerCheckers.dir/ConversionChecker.cpp.o
[3554/4598] Building CXX object tools/clang/lib/StaticAnalyzer/Checkers/CMakeFiles/obj.clangStaticAnalyzerCheckers.dir/ChrootChecker.cpp.o
[3555/4598] Building CXX object tools/clang/lib/StaticAnalyzer/Checkers/CMakeFiles/obj.clangStaticAnalyzerCheckers.dir/CXXSelfAssignmentChecker.cpp.o
[3556/4598] Building CXX object tools/clang/lib/StaticAnalyzer/Checkers/CMakeFiles/obj.clangStaticAnalyzerCheckers.dir/ContainerModeling.cpp.o
[3557/4598] Building CXX object tools/clang/lib/StaticAnalyzer/Checkers/CMakeFiles/obj.clangStaticAnalyzerCheckers.dir/CloneChecker.cpp.o
[3558/4598] Building CXX object tools/clang/lib/StaticAnalyzer/Checkers/CMakeFiles/obj.clangStaticAnalyzerCheckers.dir/DebugIteratorModeling.cpp.o
[3559/4598] Building CXX object tools/clang/lib/StaticAnalyzer/Checkers/CMakeFiles/obj.clangStaticAnalyzerCheckers.dir/DereferenceChecker.cpp.o
[3560/4598] Building CXX object tools/clang/lib/StaticAnalyzer/Checkers/CMakeFiles/obj.clangStaticAnalyzerCheckers.dir/DeleteWithNonVirtualDtorChecker.cpp.o
[3561/4598] Building CXX object tools/clang/lib/StaticAnalyzer/Checkers/CMakeFiles/obj.clangStaticAnalyzerCheckers.dir/DirectIvarAssignment.cpp.o
[3562/4598] Building CXX object tools/clang/lib/StaticAnalyzer/Checkers/CMakeFiles/obj.clangStaticAnalyzerCheckers.dir/DivZeroChecker.cpp.o
[3563/4598] Building CXX object tools/clang/lib/StaticAnalyzer/Checkers/CMakeFiles/obj.clangStaticAnalyzerCheckers.dir/DebugContainerModeling.cpp.o
[3564/4598] Building CXX object tools/clang/lib/StaticAnalyzer/Checkers/CMakeFiles/obj.clangStaticAnalyzerCheckers.dir/DebugCheckers.cpp.o
[3565/4598] Building CXX object tools/clang/lib/StaticAnalyzer/Checkers/CMakeFiles/obj.clangStaticAnalyzerCheckers.dir/EnumCastOutOfRangeChecker.cpp.o
[3566/4598] Building CXX object tools/clang/lib/StaticAnalyzer/Checkers/CMakeFiles/obj.clangStaticAnalyzerCheckers.dir/DeadStoresChecker.cpp.o
[3567/4598] Building CXX object tools/clang/lib/StaticAnalyzer/Checkers/CMakeFiles/obj.clangStaticAnalyzerCheckers.dir/DynamicTypeChecker.cpp.o
[3568/4598] Building CXX object tools/clang/lib/StaticAnalyzer/Checkers/CMakeFiles/obj.clangStaticAnalyzerCheckers.dir/ErrnoModeling.cpp.o
[3569/4598] Building CXX object tools/clang/lib/StaticAnalyzer/Checkers/CMakeFiles/obj.clangStaticAnalyzerCheckers.dir/ErrnoChecker.cpp.o
[3570/4598] Building CXX object tools/clang/lib/StaticAnalyzer/Checkers/CMakeFiles/obj.clangStaticAnalyzerCheckers.dir/ErrnoTesterChecker.cpp.o
[3571/4598] Building CXX object tools/clang/lib/StaticAnalyzer/Checkers/CMakeFiles/obj.clangStaticAnalyzerCheckers.dir/FixedAddressChecker.cpp.o
[3572/4598] Building CXX object tools/clang/lib/StaticAnalyzer/Checkers/CMakeFiles/obj.clangStaticAnalyzerCheckers.dir/ExprInspectionChecker.cpp.o
[3573/4598] Building CXX object tools/clang/lib/StaticAnalyzer/Checkers/CMakeFiles/obj.clangStaticAnalyzerCheckers.dir/DynamicTypePropagation.cpp.o
[3574/4598] Building CXX object tools/clang/lib/StaticAnalyzer/Checkers/CMakeFiles/obj.clangStaticAnalyzerCheckers.dir/InnerPointerChecker.cpp.o
[3575/4598] Building CXX object tools/clang/lib/StaticAnalyzer/Checkers/CMakeFiles/obj.clangStaticAnalyzerCheckers.dir/FuchsiaHandleChecker.cpp.o
[3576/4598] Building CXX object tools/clang/lib/StaticAnalyzer/Checkers/CMakeFiles/obj.clangStaticAnalyzerCheckers.dir/GTestChecker.cpp.o
[3577/4598] Building CXX object tools/clang/lib/StaticAnalyzer/Checkers/CMakeFiles/obj.clangStaticAnalyzerCheckers.dir/InvalidatedIteratorChecker.cpp.o
[3578/4598] Building CXX object tools/clang/lib/StaticAnalyzer/Checkers/CMakeFiles/obj.clangStaticAnalyzerCheckers.dir/cert/InvalidPtrChecker.cpp.o
[3579/4598] Building CXX object tools/clang/lib/StaticAnalyzer/Checkers/CMakeFiles/obj.clangStaticAnalyzerCheckers.dir/Iterator.cpp.o
[3580/4598] Building CXX object tools/clang/lib/StaticAnalyzer/Checkers/CMakeFiles/obj.clangStaticAnalyzerCheckers.dir/GenericTaintChecker.cpp.o
[3581/4598] Building CXX object tools/clang/lib/StaticAnalyzer/Checkers/CMakeFiles/obj.clangStaticAnalyzerCheckers.dir/IteratorRangeChecker.cpp.o
[3582/4598] Building CXX object tools/clang/lib/StaticAnalyzer/Checkers/CMakeFiles/obj.clangStaticAnalyzerCheckers.dir/GCDAntipatternChecker.cpp.o
[3583/4598] Building CXX object tools/clang/lib/StaticAnalyzer/Checkers/CMakeFiles/obj.clangStaticAnalyzerCheckers.dir/LLVMConventionsChecker.cpp.o
[3584/4598] Building CXX object tools/clang/lib/StaticAnalyzer/Checkers/CMakeFiles/obj.clangStaticAnalyzerCheckers.dir/IdenticalExprChecker.cpp.o
[3585/4598] Building CXX object tools/clang/lib/StaticAnalyzer/Checkers/CMakeFiles/obj.clangStaticAnalyzerCheckers.dir/IvarInvalidationChecker.cpp.o
[3586/4598] Building CXX object tools/clang/lib/StaticAnalyzer/Checkers/CMakeFiles/obj.clangStaticAnalyzerCheckers.dir/IteratorModeling.cpp.o
[3587/4598] Building CXX object tools/clang/lib/StaticAnalyzer/Checkers/CMakeFiles/obj.clangStaticAnalyzerCheckers.dir/MacOSXAPIChecker.cpp.o
[3588/4598] Building CXX object tools/clang/lib/StaticAnalyzer/Checkers/CMakeFiles/obj.clangStaticAnalyzerCheckers.dir/MallocOverflowSecurityChecker.cpp.o
[3589/4598] Building CXX object tools/clang/lib/StaticAnalyzer/Checkers/CMakeFiles/obj.clangStaticAnalyzerCheckers.dir/MallocSizeofChecker.cpp.o
[3590/4598] Building CXX object tools/clang/lib/StaticAnalyzer/Checkers/CMakeFiles/obj.clangStaticAnalyzerCheckers.dir/MismatchedIteratorChecker.cpp.o
[3591/4598] Building CXX object tools/clang/lib/StaticAnalyzer/Checkers/CMakeFiles/obj.clangStaticAnalyzerCheckers.dir/MmapWriteExecChecker.cpp.o
[3592/4598] Building CXX object tools/clang/lib/StaticAnalyzer/Checkers/CMakeFiles/obj.clangStaticAnalyzerCheckers.dir/MacOSKeychainAPIChecker.cpp.o
[3593/4598] Building CXX object tools/clang/lib/StaticAnalyzer/Checkers/CMakeFiles/obj.clangStaticAnalyzerCheckers.dir/MIGChecker.cpp.o
[3594/4598] Building CXX object tools/clang/lib/StaticAnalyzer/Checkers/CMakeFiles/obj.clangStaticAnalyzerCheckers.dir/MPI-Checker/MPIBugReporter.cpp.o
[3595/4598] Building CXX object tools/clang/lib/StaticAnalyzer/Checkers/CMakeFiles/obj.clangStaticAnalyzerCheckers.dir/NSAutoreleasePoolChecker.cpp.o
[3596/4598] Building CXX object tools/clang/lib/StaticAnalyzer/Checkers/CMakeFiles/obj.clangStaticAnalyzerCheckers.dir/MPI-Checker/MPIChecker.cpp.o
[3597/4598] Building CXX object tools/clang/lib/StaticAnalyzer/Checkers/CMakeFiles/obj.clangStaticAnalyzerCheckers.dir/MallocChecker.cpp.o
[3598/4598] Building CXX object tools/clang/lib/StaticAnalyzer/Checkers/CMakeFiles/obj.clangStaticAnalyzerCheckers.dir/MoveChecker.cpp.o
[3599/4598] Building CXX object tools/clang/lib/StaticAnalyzer/Checkers/CMakeFiles/obj.clangStaticAnalyzerCheckers.dir/MPI-Checker/MPIFunctionClassifier.cpp.o
[3600/4598] Building CXX object tools/clang/lib/StaticAnalyzer/Checkers/CMakeFiles/obj.clangStaticAnalyzerCheckers.dir/LocalizationChecker.cpp.o
[3601/4598] Building CXX object tools/clang/lib/StaticAnalyzer/Checkers/CMakeFiles/obj.clangStaticAnalyzerCheckers.dir/NoReturnFunctionChecker.cpp.o
[3602/4598] Building CXX object tools/clang/lib/StaticAnalyzer/Checkers/CMakeFiles/obj.clangStaticAnalyzerCheckers.dir/NSErrorChecker.cpp.o
[3603/4598] Building CXX object tools/clang/lib/StaticAnalyzer/Checkers/CMakeFiles/obj.clangStaticAnalyzerCheckers.dir/NonnullGlobalConstantsChecker.cpp.o
[3604/4598] Building CXX object tools/clang/lib/StaticAnalyzer/Checkers/CMakeFiles/obj.clangStaticAnalyzerCheckers.dir/NonNullParamChecker.cpp.o
[3605/4598] Building CXX object tools/clang/lib/StaticAnalyzer/Checkers/CMakeFiles/obj.clangStaticAnalyzerCheckers.dir/ObjCAtSyncChecker.cpp.o
[3606/4598] Building CXX object tools/clang/lib/StaticAnalyzer/Checkers/CMakeFiles/obj.clangStaticAnalyzerCheckers.dir/NullabilityChecker.cpp.o
[3607/4598] Building CXX object tools/clang/lib/StaticAnalyzer/Checkers/CMakeFiles/obj.clangStaticAnalyzerCheckers.dir/ObjCContainersChecker.cpp.o
[3608/4598] Building CXX object tools/clang/lib/StaticAnalyzer/Checkers/CMakeFiles/obj.clangStaticAnalyzerCheckers.dir/ObjCPropertyChecker.cpp.o
[3609/4598] Building CXX object tools/clang/lib/StaticAnalyzer/Checkers/CMakeFiles/obj.clangStaticAnalyzerCheckers.dir/ObjCContainersASTChecker.cpp.o
[3610/4598] Building CXX object tools/clang/lib/StaticAnalyzer/Checkers/CMakeFiles/obj.clangStaticAnalyzerCheckers.dir/ObjCSelfInitChecker.cpp.o
[3611/4598] Building CXX object tools/clang/lib/StaticAnalyzer/Checkers/CMakeFiles/obj.clangStaticAnalyzerCheckers.dir/ObjCSuperDeallocChecker.cpp.o
[3612/4598] Building CXX object tools/clang/lib/StaticAnalyzer/Checkers/CMakeFiles/obj.clangStaticAnalyzerCheckers.dir/NumberObjectConversionChecker.cpp.o
[3613/4598] Building CXX object tools/clang/lib/StaticAnalyzer/Checkers/CMakeFiles/obj.clangStaticAnalyzerCheckers.dir/ObjCMissingSuperCallChecker.cpp.o
[3614/4598] Building CXX object tools/clang/lib/StaticAnalyzer/Checkers/CMakeFiles/obj.clangStaticAnalyzerCheckers.dir/ObjCUnusedIVarsChecker.cpp.o
[3615/4598] Building CXX object tools/clang/lib/StaticAnalyzer/Checkers/CMakeFiles/obj.clangStaticAnalyzerCheckers.dir/PointerArithChecker.cpp.o
[3616/4598] Building CXX object tools/clang/lib/StaticAnalyzer/Checkers/CMakeFiles/obj.clangStaticAnalyzerCheckers.dir/ObjCAutoreleaseWriteChecker.cpp.o
[3617/4598] Building CXX object tools/clang/lib/StaticAnalyzer/Checkers/CMakeFiles/obj.clangStaticAnalyzerCheckers.dir/PointerSubChecker.cpp.o
[3618/4598] Building CXX object tools/clang/lib/StaticAnalyzer/Checkers/CMakeFiles/obj.clangStaticAnalyzerCheckers.dir/PthreadLockChecker.cpp.o
[3619/4598] Building CXX object tools/clang/lib/StaticAnalyzer/Checkers/CMakeFiles/obj.clangStaticAnalyzerCheckers.dir/OSObjectCStyleCast.cpp.o
[3620/4598] Building CXX object tools/clang/lib/StaticAnalyzer/Checkers/CMakeFiles/obj.clangStaticAnalyzerCheckers.dir/cert/PutenvWithAutoChecker.cpp.o
[3621/4598] Building CXX object tools/clang/lib/StaticAnalyzer/Checkers/CMakeFiles/obj.clangStaticAnalyzerCheckers.dir/PointerIterationChecker.cpp.o
[3622/4598] Building CXX object tools/clang/lib/StaticAnalyzer/Checkers/CMakeFiles/obj.clangStaticAnalyzerCheckers.dir/RetainCountChecker/RetainCountChecker.cpp.o
[3623/4598] Building CXX object tools/clang/lib/StaticAnalyzer/Checkers/CMakeFiles/obj.clangStaticAnalyzerCheckers.dir/ReturnPointerRangeChecker.cpp.o
[3624/4598] Building CXX object tools/clang/lib/StaticAnalyzer/Checkers/CMakeFiles/obj.clangStaticAnalyzerCheckers.dir/RetainCountChecker/RetainCountDiagnostics.cpp.o
[3625/4598] Building CXX object tools/clang/lib/StaticAnalyzer/Checkers/CMakeFiles/obj.clangStaticAnalyzerCheckers.dir/PaddingChecker.cpp.o
[3626/4598] Building CXX object tools/clang/lib/StaticAnalyzer/Checkers/CMakeFiles/obj.clangStaticAnalyzerCheckers.dir/PointerSortingChecker.cpp.o
[3627/4598] Building CXX object tools/clang/lib/StaticAnalyzer/Checkers/CMakeFiles/obj.clangStaticAnalyzerCheckers.dir/ReturnUndefChecker.cpp.o
[3628/4598] Building CXX object tools/clang/lib/StaticAnalyzer/Checkers/CMakeFiles/obj.clangStaticAnalyzerCheckers.dir/ReturnValueChecker.cpp.o
[3629/4598] Building CXX object tools/clang/lib/StaticAnalyzer/Checkers/CMakeFiles/obj.clangStaticAnalyzerCheckers.dir/SimpleStreamChecker.cpp.o
[3630/4598] Building CXX object tools/clang/lib/StaticAnalyzer/Checkers/CMakeFiles/obj.clangStaticAnalyzerCheckers.dir/StackAddrEscapeChecker.cpp.o
[3631/4598] Building CXX object tools/clang/lib/StaticAnalyzer/Checkers/CMakeFiles/obj.clangStaticAnalyzerCheckers.dir/SmartPtrChecker.cpp.o
[3632/4598] Building CXX object tools/clang/lib/StaticAnalyzer/Checkers/CMakeFiles/obj.clangStaticAnalyzerCheckers.dir/SmartPtrModeling.cpp.o
[3633/4598] Building CXX object tools/clang/lib/StaticAnalyzer/Checkers/CMakeFiles/obj.clangStaticAnalyzerCheckers.dir/STLAlgorithmModeling.cpp.o
[3634/4598] Building CXX object tools/clang/lib/StaticAnalyzer/Checkers/CMakeFiles/obj.clangStaticAnalyzerCheckers.dir/StringChecker.cpp.o
[3635/4598] Building CXX object tools/clang/lib/StaticAnalyzer/Checkers/CMakeFiles/obj.clangStaticAnalyzerCheckers.dir/RunLoopAutoreleaseLeakChecker.cpp.o
[3636/4598] Building CXX object tools/clang/lib/StaticAnalyzer/Checkers/CMakeFiles/obj.clangStaticAnalyzerCheckers.dir/Taint.cpp.o
[3637/4598] Building CXX object tools/clang/lib/StaticAnalyzer/Checkers/CMakeFiles/obj.clangStaticAnalyzerCheckers.dir/StreamChecker.cpp.o
[3638/4598] Building CXX object tools/clang/lib/StaticAnalyzer/Checkers/CMakeFiles/obj.clangStaticAnalyzerCheckers.dir/TraversalChecker.cpp.o
[3639/4598] Building CXX object tools/clang/lib/StaticAnalyzer/Checkers/CMakeFiles/obj.clangStaticAnalyzerCheckers.dir/TaintTesterChecker.cpp.o
[3640/4598] Building CXX object tools/clang/lib/StaticAnalyzer/Checkers/CMakeFiles/obj.clangStaticAnalyzerCheckers.dir/TestAfterDivZeroChecker.cpp.o
[3641/4598] Building CXX object tools/clang/lib/StaticAnalyzer/Checkers/CMakeFiles/obj.clangStaticAnalyzerCheckers.dir/UndefBranchChecker.cpp.o
[3642/4598] Building CXX object tools/clang/lib/StaticAnalyzer/Checkers/CMakeFiles/obj.clangStaticAnalyzerCheckers.dir/TrustNonnullChecker.cpp.o
[3643/4598] Building CXX object tools/clang/lib/StaticAnalyzer/Checkers/CMakeFiles/obj.clangStaticAnalyzerCheckers.dir/TrustReturnsNonnullChecker.cpp.o
[3644/4598] Building CXX object tools/clang/lib/StaticAnalyzer/Checkers/CMakeFiles/obj.clangStaticAnalyzerCheckers.dir/UndefCapturedBlockVarChecker.cpp.o
[3645/4598] Building CXX object tools/clang/lib/StaticAnalyzer/Checkers/CMakeFiles/obj.clangStaticAnalyzerCheckers.dir/StdLibraryFunctionsChecker.cpp.o
[3646/4598] Building CXX object tools/clang/lib/StaticAnalyzer/Checkers/CMakeFiles/obj.clangStaticAnalyzerCheckers.dir/UndefinedArraySubscriptChecker.cpp.o
[3647/4598] Building CXX object tools/clang/lib/StaticAnalyzer/Checkers/CMakeFiles/obj.clangStaticAnalyzerCheckers.dir/UndefResultChecker.cpp.o
[3648/4598] Building CXX object tools/clang/lib/StaticAnalyzer/Checkers/CMakeFiles/obj.clangStaticAnalyzerCheckers.dir/UndefinedNewArraySizeChecker.cpp.o
[3649/4598] Building CXX object tools/clang/lib/StaticAnalyzer/Checkers/CMakeFiles/obj.clangStaticAnalyzerCheckers.dir/UndefinedAssignmentChecker.cpp.o
[3650/4598] Building CXX object tools/clang/lib/StaticAnalyzer/Checkers/CMakeFiles/obj.clangStaticAnalyzerCheckers.dir/UninitializedObject/UninitializedPointee.cpp.o
[3651/4598] Building CXX object tools/clang/lib/StaticAnalyzer/Checkers/CMakeFiles/obj.clangStaticAnalyzerCheckers.dir/UnreachableCodeChecker.cpp.o
[3652/4598] Building CXX object tools/clang/lib/StaticAnalyzer/Checkers/CMakeFiles/obj.clangStaticAnalyzerCheckers.dir/UnixAPIChecker.cpp.o
[3653/4598] Building CXX object tools/clang/lib/StaticAnalyzer/Checkers/CMakeFiles/obj.clangStaticAnalyzerCheckers.dir/VforkChecker.cpp.o
[3654/4598] Building CXX object tools/clang/lib/StaticAnalyzer/Checkers/CMakeFiles/obj.clangStaticAnalyzerCheckers.dir/WebKit/ASTUtils.cpp.o
[3655/4598] Building CXX object tools/clang/lib/StaticAnalyzer/Checkers/CMakeFiles/obj.clangStaticAnalyzerCheckers.dir/WebKit/PtrTypesSemantics.cpp.o
[3656/4598] Building LinkerWrapperOpts.inc...
[3657/4598] Generating VCSVersion.inc
[3658/4598] Linking CXX static library lib/libLLVMLTO.a
[3659/4598] Building CXX object tools/clang/lib/StaticAnalyzer/Checkers/CMakeFiles/obj.clangStaticAnalyzerCheckers.dir/VLASizeChecker.cpp.o
[3660/4598] Building CXX object lib/MCA/CMakeFiles/LLVMMCA.dir/CodeEmitter.cpp.o
[3661/4598] Building CXX object tools/clang/lib/StaticAnalyzer/Checkers/CMakeFiles/obj.clangStaticAnalyzerCheckers.dir/VirtualCallChecker.cpp.o
[3662/4598] Building CXX object tools/clang/lib/StaticAnalyzer/Checkers/CMakeFiles/obj.clangStaticAnalyzerCheckers.dir/ValistChecker.cpp.o
[3663/4598] Building CXX object tools/clang/lib/StaticAnalyzer/Checkers/CMakeFiles/obj.clangStaticAnalyzerCheckers.dir/UninitializedObject/UninitializedObjectChecker.cpp.o
[3664/4598] Building CXX object lib/MCA/CMakeFiles/LLVMMCA.dir/HardwareUnits/HardwareUnit.cpp.o
[3665/4598] Building CXX object lib/MCA/CMakeFiles/LLVMMCA.dir/HWEventListener.cpp.o
[3666/4598] Building CXX object lib/MCA/CMakeFiles/LLVMMCA.dir/Context.cpp.o
[3667/4598] Building CXX object lib/MCA/CMakeFiles/LLVMMCA.dir/CustomBehaviour.cpp.o
[3668/4598] Building CXX object lib/MCA/CMakeFiles/LLVMMCA.dir/HardwareUnits/LSUnit.cpp.o
[3669/4598] Building CXX object lib/MCA/CMakeFiles/LLVMMCA.dir/HardwareUnits/RegisterFile.cpp.o
[3670/4598] Building CXX object lib/MCA/CMakeFiles/LLVMMCA.dir/HardwareUnits/RetireControlUnit.cpp.o
[3671/4598] Building CXX object lib/MCA/CMakeFiles/LLVMMCA.dir/IncrementalSourceMgr.cpp.o
[3672/4598] Building CXX object lib/MCA/CMakeFiles/LLVMMCA.dir/Instruction.cpp.o
[3673/4598] Building CXX object lib/MCA/CMakeFiles/LLVMMCA.dir/HardwareUnits/Scheduler.cpp.o
[3674/4598] Building CXX object lib/MCA/CMakeFiles/LLVMMCA.dir/HardwareUnits/ResourceManager.cpp.o
[3675/4598] Building CXX object lib/MCA/CMakeFiles/LLVMMCA.dir/Pipeline.cpp.o
[3676/4598] Building CXX object lib/MCA/CMakeFiles/LLVMMCA.dir/Stages/EntryStage.cpp.o
[3677/4598] Building CXX object lib/MCA/CMakeFiles/LLVMMCA.dir/InstrBuilder.cpp.o
[3678/4598] Building CXX object lib/MCA/CMakeFiles/LLVMMCA.dir/Stages/DispatchStage.cpp.o
[3679/4598] Building CXX object lib/MCA/CMakeFiles/LLVMMCA.dir/Stages/ExecuteStage.cpp.o
[3680/4598] Building CXX object lib/MCA/CMakeFiles/LLVMMCA.dir/Stages/MicroOpQueueStage.cpp.o
[3681/4598] Building CXX object lib/MCA/CMakeFiles/LLVMMCA.dir/Stages/InstructionTables.cpp.o
[3682/4598] Building CXX object lib/MCA/CMakeFiles/LLVMMCA.dir/Stages/Stage.cpp.o
[3683/4598] Building CXX object lib/MCA/CMakeFiles/LLVMMCA.dir/Stages/RetireStage.cpp.o
[3684/4598] Building CXX object lib/MCA/CMakeFiles/LLVMMCA.dir/Stages/InOrderIssueStage.cpp.o
[3685/4598] Building CXX object lib/MCA/CMakeFiles/LLVMMCA.dir/Support.cpp.o
[3686/4598] Building CXX object lib/ObjectYAML/CMakeFiles/LLVMObjectYAML.dir/ArchiveEmitter.cpp.o
[3687/4598] Building CXX object tools/clang/lib/StaticAnalyzer/Checkers/CMakeFiles/obj.clangStaticAnalyzerCheckers.dir/WebKit/NoUncountedMembersChecker.cpp.o
[3688/4598] Building CXX object lib/MCA/CMakeFiles/LLVMMCA.dir/View.cpp.o
[3689/4598] Building CXX object lib/ObjectYAML/CMakeFiles/LLVMObjectYAML.dir/ArchiveYAML.cpp.o
[3690/4598] Building CXX object tools/clang/lib/StaticAnalyzer/Checkers/CMakeFiles/obj.clangStaticAnalyzerCheckers.dir/WebKit/RefCntblBaseVirtualDtorChecker.cpp.o
[3691/4598] Building CXX object tools/clang/lib/StaticAnalyzer/Checkers/CMakeFiles/obj.clangStaticAnalyzerCheckers.dir/WebKit/UncountedCallArgsChecker.cpp.o
[3692/4598] Building CXX object lib/ObjectYAML/CMakeFiles/LLVMObjectYAML.dir/CodeViewYAMLTypeHashing.cpp.o
[3693/4598] Building CXX object lib/ObjectYAML/CMakeFiles/LLVMObjectYAML.dir/COFFYAML.cpp.o
[3694/4598] Building CXX object tools/clang/lib/StaticAnalyzer/Checkers/CMakeFiles/obj.clangStaticAnalyzerCheckers.dir/WebKit/UncountedLocalVarsChecker.cpp.o
[3695/4598] Building CXX object lib/ObjectYAML/CMakeFiles/LLVMObjectYAML.dir/COFFEmitter.cpp.o
[3696/4598] Building CXX object tools/clang/lib/StaticAnalyzer/Checkers/CMakeFiles/obj.clangStaticAnalyzerCheckers.dir/WebKit/UncountedLambdaCapturesChecker.cpp.o
[3697/4598] Building CXX object lib/ObjectYAML/CMakeFiles/LLVMObjectYAML.dir/CodeViewYAMLDebugSections.cpp.o
[3698/4598] Building CXX object lib/ObjectYAML/CMakeFiles/LLVMObjectYAML.dir/DXContainerYAML.cpp.o
[3699/4598] Building CXX object lib/ObjectYAML/CMakeFiles/LLVMObjectYAML.dir/DWARFEmitter.cpp.o
[3700/4598] Building CXX object lib/ObjectYAML/CMakeFiles/LLVMObjectYAML.dir/DXContainerEmitter.cpp.o
[3701/4598] Building CXX object lib/ObjectYAML/CMakeFiles/LLVMObjectYAML.dir/CodeViewYAMLSymbols.cpp.o
[3702/4598] Building CXX object lib/ObjectYAML/CMakeFiles/LLVMObjectYAML.dir/CodeViewYAMLTypes.cpp.o
[3703/4598] Building CXX object lib/ObjectYAML/CMakeFiles/LLVMObjectYAML.dir/MinidumpEmitter.cpp.o
[3704/4598] Building CXX object lib/ObjectYAML/CMakeFiles/LLVMObjectYAML.dir/OffloadEmitter.cpp.o
[3705/4598] Building CXX object lib/ObjectYAML/CMakeFiles/LLVMObjectYAML.dir/ObjectYAML.cpp.o
[3706/4598] Building CXX object lib/ObjectYAML/CMakeFiles/LLVMObjectYAML.dir/DWARFYAML.cpp.o
[3707/4598] Building CXX object lib/ObjectYAML/CMakeFiles/LLVMObjectYAML.dir/MachOEmitter.cpp.o
[3708/4598] Building CXX object lib/ObjectYAML/CMakeFiles/LLVMObjectYAML.dir/OffloadYAML.cpp.o
[3709/4598] Building CXX object lib/ObjectYAML/CMakeFiles/LLVMObjectYAML.dir/MinidumpYAML.cpp.o
[3710/4598] Linking CXX static library lib/libLLVMExecutionEngine.a
[3711/4598] Linking CXX static library lib/libLLVMJITLink.a
[3712/4598] Building CXX object lib/ObjectYAML/CMakeFiles/LLVMObjectYAML.dir/MachOYAML.cpp.o
[3713/4598] Building CXX object lib/ObjectYAML/CMakeFiles/LLVMObjectYAML.dir/YAML.cpp.o
[3714/4598] Building CXX object lib/ObjectYAML/CMakeFiles/LLVMObjectYAML.dir/WasmEmitter.cpp.o
[3715/4598] Building CXX object lib/ObjectYAML/CMakeFiles/LLVMObjectYAML.dir/XCOFFYAML.cpp.o
[3716/4598] Building CXX object lib/ObjectYAML/CMakeFiles/LLVMObjectYAML.dir/WasmYAML.cpp.o
[3717/4598] Building CXX object lib/ObjectYAML/CMakeFiles/LLVMObjectYAML.dir/XCOFFEmitter.cpp.o
[3718/4598] Building CXX object lib/ObjectYAML/CMakeFiles/LLVMObjectYAML.dir/ELFEmitter.cpp.o
[3719/4598] Building CXX object lib/ObjectYAML/CMakeFiles/LLVMObjectYAML.dir/yaml2obj.cpp.o
[3720/4598] Building CXX object lib/ExecutionEngine/MCJIT/CMakeFiles/LLVMMCJIT.dir/MCJIT.cpp.o
[3721/4598] Building CXX object lib/ExecutionEngine/Orc/CMakeFiles/LLVMOrcJIT.dir/COFFVCRuntimeSupport.cpp.o
[3722/4598] Building CXX object lib/ExecutionEngine/Orc/CMakeFiles/LLVMOrcJIT.dir/CompileUtils.cpp.o
[3723/4598] Building CXX object lib/ObjectYAML/CMakeFiles/LLVMObjectYAML.dir/ELFYAML.cpp.o
[3724/4598] Building CXX object lib/ExecutionEngine/Orc/CMakeFiles/LLVMOrcJIT.dir/EPCDynamicLibrarySearchGenerator.cpp.o
[3725/4598] Building CXX object lib/ExecutionEngine/Orc/CMakeFiles/LLVMOrcJIT.dir/DebugUtils.cpp.o
[3726/4598] Building CXX object lib/ExecutionEngine/Orc/CMakeFiles/LLVMOrcJIT.dir/CompileOnDemandLayer.cpp.o
[3727/4598] Building CXX object lib/ExecutionEngine/Orc/CMakeFiles/LLVMOrcJIT.dir/EPCDebugObjectRegistrar.cpp.o
[3728/4598] Building CXX object lib/ExecutionEngine/Orc/CMakeFiles/LLVMOrcJIT.dir/EPCEHFrameRegistrar.cpp.o
[3729/4598] Building CXX object lib/ExecutionEngine/Orc/CMakeFiles/LLVMOrcJIT.dir/DebuggerSupportPlugin.cpp.o
[3730/4598] Building CXX object lib/ExecutionEngine/Orc/CMakeFiles/LLVMOrcJIT.dir/EPCGenericDylibManager.cpp.o
[3731/4598] Building CXX object lib/ExecutionEngine/Orc/CMakeFiles/LLVMOrcJIT.dir/EPCGenericJITLinkMemoryManager.cpp.o
[3732/4598] Building CXX object lib/ExecutionEngine/Orc/CMakeFiles/LLVMOrcJIT.dir/EPCGenericRTDyldMemoryManager.cpp.o
[3733/4598] Building CXX object lib/ExecutionEngine/Orc/CMakeFiles/LLVMOrcJIT.dir/COFFPlatform.cpp.o
[3734/4598] Building CXX object lib/ExecutionEngine/Orc/CMakeFiles/LLVMOrcJIT.dir/DebugObjectManagerPlugin.cpp.o
[3735/4598] Building CXX object lib/ExecutionEngine/Orc/CMakeFiles/LLVMOrcJIT.dir/EPCIndirectionUtils.cpp.o
[3736/4598] Building CXX object lib/ExecutionEngine/Orc/CMakeFiles/LLVMOrcJIT.dir/IRCompileLayer.cpp.o
[3737/4598] Building CXX object lib/ExecutionEngine/Orc/CMakeFiles/LLVMOrcJIT.dir/JITTargetMachineBuilder.cpp.o
[3738/4598] Building CXX object lib/ExecutionEngine/Orc/CMakeFiles/LLVMOrcJIT.dir/IRTransformLayer.cpp.o
[3739/4598] Building CXX object lib/ExecutionEngine/Orc/CMakeFiles/LLVMOrcJIT.dir/Core.cpp.o
[3740/4598] Building CXX object lib/ExecutionEngine/Orc/CMakeFiles/LLVMOrcJIT.dir/ObjectFileInterface.cpp.o
[3741/4598] Building CXX object lib/ExecutionEngine/Orc/CMakeFiles/LLVMOrcJIT.dir/ExecutionUtils.cpp.o
[3742/4598] Building CXX object lib/ExecutionEngine/Orc/CMakeFiles/LLVMOrcJIT.dir/LookupAndRecordAddrs.cpp.o
[3743/4598] Building CXX object lib/ExecutionEngine/Orc/CMakeFiles/LLVMOrcJIT.dir/Layer.cpp.o
[3744/4598] Building CXX object lib/ExecutionEngine/Orc/CMakeFiles/LLVMOrcJIT.dir/LazyReexports.cpp.o
[3745/4598] Building CXX object lib/ExecutionEngine/Orc/CMakeFiles/LLVMOrcJIT.dir/MemoryMapper.cpp.o
[3746/4598] Building CXX object lib/ExecutionEngine/Orc/CMakeFiles/LLVMOrcJIT.dir/OrcABISupport.cpp.o
[3747/4598] Building CXX object lib/ExecutionEngine/Orc/CMakeFiles/LLVMOrcJIT.dir/ObjectTransformLayer.cpp.o
[3748/4598] Building CXX object lib/ExecutionEngine/Orc/CMakeFiles/LLVMOrcJIT.dir/MapperJITLinkMemoryManager.cpp.o
[3749/4598] Building CXX object lib/ExecutionEngine/Orc/CMakeFiles/LLVMOrcJIT.dir/Mangling.cpp.o
[3750/4598] Building CXX object lib/ExecutionEngine/Orc/CMakeFiles/LLVMOrcJIT.dir/IndirectionUtils.cpp.o
[3751/4598] Building CXX object lib/ExecutionEngine/Orc/CMakeFiles/LLVMOrcJIT.dir/LLJIT.cpp.o
[3752/4598] Building CXX object lib/ExecutionEngine/Orc/CMakeFiles/LLVMOrcJIT.dir/MachOPlatform.cpp.o
[3753/4598] Building CXX object lib/ExecutionEngine/Orc/CMakeFiles/LLVMOrcJIT.dir/TaskDispatch.cpp.o
[3754/4598] Building CXX object lib/ExecutionEngine/Orc/CMakeFiles/LLVMOrcJIT.dir/SimpleRemoteEPC.cpp.o
[3755/4598] Linking CXX static library lib/libLLVMAArch64AsmParser.a
[3756/4598] Linking CXX static library lib/libLLVMAArch64Disassembler.a
[3757/4598] Linking CXX static library lib/libLLVMAArch64CodeGen.a
[3758/4598] Building CXX object lib/ExecutionEngine/Orc/CMakeFiles/LLVMOrcJIT.dir/ObjectLinkingLayer.cpp.o
[3759/4598] Linking CXX static library lib/libLLVMAMDGPUAsmParser.a
[3760/4598] Linking CXX static library lib/libLLVMAMDGPUDisassembler.a
[3761/4598] Linking CXX static library lib/libLLVMARMAsmParser.a
[3762/4598] Linking CXX static library lib/libLLVMARMDisassembler.a
[3763/4598] Linking CXX static library lib/libLLVMAMDGPUCodeGen.a
[3764/4598] Building CXX object lib/ExecutionEngine/Orc/CMakeFiles/LLVMOrcJIT.dir/RTDyldObjectLinkingLayer.cpp.o
[3765/4598] Linking CXX static library lib/libLLVMARMCodeGen.a
[3766/4598] Linking CXX static library lib/libLLVMAVRAsmParser.a
[3767/4598] Linking CXX static library lib/libLLVMAVRDisassembler.a
[3768/4598] Linking CXX static library lib/libLLVMAVRCodeGen.a
[3769/4598] Linking CXX static library lib/libLLVMBPFAsmParser.a
[3770/4598] Linking CXX static library lib/libLLVMBPFDisassembler.a
[3771/4598] Linking CXX static library lib/libLLVMBPFCodeGen.a
[3772/4598] Linking CXX static library lib/libLLVMHexagonDisassembler.a
[3773/4598] Linking CXX static library lib/libLLVMLanaiDisassembler.a
[3774/4598] Linking CXX static library lib/libLLVMLoongArchCodeGen.a
[3775/4598] Linking CXX static library lib/libLLVMLanaiCodeGen.a
[3776/4598] Linking CXX static library lib/libLLVMLoongArchAsmParser.a
[3777/4598] Linking CXX static library lib/libLLVMLoongArchDisassembler.a
[3778/4598] Linking CXX static library lib/libLLVMHexagonCodeGen.a
[3779/4598] Linking CXX static library lib/libLLVMMipsDisassembler.a
[3780/4598] Linking CXX static library lib/libLLVMMipsAsmParser.a
[3781/4598] Linking CXX static library lib/libLLVMMipsCodeGen.a
[3782/4598] Linking CXX static library lib/libLLVMMSP430CodeGen.a
[3783/4598] Linking CXX static library lib/libLLVMMSP430Disassembler.a
[3784/4598] Linking CXX static library lib/libLLVMMSP430AsmParser.a
[3785/4598] Linking CXX static library lib/libLLVMPowerPCAsmParser.a
[3786/4598] Linking CXX static library lib/libLLVMNVPTXCodeGen.a
[3787/4598] Linking CXX static library lib/libLLVMPowerPCDisassembler.a
[3788/4598] Linking CXX static library lib/libLLVMPowerPCCodeGen.a
[3789/4598] Linking CXX static library lib/libLLVMRISCVDisassembler.a
[3790/4598] Linking CXX static library lib/libLLVMRISCVAsmParser.a
[3791/4598] Linking CXX static library lib/libLLVMRISCVCodeGen.a
[3792/4598] Linking CXX static library lib/libLLVMSparcCodeGen.a
[3793/4598] Linking CXX static library lib/libLLVMSparcAsmParser.a
[3794/4598] Linking CXX static library lib/libLLVMSparcDisassembler.a
[3795/4598] Linking CXX static library lib/libLLVMSystemZAsmParser.a
[3796/4598] Linking CXX static library lib/libLLVMSystemZDisassembler.a
[3797/4598] Linking CXX static library lib/libLLVMSystemZCodeGen.a
[3798/4598] Linking CXX static library lib/libLLVMVEAsmParser.a
[3799/4598] Linking CXX static library lib/libLLVMVECodeGen.a
[3800/4598] Linking CXX static library lib/libLLVMVEDisassembler.a
[3801/4598] Building CXX object lib/ExecutionEngine/Orc/CMakeFiles/LLVMOrcJIT.dir/Speculation.cpp.o
[3802/4598] Linking CXX static library lib/libLLVMWebAssemblyDisassembler.a
[3803/4598] Linking CXX static library lib/libLLVMWebAssemblyAsmParser.a
[3804/4598] Linking CXX static library lib/libLLVMX86AsmParser.a
[3805/4598] Linking CXX static library lib/libLLVMX86Disassembler.a
[3806/4598] Linking CXX static library lib/libLLVMWebAssemblyCodeGen.a
[3807/4598] Linking CXX static library lib/libLLVMXCoreDisassembler.a
[3808/4598] Linking CXX static library lib/libLLVMXCoreCodeGen.a
[3809/4598] Linking CXX static library lib/libLLVMCoverage.a
[3810/4598] Building CXX object lib/ExecutionEngine/Orc/CMakeFiles/LLVMOrcJIT.dir/ExecutorProcessControl.cpp.o
[3811/4598] Linking CXX static library lib/libLLVMX86CodeGen.a
[3812/4598] Building CXX object lib/ExecutionEngine/Orc/CMakeFiles/LLVMOrcJIT.dir/ELFNixPlatform.cpp.o
[3813/4598] Building CXX object lib/ExecutionEngine/Orc/CMakeFiles/LLVMOrcJIT.dir/OrcV2CBindings.cpp.o
[3814/4598] Building CXX object lib/ExecutionEngine/Orc/CMakeFiles/LLVMOrcJIT.dir/ThreadSafeModule.cpp.o
[3815/4598] Building CXX object lib/ToolDrivers/llvm-lib/CMakeFiles/LLVMLibDriver.dir/LibDriver.cpp.o
[3816/4598] Building CXX object lib/ExecutionEngine/Orc/CMakeFiles/LLVMOrcJIT.dir/SpeculateAnalyses.cpp.o
[3817/4598] Building CXX object tools/clang/lib/CodeGen/CMakeFiles/obj.clangCodeGen.dir/CGCUDARuntime.cpp.o
[3818/4598] Building CXX object tools/clang/lib/CodeGen/CMakeFiles/obj.clangCodeGen.dir/CGCUDANV.cpp.o
[3819/4598] Building CXX object tools/clang/lib/CodeGen/CMakeFiles/obj.clangCodeGen.dir/CGBlocks.cpp.o
[3820/4598] Building CXX object tools/clang/lib/CodeGen/CMakeFiles/obj.clangCodeGen.dir/BackendUtil.cpp.o
[3821/4598] Building CXX object tools/clang/lib/CodeGen/CMakeFiles/obj.clangCodeGen.dir/CGCXX.cpp.o
[3822/4598] Building CXX object tools/clang/lib/CodeGen/CMakeFiles/obj.clangCodeGen.dir/CGCXXABI.cpp.o
[3823/4598] Building CXX object tools/clang/lib/CodeGen/CMakeFiles/obj.clangCodeGen.dir/CGAtomic.cpp.o
[3824/4598] Building CXX object tools/clang/lib/CodeGen/CMakeFiles/obj.clangCodeGen.dir/CGCall.cpp.o
[3825/4598] Building CXX object tools/clang/lib/CodeGen/CMakeFiles/obj.clangCodeGen.dir/CGCleanup.cpp.o
[3826/4598] Building CXX object tools/clang/lib/CodeGen/CMakeFiles/obj.clangCodeGen.dir/CGClass.cpp.o
[3827/4598] Building CXX object tools/clang/lib/CodeGen/CMakeFiles/obj.clangCodeGen.dir/CGCoroutine.cpp.o
[3828/4598] Building CXX object tools/clang/lib/CodeGen/CMakeFiles/obj.clangCodeGen.dir/CGDeclCXX.cpp.o
[3829/4598] Building CXX object tools/clang/lib/CodeGen/CMakeFiles/obj.clangCodeGen.dir/CGDecl.cpp.o
[3830/4598] Building CXX object tools/clang/lib/CodeGen/CMakeFiles/obj.clangCodeGen.dir/CGExprAgg.cpp.o
[3831/4598] Building CXX object tools/clang/lib/CodeGen/CMakeFiles/obj.clangCodeGen.dir/CGException.cpp.o
[3832/4598] Building CXX object tools/clang/lib/CodeGen/CMakeFiles/obj.clangCodeGen.dir/CGExprComplex.cpp.o
[3833/4598] Building CXX object tools/clang/lib/CodeGen/CMakeFiles/obj.clangCodeGen.dir/CGExpr.cpp.o
[3834/4598] Building CXX object tools/clang/lib/CodeGen/CMakeFiles/obj.clangCodeGen.dir/CGExprConstant.cpp.o
[3835/4598] Building CXX object tools/clang/lib/CodeGen/CMakeFiles/obj.clangCodeGen.dir/CGLoopInfo.cpp.o
[3836/4598] Building CXX object tools/clang/lib/CodeGen/CMakeFiles/obj.clangCodeGen.dir/CGExprCXX.cpp.o
[3837/4598] Building CXX object tools/clang/lib/CodeGen/CMakeFiles/obj.clangCodeGen.dir/CGGPUBuiltin.cpp.o
[3838/4598] Building CXX object tools/clang/lib/CodeGen/CMakeFiles/obj.clangCodeGen.dir/CGHLSLRuntime.cpp.o
[3839/4598] Building CXX object tools/clang/lib/CodeGen/CMakeFiles/obj.clangCodeGen.dir/CGExprScalar.cpp.o
[3840/4598] Building CXX object tools/clang/lib/CodeGen/CMakeFiles/obj.clangCodeGen.dir/CGDebugInfo.cpp.o
[3841/4598] Building CXX object tools/clang/lib/CodeGen/CMakeFiles/obj.clangCodeGen.dir/CGNonTrivialStruct.cpp.o
[3842/4598] Building CXX object tools/clang/lib/CodeGen/CMakeFiles/obj.clangCodeGen.dir/CGOpenCLRuntime.cpp.o
[3843/4598] Building CXX object tools/clang/lib/CodeGen/CMakeFiles/obj.clangCodeGen.dir/CGObjCRuntime.cpp.o
[3844/4598] Building CXX object tools/clang/lib/CodeGen/CMakeFiles/obj.clangCodeGen.dir/CGObjC.cpp.o
[3845/4598] Building CXX object tools/clang/lib/CodeGen/CMakeFiles/obj.clangCodeGen.dir/CGObjCGNU.cpp.o
[3846/4598] Building CXX object tools/clang/lib/CodeGen/CMakeFiles/obj.clangCodeGen.dir/CGRecordLayoutBuilder.cpp.o
[3847/4598] Building CXX object tools/clang/lib/CodeGen/CMakeFiles/obj.clangCodeGen.dir/CGOpenMPRuntimeGPU.cpp.o
[3848/4598] Building CXX object tools/clang/lib/CodeGen/CMakeFiles/obj.clangCodeGen.dir/CGStmt.cpp.o
[3849/4598] Building CXX object tools/clang/lib/CodeGen/CMakeFiles/obj.clangCodeGen.dir/CGVTables.cpp.o
[3850/4598] Building CXX object tools/clang/lib/CodeGen/CMakeFiles/obj.clangCodeGen.dir/CGVTT.cpp.o
[3851/4598] Building CXX object tools/clang/lib/CodeGen/CMakeFiles/obj.clangCodeGen.dir/CodeGenABITypes.cpp.o
[3852/4598] Building CXX object tools/clang/lib/CodeGen/CMakeFiles/obj.clangCodeGen.dir/CGObjCMac.cpp.o
[3853/4598] Building CXX object tools/clang/lib/CodeGen/CMakeFiles/obj.clangCodeGen.dir/CGBuiltin.cpp.o
[3854/4598] Building CXX object tools/clang/lib/CodeGen/CMakeFiles/obj.clangCodeGen.dir/CodeGenTBAA.cpp.o
[3855/4598] Building CXX object tools/clang/lib/CodeGen/CMakeFiles/obj.clangCodeGen.dir/CGOpenMPRuntime.cpp.o
[3856/4598] Building CXX object tools/clang/lib/CodeGen/CMakeFiles/obj.clangCodeGen.dir/CodeGenAction.cpp.o
[3857/4598] Building CXX object tools/clang/lib/CodeGen/CMakeFiles/obj.clangCodeGen.dir/ConstantInitBuilder.cpp.o
[3858/4598] Building CXX object tools/clang/lib/CodeGen/CMakeFiles/obj.clangCodeGen.dir/CodeGenTypes.cpp.o
[3859/4598] Building CXX object tools/clang/lib/CodeGen/CMakeFiles/obj.clangCodeGen.dir/CodeGenFunction.cpp.o
[3860/4598] Building CXX object tools/clang/lib/CodeGen/CMakeFiles/obj.clangCodeGen.dir/CGStmtOpenMP.cpp.o
[3861/4598] Building CXX object tools/clang/lib/CodeGen/CMakeFiles/obj.clangCodeGen.dir/MacroPPCallbacks.cpp.o
[3862/4598] Building CXX object tools/clang/lib/CodeGen/CMakeFiles/obj.clangCodeGen.dir/CoverageMappingGen.cpp.o
[3863/4598] Building CXX object tools/clang/lib/CodeGen/CMakeFiles/obj.clangCodeGen.dir/PatternInit.cpp.o
[3864/4598] Building CXX object tools/clang/lib/CodeGen/CMakeFiles/obj.clangCodeGen.dir/ModuleBuilder.cpp.o
[3865/4598] Building CXX object tools/clang/lib/CodeGen/CMakeFiles/obj.clangCodeGen.dir/CodeGenPGO.cpp.o
[3866/4598] Building CXX object tools/clang/lib/CodeGen/CMakeFiles/obj.clangCodeGen.dir/SwiftCallingConv.cpp.o
[3867/4598] Building CXX object tools/clang/lib/CodeGen/CMakeFiles/obj.clangCodeGen.dir/MicrosoftCXXABI.cpp.o
[3868/4598] Building CXX object tools/clang/lib/CodeGen/CMakeFiles/obj.clangCodeGen.dir/VarBypassDetector.cpp.o
[3869/4598] Building CXX object tools/clang/lib/CodeGen/CMakeFiles/obj.clangCodeGen.dir/ItaniumCXXABI.cpp.o
[3870/4598] Building CXX object tools/clang/lib/ExtractAPI/CMakeFiles/obj.clangExtractAPI.dir/APIIgnoresList.cpp.o
[3871/4598] Building CXX object tools/clang/lib/CodeGen/CMakeFiles/obj.clangCodeGen.dir/SanitizerMetadata.cpp.o
[3872/4598] Building CXX object tools/clang/lib/ExtractAPI/CMakeFiles/obj.clangExtractAPI.dir/AvailabilityInfo.cpp.o
[3873/4598] Building CXX object tools/clang/lib/ExtractAPI/CMakeFiles/obj.clangExtractAPI.dir/API.cpp.o
[3874/4598] Building CXX object tools/clang/lib/ExtractAPI/CMakeFiles/obj.clangExtractAPI.dir/DeclarationFragments.cpp.o
[3875/4598] Building CXX object tools/clang/lib/ExtractAPI/CMakeFiles/obj.clangExtractAPI.dir/Serialization/SerializerBase.cpp.o
[3876/4598] Building CXX object tools/clang/lib/ExtractAPI/CMakeFiles/obj.clangExtractAPI.dir/Serialization/SymbolGraphSerializer.cpp.o
[3877/4598] Building CXX object tools/clang/lib/ExtractAPI/CMakeFiles/obj.clangExtractAPI.dir/TypedefUnderlyingTypeResolver.cpp.o
[3878/4598] Building CXX object tools/clang/lib/ARCMigrate/CMakeFiles/obj.clangARCMigrate.dir/FileRemapper.cpp.o
[3879/4598] Building CXX object tools/clang/lib/CodeGen/CMakeFiles/obj.clangCodeGen.dir/ObjectFilePCHContainerOperations.cpp.o
[3880/4598] Building CXX object tools/clang/lib/ARCMigrate/CMakeFiles/obj.clangARCMigrate.dir/PlistReporter.cpp.o
[3881/4598] Building CXX object tools/clang/lib/CodeGen/CMakeFiles/obj.clangCodeGen.dir/CodeGenModule.cpp.o
[3882/4598] Building CXX object tools/clang/lib/ARCMigrate/CMakeFiles/obj.clangARCMigrate.dir/ARCMTActions.cpp.o
[3883/4598] Building CXX object tools/clang/lib/ExtractAPI/CMakeFiles/obj.clangExtractAPI.dir/ExtractAPIVisitor.cpp.o
[3884/4598] Building CXX object tools/clang/lib/CodeGen/CMakeFiles/obj.clangCodeGen.dir/TargetInfo.cpp.o
[3885/4598] Building CXX object tools/clang/lib/ARCMigrate/CMakeFiles/obj.clangARCMigrate.dir/ARCMT.cpp.o
[3886/4598] Building CXX object tools/clang/lib/ExtractAPI/CMakeFiles/obj.clangExtractAPI.dir/ExtractAPIConsumer.cpp.o
[3887/4598] Building CXX object tools/clang/lib/ARCMigrate/CMakeFiles/obj.clangARCMigrate.dir/TransARCAssign.cpp.o
[3888/4598] Building CXX object tools/clang/lib/ARCMigrate/CMakeFiles/obj.clangARCMigrate.dir/TransAPIUses.cpp.o
[3889/4598] Building CXX object tools/clang/lib/ARCMigrate/CMakeFiles/obj.clangARCMigrate.dir/TransGCCalls.cpp.o
[3890/4598] Building CXX object tools/clang/lib/ARCMigrate/CMakeFiles/obj.clangARCMigrate.dir/TransGCAttrs.cpp.o
[3891/4598] Building CXX object tools/clang/lib/ARCMigrate/CMakeFiles/obj.clangARCMigrate.dir/TransProperties.cpp.o
[3892/4598] Building CXX object tools/clang/lib/ARCMigrate/CMakeFiles/obj.clangARCMigrate.dir/ObjCMT.cpp.o
[3893/4598] Building CXX object tools/clang/lib/ARCMigrate/CMakeFiles/obj.clangARCMigrate.dir/TransEmptyStatementsAndDealloc.cpp.o
[3894/4598] Building CXX object tools/clang/lib/ARCMigrate/CMakeFiles/obj.clangARCMigrate.dir/TransProtectedScope.cpp.o
[3895/4598] Building CXX object tools/clang/lib/ARCMigrate/CMakeFiles/obj.clangARCMigrate.dir/TransAutoreleasePool.cpp.o
[3896/4598] Building CXX object tools/clang/lib/Frontend/Rewrite/CMakeFiles/obj.clangRewriteFrontend.dir/FixItRewriter.cpp.o
[3897/4598] Building CXX object tools/clang/lib/ARCMigrate/CMakeFiles/obj.clangARCMigrate.dir/TransUnbridgedCasts.cpp.o
[3898/4598] Building CXX object tools/clang/lib/ARCMigrate/CMakeFiles/obj.clangARCMigrate.dir/TransBlockObjCVariable.cpp.o
[3899/4598] Building CXX object tools/clang/lib/ARCMigrate/CMakeFiles/obj.clangARCMigrate.dir/TransformActions.cpp.o
[3900/4598] Building CXX object tools/clang/lib/Frontend/Rewrite/CMakeFiles/obj.clangRewriteFrontend.dir/InclusionRewriter.cpp.o
[3901/4598] Building CXX object tools/clang/lib/ARCMigrate/CMakeFiles/obj.clangARCMigrate.dir/TransRetainReleaseDealloc.cpp.o
[3902/4598] Building CXX object tools/clang/lib/Frontend/Rewrite/CMakeFiles/obj.clangRewriteFrontend.dir/HTMLPrint.cpp.o
[3903/4598] Building CXX object tools/clang/lib/ARCMigrate/CMakeFiles/obj.clangARCMigrate.dir/TransZeroOutPropsInDealloc.cpp.o
[3904/4598] Building CXX object tools/clang/lib/ARCMigrate/CMakeFiles/obj.clangARCMigrate.dir/TransUnusedInitDelegate.cpp.o
[3905/4598] Building CXX object tools/clang/lib/Frontend/Rewrite/CMakeFiles/obj.clangRewriteFrontend.dir/RewriteMacros.cpp.o
[3906/4598] Building CXX object tools/clang/lib/Tooling/CMakeFiles/obj.clangTooling.dir/ArgumentsAdjusters.cpp.o
[3907/4598] Building CXX object tools/clang/lib/Frontend/Rewrite/CMakeFiles/obj.clangRewriteFrontend.dir/RewriteTest.cpp.o
[3908/4598] Building CXX object tools/clang/lib/Frontend/Rewrite/CMakeFiles/obj.clangRewriteFrontend.dir/FrontendActions.cpp.o
[3909/4598] Building CXX object tools/clang/lib/Tooling/CMakeFiles/obj.clangTooling.dir/ExpandResponseFilesCompilationDatabase.cpp.o
[3910/4598] Building CXX object tools/clang/lib/Tooling/CMakeFiles/obj.clangTooling.dir/FileMatchTrie.cpp.o
[3911/4598] Building CXX object tools/clang/lib/Tooling/CMakeFiles/obj.clangTooling.dir/CommonOptionsParser.cpp.o
[3912/4598] Building CXX object tools/clang/lib/Tooling/CMakeFiles/obj.clangTooling.dir/AllTUsExecution.cpp.o
[3913/4598] Building CXX object tools/clang/lib/Tooling/CMakeFiles/obj.clangTooling.dir/FixIt.cpp.o
[3914/4598] Building CXX object tools/clang/lib/Tooling/CMakeFiles/obj.clangTooling.dir/CompilationDatabase.cpp.o
[3915/4598] Building CXX object tools/clang/lib/Tooling/CMakeFiles/obj.clangTooling.dir/Execution.cpp.o
[3916/4598] Building CXX object tools/clang/lib/Tooling/CMakeFiles/obj.clangTooling.dir/InterpolatingCompilationDatabase.cpp.o
[3917/4598] Building CXX object tools/clang/lib/Tooling/CMakeFiles/obj.clangTooling.dir/GuessTargetAndModeCompilationDatabase.cpp.o
[3918/4598] Linking CXX static library lib/libclangStaticAnalyzerCheckers.a
[3919/4598] Building CXX object tools/clang/lib/Frontend/Rewrite/CMakeFiles/obj.clangRewriteFrontend.dir/RewriteObjC.cpp.o
[3920/4598] Building CXX object tools/clang/lib/Frontend/Rewrite/CMakeFiles/obj.clangRewriteFrontend.dir/RewriteModernObjC.cpp.o
[3921/4598] Building CXX object tools/clang/lib/Tooling/CMakeFiles/obj.clangTooling.dir/JSONCompilationDatabase.cpp.o
[3922/4598] Building CXX object tools/clang/lib/Tooling/CMakeFiles/obj.clangTooling.dir/StandaloneExecution.cpp.o
[3923/4598] Building CXX object tools/clang/lib/Tooling/CMakeFiles/obj.clangTooling.dir/Refactoring.cpp.o
[3924/4598] Building CXX object tools/clang/lib/ARCMigrate/CMakeFiles/obj.clangARCMigrate.dir/Transforms.cpp.o
[3925/4598] Building CXX object tools/clang/lib/StaticAnalyzer/Frontend/CMakeFiles/obj.clangStaticAnalyzerFrontend.dir/ModelConsumer.cpp.o
[3926/4598] Building CXX object tools/clang/lib/StaticAnalyzer/Frontend/CMakeFiles/obj.clangStaticAnalyzerFrontend.dir/AnalyzerHelpFlags.cpp.o
[3927/4598] Building CXX object tools/clang/lib/StaticAnalyzer/Frontend/CMakeFiles/obj.clangStaticAnalyzerFrontend.dir/CheckerRegistry.cpp.o
[3928/4598] Building CXX object tools/clang/lib/Tooling/CMakeFiles/obj.clangTooling.dir/Tooling.cpp.o
[3929/4598] Building CXX object tools/clang/lib/Tooling/CMakeFiles/obj.clangTooling.dir/RefactoringCallbacks.cpp.o
[3930/4598] Building CXX object tools/clang/lib/StaticAnalyzer/Frontend/CMakeFiles/obj.clangStaticAnalyzerFrontend.dir/CreateCheckerManager.cpp.o
[3931/4598] Building CXX object tools/clang/lib/Tooling/CMakeFiles/obj.clangTooling.dir/NodeIntrospection.cpp.o
[3932/4598] Building CXX object tools/clang/lib/StaticAnalyzer/Frontend/CMakeFiles/obj.clangStaticAnalyzerFrontend.dir/FrontendActions.cpp.o
[3933/4598] Building CXX object tools/clang/tools/clang-linker-wrapper/CMakeFiles/clang-linker-wrapper.dir/OffloadWrapper.cpp.o
[3934/4598] Building CXX object tools/lld/Common/CMakeFiles/lldCommon.dir/CommonLinkerContext.cpp.o
[3935/4598] Building CXX object tools/clang/tools/clang-offload-packager/CMakeFiles/clang-offload-packager.dir/ClangOffloadPackager.cpp.o
[3936/4598] Building CXX object tools/lld/Common/CMakeFiles/lldCommon.dir/Args.cpp.o
[3937/4598] Building CXX object tools/clang/tools/clang-offload-bundler/CMakeFiles/clang-offload-bundler.dir/ClangOffloadBundler.cpp.o
[3938/4598] Building CXX object tools/lld/Common/CMakeFiles/lldCommon.dir/Filesystem.cpp.o
[3939/4598] Building CXX object tools/lld/Common/CMakeFiles/lldCommon.dir/Memory.cpp.o
[3940/4598] Building CXX object tools/lld/Common/CMakeFiles/lldCommon.dir/DWARF.cpp.o
[3941/4598] Building CXX object tools/lld/Common/CMakeFiles/lldCommon.dir/TargetOptionsCommandFlags.cpp.o
[3942/4598] Linking CXX static library lib/libLLVMMCA.a
[3943/4598] Linking CXX static library lib/libLLVMMCJIT.a
[3944/4598] Linking CXX static library lib/libLLVMObjectYAML.a
[3945/4598] Linking CXX static library lib/libLLVMLibDriver.a
[3946/4598] Linking CXX static library lib/libLLVMOrcJIT.a
[3947/4598] Building CXX object tools/lld/Common/CMakeFiles/lldCommon.dir/Version.cpp.o
[3948/4598] Building CXX object tools/lto/CMakeFiles/LTO.dir/LTODisassembler.cpp.o
[3949/4598] Building CXX object tools/lld/Common/CMakeFiles/lldCommon.dir/Reproduce.cpp.o
[3950/4598] Building CXX object tools/lld/Common/CMakeFiles/lldCommon.dir/Timer.cpp.o
[3951/4598] Building CXX object tools/lld/Common/CMakeFiles/lldCommon.dir/Strings.cpp.o
[3952/4598] Building CXX object tools/clang/lib/APINotes/CMakeFiles/obj.clangAPINotes.dir/APINotesTypes.cpp.o
[3953/4598] Building CXX object tools/clang/lib/APINotes/CMakeFiles/obj.clangAPINotes.dir/APINotesYAMLCompiler.cpp.o
[3954/4598] Building CXX object tools/lld/Common/CMakeFiles/lldCommon.dir/ErrorHandler.cpp.o
[3955/4598] Linking CXX static library lib/libclangCodeGen.a
[3956/4598] Building CXX object tools/clang/tools/clang-linker-wrapper/CMakeFiles/clang-linker-wrapper.dir/ClangLinkerWrapper.cpp.o
[3957/4598] Building CXX object tools/lto/CMakeFiles/LTO.dir/lto.cpp.o
[3958/4598] Building CXX object tools/clang/lib/StaticAnalyzer/Frontend/CMakeFiles/obj.clangStaticAnalyzerFrontend.dir/ModelInjector.cpp.o
[3959/4598] Building CXX object tools/clang/lib/StaticAnalyzer/Frontend/CMakeFiles/obj.clangStaticAnalyzerFrontend.dir/AnalysisConsumer.cpp.o
[3960/4598] Building CXX object tools/clang/lib/Analysis/FlowSensitive/CMakeFiles/obj.clangAnalysisFlowSensitive.dir/ControlFlowContext.cpp.o
[3961/4598] Building CXX object tools/clang/lib/ASTMatchers/Dynamic/CMakeFiles/obj.clangDynamicASTMatchers.dir/Diagnostics.cpp.o
[3962/4598] Building CXX object tools/clang/lib/ASTMatchers/Dynamic/CMakeFiles/obj.clangDynamicASTMatchers.dir/Parser.cpp.o
[3963/4598] Building CXX object tools/clang/lib/ASTMatchers/Dynamic/CMakeFiles/obj.clangDynamicASTMatchers.dir/Marshallers.cpp.o
[3964/4598] Building CXX object tools/clang/lib/Analysis/FlowSensitive/CMakeFiles/obj.clangAnalysisFlowSensitive.dir/Value.cpp.o
[3965/4598] Building CXX object tools/clang/lib/Analysis/FlowSensitive/CMakeFiles/obj.clangAnalysisFlowSensitive.dir/DataflowAnalysisContext.cpp.o
[3966/4598] Linking CXX static library lib/libclangExtractAPI.a
[3967/4598] Linking CXX static library lib/libclangARCMigrate.a
[3968/4598] Linking CXX static library lib/libclangRewriteFrontend.a
[3969/4598] Building CXX object tools/clang/lib/Analysis/FlowSensitive/CMakeFiles/obj.clangAnalysisFlowSensitive.dir/DataflowEnvironment.cpp.o
[3970/4598] Linking CXX static library lib/libclangTooling.a
[3971/4598] Building CXX object tools/clang/lib/Analysis/FlowSensitive/CMakeFiles/obj.clangAnalysisFlowSensitive.dir/DebugSupport.cpp.o
[3972/4598] Building CXX object tools/clang/lib/Analysis/FlowSensitive/CMakeFiles/obj.clangAnalysisFlowSensitive.dir/Transfer.cpp.o
[3973/4598] Building CXX object tools/clang/lib/Analysis/FlowSensitive/CMakeFiles/obj.clangAnalysisFlowSensitive.dir/WatchedLiteralsSolver.cpp.o
[3974/4598] Building CXX object tools/clang/lib/ASTMatchers/Dynamic/CMakeFiles/obj.clangDynamicASTMatchers.dir/VariantValue.cpp.o
[3975/4598] Building CXX object tools/clang/lib/Analysis/FlowSensitive/CMakeFiles/obj.clangAnalysisFlowSensitive.dir/TypeErasedDataflowAnalysis.cpp.o
[3976/4598] Building CXX object tools/clang/lib/Analysis/FlowSensitive/Models/CMakeFiles/obj.clangAnalysisFlowSensitiveModels.dir/ChromiumCheckModel.cpp.o
[3977/4598] Building CXX object tools/clang/lib/Tooling/Refactoring/CMakeFiles/obj.clangToolingRefactoring.dir/ASTSelectionRequirements.cpp.o
[3978/4598] Building CXX object tools/clang/lib/Tooling/Inclusions/Stdlib/CMakeFiles/obj.clangToolingInclusionsStdlib.dir/StandardLibrary.cpp.o
[3979/4598] Building CXX object tools/clang/lib/Tooling/Refactoring/CMakeFiles/obj.clangToolingRefactoring.dir/Extract/Extract.cpp.o
[3980/4598] Building CXX object tools/clang/lib/Tooling/Refactoring/CMakeFiles/obj.clangToolingRefactoring.dir/Extract/SourceExtraction.cpp.o
[3981/4598] Building CXX object tools/clang/lib/Tooling/Refactoring/CMakeFiles/obj.clangToolingRefactoring.dir/Rename/SymbolOccurrences.cpp.o
[3982/4598] Building CXX object tools/clang/lib/FrontendTool/CMakeFiles/obj.clangFrontendTool.dir/ExecuteCompilerInvocation.cpp.o
[3983/4598] Building CXX object tools/clang/lib/Tooling/Refactoring/CMakeFiles/obj.clangToolingRefactoring.dir/Lookup.cpp.o
[3984/4598] Building CXX object tools/clang/lib/Tooling/Refactoring/CMakeFiles/obj.clangToolingRefactoring.dir/AtomicChange.cpp.o
[3985/4598] Building CXX object tools/clang/lib/Tooling/Refactoring/CMakeFiles/obj.clangToolingRefactoring.dir/RefactoringActions.cpp.o
[3986/4598] Building CXX object tools/clang/lib/Tooling/Syntax/CMakeFiles/obj.clangToolingSyntax.dir/ComputeReplacements.cpp.o
[3987/4598] Building CXX object tools/clang/lib/Tooling/Refactoring/CMakeFiles/obj.clangToolingRefactoring.dir/ASTSelection.cpp.o
[3988/4598] Building CXX object tools/clang/lib/Analysis/FlowSensitive/Models/CMakeFiles/obj.clangAnalysisFlowSensitiveModels.dir/UncheckedOptionalAccessModel.cpp.o
[3989/4598] Building CXX object tools/clang/lib/Tooling/Refactoring/CMakeFiles/obj.clangToolingRefactoring.dir/Rename/RenamingAction.cpp.o
[3990/4598] Building CXX object tools/clang/lib/Tooling/Syntax/CMakeFiles/obj.clangToolingSyntax.dir/Nodes.cpp.o
[3991/4598] Building CXX object tools/clang/lib/Tooling/Syntax/CMakeFiles/obj.clangToolingSyntax.dir/Mutations.cpp.o
[3992/4598] Building CXX object tools/clang/lib/Tooling/Syntax/CMakeFiles/obj.clangToolingSyntax.dir/TokenBufferTokenManager.cpp.o
[3993/4598] Building CXX object tools/clang/lib/Tooling/Syntax/CMakeFiles/obj.clangToolingSyntax.dir/Synthesis.cpp.o
[3994/4598] Building CXX object tools/clang/lib/Tooling/Syntax/CMakeFiles/obj.clangToolingSyntax.dir/Tree.cpp.o
[3995/4598] Building CXX object tools/clang/lib/Tooling/ASTDiff/CMakeFiles/obj.clangToolingASTDiff.dir/ASTDiff.cpp.o
[3996/4598] Building CXX object tools/clang/lib/Tooling/Refactoring/CMakeFiles/obj.clangToolingRefactoring.dir/Rename/USRFinder.cpp.o
[3997/4598] Building CXX object tools/clang/lib/Tooling/DependencyScanning/CMakeFiles/obj.clangDependencyScanning.dir/DependencyScanningService.cpp.o
[3998/4598] Building CXX object tools/clang/lib/Tooling/DependencyScanning/CMakeFiles/obj.clangDependencyScanning.dir/DependencyScanningFilesystem.cpp.o
[3999/4598] Building CXX object tools/clang/lib/Tooling/Syntax/CMakeFiles/obj.clangToolingSyntax.dir/Tokens.cpp.o
[4000/4598] Building CXX object tools/clang/lib/Tooling/Syntax/CMakeFiles/obj.clangToolingSyntax.dir/BuildTree.cpp.o
[4001/4598] Building CXX object tools/clang/lib/Tooling/Refactoring/CMakeFiles/obj.clangToolingRefactoring.dir/Rename/USRFindingAction.cpp.o
[4002/4598] Building CXX object tools/clang/lib/Tooling/DependencyScanning/CMakeFiles/obj.clangDependencyScanning.dir/DependencyScanningTool.cpp.o
[4003/4598] Building CXX object tools/clang/lib/Tooling/DependencyScanning/CMakeFiles/obj.clangDependencyScanning.dir/DependencyScanningWorker.cpp.o
[4004/4598] Building CXX object tools/clang/lib/Tooling/Refactoring/CMakeFiles/obj.clangToolingRefactoring.dir/Rename/USRLocFinder.cpp.o
[4005/4598] Building CXX object tools/clang/lib/Tooling/Transformer/CMakeFiles/obj.clangTransformer.dir/RangeSelector.cpp.o
[4006/4598] Building CXX object tools/clang/lib/Tooling/Transformer/CMakeFiles/obj.clangTransformer.dir/SourceCode.cpp.o
[4007/4598] Building CXX object tools/clang/lib/Tooling/Transformer/CMakeFiles/obj.clangTransformer.dir/Parsing.cpp.o
[4008/4598] Linking CXX static library lib/libclangStaticAnalyzerFrontend.a
[4009/4598] Building CXX object tools/clang/lib/Tooling/DependencyScanning/CMakeFiles/obj.clangDependencyScanning.dir/ModuleDepCollector.cpp.o
[4010/4598] Building CXX object tools/clang/lib/IndexSerialization/CMakeFiles/obj.clangIndexSerialization.dir/SerializablePathCollection.cpp.o
[4011/4598] Building CXX object tools/clang/lib/DirectoryWatcher/CMakeFiles/obj.clangDirectoryWatcher.dir/DirectoryScanner.cpp.o
[4012/4598] Building CXX object tools/clang/lib/DirectoryWatcher/CMakeFiles/obj.clangDirectoryWatcher.dir/linux/DirectoryWatcher-linux.cpp.o
[4013/4598] Building CXX object tools/clang/lib/Tooling/Transformer/CMakeFiles/obj.clangTransformer.dir/RewriteRule.cpp.o
[4014/4598] Building CXX object tools/clang/lib/Tooling/Transformer/CMakeFiles/obj.clangTransformer.dir/SourceCodeBuilders.cpp.o
[4015/4598] Linking CXX executable bin/clang-offload-packager
[4016/4598] Linking CXX executable bin/clang-offload-bundler
[4017/4598] Building CXX object tools/clang/tools/clang-shlib/CMakeFiles/clang-cpp.dir/clang-shlib.cpp.o
[4018/4598] Building CXX object tools/clang/lib/Interpreter/CMakeFiles/obj.clangInterpreter.dir/IncrementalExecutor.cpp.o
[4019/4598] Building CXX object tools/clang/tools/libclang/CMakeFiles/libclang.dir/BuildSystem.cpp.o
[4020/4598] Building CXX object tools/clang/tools/clang-fuzzer/handle-llvm/CMakeFiles/obj.clangHandleLLVM.dir/handle_llvm.cpp.o
[4021/4598] Building CXX object tools/clang/lib/Tooling/Transformer/CMakeFiles/obj.clangTransformer.dir/Transformer.cpp.o
[4022/4598] Building CXX object tools/clang/lib/Tooling/Transformer/CMakeFiles/obj.clangTransformer.dir/Stencil.cpp.o
[4023/4598] Building CXX object tools/clang/tools/clang-fuzzer/handle-cxx/CMakeFiles/obj.clangHandleCXX.dir/handle_cxx.cpp.o
[4024/4598] Building CXX object tools/clang/tools/libclang/CMakeFiles/libclang.dir/ARCMigrate.cpp.o
[4025/4598] Building CXX object tools/clang/lib/Interpreter/CMakeFiles/obj.clangInterpreter.dir/Interpreter.cpp.o
[4026/4598] Building CXX object tools/clang/tools/libclang/CMakeFiles/libclang.dir/CIndexCXX.cpp.o
[4027/4598] Linking CXX executable bin/clang-linker-wrapper
[4028/4598] Building CXX object tools/clang/lib/Interpreter/CMakeFiles/obj.clangInterpreter.dir/IncrementalParser.cpp.o
[4029/4598] Building CXX object tools/clang/tools/libclang/CMakeFiles/libclang.dir/CIndexer.cpp.o
[4030/4598] Building CXX object tools/clang/tools/libclang/CMakeFiles/libclang.dir/CIndexHigh.cpp.o
[4031/4598] Building CXX object tools/clang/tools/libclang/CMakeFiles/libclang.dir/CIndexUSRs.cpp.o
[4032/4598] Building CXX object tools/clang/tools/libclang/CMakeFiles/libclang.dir/CIndexInclusionStack.cpp.o
[4033/4598] Building CXX object tools/clang/tools/libclang/CMakeFiles/libclang.dir/CIndexDiagnostic.cpp.o
[4034/4598] Building CXX object tools/clang/tools/libclang/CMakeFiles/libclang.dir/CIndexCodeCompletion.cpp.o
[4035/4598] Building CXX object tools/clang/tools/libclang/CMakeFiles/libclang.dir/CXCompilationDatabase.cpp.o
[4036/4598] Building CXX object tools/clang/tools/libclang/CMakeFiles/libclang.dir/CXLoadedDiagnostic.cpp.o
[4037/4598] Building CXX object tools/clang/tools/libclang/CMakeFiles/libclang.dir/CXCursor.cpp.o
[4038/4598] Building CXX object tools/clang/tools/libclang/CMakeFiles/libclang.dir/CXComment.cpp.o
[4039/4598] Building CXX object tools/clang/tools/libclang/CMakeFiles/libclang.dir/FatalErrorHandler.cpp.o
[4040/4598] Building CXX object tools/clang/tools/libclang/CMakeFiles/libclang.dir/CXStoredDiagnostic.cpp.o
[4041/4598] Linking CXX static library lib/liblldCommon.a
[4042/4598] Building CXX object tools/clang/tools/libclang/CMakeFiles/libclang.dir/CXString.cpp.o
[4043/4598] Building CXX object tools/clang/tools/libclang/CMakeFiles/libclang.dir/CXIndexDataConsumer.cpp.o
[4044/4598] Building CXX object tools/clang/tools/libclang/CMakeFiles/libclang.dir/CXSourceLocation.cpp.o
[4045/4598] Building CXX object tools/clang/tools/libclang/CMakeFiles/libclang.dir/CIndex.cpp.o
[4046/4598] Building CXX object tools/lld/COFF/CMakeFiles/lldCOFF.dir/CallGraphSort.cpp.o
[4047/4598] Building CXX object tools/clang/tools/libclang/CMakeFiles/libclang.dir/Rewrite.cpp.o
[4048/4598] Building CXX object tools/clang/tools/libclang/CMakeFiles/libclang.dir/CXType.cpp.o
[4049/4598] Building CXX object tools/lld/COFF/CMakeFiles/lldCOFF.dir/Chunks.cpp.o
[4050/4598] Building CXX object tools/lld/COFF/CMakeFiles/lldCOFF.dir/COFFLinkerContext.cpp.o
[4051/4598] Building CXX object tools/lld/COFF/CMakeFiles/lldCOFF.dir/DLL.cpp.o
[4052/4598] Building CXX object tools/lld/COFF/CMakeFiles/lldCOFF.dir/DebugTypes.cpp.o
[4053/4598] Building CXX object tools/clang/tools/libclang/CMakeFiles/libclang.dir/Indexing.cpp.o
[4054/4598] Building CXX object tools/clang/tools/libclang/CMakeFiles/libclang.dir/CXExtractAPI.cpp.o
[4055/4598] Building CXX object tools/lld/COFF/CMakeFiles/lldCOFF.dir/ICF.cpp.o
[4056/4598] Building CXX object tools/lld/COFF/CMakeFiles/lldCOFF.dir/DriverUtils.cpp.o
[4057/4598] Building CXX object tools/lld/COFF/CMakeFiles/lldCOFF.dir/LLDMapFile.cpp.o
[4058/4598] Building CXX object tools/lld/COFF/CMakeFiles/lldCOFF.dir/MarkLive.cpp.o
[4059/4598] Building CXX object tools/lld/COFF/CMakeFiles/lldCOFF.dir/MapFile.cpp.o
[4060/4598] Building CXX object tools/lld/COFF/CMakeFiles/lldCOFF.dir/MinGW.cpp.o
[4061/4598] Building CXX object tools/lld/COFF/CMakeFiles/lldCOFF.dir/Symbols.cpp.o
[4062/4598] Building CXX object tools/lld/COFF/CMakeFiles/lldCOFF.dir/LTO.cpp.o
[4063/4598] Building CXX object tools/lld/COFF/CMakeFiles/lldCOFF.dir/PDB.cpp.o
[4064/4598] Building CXX object tools/llvm-exegesis/lib/CMakeFiles/LLVMExegesis.dir/Analysis.cpp.o
[4065/4598] Building CXX object tools/lld/COFF/CMakeFiles/lldCOFF.dir/InputFiles.cpp.o
[4066/4598] Building CXX object tools/lld/COFF/CMakeFiles/lldCOFF.dir/Writer.cpp.o
[4067/4598] Building CXX object tools/lld/COFF/CMakeFiles/lldCOFF.dir/Driver.cpp.o
[4068/4598] Building CXX object tools/lld/COFF/CMakeFiles/lldCOFF.dir/SymbolTable.cpp.o
[4069/4598] Building CXX object tools/clang/lib/ASTMatchers/Dynamic/CMakeFiles/obj.clangDynamicASTMatchers.dir/Registry.cpp.o
[4070/4598] Building CXX object tools/llvm-exegesis/lib/CMakeFiles/LLVMExegesis.dir/Error.cpp.o
[4071/4598] Building CXX object tools/llvm-exegesis/lib/CMakeFiles/LLVMExegesis.dir/CodeTemplate.cpp.o
[4072/4598] Building CXX object tools/llvm-exegesis/lib/CMakeFiles/LLVMExegesis.dir/Assembler.cpp.o
[4073/4598] Building CXX object tools/llvm-exegesis/lib/CMakeFiles/LLVMExegesis.dir/MCInstrDescView.cpp.o
[4074/4598] Building CXX object tools/llvm-exegesis/lib/CMakeFiles/LLVMExegesis.dir/PerfHelper.cpp.o
[4075/4598] Building CXX object tools/llvm-exegesis/lib/CMakeFiles/LLVMExegesis.dir/RegisterAliasing.cpp.o
[4076/4598] Building CXX object tools/llvm-exegesis/lib/CMakeFiles/LLVMExegesis.dir/BenchmarkResult.cpp.o
[4077/4598] Building CXX object tools/llvm-exegesis/lib/CMakeFiles/LLVMExegesis.dir/BenchmarkRunner.cpp.o
[4078/4598] Building CXX object tools/llvm-exegesis/lib/CMakeFiles/LLVMExegesis.dir/RegisterValue.cpp.o
[4079/4598] Building CXX object tools/llvm-exegesis/lib/CMakeFiles/LLVMExegesis.dir/LatencyBenchmarkRunner.cpp.o
[4080/4598] Building CXX object tools/llvm-exegesis/lib/CMakeFiles/LLVMExegesis.dir/Clustering.cpp.o
[4081/4598] Building CXX object tools/remarks-shlib/CMakeFiles/Remarks.dir/libremarks.cpp.o
[4082/4598] Building CXX object tools/llvm-exegesis/lib/CMakeFiles/LLVMExegesis.dir/LlvmState.cpp.o
[4083/4598] Building CXX object tools/llvm-exegesis/lib/CMakeFiles/LLVMExegesis.dir/SchedClassResolution.cpp.o
[4084/4598] Building CXX object lib/FuzzMutate/CMakeFiles/LLVMFuzzerCLI.dir/FuzzerCLI.cpp.o
[4085/4598] Building CXX object tools/llvm-exegesis/lib/CMakeFiles/LLVMExegesis.dir/ParallelSnippetGenerator.cpp.o
[4086/4598] Building CXX object tools/llvm-exegesis/lib/CMakeFiles/LLVMExegesis.dir/SerialSnippetGenerator.cpp.o
[4087/4598] Building CXX object tools/llvm-exegesis/lib/CMakeFiles/LLVMExegesis.dir/SnippetFile.cpp.o
[4088/4598] Building CXX object lib/FuzzMutate/CMakeFiles/LLVMFuzzMutate.dir/OpDescriptor.cpp.o
[4089/4598] Building CXX object tools/llvm-exegesis/lib/CMakeFiles/LLVMExegesis.dir/Target.cpp.o
[4090/4598] Building CXX object tools/llvm-exegesis/lib/CMakeFiles/LLVMExegesis.dir/UopsBenchmarkRunner.cpp.o
[4091/4598] Building CXX object lib/InterfaceStub/CMakeFiles/LLVMInterfaceStub.dir/IFSStub.cpp.o
[4092/4598] Building CXX object lib/FuzzMutate/CMakeFiles/LLVMFuzzMutate.dir/Operations.cpp.o
[4093/4598] Building CXX object lib/FuzzMutate/CMakeFiles/LLVMFuzzMutate.dir/RandomIRBuilder.cpp.o
[4094/4598] Building CXX object tools/llvm-exegesis/lib/CMakeFiles/LLVMExegesis.dir/SnippetRepetitor.cpp.o
[4095/4598] Building CXX object lib/DWARFLinkerParallel/CMakeFiles/LLVMDWARFLinkerParallel.dir/DWARFLinker.cpp.o
[4096/4598] Building CXX object tools/llvm-exegesis/lib/CMakeFiles/LLVMExegesis.dir/SnippetGenerator.cpp.o
[4097/4598] Building CXX object lib/InterfaceStub/CMakeFiles/LLVMInterfaceStub.dir/IFSHandler.cpp.o
[4098/4598] Building CXX object lib/DWARFLinker/CMakeFiles/LLVMDWARFLinker.dir/DWARFLinkerCompileUnit.cpp.o
[4099/4598] Building CXX object lib/ObjCopy/CMakeFiles/LLVMObjCopy.dir/CommonConfig.cpp.o
[4100/4598] Building CXX object lib/DWARFLinker/CMakeFiles/LLVMDWARFLinker.dir/DWARFLinkerDeclContext.cpp.o
[4101/4598] Building CXX object lib/ObjCopy/CMakeFiles/LLVMObjCopy.dir/Archive.cpp.o
[4102/4598] Building CXX object lib/ObjCopy/CMakeFiles/LLVMObjCopy.dir/ConfigManager.cpp.o
[4103/4598] Building CXX object lib/FuzzMutate/CMakeFiles/LLVMFuzzMutate.dir/IRMutator.cpp.o
[4104/4598] Building CXX object lib/ObjCopy/CMakeFiles/LLVMObjCopy.dir/ObjCopy.cpp.o
[4105/4598] Building CXX object lib/ObjCopy/CMakeFiles/LLVMObjCopy.dir/COFF/COFFWriter.cpp.o
[4106/4598] Building CXX object lib/ObjCopy/CMakeFiles/LLVMObjCopy.dir/COFF/COFFObject.cpp.o
[4107/4598] Building CXX object lib/ObjCopy/CMakeFiles/LLVMObjCopy.dir/COFF/COFFObjcopy.cpp.o
[4108/4598] Building CXX object lib/InterfaceStub/CMakeFiles/LLVMInterfaceStub.dir/ELFObjHandler.cpp.o
[4109/4598] Building CXX object lib/ObjCopy/CMakeFiles/LLVMObjCopy.dir/COFF/COFFReader.cpp.o
[4110/4598] Building CXX object lib/ObjCopy/CMakeFiles/LLVMObjCopy.dir/MachO/MachOWriter.cpp.o
[4111/4598] Building CXX object lib/ObjCopy/CMakeFiles/LLVMObjCopy.dir/ELF/ELFObjcopy.cpp.o
[4112/4598] Building CXX object lib/DWARFLinker/CMakeFiles/LLVMDWARFLinker.dir/DWARFLinker.cpp.o
[4113/4598] Building CXX object lib/ObjCopy/CMakeFiles/LLVMObjCopy.dir/MachO/MachOReader.cpp.o
[4114/4598] Building CXX object lib/ObjCopy/CMakeFiles/LLVMObjCopy.dir/wasm/WasmObject.cpp.o
[4115/4598] Building CXX object lib/DWARFLinker/CMakeFiles/LLVMDWARFLinker.dir/DWARFStreamer.cpp.o
[4116/4598] Building CXX object lib/ObjCopy/CMakeFiles/LLVMObjCopy.dir/MachO/MachOLayoutBuilder.cpp.o
[4117/4598] Building CXX object lib/ObjCopy/CMakeFiles/LLVMObjCopy.dir/MachO/MachOObjcopy.cpp.o
[4118/4598] Building CXX object lib/ObjCopy/CMakeFiles/LLVMObjCopy.dir/wasm/WasmReader.cpp.o
[4119/4598] Building CXX object lib/ObjCopy/CMakeFiles/LLVMObjCopy.dir/MachO/MachOObject.cpp.o
[4120/4598] Building CXX object lib/ObjCopy/CMakeFiles/LLVMObjCopy.dir/wasm/WasmWriter.cpp.o
[4121/4598] Building CXX object lib/ObjCopy/CMakeFiles/LLVMObjCopy.dir/XCOFF/XCOFFWriter.cpp.o
[4122/4598] Building CXX object lib/ObjCopy/CMakeFiles/LLVMObjCopy.dir/XCOFF/XCOFFObjcopy.cpp.o
[4123/4598] Building CXX object lib/ObjCopy/CMakeFiles/LLVMObjCopy.dir/XCOFF/XCOFFReader.cpp.o
[4124/4598] Building CXX object lib/Debuginfod/CMakeFiles/LLVMDebuginfod.dir/BuildIDFetcher.cpp.o
[4125/4598] Building CXX object lib/Debuginfod/CMakeFiles/LLVMDebuginfod.dir/HTTPClient.cpp.o
[4126/4598] Building CXX object lib/ObjCopy/CMakeFiles/LLVMObjCopy.dir/wasm/WasmObjcopy.cpp.o
[4127/4598] Building CXX object lib/Debuginfod/CMakeFiles/LLVMDebuginfod.dir/HTTPServer.cpp.o
[4128/4598] Building CXX object lib/DebugInfo/GSYM/CMakeFiles/LLVMDebugInfoGSYM.dir/FileWriter.cpp.o
[4129/4598] Building CXX object lib/DebugInfo/GSYM/CMakeFiles/LLVMDebugInfoGSYM.dir/Header.cpp.o
[4130/4598] Building CXX object lib/DebugInfo/GSYM/CMakeFiles/LLVMDebugInfoGSYM.dir/FunctionInfo.cpp.o
[4131/4598] Building CXX object lib/DebugInfo/GSYM/CMakeFiles/LLVMDebugInfoGSYM.dir/InlineInfo.cpp.o
[4132/4598] Building CXX object lib/DebugInfo/GSYM/CMakeFiles/LLVMDebugInfoGSYM.dir/GsymReader.cpp.o
[4133/4598] Building CXX object lib/DebugInfo/GSYM/CMakeFiles/LLVMDebugInfoGSYM.dir/LookupResult.cpp.o
[4134/4598] Building CXX object lib/DebugInfo/GSYM/CMakeFiles/LLVMDebugInfoGSYM.dir/LineTable.cpp.o
[4135/4598] Building CXX object lib/DebugInfo/GSYM/CMakeFiles/LLVMDebugInfoGSYM.dir/ExtractRanges.cpp.o
[4136/4598] Building CXX object lib/DebugInfo/GSYM/CMakeFiles/LLVMDebugInfoGSYM.dir/GsymCreator.cpp.o
[4137/4598] Building CXX object lib/DebugInfo/GSYM/CMakeFiles/LLVMDebugInfoGSYM.dir/DwarfTransformer.cpp.o
[4138/4598] Building CXX object lib/DebugInfo/GSYM/CMakeFiles/LLVMDebugInfoGSYM.dir/ObjectFileTransformer.cpp.o
[4139/4598] Building CXX object lib/Debuginfod/CMakeFiles/LLVMDebuginfod.dir/Debuginfod.cpp.o
[4140/4598] Building CXX object lib/DebugInfo/LogicalView/CMakeFiles/LLVMDebugInfoLogicalView.dir/Core/LVCompare.cpp.o
[4141/4598] Building CXX object lib/DebugInfo/LogicalView/CMakeFiles/LLVMDebugInfoLogicalView.dir/Core/LVLine.cpp.o
[4142/4598] Building CXX object lib/DebugInfo/LogicalView/CMakeFiles/LLVMDebugInfoLogicalView.dir/Core/LVElement.cpp.o
[4143/4598] Building CXX object lib/DebugInfo/LogicalView/CMakeFiles/LLVMDebugInfoLogicalView.dir/Core/LVObject.cpp.o
[4144/4598] Building CXX object lib/DebugInfo/LogicalView/CMakeFiles/LLVMDebugInfoLogicalView.dir/Core/LVLocation.cpp.o
[4145/4598] Building CXX object lib/DebugInfo/LogicalView/CMakeFiles/LLVMDebugInfoLogicalView.dir/Core/LVSupport.cpp.o
[4146/4598] Building CXX object lib/DebugInfo/LogicalView/CMakeFiles/LLVMDebugInfoLogicalView.dir/Core/LVRange.cpp.o
[4147/4598] Building CXX object lib/DebugInfo/LogicalView/CMakeFiles/LLVMDebugInfoLogicalView.dir/Core/LVReader.cpp.o
[4148/4598] Building CXX object lib/ObjCopy/CMakeFiles/LLVMObjCopy.dir/ELF/ELFObject.cpp.o
[4149/4598] Building CXX object lib/DebugInfo/LogicalView/CMakeFiles/LLVMDebugInfoLogicalView.dir/Core/LVSort.cpp.o
[4150/4598] Building CXX object lib/DebugInfo/LogicalView/CMakeFiles/LLVMDebugInfoLogicalView.dir/Core/LVOptions.cpp.o
[4151/4598] Building CXX object lib/DWP/CMakeFiles/LLVMDWP.dir/DWPError.cpp.o
[4152/4598] Building CXX object lib/DebugInfo/LogicalView/CMakeFiles/LLVMDebugInfoLogicalView.dir/Core/LVSymbol.cpp.o
[4153/4598] Building CXX object lib/DebugInfo/LogicalView/CMakeFiles/LLVMDebugInfoLogicalView.dir/Core/LVType.cpp.o
[4154/4598] Building CXX object lib/DebugInfo/LogicalView/CMakeFiles/LLVMDebugInfoLogicalView.dir/Core/LVScope.cpp.o
[4155/4598] Building CXX object lib/DebugInfo/LogicalView/CMakeFiles/LLVMDebugInfoLogicalView.dir/Readers/LVBinaryReader.cpp.o
[4156/4598] Building CXX object lib/DWP/CMakeFiles/LLVMDWP.dir/DWP.cpp.o
[4157/4598] Building CXX object lib/ExecutionEngine/Interpreter/CMakeFiles/LLVMInterpreter.dir/ExternalFunctions.cpp.o
[4158/4598] Building CXX object lib/ExecutionEngine/Interpreter/CMakeFiles/LLVMInterpreter.dir/Interpreter.cpp.o
[4159/4598] Building CXX object lib/DebugInfo/LogicalView/CMakeFiles/LLVMDebugInfoLogicalView.dir/Readers/LVELFReader.cpp.o
[4160/4598] Building CXX object lib/XRay/CMakeFiles/LLVMXRay.dir/BlockIndexer.cpp.o
[4161/4598] Building CXX object lib/DebugInfo/LogicalView/CMakeFiles/LLVMDebugInfoLogicalView.dir/LVReaderHandler.cpp.o
[4162/4598] Building CXX object lib/ToolDrivers/llvm-dlltool/CMakeFiles/LLVMDlltoolDriver.dir/DlltoolDriver.cpp.o
[4163/4598] Building CXX object lib/XRay/CMakeFiles/LLVMXRay.dir/BlockPrinter.cpp.o
[4164/4598] Building CXX object lib/XRay/CMakeFiles/LLVMXRay.dir/BlockVerifier.cpp.o
[4165/4598] Building CXX object lib/Target/RISCV/MCA/CMakeFiles/LLVMRISCVTargetMCA.dir/RISCVCustomBehaviour.cpp.o
[4166/4598] Building CXX object lib/ExecutionEngine/Interpreter/CMakeFiles/LLVMInterpreter.dir/Execution.cpp.o
[4167/4598] Building CXX object lib/XRay/CMakeFiles/LLVMXRay.dir/FDRRecords.cpp.o
[4168/4598] Building CXX object lib/XRay/CMakeFiles/LLVMXRay.dir/FDRTraceExpander.cpp.o
[4169/4598] Building CXX object lib/XRay/CMakeFiles/LLVMXRay.dir/FDRRecordProducer.cpp.o
[4170/4598] Building CXX object lib/XRay/CMakeFiles/LLVMXRay.dir/FDRTraceWriter.cpp.o
[4171/4598] Building CXX object lib/XRay/CMakeFiles/LLVMXRay.dir/FileHeaderReader.cpp.o
[4172/4598] Linking CXX static library lib/libclangAnalysisFlowSensitive.a
[4173/4598] Linking CXX static library lib/libclangFrontendTool.a
[4174/4598] Building CXX object lib/Target/AMDGPU/MCA/CMakeFiles/LLVMAMDGPUTargetMCA.dir/AMDGPUCustomBehaviour.cpp.o
[4175/4598] Linking CXX static library lib/libclangToolingRefactoring.a
[4176/4598] Building CXX object lib/XRay/CMakeFiles/LLVMXRay.dir/LogBuilderConsumer.cpp.o
[4177/4598] Building CXX object lib/XRay/CMakeFiles/LLVMXRay.dir/RecordInitializer.cpp.o
[4178/4598] Building CXX object lib/Target/X86/MCA/CMakeFiles/LLVMX86TargetMCA.dir/X86CustomBehaviour.cpp.o
[4179/4598] Building CXX object lib/XRay/CMakeFiles/LLVMXRay.dir/RecordPrinter.cpp.o
[4180/4598] Building CXX object tools/clang/tools/driver/CMakeFiles/clang.dir/clang-driver.cpp.o
[4181/4598] Building CXX object lib/XRay/CMakeFiles/LLVMXRay.dir/Profile.cpp.o
[4182/4598] Linking CXX static library lib/liblldCOFF.a
[4183/4598] Building CXX object lib/XRay/CMakeFiles/LLVMXRay.dir/InstrumentationMap.cpp.o
[4184/4598] Building CXX object lib/XRay/CMakeFiles/LLVMXRay.dir/Trace.cpp.o
[4185/4598] Building CXX object tools/clang/tools/driver/CMakeFiles/clang.dir/cc1gen_reproducer_main.cpp.o
[4186/4598] Building CXX object tools/lld/ELF/CMakeFiles/lldELF.dir/Arch/AArch64.cpp.o
[4187/4598] Building CXX object tools/clang/tools/driver/CMakeFiles/clang.dir/cc1as_main.cpp.o
[4188/4598] Building CXX object tools/lld/ELF/CMakeFiles/lldELF.dir/AArch64ErrataFix.cpp.o
[4189/4598] Building CXX object tools/lld/ELF/CMakeFiles/lldELF.dir/Arch/AMDGPU.cpp.o
[4190/4598] Building CXX object tools/clang/tools/driver/CMakeFiles/clang.dir/driver.cpp.o
[4191/4598] Building CXX object tools/lld/ELF/CMakeFiles/lldELF.dir/Arch/ARM.cpp.o
[4192/4598] Building CXX object tools/lld/ELF/CMakeFiles/lldELF.dir/Arch/AVR.cpp.o
[4193/4598] Linking CXX shared library lib/libLTO.so.16
[4194/4598] Building CXX object tools/lld/ELF/CMakeFiles/lldELF.dir/Arch/Hexagon.cpp.o
[4195/4598] Building CXX object tools/lld/ELF/CMakeFiles/lldELF.dir/Arch/MSP430.cpp.o
[4196/4598] Building CXX object tools/lld/ELF/CMakeFiles/lldELF.dir/Arch/MipsArchTree.cpp.o
[4197/4598] Building CXX object tools/lld/ELF/CMakeFiles/lldELF.dir/Arch/PPC.cpp.o
[4198/4598] Building CXX object tools/lld/ELF/CMakeFiles/lldELF.dir/Arch/Mips.cpp.o
[4199/4598] Building CXX object tools/lld/ELF/CMakeFiles/lldELF.dir/Arch/SPARCV9.cpp.o
[4200/4598] Building CXX object tools/lld/ELF/CMakeFiles/lldELF.dir/Arch/X86.cpp.o
[4201/4598] Building CXX object tools/lld/ELF/CMakeFiles/lldELF.dir/Arch/PPC64.cpp.o
[4202/4598] Building CXX object tools/clang/tools/driver/CMakeFiles/clang.dir/cc1_main.cpp.o
[4203/4598] Building CXX object tools/lld/ELF/CMakeFiles/lldELF.dir/Arch/X86_64.cpp.o
[4204/4598] Linking CXX shared library lib/libclang.so.16.0.6
[4205/4598] Building CXX object tools/lld/ELF/CMakeFiles/lldELF.dir/CallGraphSort.cpp.o
[4206/4598] Building CXX object tools/lld/ELF/CMakeFiles/lldELF.dir/ARMErrataFix.cpp.o
[4207/4598] Building CXX object tools/lld/ELF/CMakeFiles/lldELF.dir/Arch/RISCV.cpp.o
[4208/4598] Building CXX object tools/lld/ELF/CMakeFiles/lldELF.dir/EhFrame.cpp.o
[4209/4598] Building CXX object tools/lld/ELF/CMakeFiles/lldELF.dir/DriverUtils.cpp.o
[4210/4598] Building CXX object tools/lld/ELF/CMakeFiles/lldELF.dir/DWARF.cpp.o
[4211/4598] Building CXX object tools/lld/ELF/CMakeFiles/lldELF.dir/ICF.cpp.o
[4212/4598] Building CXX object tools/lld/ELF/CMakeFiles/lldELF.dir/MapFile.cpp.o
[4213/4598] Building CXX object tools/lld/ELF/CMakeFiles/lldELF.dir/LinkerScript.cpp.o
[4214/4598] Building CXX object tools/lld/ELF/CMakeFiles/lldELF.dir/MarkLive.cpp.o
[4215/4598] Linking CXX shared library lib/libclang-cpp.so.16
[4216/4598] Building CXX object tools/lld/ELF/CMakeFiles/lldELF.dir/ScriptLexer.cpp.o
[4217/4598] Building CXX object tools/lld/ELF/CMakeFiles/lldELF.dir/OutputSections.cpp.o
[4218/4598] Building CXX object tools/lld/ELF/CMakeFiles/lldELF.dir/SymbolTable.cpp.o
[4219/4598] Building CXX object tools/lld/ELF/CMakeFiles/lldELF.dir/InputSection.cpp.o
[4220/4598] Building CXX object tools/lld/ELF/CMakeFiles/lldELF.dir/Target.cpp.o
[4221/4598] Building CXX object tools/lld/ELF/CMakeFiles/lldELF.dir/LTO.cpp.o
[4222/4598] Building CXX object tools/lld/ELF/CMakeFiles/lldELF.dir/Symbols.cpp.o
[4223/4598] Building CXX object tools/lld/ELF/CMakeFiles/lldELF.dir/ScriptParser.cpp.o
[4224/4598] Building CXX object tools/lld/ELF/CMakeFiles/lldELF.dir/Thunks.cpp.o
[4225/4598] Building CXX object tools/lld/MachO/CMakeFiles/lldMachO.dir/Arch/ARM64Common.cpp.o
[4226/4598] Building CXX object tools/lld/MachO/CMakeFiles/lldMachO.dir/Arch/ARM64.cpp.o
[4227/4598] Building CXX object tools/lld/MachO/CMakeFiles/lldMachO.dir/Arch/ARM64_32.cpp.o
[4228/4598] Building CXX object tools/lld/ELF/CMakeFiles/lldELF.dir/Driver.cpp.o
[4229/4598] Building CXX object tools/lld/MachO/CMakeFiles/lldMachO.dir/Arch/ARM.cpp.o
[4230/4598] Building CXX object tools/lld/ELF/CMakeFiles/lldELF.dir/Relocations.cpp.o
[4231/4598] Building CXX object tools/lld/MachO/CMakeFiles/lldMachO.dir/Arch/X86_64.cpp.o
[4232/4598] Building CXX object tools/lld/MachO/CMakeFiles/lldMachO.dir/Dwarf.cpp.o
[4233/4598] Building CXX object tools/lld/ELF/CMakeFiles/lldELF.dir/InputFiles.cpp.o
[4234/4598] Building CXX object tools/lld/MachO/CMakeFiles/lldMachO.dir/EhFrame.cpp.o
[4235/4598] Building CXX object tools/lld/MachO/CMakeFiles/lldMachO.dir/ConcatOutputSection.cpp.o
[4236/4598] Building CXX object tools/lld/MachO/CMakeFiles/lldMachO.dir/ExportTrie.cpp.o
[4237/4598] Building CXX object tools/lld/MachO/CMakeFiles/lldMachO.dir/ICF.cpp.o
[4238/4598] Building CXX object tools/lld/MachO/CMakeFiles/lldMachO.dir/InputSection.cpp.o
[4239/4598] Building CXX object tools/lld/MachO/CMakeFiles/lldMachO.dir/MapFile.cpp.o
[4240/4598] Building CXX object tools/lld/ELF/CMakeFiles/lldELF.dir/Writer.cpp.o
[4241/4598] Building CXX object tools/lld/MachO/CMakeFiles/lldMachO.dir/MarkLive.cpp.o
[4242/4598] Building CXX object tools/lld/MachO/CMakeFiles/lldMachO.dir/OutputSection.cpp.o
[4243/4598] Building CXX object tools/lld/MachO/CMakeFiles/lldMachO.dir/ObjC.cpp.o
[4244/4598] Building CXX object tools/lld/MachO/CMakeFiles/lldMachO.dir/DriverUtils.cpp.o
[4245/4598] Building CXX object tools/lld/MachO/CMakeFiles/lldMachO.dir/OutputSegment.cpp.o
[4246/4598] Building CXX object tools/lld/MachO/CMakeFiles/lldMachO.dir/Relocations.cpp.o
[4247/4598] Building CXX object tools/lld/MachO/CMakeFiles/lldMachO.dir/Target.cpp.o
[4248/4598] Building CXX object tools/lld/ELF/CMakeFiles/lldELF.dir/SyntheticSections.cpp.o
[4249/4598] Building CXX object tools/lld/MachO/CMakeFiles/lldMachO.dir/Driver.cpp.o
[4250/4598] Building CXX object tools/lld/MachO/CMakeFiles/lldMachO.dir/Symbols.cpp.o
[4251/4598] Building CXX object tools/lld/MachO/CMakeFiles/lldMachO.dir/SectionPriorities.cpp.o
[4252/4598] Building CXX object tools/lld/MachO/CMakeFiles/lldMachO.dir/SymbolTable.cpp.o
[4253/4598] Building CXX object tools/lld/MinGW/CMakeFiles/lldMinGW.dir/Driver.cpp.o
[4254/4598] Building CXX object tools/lld/MachO/CMakeFiles/lldMachO.dir/LTO.cpp.o
[4255/4598] Building CXX object tools/lld/MachO/CMakeFiles/lldMachO.dir/UnwindInfoSection.cpp.o
[4256/4598] Building CXX object tools/lld/MachO/CMakeFiles/lldMachO.dir/InputFiles.cpp.o
[4257/4598] Building CXX object tools/lld/MachO/CMakeFiles/lldMachO.dir/SyntheticSections.cpp.o
[4258/4598] Building CXX object tools/lld/MachO/CMakeFiles/lldMachO.dir/Writer.cpp.o
[4259/4598] Building CXX object tools/lld/wasm/CMakeFiles/lldWasm.dir/LTO.cpp.o
[4260/4598] Building CXX object tools/lld/wasm/CMakeFiles/lldWasm.dir/InputChunks.cpp.o
[4261/4598] Building CXX object tools/lld/wasm/CMakeFiles/lldWasm.dir/MarkLive.cpp.o
[4262/4598] Building CXX object tools/lld/wasm/CMakeFiles/lldWasm.dir/MapFile.cpp.o
[4263/4598] Building CXX object tools/lld/wasm/CMakeFiles/lldWasm.dir/Driver.cpp.o
[4264/4598] Building CXX object tools/lld/wasm/CMakeFiles/lldWasm.dir/WriterUtils.cpp.o
[4265/4598] Building CXX object tools/lld/wasm/CMakeFiles/lldWasm.dir/InputFiles.cpp.o
[4266/4598] Building CXX object tools/lld/wasm/CMakeFiles/lldWasm.dir/OutputSegment.cpp.o
[4267/4598] Building CXX object tools/lld/wasm/CMakeFiles/lldWasm.dir/Relocations.cpp.o
[4268/4598] Building CXX object tools/lld/wasm/CMakeFiles/lldWasm.dir/OutputSections.cpp.o
[4269/4598] Linking CXX static library lib/libLLVMExegesis.a
[4270/4598] Building CXX object tools/llvm-diff/lib/CMakeFiles/LLVMDiff.dir/DiffLog.cpp.o
[4271/4598] Building CXX object tools/llvm-diff/lib/CMakeFiles/LLVMDiff.dir/DiffConsumer.cpp.o
[4272/4598] Building CXX object tools/llvm-exegesis/lib/X86/CMakeFiles/LLVMExegesisX86.dir/X86Counter.cpp.o
[4273/4598] Building CXX object tools/llvm-cfi-verify/lib/CMakeFiles/LLVMCFIVerify.dir/GraphBuilder.cpp.o
[4274/4598] Building CXX object tools/lld/wasm/CMakeFiles/lldWasm.dir/Symbols.cpp.o
[4275/4598] Linking CXX shared library lib/libRemarks.so.16
[4276/4598] Linking CXX static library lib/libLLVMFuzzerCLI.a
[4277/4598] Linking CXX static library lib/libLLVMFuzzMutate.a
[4278/4598] Linking CXX static library lib/libLLVMInterfaceStub.a
[4279/4598] Linking CXX static library lib/libLLVMDWARFLinker.a
[4280/4598] Building CXX object tools/lld/wasm/CMakeFiles/lldWasm.dir/SymbolTable.cpp.o
[4281/4598] Linking CXX static library lib/libLLVMDWARFLinkerParallel.a
[4282/4598] Linking CXX static library lib/libLLVMFrontendOpenACC.a
[4283/4598] Building CXX object tools/llvm-diff/lib/CMakeFiles/LLVMDiff.dir/DifferenceEngine.cpp.o
[4284/4598] Linking CXX static library lib/libLLVMDebuginfod.a
[4285/4598] Linking CXX static library lib/libLLVMObjCopy.a
[4286/4598] Linking CXX static library lib/libLLVMDebugInfoGSYM.a
[4287/4598] Building CXX object tools/llvm-cfi-verify/lib/CMakeFiles/LLVMCFIVerify.dir/FileAnalysis.cpp.o
[4288/4598] Linking CXX static library lib/libLLVMDWP.a
[4289/4598] Linking CXX static library lib/libLLVMDebugInfoLogicalView.a
[4290/4598] Linking CXX static library lib/libLLVMInterpreter.a
[4291/4598] Linking CXX static library lib/libLLVMAMDGPUTargetMCA.a
[4292/4598] Linking CXX static library lib/libLLVMRISCVTargetMCA.a
[4293/4598] Linking CXX static library lib/libLLVMX86TargetMCA.a
[4294/4598] Linking CXX static library lib/libLLVMDlltoolDriver.a
[4295/4598] Creating library symlink lib/libLTO.so
[4296/4598] Linking CXX static library lib/libLLVMXRay.a
[4297/4598] Building CXX object tools/llvm-ar/CMakeFiles/llvm-ar.dir/llvm-ar-driver.cpp.o
[4298/4598] Building CXX object tools/llvm-profdata/CMakeFiles/llvm-profdata.dir/llvm-profdata-driver.cpp.o
[4299/4598] Linking CXX static library lib/libclangAPINotes.a
[4300/4598] Linking CXX static library lib/libclangDynamicASTMatchers.a
[4301/4598] Linking CXX static library lib/libclangAnalysisFlowSensitiveModels.a
[4302/4598] Linking CXX static library lib/libclangToolingInclusionsStdlib.a
[4303/4598] Linking CXX static library lib/libclangToolingASTDiff.a
[4304/4598] Building CXX object tools/lld/wasm/CMakeFiles/lldWasm.dir/SyntheticSections.cpp.o
[4305/4598] Linking CXX static library lib/libclangDependencyScanning.a
[4306/4598] Linking CXX static library lib/libclangToolingSyntax.a
[4307/4598] Linking CXX static library lib/libclangDirectoryWatcher.a
[4308/4598] Linking CXX static library lib/libclangIndexSerialization.a
[4309/4598] Linking CXX static library lib/libclangTransformer.a
[4310/4598] Linking CXX static library lib/libclangInterpreter.a
[4311/4598] Building CXX object tools/llvm-config/CMakeFiles/llvm-config.dir/llvm-config.cpp.o
[4312/4598] Linking CXX static library lib/libclangHandleCXX.a
[4313/4598] Linking CXX static library lib/libclangHandleLLVM.a
[4314/4598] Creating library symlink lib/libclang-cpp.so
[4315/4598] Creating library symlink lib/libclang.so.16 lib/libclang.so
[4316/4598] Building CXX object tools/llvm-exegesis/lib/Mips/CMakeFiles/LLVMExegesisMips.dir/Target.cpp.o
[4317/4598] Building CXX object tools/lld/tools/lld/CMakeFiles/lld.dir/lld-driver.cpp.o
[4318/4598] Building CXX object tools/llvm-exegesis/lib/AArch64/CMakeFiles/LLVMExegesisAArch64.dir/Target.cpp.o
[4319/4598] Linking CXX static library lib/liblldELF.a
[4320/4598] Linking CXX static library lib/liblldMinGW.a
[4321/4598] Linking CXX static library lib/liblldMachO.a
[4322/4598] Building CXX object tools/llvm-exegesis/lib/PowerPC/CMakeFiles/LLVMExegesisPowerPC.dir/Target.cpp.o
[4323/4598] Linking CXX static library lib/libLLVMCFIVerify.a
[4324/4598] Building CXX object tools/lld/tools/lld/CMakeFiles/lld.dir/lld.cpp.o
[4325/4598] Building CXX object tools/llvm-ar/CMakeFiles/llvm-ar.dir/llvm-ar.cpp.o
[4326/4598] Building CXX object tools/lld/wasm/CMakeFiles/lldWasm.dir/Writer.cpp.o
[4327/4598] Linking CXX static library lib/liblldWasm.a
[4328/4598] Building CXX object tools/llvm-cov/CMakeFiles/llvm-cov.dir/llvm-cov.cpp.o
[4329/4598] Building CXX object tools/llvm-exegesis/lib/X86/CMakeFiles/LLVMExegesisX86.dir/Target.cpp.o
[4330/4598] Building CXX object tools/clang/tools/clang-format/CMakeFiles/clang-format.dir/ClangFormat.cpp.o
[4331/4598] Building CXX object tools/llvm-cov/CMakeFiles/llvm-cov.dir/gcov.cpp.o
[4332/4598] Building CXX object tools/llvm-as/CMakeFiles/llvm-as.dir/llvm-as.cpp.o
[4333/4598] Building CXX object tools/llvm-cov/CMakeFiles/llvm-cov.dir/CoverageExporterLcov.cpp.o
[4334/4598] Building CXX object tools/llvm-cov/CMakeFiles/llvm-cov.dir/CoverageFilters.cpp.o
[4335/4598] Building CXX object tools/llvm-cov/CMakeFiles/llvm-cov.dir/CoverageExporterJson.cpp.o
[4336/4598] Building CXX object tools/llvm-cov/CMakeFiles/llvm-cov.dir/CoverageReport.cpp.o
[4337/4598] Building CXX object tools/llvm-cov/CMakeFiles/llvm-cov.dir/CoverageSummaryInfo.cpp.o
[4338/4598] Linking CXX static library lib/libLLVMDiff.a
[4339/4598] Linking CXX static library lib/libLLVMExegesisX86.a
[4340/4598] Linking CXX static library lib/libLLVMExegesisAArch64.a
[4341/4598] Linking CXX static library lib/libLLVMExegesisPowerPC.a
[4342/4598] Linking CXX static library lib/libLLVMExegesisMips.a
[4343/4598] Building CXX object tools/llvm-nm/CMakeFiles/llvm-nm.dir/llvm-nm-driver.cpp.o
[4344/4598] Building CXX object tools/llvm-cov/CMakeFiles/llvm-cov.dir/SourceCoverageView.cpp.o
[4345/4598] Creating library symlink lib/libRemarks.so
[4345/4598] cd /home/tim911004/.llvm-project/stage1_build/lib/TargetParser && /home/tim911004/miniconda3/envs/cuda-quantum/lib/python3.10/site-packages/cmake/data/bin/cmake -DCMAKE_INSTALL_COMPONENT="LLVMTargetParser" -DCMAKE_INSTALL_DO_STRIP=1 -P /home/tim911004/.llvm-project/stage1_build/cmake_install.cmake
-- Install configuration: "Release"
-- Installing: /tmp/tmp.R4DfmRPr45/llvm/lib/libLLVMTargetParser.a
[4346/4598] cd /home/tim911004/.llvm-project/stage1_build/lib/IR && /home/tim911004/miniconda3/envs/cuda-quantum/lib/python3.10/site-packages/cmake/data/bin/cmake -DCMAKE_INSTALL_COMPONENT="LLVMCore" -DCMAKE_INSTALL_DO_STRIP=1 -P /home/tim911004/.llvm-project/stage1_build/cmake_install.cmake
-- Install configuration: "Release"
-- Installing: /tmp/tmp.R4DfmRPr45/llvm/lib/libLLVMCore.a
[4348/4598] Building CXX object tools/llvm-cov/CMakeFiles/llvm-cov.dir/SourceCoverageViewText.cpp.o
[4349/4598] cd /home/tim911004/.llvm-project/stage1_build/lib/FuzzMutate && /home/tim911004/miniconda3/envs/cuda-quantum/lib/python3.10/site-packages/cmake/data/bin/cmake -DCMAKE_INSTALL_COMPONENT="LLVMFuzzerCLI" -DCMAKE_INSTALL_DO_STRIP=1 -P /home/tim911004/.llvm-project/stage1_build/cmake_install.cmake
-- Install configuration: "Release"
-- Installing: /tmp/tmp.R4DfmRPr45/llvm/lib/libLLVMFuzzerCLI.a
[4350/4598] cd /home/tim911004/.llvm-project/stage1_build/lib/FuzzMutate && /home/tim911004/miniconda3/envs/cuda-quantum/lib/python3.10/site-packages/cmake/data/bin/cmake -DCMAKE_INSTALL_COMPONENT="LLVMFuzzMutate" -DCMAKE_INSTALL_DO_STRIP=1 -P /home/tim911004/.llvm-project/stage1_build/cmake_install.cmake
-- Install configuration: "Release"
-- Installing: /tmp/tmp.R4DfmRPr45/llvm/lib/libLLVMFuzzMutate.a
[4352/4598] Building CXX object tools/llvm-cov/CMakeFiles/llvm-cov.dir/SourceCoverageViewHTML.cpp.o
[4353/4598] cd /home/tim911004/.llvm-project/stage1_build/lib/InterfaceStub && /home/tim911004/miniconda3/envs/cuda-quantum/lib/python3.10/site-packages/cmake/data/bin/cmake -DCMAKE_INSTALL_COMPONENT="LLVMInterfaceStub" -DCMAKE_INSTALL_DO_STRIP=1 -P /home/tim911004/.llvm-project/stage1_build/cmake_install.cmake
-- Install configuration: "Release"
-- Installing: /tmp/tmp.R4DfmRPr45/llvm/lib/libLLVMInterfaceStub.a
[4354/4598] Building CXX object tools/llvm-cov/CMakeFiles/llvm-cov.dir/TestingSupport.cpp.o
[4355/4598] cd /home/tim911004/.llvm-project/stage1_build/lib/IRPrinter && /home/tim911004/miniconda3/envs/cuda-quantum/lib/python3.10/site-packages/cmake/data/bin/cmake -DCMAKE_INSTALL_COMPONENT="LLVMIRPrinter" -DCMAKE_INSTALL_DO_STRIP=1 -P /home/tim911004/.llvm-project/stage1_build/cmake_install.cmake
-- Install configuration: "Release"
-- Installing: /tmp/tmp.R4DfmRPr45/llvm/lib/libLLVMIRPrinter.a
[4356/4598] cd /home/tim911004/.llvm-project/stage1_build/lib/IRReader && /home/tim911004/miniconda3/envs/cuda-quantum/lib/python3.10/site-packages/cmake/data/bin/cmake -DCMAKE_INSTALL_COMPONENT="LLVMIRReader" -DCMAKE_INSTALL_DO_STRIP=1 -P /home/tim911004/.llvm-project/stage1_build/cmake_install.cmake
-- Install configuration: "Release"
-- Installing: /tmp/tmp.R4DfmRPr45/llvm/lib/libLLVMIRReader.a
[4357/4598] Linking CXX executable bin/clang-format
[4358/4598] cd /home/tim911004/.llvm-project/stage1_build/lib/CodeGen && /home/tim911004/miniconda3/envs/cuda-quantum/lib/python3.10/site-packages/cmake/data/bin/cmake -DCMAKE_INSTALL_COMPONENT="LLVMCodeGen" -DCMAKE_INSTALL_DO_STRIP=1 -P /home/tim911004/.llvm-project/stage1_build/cmake_install.cmake
-- Install configuration: "Release"
-- Installing: /tmp/tmp.R4DfmRPr45/llvm/lib/libLLVMCodeGen.a
[4359/4598] cd /home/tim911004/.llvm-project/stage1_build/lib/CodeGen/SelectionDAG && /home/tim911004/miniconda3/envs/cuda-quantum/lib/python3.10/site-packages/cmake/data/bin/cmake -DCMAKE_INSTALL_COMPONENT="LLVMSelectionDAG" -DCMAKE_INSTALL_DO_STRIP=1 -P /home/tim911004/.llvm-project/stage1_build/cmake_install.cmake
-- Install configuration: "Release"
-- Installing: /tmp/tmp.R4DfmRPr45/llvm/lib/libLLVMSelectionDAG.a
[4360/4598] cd /home/tim911004/.llvm-project/stage1_build/lib/CodeGen/AsmPrinter && /home/tim911004/miniconda3/envs/cuda-quantum/lib/python3.10/site-packages/cmake/data/bin/cmake -DCMAKE_INSTALL_COMPONENT="LLVMAsmPrinter" -DCMAKE_INSTALL_DO_STRIP=1 -P /home/tim911004/.llvm-project/stage1_build/cmake_install.cmake
-- Install configuration: "Release"
-- Installing: /tmp/tmp.R4DfmRPr45/llvm/lib/libLLVMAsmPrinter.a
[4361/4598] cd /home/tim911004/.llvm-project/stage1_build/lib/CodeGen/MIRParser && /home/tim911004/miniconda3/envs/cuda-quantum/lib/python3.10/site-packages/cmake/data/bin/cmake -DCMAKE_INSTALL_COMPONENT="LLVMMIRParser" -DCMAKE_INSTALL_DO_STRIP=1 -P /home/tim911004/.llvm-project/stage1_build/cmake_install.cmake
-- Install configuration: "Release"
-- Installing: /tmp/tmp.R4DfmRPr45/llvm/lib/libLLVMMIRParser.a
[4362/4598] Linking CXX executable bin/llvm-as
[4363/4598] cd /home/tim911004/.llvm-project/stage1_build/lib/CodeGen/GlobalISel && /home/tim911004/miniconda3/envs/cuda-quantum/lib/python3.10/site-packages/cmake/data/bin/cmake -DCMAKE_INSTALL_COMPONENT="LLVMGlobalISel" -DCMAKE_INSTALL_DO_STRIP=1 -P /home/tim911004/.llvm-project/stage1_build/cmake_install.cmake
-- Install configuration: "Release"
-- Installing: /tmp/tmp.R4DfmRPr45/llvm/lib/libLLVMGlobalISel.a
[4364/4598] cd /home/tim911004/.llvm-project/stage1_build/lib/BinaryFormat && /home/tim911004/miniconda3/envs/cuda-quantum/lib/python3.10/site-packages/cmake/data/bin/cmake -DCMAKE_INSTALL_COMPONENT="LLVMBinaryFormat" -DCMAKE_INSTALL_DO_STRIP=1 -P /home/tim911004/.llvm-project/stage1_build/cmake_install.cmake
-- Install configuration: "Release"
-- Installing: /tmp/tmp.R4DfmRPr45/llvm/lib/libLLVMBinaryFormat.a
[4365/4598] Building CXX object tools/llvm-profdata/CMakeFiles/llvm-profdata.dir/llvm-profdata.cpp.o
[4366/4598] cd /home/tim911004/.llvm-project/stage1_build/lib/Bitcode/Reader && /home/tim911004/miniconda3/envs/cuda-quantum/lib/python3.10/site-packages/cmake/data/bin/cmake -DCMAKE_INSTALL_COMPONENT="LLVMBitReader" -DCMAKE_INSTALL_DO_STRIP=1 -P /home/tim911004/.llvm-project/stage1_build/cmake_install.cmake
-- Install configuration: "Release"
-- Installing: /tmp/tmp.R4DfmRPr45/llvm/lib/libLLVMBitReader.a
[4367/4598] Linking CXX executable bin/llvm-ar
[4368/4598] cd /home/tim911004/.llvm-project/stage1_build/lib/Bitcode/Writer && /home/tim911004/miniconda3/envs/cuda-quantum/lib/python3.10/site-packages/cmake/data/bin/cmake -DCMAKE_INSTALL_COMPONENT="LLVMBitWriter" -DCMAKE_INSTALL_DO_STRIP=1 -P /home/tim911004/.llvm-project/stage1_build/cmake_install.cmake
-- Install configuration: "Release"
-- Installing: /tmp/tmp.R4DfmRPr45/llvm/lib/libLLVMBitWriter.a
[4369/4598] cd /home/tim911004/.llvm-project/stage1_build/lib/DWARFLinker && /home/tim911004/miniconda3/envs/cuda-quantum/lib/python3.10/site-packages/cmake/data/bin/cmake -DCMAKE_INSTALL_COMPONENT="LLVMDWARFLinker" -DCMAKE_INSTALL_DO_STRIP=1 -P /home/tim911004/.llvm-project/stage1_build/cmake_install.cmake
-- Install configuration: "Release"
-- Installing: /tmp/tmp.R4DfmRPr45/llvm/lib/libLLVMDWARFLinker.a
[4370/4598] cd /home/tim911004/.llvm-project/stage1_build/lib/DWARFLinkerParallel && /home/tim911004/miniconda3/envs/cuda-quantum/lib/python3.10/site-packages/cmake/data/bin/cmake -DCMAKE_INSTALL_COMPONENT="LLVMDWARFLinkerParallel" -DCMAKE_INSTALL_DO_STRIP=1 -P /home/tim911004/.llvm-project/stage1_build/cmake_install.cmake
-- Install configuration: "Release"
-- Installing: /tmp/tmp.R4DfmRPr45/llvm/lib/libLLVMDWARFLinkerParallel.a
[4371/4598] cd /home/tim911004/.llvm-project/stage1_build/lib/Frontend/HLSL && /home/tim911004/miniconda3/envs/cuda-quantum/lib/python3.10/site-packages/cmake/data/bin/cmake -DCMAKE_INSTALL_COMPONENT="LLVMFrontendHLSL" -DCMAKE_INSTALL_DO_STRIP=1 -P /home/tim911004/.llvm-project/stage1_build/cmake_install.cmake
-- Install configuration: "Release"
-- Installing: /tmp/tmp.R4DfmRPr45/llvm/lib/libLLVMFrontendHLSL.a
[4372/4598] cd /home/tim911004/.llvm-project/stage1_build/lib/Frontend/OpenACC && /home/tim911004/miniconda3/envs/cuda-quantum/lib/python3.10/site-packages/cmake/data/bin/cmake -DCMAKE_INSTALL_COMPONENT="LLVMFrontendOpenACC" -DCMAKE_INSTALL_DO_STRIP=1 -P /home/tim911004/.llvm-project/stage1_build/cmake_install.cmake
-- Install configuration: "Release"
-- Installing: /tmp/tmp.R4DfmRPr45/llvm/lib/libLLVMFrontendOpenACC.a
[4373/4598] cd /home/tim911004/.llvm-project/stage1_build/lib/Frontend/OpenMP && /home/tim911004/miniconda3/envs/cuda-quantum/lib/python3.10/site-packages/cmake/data/bin/cmake -DCMAKE_INSTALL_COMPONENT="LLVMFrontendOpenMP" -DCMAKE_INSTALL_DO_STRIP=1 -P /home/tim911004/.llvm-project/stage1_build/cmake_install.cmake
-- Install configuration: "Release"
-- Installing: /tmp/tmp.R4DfmRPr45/llvm/lib/libLLVMFrontendOpenMP.a
[4374/4598] Linking CXX executable bin/llvm-profdata
[4375/4598] cd /home/tim911004/.llvm-project/stage1_build/lib/Transforms/Utils && /home/tim911004/miniconda3/envs/cuda-quantum/lib/python3.10/site-packages/cmake/data/bin/cmake -DCMAKE_INSTALL_COMPONENT="LLVMTransformUtils" -DCMAKE_INSTALL_DO_STRIP=1 -P /home/tim911004/.llvm-project/stage1_build/cmake_install.cmake
-- Install configuration: "Release"
-- Installing: /tmp/tmp.R4DfmRPr45/llvm/lib/libLLVMTransformUtils.a
[4376/4598] cd /home/tim911004/.llvm-project/stage1_build/lib/Transforms/Instrumentation && /home/tim911004/miniconda3/envs/cuda-quantum/lib/python3.10/site-packages/cmake/data/bin/cmake -DCMAKE_INSTALL_COMPONENT="LLVMInstrumentation" -DCMAKE_INSTALL_DO_STRIP=1 -P /home/tim911004/.llvm-project/stage1_build/cmake_install.cmake
-- Install configuration: "Release"
-- Installing: /tmp/tmp.R4DfmRPr45/llvm/lib/libLLVMInstrumentation.a
[4377/4598] Building CXX object tools/llvm-cov/CMakeFiles/llvm-cov.dir/CodeCoverage.cpp.o
[4378/4598] cd /home/tim911004/.llvm-project/stage1_build/lib/Transforms/AggressiveInstCombine && /home/tim911004/miniconda3/envs/cuda-quantum/lib/python3.10/site-packages/cmake/data/bin/cmake -DCMAKE_INSTALL_COMPONENT="LLVMAggressiveInstCombine" -DCMAKE_INSTALL_DO_STRIP=1 -P /home/tim911004/.llvm-project/stage1_build/cmake_install.cmake
-- Install configuration: "Release"
-- Installing: /tmp/tmp.R4DfmRPr45/llvm/lib/libLLVMAggressiveInstCombine.a
[4379/4598] Building CXX object tools/llvm-symbolizer/CMakeFiles/llvm-symbolizer.dir/llvm-symbolizer.cpp.o
[4380/4598] cd /home/tim911004/.llvm-project/stage1_build/lib/Transforms/InstCombine && /home/tim911004/miniconda3/envs/cuda-quantum/lib/python3.10/site-packages/cmake/data/bin/cmake -DCMAKE_INSTALL_COMPONENT="LLVMInstCombine" -DCMAKE_INSTALL_DO_STRIP=1 -P /home/tim911004/.llvm-project/stage1_build/cmake_install.cmake
-- Install configuration: "Release"
-- Installing: /tmp/tmp.R4DfmRPr45/llvm/lib/libLLVMInstCombine.a
[4381/4598] cd /home/tim911004/.llvm-project/stage1_build/lib/Transforms/Scalar && /home/tim911004/miniconda3/envs/cuda-quantum/lib/python3.10/site-packages/cmake/data/bin/cmake -DCMAKE_INSTALL_COMPONENT="LLVMScalarOpts" -DCMAKE_INSTALL_DO_STRIP=1 -P /home/tim911004/.llvm-project/stage1_build/cmake_install.cmake
-- Install configuration: "Release"
-- Installing: /tmp/tmp.R4DfmRPr45/llvm/lib/libLLVMScalarOpts.a
[4382/4598] cd /home/tim911004/.llvm-project/stage1_build/lib/Transforms/IPO && /home/tim911004/miniconda3/envs/cuda-quantum/lib/python3.10/site-packages/cmake/data/bin/cmake -DCMAKE_INSTALL_COMPONENT="LLVMipo" -DCMAKE_INSTALL_DO_STRIP=1 -P /home/tim911004/.llvm-project/stage1_build/cmake_install.cmake
-- Install configuration: "Release"
-- Installing: /tmp/tmp.R4DfmRPr45/llvm/lib/libLLVMipo.a
[4383/4598] cd /home/tim911004/.llvm-project/stage1_build/lib/Transforms/Vectorize && /home/tim911004/miniconda3/envs/cuda-quantum/lib/python3.10/site-packages/cmake/data/bin/cmake -DCMAKE_INSTALL_COMPONENT="LLVMVectorize" -DCMAKE_INSTALL_DO_STRIP=1 -P /home/tim911004/.llvm-project/stage1_build/cmake_install.cmake
-- Install configuration: "Release"
-- Installing: /tmp/tmp.R4DfmRPr45/llvm/lib/libLLVMVectorize.a
[4384/4598] cd /home/tim911004/.llvm-project/stage1_build/lib/Transforms/ObjCARC && /home/tim911004/miniconda3/envs/cuda-quantum/lib/python3.10/site-packages/cmake/data/bin/cmake -DCMAKE_INSTALL_COMPONENT="LLVMObjCARCOpts" -DCMAKE_INSTALL_DO_STRIP=1 -P /home/tim911004/.llvm-project/stage1_build/cmake_install.cmake
-- Install configuration: "Release"
-- Installing: /tmp/tmp.R4DfmRPr45/llvm/lib/libLLVMObjCARCOpts.a
[4385/4598] cd /home/tim911004/.llvm-project/stage1_build/lib/Transforms/Coroutines && /home/tim911004/miniconda3/envs/cuda-quantum/lib/python3.10/site-packages/cmake/data/bin/cmake -DCMAKE_INSTALL_COMPONENT="LLVMCoroutines" -DCMAKE_INSTALL_DO_STRIP=1 -P /home/tim911004/.llvm-project/stage1_build/cmake_install.cmake
-- Install configuration: "Release"
-- Installing: /tmp/tmp.R4DfmRPr45/llvm/lib/libLLVMCoroutines.a
[4386/4598] Linking CXX executable bin/llvm-cov
[4387/4598] cd /home/tim911004/.llvm-project/stage1_build/lib/Transforms/CFGuard && /home/tim911004/miniconda3/envs/cuda-quantum/lib/python3.10/site-packages/cmake/data/bin/cmake -DCMAKE_INSTALL_COMPONENT="LLVMCFGuard" -DCMAKE_INSTALL_DO_STRIP=1 -P /home/tim911004/.llvm-project/stage1_build/cmake_install.cmake
-- Install configuration: "Release"
-- Installing: /tmp/tmp.R4DfmRPr45/llvm/lib/libLLVMCFGuard.a
[4388/4598] Linking CXX executable bin/llvm-symbolizer
[4389/4598] cd /home/tim911004/.llvm-project/stage1_build/lib/Linker && /home/tim911004/miniconda3/envs/cuda-quantum/lib/python3.10/site-packages/cmake/data/bin/cmake -DCMAKE_INSTALL_COMPONENT="LLVMLinker" -DCMAKE_INSTALL_DO_STRIP=1 -P /home/tim911004/.llvm-project/stage1_build/cmake_install.cmake
-- Install configuration: "Release"
-- Installing: /tmp/tmp.R4DfmRPr45/llvm/lib/libLLVMLinker.a
[4390/4598] cd /home/tim911004/.llvm-project/stage1_build/lib/Analysis && /home/tim911004/miniconda3/envs/cuda-quantum/lib/python3.10/site-packages/cmake/data/bin/cmake -DCMAKE_INSTALL_COMPONENT="LLVMAnalysis" -DCMAKE_INSTALL_DO_STRIP=1 -P /home/tim911004/.llvm-project/stage1_build/cmake_install.cmake
-- Install configuration: "Release"
-- Installing: /tmp/tmp.R4DfmRPr45/llvm/lib/libLLVMAnalysis.a
[4391/4598] cd /home/tim911004/.llvm-project/stage1_build/lib/LTO && /home/tim911004/miniconda3/envs/cuda-quantum/lib/python3.10/site-packages/cmake/data/bin/cmake -DCMAKE_INSTALL_COMPONENT="LLVMLTO" -DCMAKE_INSTALL_DO_STRIP=1 -P /home/tim911004/.llvm-project/stage1_build/cmake_install.cmake
-- Install configuration: "Release"
-- Installing: /tmp/tmp.R4DfmRPr45/llvm/lib/libLLVMLTO.a
[4392/4598] cd /home/tim911004/.llvm-project/stage1_build/lib/MC && /home/tim911004/miniconda3/envs/cuda-quantum/lib/python3.10/site-packages/cmake/data/bin/cmake -DCMAKE_INSTALL_COMPONENT="LLVMMC" -DCMAKE_INSTALL_DO_STRIP=1 -P /home/tim911004/.llvm-project/stage1_build/cmake_install.cmake
-- Install configuration: "Release"
-- Installing: /tmp/tmp.R4DfmRPr45/llvm/lib/libLLVMMC.a
[4393/4598] cd /home/tim911004/.llvm-project/stage1_build/lib/MC/MCParser && /home/tim911004/miniconda3/envs/cuda-quantum/lib/python3.10/site-packages/cmake/data/bin/cmake -DCMAKE_INSTALL_COMPONENT="LLVMMCParser" -DCMAKE_INSTALL_DO_STRIP=1 -P /home/tim911004/.llvm-project/stage1_build/cmake_install.cmake
-- Install configuration: "Release"
-- Installing: /tmp/tmp.R4DfmRPr45/llvm/lib/libLLVMMCParser.a
[4394/4598] cd /home/tim911004/.llvm-project/stage1_build/lib/MC/MCDisassembler && /home/tim911004/miniconda3/envs/cuda-quantum/lib/python3.10/site-packages/cmake/data/bin/cmake -DCMAKE_INSTALL_COMPONENT="LLVMMCDisassembler" -DCMAKE_INSTALL_DO_STRIP=1 -P /home/tim911004/.llvm-project/stage1_build/cmake_install.cmake
-- Install configuration: "Release"
-- Installing: /tmp/tmp.R4DfmRPr45/llvm/lib/libLLVMMCDisassembler.a
[4395/4598] cd /home/tim911004/.llvm-project/stage1_build/lib/MCA && /home/tim911004/miniconda3/envs/cuda-quantum/lib/python3.10/site-packages/cmake/data/bin/cmake -DCMAKE_INSTALL_COMPONENT="LLVMMCA" -DCMAKE_INSTALL_DO_STRIP=1 -P /home/tim911004/.llvm-project/stage1_build/cmake_install.cmake
-- Install configuration: "Release"
-- Installing: /tmp/tmp.R4DfmRPr45/llvm/lib/libLLVMMCA.a
[4396/4598] cd /home/tim911004/.llvm-project/stage1_build/lib/ObjCopy && /home/tim911004/miniconda3/envs/cuda-quantum/lib/python3.10/site-packages/cmake/data/bin/cmake -DCMAKE_INSTALL_COMPONENT="LLVMObjCopy" -DCMAKE_INSTALL_DO_STRIP=1 -P /home/tim911004/.llvm-project/stage1_build/cmake_install.cmake
-- Install configuration: "Release"
-- Installing: /tmp/tmp.R4DfmRPr45/llvm/lib/libLLVMObjCopy.a
[4397/4598] cd /home/tim911004/.llvm-project/stage1_build/lib/Object && /home/tim911004/miniconda3/envs/cuda-quantum/lib/python3.10/site-packages/cmake/data/bin/cmake -DCMAKE_INSTALL_COMPONENT="LLVMObject" -DCMAKE_INSTALL_DO_STRIP=1 -P /home/tim911004/.llvm-project/stage1_build/cmake_install.cmake
-- Install configuration: "Release"
-- Installing: /tmp/tmp.R4DfmRPr45/llvm/lib/libLLVMObject.a
[4398/4598] cd /home/tim911004/.llvm-project/stage1_build/lib/ObjectYAML && /home/tim911004/miniconda3/envs/cuda-quantum/lib/python3.10/site-packages/cmake/data/bin/cmake -DCMAKE_INSTALL_COMPONENT="LLVMObjectYAML" -DCMAKE_INSTALL_DO_STRIP=1 -P /home/tim911004/.llvm-project/stage1_build/cmake_install.cmake
-- Install configuration: "Release"
-- Installing: /tmp/tmp.R4DfmRPr45/llvm/lib/libLLVMObjectYAML.a
[4399/4598] cd /home/tim911004/.llvm-project/stage1_build/lib/Remarks && /home/tim911004/miniconda3/envs/cuda-quantum/lib/python3.10/site-packages/cmake/data/bin/cmake -DCMAKE_INSTALL_COMPONENT="LLVMRemarks" -DCMAKE_INSTALL_DO_STRIP=1 -P /home/tim911004/.llvm-project/stage1_build/cmake_install.cmake
-- Install configuration: "Release"
-- Installing: /tmp/tmp.R4DfmRPr45/llvm/lib/libLLVMRemarks.a
[4401/4598] Creating executable symlink bin/clang
[4402/4598] cd /home/tim911004/.llvm-project/stage1_build/lib/Debuginfod && /home/tim911004/miniconda3/envs/cuda-quantum/lib/python3.10/site-packages/cmake/data/bin/cmake -DCMAKE_INSTALL_COMPONENT="LLVMDebuginfod" -DCMAKE_INSTALL_DO_STRIP=1 -P /home/tim911004/.llvm-project/stage1_build/cmake_install.cmake
-- Install configuration: "Release"
-- Installing: /tmp/tmp.R4DfmRPr45/llvm/lib/libLLVMDebuginfod.a
[4403/4598] cd /home/tim911004/.llvm-project/stage1_build/lib/DebugInfo/DWARF && /home/tim911004/miniconda3/envs/cuda-quantum/lib/python3.10/site-packages/cmake/data/bin/cmake -DCMAKE_INSTALL_COMPONENT="LLVMDebugInfoDWARF" -DCMAKE_INSTALL_DO_STRIP=1 -P /home/tim911004/.llvm-project/stage1_build/cmake_install.cmake
-- Install configuration: "Release"
-- Installing: /tmp/tmp.R4DfmRPr45/llvm/lib/libLLVMDebugInfoDWARF.a
[4404/4598] cd /home/tim911004/.llvm-project/stage1_build/lib/DebugInfo/GSYM && /home/tim911004/miniconda3/envs/cuda-quantum/lib/python3.10/site-packages/cmake/data/bin/cmake -DCMAKE_INSTALL_COMPONENT="LLVMDebugInfoGSYM" -DCMAKE_INSTALL_DO_STRIP=1 -P /home/tim911004/.llvm-project/stage1_build/cmake_install.cmake
-- Install configuration: "Release"
-- Installing: /tmp/tmp.R4DfmRPr45/llvm/lib/libLLVMDebugInfoGSYM.a
[4405/4598] cd /home/tim911004/.llvm-project/stage1_build/lib/DebugInfo/LogicalView && /home/tim911004/miniconda3/envs/cuda-quantum/lib/python3.10/site-packages/cmake/data/bin/cmake -DCMAKE_INSTALL_COMPONENT="LLVMDebugInfoLogicalView" -DCMAKE_INSTALL_DO_STRIP=1 -P /home/tim911004/.llvm-project/stage1_build/cmake_install.cmake
-- Install configuration: "Release"
-- Installing: /tmp/tmp.R4DfmRPr45/llvm/lib/libLLVMDebugInfoLogicalView.a
[4406/4598] cd /home/tim911004/.llvm-project/stage1_build/lib/DebugInfo/PDB && /home/tim911004/miniconda3/envs/cuda-quantum/lib/python3.10/site-packages/cmake/data/bin/cmake -DCMAKE_INSTALL_COMPONENT="LLVMDebugInfoPDB" -DCMAKE_INSTALL_DO_STRIP=1 -P /home/tim911004/.llvm-project/stage1_build/cmake_install.cmake
-- Install configuration: "Release"
-- Installing: /tmp/tmp.R4DfmRPr45/llvm/lib/libLLVMDebugInfoPDB.a
[4407/4598] cd /home/tim911004/.llvm-project/stage1_build/lib/DebugInfo/Symbolize && /home/tim911004/miniconda3/envs/cuda-quantum/lib/python3.10/site-packages/cmake/data/bin/cmake -DCMAKE_INSTALL_COMPONENT="LLVMSymbolize" -DCMAKE_INSTALL_DO_STRIP=1 -P /home/tim911004/.llvm-project/stage1_build/cmake_install.cmake
-- Install configuration: "Release"
-- Installing: /tmp/tmp.R4DfmRPr45/llvm/lib/libLLVMSymbolize.a
[4408/4598] cd /home/tim911004/.llvm-project/stage1_build/lib/DWP && /home/tim911004/miniconda3/envs/cuda-quantum/lib/python3.10/site-packages/cmake/data/bin/cmake -DCMAKE_INSTALL_COMPONENT="LLVMDWP" -DCMAKE_INSTALL_DO_STRIP=1 -P /home/tim911004/.llvm-project/stage1_build/cmake_install.cmake
-- Install configuration: "Release"
-- Installing: /tmp/tmp.R4DfmRPr45/llvm/lib/libLLVMDWP.a
[4409/4598] cd /home/tim911004/.llvm-project/stage1_build/lib/ExecutionEngine && /home/tim911004/miniconda3/envs/cuda-quantum/lib/python3.10/site-packages/cmake/data/bin/cmake -DCMAKE_INSTALL_COMPONENT="LLVMExecutionEngine" -DCMAKE_INSTALL_DO_STRIP=1 -P /home/tim911004/.llvm-project/stage1_build/cmake_install.cmake
-- Install configuration: "Release"
-- Installing: /tmp/tmp.R4DfmRPr45/llvm/lib/libLLVMExecutionEngine.a
[4410/4598] cd /home/tim911004/.llvm-project/stage1_build/lib/ExecutionEngine/Interpreter && /home/tim911004/miniconda3/envs/cuda-quantum/lib/python3.10/site-packages/cmake/data/bin/cmake -DCMAKE_INSTALL_COMPONENT="LLVMInterpreter" -DCMAKE_INSTALL_DO_STRIP=1 -P /home/tim911004/.llvm-project/stage1_build/cmake_install.cmake
-- Install configuration: "Release"
-- Installing: /tmp/tmp.R4DfmRPr45/llvm/lib/libLLVMInterpreter.a
[4411/4598] cd /home/tim911004/.llvm-project/stage1_build/lib/ExecutionEngine/JITLink && /home/tim911004/miniconda3/envs/cuda-quantum/lib/python3.10/site-packages/cmake/data/bin/cmake -DCMAKE_INSTALL_COMPONENT="LLVMJITLink" -DCMAKE_INSTALL_DO_STRIP=1 -P /home/tim911004/.llvm-project/stage1_build/cmake_install.cmake
-- Install configuration: "Release"
-- Installing: /tmp/tmp.R4DfmRPr45/llvm/lib/libLLVMJITLink.a
[4412/4598] cd /home/tim911004/.llvm-project/stage1_build/lib/ExecutionEngine/MCJIT && /home/tim911004/miniconda3/envs/cuda-quantum/lib/python3.10/site-packages/cmake/data/bin/cmake -DCMAKE_INSTALL_COMPONENT="LLVMMCJIT" -DCMAKE_INSTALL_DO_STRIP=1 -P /home/tim911004/.llvm-project/stage1_build/cmake_install.cmake
-- Install configuration: "Release"
-- Installing: /tmp/tmp.R4DfmRPr45/llvm/lib/libLLVMMCJIT.a
[4413/4598] cd /home/tim911004/.llvm-project/stage1_build/lib/ExecutionEngine/Orc && /home/tim911004/miniconda3/envs/cuda-quantum/lib/python3.10/site-packages/cmake/data/bin/cmake -DCMAKE_INSTALL_COMPONENT="LLVMOrcJIT" -DCMAKE_INSTALL_DO_STRIP=1 -P /home/tim911004/.llvm-project/stage1_build/cmake_install.cmake
-- Install configuration: "Release"
-- Installing: /tmp/tmp.R4DfmRPr45/llvm/lib/libLLVMOrcJIT.a
[4414/4598] cd /home/tim911004/.llvm-project/stage1_build/lib/ExecutionEngine/Orc/Shared && /home/tim911004/miniconda3/envs/cuda-quantum/lib/python3.10/site-packages/cmake/data/bin/cmake -DCMAKE_INSTALL_COMPONENT="LLVMOrcShared" -DCMAKE_INSTALL_DO_STRIP=1 -P /home/tim911004/.llvm-project/stage1_build/cmake_install.cmake
-- Install configuration: "Release"
-- Installing: /tmp/tmp.R4DfmRPr45/llvm/lib/libLLVMOrcShared.a
[4415/4598] Linking CXX executable bin/llc
[4416/4598] cd /home/tim911004/.llvm-project/stage1_build/lib/ExecutionEngine/Orc/TargetProcess && /home/tim911004/miniconda3/envs/cuda-quantum/lib/python3.10/site-packages/cmake/data/bin/cmake -DCMAKE_INSTALL_COMPONENT="LLVMOrcTargetProcess" -DCMAKE_INSTALL_DO_STRIP=1 -P /home/tim911004/.llvm-project/stage1_build/cmake_install.cmake
-- Install configuration: "Release"
-- Installing: /tmp/tmp.R4DfmRPr45/llvm/lib/libLLVMOrcTargetProcess.a
[4417/4598] cd /home/tim911004/.llvm-project/stage1_build/lib/ExecutionEngine/RuntimeDyld && /home/tim911004/miniconda3/envs/cuda-quantum/lib/python3.10/site-packages/cmake/data/bin/cmake -DCMAKE_INSTALL_COMPONENT="LLVMRuntimeDyld" -DCMAKE_INSTALL_DO_STRIP=1 -P /home/tim911004/.llvm-project/stage1_build/cmake_install.cmake
-- Install configuration: "Release"
-- Installing: /tmp/tmp.R4DfmRPr45/llvm/lib/libLLVMRuntimeDyld.a
[4418/4598] cd /home/tim911004/.llvm-project/stage1_build/lib/Target && /home/tim911004/miniconda3/envs/cuda-quantum/lib/python3.10/site-packages/cmake/data/bin/cmake -DCMAKE_INSTALL_COMPONENT="LLVMTarget" -DCMAKE_INSTALL_DO_STRIP=1 -P /home/tim911004/.llvm-project/stage1_build/cmake_install.cmake
-- Install configuration: "Release"
-- Installing: /tmp/tmp.R4DfmRPr45/llvm/lib/libLLVMTarget.a
[4419/4598] cd /home/tim911004/.llvm-project/stage1_build/lib/Target/AArch64 && /home/tim911004/miniconda3/envs/cuda-quantum/lib/python3.10/site-packages/cmake/data/bin/cmake -DCMAKE_INSTALL_COMPONENT="LLVMAArch64CodeGen" -DCMAKE_INSTALL_DO_STRIP=1 -P /home/tim911004/.llvm-project/stage1_build/cmake_install.cmake
-- Install configuration: "Release"
-- Installing: /tmp/tmp.R4DfmRPr45/llvm/lib/libLLVMAArch64CodeGen.a
[4420/4598] cd /home/tim911004/.llvm-project/stage1_build/lib/Target/AArch64/AsmParser && /home/tim911004/miniconda3/envs/cuda-quantum/lib/python3.10/site-packages/cmake/data/bin/cmake -DCMAKE_INSTALL_COMPONENT="LLVMAArch64AsmParser" -DCMAKE_INSTALL_DO_STRIP=1 -P /home/tim911004/.llvm-project/stage1_build/cmake_install.cmake
-- Install configuration: "Release"
-- Installing: /tmp/tmp.R4DfmRPr45/llvm/lib/libLLVMAArch64AsmParser.a
[4421/4598] cd /home/tim911004/.llvm-project/stage1_build/lib/Target/AArch64/Disassembler && /home/tim911004/miniconda3/envs/cuda-quantum/lib/python3.10/site-packages/cmake/data/bin/cmake -DCMAKE_INSTALL_COMPONENT="LLVMAArch64Disassembler" -DCMAKE_INSTALL_DO_STRIP=1 -P /home/tim911004/.llvm-project/stage1_build/cmake_install.cmake
-- Install configuration: "Release"
-- Installing: /tmp/tmp.R4DfmRPr45/llvm/lib/libLLVMAArch64Disassembler.a
[4422/4598] cd /home/tim911004/.llvm-project/stage1_build/lib/Target/AArch64/MCTargetDesc && /home/tim911004/miniconda3/envs/cuda-quantum/lib/python3.10/site-packages/cmake/data/bin/cmake -DCMAKE_INSTALL_COMPONENT="LLVMAArch64Desc" -DCMAKE_INSTALL_DO_STRIP=1 -P /home/tim911004/.llvm-project/stage1_build/cmake_install.cmake
-- Install configuration: "Release"
-- Installing: /tmp/tmp.R4DfmRPr45/llvm/lib/libLLVMAArch64Desc.a
[4423/4598] cd /home/tim911004/.llvm-project/stage1_build/lib/Target/AArch64/TargetInfo && /home/tim911004/miniconda3/envs/cuda-quantum/lib/python3.10/site-packages/cmake/data/bin/cmake -DCMAKE_INSTALL_COMPONENT="LLVMAArch64Info" -DCMAKE_INSTALL_DO_STRIP=1 -P /home/tim911004/.llvm-project/stage1_build/cmake_install.cmake
-- Install configuration: "Release"
-- Installing: /tmp/tmp.R4DfmRPr45/llvm/lib/libLLVMAArch64Info.a
[4424/4598] Building CXX object tools/llvm-nm/CMakeFiles/llvm-nm.dir/llvm-nm.cpp.o
[4425/4598] cd /home/tim911004/.llvm-project/stage1_build/lib/Target/AArch64/Utils && /home/tim911004/miniconda3/envs/cuda-quantum/lib/python3.10/site-packages/cmake/data/bin/cmake -DCMAKE_INSTALL_COMPONENT="LLVMAArch64Utils" -DCMAKE_INSTALL_DO_STRIP=1 -P /home/tim911004/.llvm-project/stage1_build/cmake_install.cmake
-- Install configuration: "Release"
-- Installing: /tmp/tmp.R4DfmRPr45/llvm/lib/libLLVMAArch64Utils.a
[4426/4598] cd /home/tim911004/.llvm-project/stage1_build/lib/Target/AMDGPU && /home/tim911004/miniconda3/envs/cuda-quantum/lib/python3.10/site-packages/cmake/data/bin/cmake -DCMAKE_INSTALL_COMPONENT="LLVMAMDGPUCodeGen" -DCMAKE_INSTALL_DO_STRIP=1 -P /home/tim911004/.llvm-project/stage1_build/cmake_install.cmake
-- Install configuration: "Release"
-- Installing: /tmp/tmp.R4DfmRPr45/llvm/lib/libLLVMAMDGPUCodeGen.a
[4427/4598] Linking CXX executable bin/lld
[4428/4598] cd /home/tim911004/.llvm-project/stage1_build/lib/Target/AMDGPU/AsmParser && /home/tim911004/miniconda3/envs/cuda-quantum/lib/python3.10/site-packages/cmake/data/bin/cmake -DCMAKE_INSTALL_COMPONENT="LLVMAMDGPUAsmParser" -DCMAKE_INSTALL_DO_STRIP=1 -P /home/tim911004/.llvm-project/stage1_build/cmake_install.cmake
-- Install configuration: "Release"
-- Installing: /tmp/tmp.R4DfmRPr45/llvm/lib/libLLVMAMDGPUAsmParser.a
[4429/4598] cd /home/tim911004/.llvm-project/stage1_build/lib/Target/AMDGPU/Disassembler && /home/tim911004/miniconda3/envs/cuda-quantum/lib/python3.10/site-packages/cmake/data/bin/cmake -DCMAKE_INSTALL_COMPONENT="LLVMAMDGPUDisassembler" -DCMAKE_INSTALL_DO_STRIP=1 -P /home/tim911004/.llvm-project/stage1_build/cmake_install.cmake
-- Install configuration: "Release"
-- Installing: /tmp/tmp.R4DfmRPr45/llvm/lib/libLLVMAMDGPUDisassembler.a
[4430/4598] cd /home/tim911004/.llvm-project/stage1_build/lib/Target/AMDGPU/MCA && /home/tim911004/miniconda3/envs/cuda-quantum/lib/python3.10/site-packages/cmake/data/bin/cmake -DCMAKE_INSTALL_COMPONENT="LLVMAMDGPUTargetMCA" -DCMAKE_INSTALL_DO_STRIP=1 -P /home/tim911004/.llvm-project/stage1_build/cmake_install.cmake
-- Install configuration: "Release"
-- Installing: /tmp/tmp.R4DfmRPr45/llvm/lib/libLLVMAMDGPUTargetMCA.a
[4431/4598] cd /home/tim911004/.llvm-project/stage1_build/lib/Target/AMDGPU/MCTargetDesc && /home/tim911004/miniconda3/envs/cuda-quantum/lib/python3.10/site-packages/cmake/data/bin/cmake -DCMAKE_INSTALL_COMPONENT="LLVMAMDGPUDesc" -DCMAKE_INSTALL_DO_STRIP=1 -P /home/tim911004/.llvm-project/stage1_build/cmake_install.cmake
-- Install configuration: "Release"
-- Installing: /tmp/tmp.R4DfmRPr45/llvm/lib/libLLVMAMDGPUDesc.a
[4432/4598] cd /home/tim911004/.llvm-project/stage1_build/lib/Target/AMDGPU/TargetInfo && /home/tim911004/miniconda3/envs/cuda-quantum/lib/python3.10/site-packages/cmake/data/bin/cmake -DCMAKE_INSTALL_COMPONENT="LLVMAMDGPUInfo" -DCMAKE_INSTALL_DO_STRIP=1 -P /home/tim911004/.llvm-project/stage1_build/cmake_install.cmake
-- Install configuration: "Release"
-- Installing: /tmp/tmp.R4DfmRPr45/llvm/lib/libLLVMAMDGPUInfo.a
[4433/4598] cd /home/tim911004/.llvm-project/stage1_build/lib/Target/AMDGPU/Utils && /home/tim911004/miniconda3/envs/cuda-quantum/lib/python3.10/site-packages/cmake/data/bin/cmake -DCMAKE_INSTALL_COMPONENT="LLVMAMDGPUUtils" -DCMAKE_INSTALL_DO_STRIP=1 -P /home/tim911004/.llvm-project/stage1_build/cmake_install.cmake
-- Install configuration: "Release"
-- Installing: /tmp/tmp.R4DfmRPr45/llvm/lib/libLLVMAMDGPUUtils.a
[4434/4598] cd /home/tim911004/.llvm-project/stage1_build/lib/Target/ARM && /home/tim911004/miniconda3/envs/cuda-quantum/lib/python3.10/site-packages/cmake/data/bin/cmake -DCMAKE_INSTALL_COMPONENT="LLVMARMCodeGen" -DCMAKE_INSTALL_DO_STRIP=1 -P /home/tim911004/.llvm-project/stage1_build/cmake_install.cmake
-- Install configuration: "Release"
-- Installing: /tmp/tmp.R4DfmRPr45/llvm/lib/libLLVMARMCodeGen.a
[4435/4598] cd /home/tim911004/.llvm-project/stage1_build/lib/Target/ARM/AsmParser && /home/tim911004/miniconda3/envs/cuda-quantum/lib/python3.10/site-packages/cmake/data/bin/cmake -DCMAKE_INSTALL_COMPONENT="LLVMARMAsmParser" -DCMAKE_INSTALL_DO_STRIP=1 -P /home/tim911004/.llvm-project/stage1_build/cmake_install.cmake
-- Install configuration: "Release"
-- Installing: /tmp/tmp.R4DfmRPr45/llvm/lib/libLLVMARMAsmParser.a
[4436/4598] cd /home/tim911004/.llvm-project/stage1_build/lib/Target/ARM/Disassembler && /home/tim911004/miniconda3/envs/cuda-quantum/lib/python3.10/site-packages/cmake/data/bin/cmake -DCMAKE_INSTALL_COMPONENT="LLVMARMDisassembler" -DCMAKE_INSTALL_DO_STRIP=1 -P /home/tim911004/.llvm-project/stage1_build/cmake_install.cmake
-- Install configuration: "Release"
-- Installing: /tmp/tmp.R4DfmRPr45/llvm/lib/libLLVMARMDisassembler.a
[4437/4598] cd /home/tim911004/.llvm-project/stage1_build/lib/Target/ARM/MCTargetDesc && /home/tim911004/miniconda3/envs/cuda-quantum/lib/python3.10/site-packages/cmake/data/bin/cmake -DCMAKE_INSTALL_COMPONENT="LLVMARMDesc" -DCMAKE_INSTALL_DO_STRIP=1 -P /home/tim911004/.llvm-project/stage1_build/cmake_install.cmake
-- Install configuration: "Release"
-- Installing: /tmp/tmp.R4DfmRPr45/llvm/lib/libLLVMARMDesc.a
[4438/4598] cd /home/tim911004/.llvm-project/stage1_build/lib/Target/ARM/TargetInfo && /home/tim911004/miniconda3/envs/cuda-quantum/lib/python3.10/site-packages/cmake/data/bin/cmake -DCMAKE_INSTALL_COMPONENT="LLVMARMInfo" -DCMAKE_INSTALL_DO_STRIP=1 -P /home/tim911004/.llvm-project/stage1_build/cmake_install.cmake
-- Install configuration: "Release"
-- Installing: /tmp/tmp.R4DfmRPr45/llvm/lib/libLLVMARMInfo.a
[4439/4598] cd /home/tim911004/.llvm-project/stage1_build/lib/Target/ARM/Utils && /home/tim911004/miniconda3/envs/cuda-quantum/lib/python3.10/site-packages/cmake/data/bin/cmake -DCMAKE_INSTALL_COMPONENT="LLVMARMUtils" -DCMAKE_INSTALL_DO_STRIP=1 -P /home/tim911004/.llvm-project/stage1_build/cmake_install.cmake
-- Install configuration: "Release"
-- Installing: /tmp/tmp.R4DfmRPr45/llvm/lib/libLLVMARMUtils.a
[4440/4598] cd /home/tim911004/.llvm-project/stage1_build/lib/Target/AVR && /home/tim911004/miniconda3/envs/cuda-quantum/lib/python3.10/site-packages/cmake/data/bin/cmake -DCMAKE_INSTALL_COMPONENT="LLVMAVRCodeGen" -DCMAKE_INSTALL_DO_STRIP=1 -P /home/tim911004/.llvm-project/stage1_build/cmake_install.cmake
-- Install configuration: "Release"
-- Installing: /tmp/tmp.R4DfmRPr45/llvm/lib/libLLVMAVRCodeGen.a
[4441/4598] cd /home/tim911004/.llvm-project/stage1_build/lib/Target/AVR/AsmParser && /home/tim911004/miniconda3/envs/cuda-quantum/lib/python3.10/site-packages/cmake/data/bin/cmake -DCMAKE_INSTALL_COMPONENT="LLVMAVRAsmParser" -DCMAKE_INSTALL_DO_STRIP=1 -P /home/tim911004/.llvm-project/stage1_build/cmake_install.cmake
-- Install configuration: "Release"
-- Installing: /tmp/tmp.R4DfmRPr45/llvm/lib/libLLVMAVRAsmParser.a
[4442/4598] cd /home/tim911004/.llvm-project/stage1_build/lib/Target/AVR/Disassembler && /home/tim911004/miniconda3/envs/cuda-quantum/lib/python3.10/site-packages/cmake/data/bin/cmake -DCMAKE_INSTALL_COMPONENT="LLVMAVRDisassembler" -DCMAKE_INSTALL_DO_STRIP=1 -P /home/tim911004/.llvm-project/stage1_build/cmake_install.cmake
-- Install configuration: "Release"
-- Installing: /tmp/tmp.R4DfmRPr45/llvm/lib/libLLVMAVRDisassembler.a
[4443/4598] Linking CXX executable bin/llvm-nm
[4444/4598] cd /home/tim911004/.llvm-project/stage1_build/lib/Target/AVR/MCTargetDesc && /home/tim911004/miniconda3/envs/cuda-quantum/lib/python3.10/site-packages/cmake/data/bin/cmake -DCMAKE_INSTALL_COMPONENT="LLVMAVRDesc" -DCMAKE_INSTALL_DO_STRIP=1 -P /home/tim911004/.llvm-project/stage1_build/cmake_install.cmake
-- Install configuration: "Release"
-- Installing: /tmp/tmp.R4DfmRPr45/llvm/lib/libLLVMAVRDesc.a
[4445/4598] cd /home/tim911004/.llvm-project/stage1_build/lib/Target/AVR/TargetInfo && /home/tim911004/miniconda3/envs/cuda-quantum/lib/python3.10/site-packages/cmake/data/bin/cmake -DCMAKE_INSTALL_COMPONENT="LLVMAVRInfo" -DCMAKE_INSTALL_DO_STRIP=1 -P /home/tim911004/.llvm-project/stage1_build/cmake_install.cmake
-- Install configuration: "Release"
-- Installing: /tmp/tmp.R4DfmRPr45/llvm/lib/libLLVMAVRInfo.a
[4446/4598] cd /home/tim911004/.llvm-project/stage1_build/lib/Target/BPF && /home/tim911004/miniconda3/envs/cuda-quantum/lib/python3.10/site-packages/cmake/data/bin/cmake -DCMAKE_INSTALL_COMPONENT="LLVMBPFCodeGen" -DCMAKE_INSTALL_DO_STRIP=1 -P /home/tim911004/.llvm-project/stage1_build/cmake_install.cmake
-- Install configuration: "Release"
-- Installing: /tmp/tmp.R4DfmRPr45/llvm/lib/libLLVMBPFCodeGen.a
[4447/4598] cd /home/tim911004/.llvm-project/stage1_build/lib/Target/BPF/AsmParser && /home/tim911004/miniconda3/envs/cuda-quantum/lib/python3.10/site-packages/cmake/data/bin/cmake -DCMAKE_INSTALL_COMPONENT="LLVMBPFAsmParser" -DCMAKE_INSTALL_DO_STRIP=1 -P /home/tim911004/.llvm-project/stage1_build/cmake_install.cmake
-- Install configuration: "Release"
-- Installing: /tmp/tmp.R4DfmRPr45/llvm/lib/libLLVMBPFAsmParser.a
[4448/4598] cd /home/tim911004/.llvm-project/stage1_build/lib/Target/BPF/Disassembler && /home/tim911004/miniconda3/envs/cuda-quantum/lib/python3.10/site-packages/cmake/data/bin/cmake -DCMAKE_INSTALL_COMPONENT="LLVMBPFDisassembler" -DCMAKE_INSTALL_DO_STRIP=1 -P /home/tim911004/.llvm-project/stage1_build/cmake_install.cmake
-- Install configuration: "Release"
-- Installing: /tmp/tmp.R4DfmRPr45/llvm/lib/libLLVMBPFDisassembler.a
[4449/4598] cd /home/tim911004/.llvm-project/stage1_build/lib/Target/BPF/MCTargetDesc && /home/tim911004/miniconda3/envs/cuda-quantum/lib/python3.10/site-packages/cmake/data/bin/cmake -DCMAKE_INSTALL_COMPONENT="LLVMBPFDesc" -DCMAKE_INSTALL_DO_STRIP=1 -P /home/tim911004/.llvm-project/stage1_build/cmake_install.cmake
-- Install configuration: "Release"
-- Installing: /tmp/tmp.R4DfmRPr45/llvm/lib/libLLVMBPFDesc.a
[4450/4598] cd /home/tim911004/.llvm-project/stage1_build/lib/Target/BPF/TargetInfo && /home/tim911004/miniconda3/envs/cuda-quantum/lib/python3.10/site-packages/cmake/data/bin/cmake -DCMAKE_INSTALL_COMPONENT="LLVMBPFInfo" -DCMAKE_INSTALL_DO_STRIP=1 -P /home/tim911004/.llvm-project/stage1_build/cmake_install.cmake
-- Install configuration: "Release"
-- Installing: /tmp/tmp.R4DfmRPr45/llvm/lib/libLLVMBPFInfo.a
[4451/4598] cd /home/tim911004/.llvm-project/stage1_build/lib/Target/Hexagon && /home/tim911004/miniconda3/envs/cuda-quantum/lib/python3.10/site-packages/cmake/data/bin/cmake -DCMAKE_INSTALL_COMPONENT="LLVMHexagonCodeGen" -DCMAKE_INSTALL_DO_STRIP=1 -P /home/tim911004/.llvm-project/stage1_build/cmake_install.cmake
-- Install configuration: "Release"
-- Installing: /tmp/tmp.R4DfmRPr45/llvm/lib/libLLVMHexagonCodeGen.a
[4452/4598] cd /home/tim911004/.llvm-project/stage1_build/lib/Target/Hexagon/AsmParser && /home/tim911004/miniconda3/envs/cuda-quantum/lib/python3.10/site-packages/cmake/data/bin/cmake -DCMAKE_INSTALL_COMPONENT="LLVMHexagonAsmParser" -DCMAKE_INSTALL_DO_STRIP=1 -P /home/tim911004/.llvm-project/stage1_build/cmake_install.cmake
-- Install configuration: "Release"
-- Installing: /tmp/tmp.R4DfmRPr45/llvm/lib/libLLVMHexagonAsmParser.a
[4453/4598] cd /home/tim911004/.llvm-project/stage1_build/lib/Target/Hexagon/Disassembler && /home/tim911004/miniconda3/envs/cuda-quantum/lib/python3.10/site-packages/cmake/data/bin/cmake -DCMAKE_INSTALL_COMPONENT="LLVMHexagonDisassembler" -DCMAKE_INSTALL_DO_STRIP=1 -P /home/tim911004/.llvm-project/stage1_build/cmake_install.cmake
-- Install configuration: "Release"
-- Installing: /tmp/tmp.R4DfmRPr45/llvm/lib/libLLVMHexagonDisassembler.a
[4454/4598] cd /home/tim911004/.llvm-project/stage1_build/lib/Target/Hexagon/MCTargetDesc && /home/tim911004/miniconda3/envs/cuda-quantum/lib/python3.10/site-packages/cmake/data/bin/cmake -DCMAKE_INSTALL_COMPONENT="LLVMHexagonDesc" -DCMAKE_INSTALL_DO_STRIP=1 -P /home/tim911004/.llvm-project/stage1_build/cmake_install.cmake
-- Install configuration: "Release"
-- Installing: /tmp/tmp.R4DfmRPr45/llvm/lib/libLLVMHexagonDesc.a
[4455/4598] cd /home/tim911004/.llvm-project/stage1_build/lib/Target/Hexagon/TargetInfo && /home/tim911004/miniconda3/envs/cuda-quantum/lib/python3.10/site-packages/cmake/data/bin/cmake -DCMAKE_INSTALL_COMPONENT="LLVMHexagonInfo" -DCMAKE_INSTALL_DO_STRIP=1 -P /home/tim911004/.llvm-project/stage1_build/cmake_install.cmake
-- Install configuration: "Release"
-- Installing: /tmp/tmp.R4DfmRPr45/llvm/lib/libLLVMHexagonInfo.a
[4456/4598] cd /home/tim911004/.llvm-project/stage1_build/lib/Target/Lanai && /home/tim911004/miniconda3/envs/cuda-quantum/lib/python3.10/site-packages/cmake/data/bin/cmake -DCMAKE_INSTALL_COMPONENT="LLVMLanaiCodeGen" -DCMAKE_INSTALL_DO_STRIP=1 -P /home/tim911004/.llvm-project/stage1_build/cmake_install.cmake
-- Install configuration: "Release"
-- Installing: /tmp/tmp.R4DfmRPr45/llvm/lib/libLLVMLanaiCodeGen.a
[4457/4598] cd /home/tim911004/.llvm-project/stage1_build/lib/Target/Lanai/AsmParser && /home/tim911004/miniconda3/envs/cuda-quantum/lib/python3.10/site-packages/cmake/data/bin/cmake -DCMAKE_INSTALL_COMPONENT="LLVMLanaiAsmParser" -DCMAKE_INSTALL_DO_STRIP=1 -P /home/tim911004/.llvm-project/stage1_build/cmake_install.cmake
-- Install configuration: "Release"
-- Installing: /tmp/tmp.R4DfmRPr45/llvm/lib/libLLVMLanaiAsmParser.a
[4458/4598] cd /home/tim911004/.llvm-project/stage1_build/lib/Target/Lanai/Disassembler && /home/tim911004/miniconda3/envs/cuda-quantum/lib/python3.10/site-packages/cmake/data/bin/cmake -DCMAKE_INSTALL_COMPONENT="LLVMLanaiDisassembler" -DCMAKE_INSTALL_DO_STRIP=1 -P /home/tim911004/.llvm-project/stage1_build/cmake_install.cmake
-- Install configuration: "Release"
-- Installing: /tmp/tmp.R4DfmRPr45/llvm/lib/libLLVMLanaiDisassembler.a
[4459/4598] cd /home/tim911004/.llvm-project/stage1_build/lib/Target/Lanai/MCTargetDesc && /home/tim911004/miniconda3/envs/cuda-quantum/lib/python3.10/site-packages/cmake/data/bin/cmake -DCMAKE_INSTALL_COMPONENT="LLVMLanaiDesc" -DCMAKE_INSTALL_DO_STRIP=1 -P /home/tim911004/.llvm-project/stage1_build/cmake_install.cmake
-- Install configuration: "Release"
-- Installing: /tmp/tmp.R4DfmRPr45/llvm/lib/libLLVMLanaiDesc.a
[4460/4598] cd /home/tim911004/.llvm-project/stage1_build/lib/Target/Lanai/TargetInfo && /home/tim911004/miniconda3/envs/cuda-quantum/lib/python3.10/site-packages/cmake/data/bin/cmake -DCMAKE_INSTALL_COMPONENT="LLVMLanaiInfo" -DCMAKE_INSTALL_DO_STRIP=1 -P /home/tim911004/.llvm-project/stage1_build/cmake_install.cmake
-- Install configuration: "Release"
-- Installing: /tmp/tmp.R4DfmRPr45/llvm/lib/libLLVMLanaiInfo.a
[4461/4598] cd /home/tim911004/.llvm-project/stage1_build/lib/Target/LoongArch && /home/tim911004/miniconda3/envs/cuda-quantum/lib/python3.10/site-packages/cmake/data/bin/cmake -DCMAKE_INSTALL_COMPONENT="LLVMLoongArchCodeGen" -DCMAKE_INSTALL_DO_STRIP=1 -P /home/tim911004/.llvm-project/stage1_build/cmake_install.cmake
-- Install configuration: "Release"
-- Installing: /tmp/tmp.R4DfmRPr45/llvm/lib/libLLVMLoongArchCodeGen.a
[4462/4598] cd /home/tim911004/.llvm-project/stage1_build/lib/Target/LoongArch/AsmParser && /home/tim911004/miniconda3/envs/cuda-quantum/lib/python3.10/site-packages/cmake/data/bin/cmake -DCMAKE_INSTALL_COMPONENT="LLVMLoongArchAsmParser" -DCMAKE_INSTALL_DO_STRIP=1 -P /home/tim911004/.llvm-project/stage1_build/cmake_install.cmake
-- Install configuration: "Release"
-- Installing: /tmp/tmp.R4DfmRPr45/llvm/lib/libLLVMLoongArchAsmParser.a
[4463/4598] cd /home/tim911004/.llvm-project/stage1_build/lib/Target/LoongArch/Disassembler && /home/tim911004/miniconda3/envs/cuda-quantum/lib/python3.10/site-packages/cmake/data/bin/cmake -DCMAKE_INSTALL_COMPONENT="LLVMLoongArchDisassembler" -DCMAKE_INSTALL_DO_STRIP=1 -P /home/tim911004/.llvm-project/stage1_build/cmake_install.cmake
-- Install configuration: "Release"
-- Installing: /tmp/tmp.R4DfmRPr45/llvm/lib/libLLVMLoongArchDisassembler.a
[4464/4598] cd /home/tim911004/.llvm-project/stage1_build/lib/Target/LoongArch/MCTargetDesc && /home/tim911004/miniconda3/envs/cuda-quantum/lib/python3.10/site-packages/cmake/data/bin/cmake -DCMAKE_INSTALL_COMPONENT="LLVMLoongArchDesc" -DCMAKE_INSTALL_DO_STRIP=1 -P /home/tim911004/.llvm-project/stage1_build/cmake_install.cmake
-- Install configuration: "Release"
-- Installing: /tmp/tmp.R4DfmRPr45/llvm/lib/libLLVMLoongArchDesc.a
[4465/4598] cd /home/tim911004/.llvm-project/stage1_build/lib/Target/LoongArch/TargetInfo && /home/tim911004/miniconda3/envs/cuda-quantum/lib/python3.10/site-packages/cmake/data/bin/cmake -DCMAKE_INSTALL_COMPONENT="LLVMLoongArchInfo" -DCMAKE_INSTALL_DO_STRIP=1 -P /home/tim911004/.llvm-project/stage1_build/cmake_install.cmake
-- Install configuration: "Release"
-- Installing: /tmp/tmp.R4DfmRPr45/llvm/lib/libLLVMLoongArchInfo.a
[4466/4598] cd /home/tim911004/.llvm-project/stage1_build/lib/Target/Mips && /home/tim911004/miniconda3/envs/cuda-quantum/lib/python3.10/site-packages/cmake/data/bin/cmake -DCMAKE_INSTALL_COMPONENT="LLVMMipsCodeGen" -DCMAKE_INSTALL_DO_STRIP=1 -P /home/tim911004/.llvm-project/stage1_build/cmake_install.cmake
-- Install configuration: "Release"
-- Installing: /tmp/tmp.R4DfmRPr45/llvm/lib/libLLVMMipsCodeGen.a
[4467/4598] cd /home/tim911004/.llvm-project/stage1_build/lib/Target/Mips/AsmParser && /home/tim911004/miniconda3/envs/cuda-quantum/lib/python3.10/site-packages/cmake/data/bin/cmake -DCMAKE_INSTALL_COMPONENT="LLVMMipsAsmParser" -DCMAKE_INSTALL_DO_STRIP=1 -P /home/tim911004/.llvm-project/stage1_build/cmake_install.cmake
-- Install configuration: "Release"
-- Installing: /tmp/tmp.R4DfmRPr45/llvm/lib/libLLVMMipsAsmParser.a
[4468/4598] cd /home/tim911004/.llvm-project/stage1_build/lib/Target/Mips/Disassembler && /home/tim911004/miniconda3/envs/cuda-quantum/lib/python3.10/site-packages/cmake/data/bin/cmake -DCMAKE_INSTALL_COMPONENT="LLVMMipsDisassembler" -DCMAKE_INSTALL_DO_STRIP=1 -P /home/tim911004/.llvm-project/stage1_build/cmake_install.cmake
-- Install configuration: "Release"
-- Installing: /tmp/tmp.R4DfmRPr45/llvm/lib/libLLVMMipsDisassembler.a
[4469/4598] cd /home/tim911004/.llvm-project/stage1_build/lib/Target/Mips/MCTargetDesc && /home/tim911004/miniconda3/envs/cuda-quantum/lib/python3.10/site-packages/cmake/data/bin/cmake -DCMAKE_INSTALL_COMPONENT="LLVMMipsDesc" -DCMAKE_INSTALL_DO_STRIP=1 -P /home/tim911004/.llvm-project/stage1_build/cmake_install.cmake
-- Install configuration: "Release"
-- Installing: /tmp/tmp.R4DfmRPr45/llvm/lib/libLLVMMipsDesc.a
[4470/4598] cd /home/tim911004/.llvm-project/stage1_build/lib/Target/Mips/TargetInfo && /home/tim911004/miniconda3/envs/cuda-quantum/lib/python3.10/site-packages/cmake/data/bin/cmake -DCMAKE_INSTALL_COMPONENT="LLVMMipsInfo" -DCMAKE_INSTALL_DO_STRIP=1 -P /home/tim911004/.llvm-project/stage1_build/cmake_install.cmake
-- Install configuration: "Release"
-- Installing: /tmp/tmp.R4DfmRPr45/llvm/lib/libLLVMMipsInfo.a
[4471/4598] cd /home/tim911004/.llvm-project/stage1_build/lib/Target/MSP430 && /home/tim911004/miniconda3/envs/cuda-quantum/lib/python3.10/site-packages/cmake/data/bin/cmake -DCMAKE_INSTALL_COMPONENT="LLVMMSP430CodeGen" -DCMAKE_INSTALL_DO_STRIP=1 -P /home/tim911004/.llvm-project/stage1_build/cmake_install.cmake
-- Install configuration: "Release"
-- Installing: /tmp/tmp.R4DfmRPr45/llvm/lib/libLLVMMSP430CodeGen.a
[4472/4598] cd /home/tim911004/.llvm-project/stage1_build/lib/Target/MSP430/MCTargetDesc && /home/tim911004/miniconda3/envs/cuda-quantum/lib/python3.10/site-packages/cmake/data/bin/cmake -DCMAKE_INSTALL_COMPONENT="LLVMMSP430Desc" -DCMAKE_INSTALL_DO_STRIP=1 -P /home/tim911004/.llvm-project/stage1_build/cmake_install.cmake
-- Install configuration: "Release"
-- Installing: /tmp/tmp.R4DfmRPr45/llvm/lib/libLLVMMSP430Desc.a
[4473/4598] cd /home/tim911004/.llvm-project/stage1_build/lib/Target/MSP430/TargetInfo && /home/tim911004/miniconda3/envs/cuda-quantum/lib/python3.10/site-packages/cmake/data/bin/cmake -DCMAKE_INSTALL_COMPONENT="LLVMMSP430Info" -DCMAKE_INSTALL_DO_STRIP=1 -P /home/tim911004/.llvm-project/stage1_build/cmake_install.cmake
-- Install configuration: "Release"
-- Installing: /tmp/tmp.R4DfmRPr45/llvm/lib/libLLVMMSP430Info.a
[4474/4598] cd /home/tim911004/.llvm-project/stage1_build/lib/Target/MSP430/AsmParser && /home/tim911004/miniconda3/envs/cuda-quantum/lib/python3.10/site-packages/cmake/data/bin/cmake -DCMAKE_INSTALL_COMPONENT="LLVMMSP430AsmParser" -DCMAKE_INSTALL_DO_STRIP=1 -P /home/tim911004/.llvm-project/stage1_build/cmake_install.cmake
-- Install configuration: "Release"
-- Installing: /tmp/tmp.R4DfmRPr45/llvm/lib/libLLVMMSP430AsmParser.a
[4475/4598] cd /home/tim911004/.llvm-project/stage1_build/lib/Target/MSP430/Disassembler && /home/tim911004/miniconda3/envs/cuda-quantum/lib/python3.10/site-packages/cmake/data/bin/cmake -DCMAKE_INSTALL_COMPONENT="LLVMMSP430Disassembler" -DCMAKE_INSTALL_DO_STRIP=1 -P /home/tim911004/.llvm-project/stage1_build/cmake_install.cmake
-- Install configuration: "Release"
-- Installing: /tmp/tmp.R4DfmRPr45/llvm/lib/libLLVMMSP430Disassembler.a
[4476/4598] cd /home/tim911004/.llvm-project/stage1_build/lib/Target/NVPTX && /home/tim911004/miniconda3/envs/cuda-quantum/lib/python3.10/site-packages/cmake/data/bin/cmake -DCMAKE_INSTALL_COMPONENT="LLVMNVPTXCodeGen" -DCMAKE_INSTALL_DO_STRIP=1 -P /home/tim911004/.llvm-project/stage1_build/cmake_install.cmake
-- Install configuration: "Release"
-- Installing: /tmp/tmp.R4DfmRPr45/llvm/lib/libLLVMNVPTXCodeGen.a
[4477/4598] cd /home/tim911004/.llvm-project/stage1_build/lib/Target/NVPTX/MCTargetDesc && /home/tim911004/miniconda3/envs/cuda-quantum/lib/python3.10/site-packages/cmake/data/bin/cmake -DCMAKE_INSTALL_COMPONENT="LLVMNVPTXDesc" -DCMAKE_INSTALL_DO_STRIP=1 -P /home/tim911004/.llvm-project/stage1_build/cmake_install.cmake
-- Install configuration: "Release"
-- Installing: /tmp/tmp.R4DfmRPr45/llvm/lib/libLLVMNVPTXDesc.a
[4478/4598] cd /home/tim911004/.llvm-project/stage1_build/lib/Target/NVPTX/TargetInfo && /home/tim911004/miniconda3/envs/cuda-quantum/lib/python3.10/site-packages/cmake/data/bin/cmake -DCMAKE_INSTALL_COMPONENT="LLVMNVPTXInfo" -DCMAKE_INSTALL_DO_STRIP=1 -P /home/tim911004/.llvm-project/stage1_build/cmake_install.cmake
-- Install configuration: "Release"
-- Installing: /tmp/tmp.R4DfmRPr45/llvm/lib/libLLVMNVPTXInfo.a
[4479/4598] cd /home/tim911004/.llvm-project/stage1_build/lib/Target/PowerPC && /home/tim911004/miniconda3/envs/cuda-quantum/lib/python3.10/site-packages/cmake/data/bin/cmake -DCMAKE_INSTALL_COMPONENT="LLVMPowerPCCodeGen" -DCMAKE_INSTALL_DO_STRIP=1 -P /home/tim911004/.llvm-project/stage1_build/cmake_install.cmake
-- Install configuration: "Release"
-- Installing: /tmp/tmp.R4DfmRPr45/llvm/lib/libLLVMPowerPCCodeGen.a
[4480/4598] cd /home/tim911004/.llvm-project/stage1_build/lib/Target/PowerPC/AsmParser && /home/tim911004/miniconda3/envs/cuda-quantum/lib/python3.10/site-packages/cmake/data/bin/cmake -DCMAKE_INSTALL_COMPONENT="LLVMPowerPCAsmParser" -DCMAKE_INSTALL_DO_STRIP=1 -P /home/tim911004/.llvm-project/stage1_build/cmake_install.cmake
-- Install configuration: "Release"
-- Installing: /tmp/tmp.R4DfmRPr45/llvm/lib/libLLVMPowerPCAsmParser.a
[4481/4598] cd /home/tim911004/.llvm-project/stage1_build/lib/Target/PowerPC/Disassembler && /home/tim911004/miniconda3/envs/cuda-quantum/lib/python3.10/site-packages/cmake/data/bin/cmake -DCMAKE_INSTALL_COMPONENT="LLVMPowerPCDisassembler" -DCMAKE_INSTALL_DO_STRIP=1 -P /home/tim911004/.llvm-project/stage1_build/cmake_install.cmake
-- Install configuration: "Release"
-- Installing: /tmp/tmp.R4DfmRPr45/llvm/lib/libLLVMPowerPCDisassembler.a
[4482/4598] cd /home/tim911004/.llvm-project/stage1_build/lib/Target/PowerPC/MCTargetDesc && /home/tim911004/miniconda3/envs/cuda-quantum/lib/python3.10/site-packages/cmake/data/bin/cmake -DCMAKE_INSTALL_COMPONENT="LLVMPowerPCDesc" -DCMAKE_INSTALL_DO_STRIP=1 -P /home/tim911004/.llvm-project/stage1_build/cmake_install.cmake
-- Install configuration: "Release"
-- Installing: /tmp/tmp.R4DfmRPr45/llvm/lib/libLLVMPowerPCDesc.a
[4483/4598] cd /home/tim911004/.llvm-project/stage1_build/lib/Target/PowerPC/TargetInfo && /home/tim911004/miniconda3/envs/cuda-quantum/lib/python3.10/site-packages/cmake/data/bin/cmake -DCMAKE_INSTALL_COMPONENT="LLVMPowerPCInfo" -DCMAKE_INSTALL_DO_STRIP=1 -P /home/tim911004/.llvm-project/stage1_build/cmake_install.cmake
-- Install configuration: "Release"
-- Installing: /tmp/tmp.R4DfmRPr45/llvm/lib/libLLVMPowerPCInfo.a
[4484/4598] cd /home/tim911004/.llvm-project/stage1_build/lib/Target/RISCV && /home/tim911004/miniconda3/envs/cuda-quantum/lib/python3.10/site-packages/cmake/data/bin/cmake -DCMAKE_INSTALL_COMPONENT="LLVMRISCVCodeGen" -DCMAKE_INSTALL_DO_STRIP=1 -P /home/tim911004/.llvm-project/stage1_build/cmake_install.cmake
-- Install configuration: "Release"
-- Installing: /tmp/tmp.R4DfmRPr45/llvm/lib/libLLVMRISCVCodeGen.a
[4485/4598] cd /home/tim911004/.llvm-project/stage1_build/lib/Target/RISCV/AsmParser && /home/tim911004/miniconda3/envs/cuda-quantum/lib/python3.10/site-packages/cmake/data/bin/cmake -DCMAKE_INSTALL_COMPONENT="LLVMRISCVAsmParser" -DCMAKE_INSTALL_DO_STRIP=1 -P /home/tim911004/.llvm-project/stage1_build/cmake_install.cmake
-- Install configuration: "Release"
-- Installing: /tmp/tmp.R4DfmRPr45/llvm/lib/libLLVMRISCVAsmParser.a
[4486/4598] cd /home/tim911004/.llvm-project/stage1_build/lib/Target/RISCV/Disassembler && /home/tim911004/miniconda3/envs/cuda-quantum/lib/python3.10/site-packages/cmake/data/bin/cmake -DCMAKE_INSTALL_COMPONENT="LLVMRISCVDisassembler" -DCMAKE_INSTALL_DO_STRIP=1 -P /home/tim911004/.llvm-project/stage1_build/cmake_install.cmake
-- Install configuration: "Release"
-- Installing: /tmp/tmp.R4DfmRPr45/llvm/lib/libLLVMRISCVDisassembler.a
[4487/4598] cd /home/tim911004/.llvm-project/stage1_build/lib/Target/RISCV/MCTargetDesc && /home/tim911004/miniconda3/envs/cuda-quantum/lib/python3.10/site-packages/cmake/data/bin/cmake -DCMAKE_INSTALL_COMPONENT="LLVMRISCVDesc" -DCMAKE_INSTALL_DO_STRIP=1 -P /home/tim911004/.llvm-project/stage1_build/cmake_install.cmake
-- Install configuration: "Release"
-- Installing: /tmp/tmp.R4DfmRPr45/llvm/lib/libLLVMRISCVDesc.a
[4488/4598] cd /home/tim911004/.llvm-project/stage1_build/lib/Target/RISCV/MCA && /home/tim911004/miniconda3/envs/cuda-quantum/lib/python3.10/site-packages/cmake/data/bin/cmake -DCMAKE_INSTALL_COMPONENT="LLVMRISCVTargetMCA" -DCMAKE_INSTALL_DO_STRIP=1 -P /home/tim911004/.llvm-project/stage1_build/cmake_install.cmake
-- Install configuration: "Release"
-- Installing: /tmp/tmp.R4DfmRPr45/llvm/lib/libLLVMRISCVTargetMCA.a
[4489/4598] cd /home/tim911004/.llvm-project/stage1_build/lib/Target/RISCV/TargetInfo && /home/tim911004/miniconda3/envs/cuda-quantum/lib/python3.10/site-packages/cmake/data/bin/cmake -DCMAKE_INSTALL_COMPONENT="LLVMRISCVInfo" -DCMAKE_INSTALL_DO_STRIP=1 -P /home/tim911004/.llvm-project/stage1_build/cmake_install.cmake
-- Install configuration: "Release"
-- Installing: /tmp/tmp.R4DfmRPr45/llvm/lib/libLLVMRISCVInfo.a
[4490/4598] cd /home/tim911004/.llvm-project/stage1_build/lib/Target/Sparc && /home/tim911004/miniconda3/envs/cuda-quantum/lib/python3.10/site-packages/cmake/data/bin/cmake -DCMAKE_INSTALL_COMPONENT="LLVMSparcCodeGen" -DCMAKE_INSTALL_DO_STRIP=1 -P /home/tim911004/.llvm-project/stage1_build/cmake_install.cmake
-- Install configuration: "Release"
-- Installing: /tmp/tmp.R4DfmRPr45/llvm/lib/libLLVMSparcCodeGen.a
[4491/4598] cd /home/tim911004/.llvm-project/stage1_build/lib/Target/Sparc/AsmParser && /home/tim911004/miniconda3/envs/cuda-quantum/lib/python3.10/site-packages/cmake/data/bin/cmake -DCMAKE_INSTALL_COMPONENT="LLVMSparcAsmParser" -DCMAKE_INSTALL_DO_STRIP=1 -P /home/tim911004/.llvm-project/stage1_build/cmake_install.cmake
-- Install configuration: "Release"
-- Installing: /tmp/tmp.R4DfmRPr45/llvm/lib/libLLVMSparcAsmParser.a
[4492/4598] cd /home/tim911004/.llvm-project/stage1_build/lib/Target/Sparc/Disassembler && /home/tim911004/miniconda3/envs/cuda-quantum/lib/python3.10/site-packages/cmake/data/bin/cmake -DCMAKE_INSTALL_COMPONENT="LLVMSparcDisassembler" -DCMAKE_INSTALL_DO_STRIP=1 -P /home/tim911004/.llvm-project/stage1_build/cmake_install.cmake
-- Install configuration: "Release"
-- Installing: /tmp/tmp.R4DfmRPr45/llvm/lib/libLLVMSparcDisassembler.a
[4493/4598] cd /home/tim911004/.llvm-project/stage1_build/lib/Target/Sparc/MCTargetDesc && /home/tim911004/miniconda3/envs/cuda-quantum/lib/python3.10/site-packages/cmake/data/bin/cmake -DCMAKE_INSTALL_COMPONENT="LLVMSparcDesc" -DCMAKE_INSTALL_DO_STRIP=1 -P /home/tim911004/.llvm-project/stage1_build/cmake_install.cmake
-- Install configuration: "Release"
-- Installing: /tmp/tmp.R4DfmRPr45/llvm/lib/libLLVMSparcDesc.a
[4494/4598] cd /home/tim911004/.llvm-project/stage1_build/lib/Target/Sparc/TargetInfo && /home/tim911004/miniconda3/envs/cuda-quantum/lib/python3.10/site-packages/cmake/data/bin/cmake -DCMAKE_INSTALL_COMPONENT="LLVMSparcInfo" -DCMAKE_INSTALL_DO_STRIP=1 -P /home/tim911004/.llvm-project/stage1_build/cmake_install.cmake
-- Install configuration: "Release"
-- Installing: /tmp/tmp.R4DfmRPr45/llvm/lib/libLLVMSparcInfo.a
[4495/4598] cd /home/tim911004/.llvm-project/stage1_build/lib/Target/SystemZ && /home/tim911004/miniconda3/envs/cuda-quantum/lib/python3.10/site-packages/cmake/data/bin/cmake -DCMAKE_INSTALL_COMPONENT="LLVMSystemZCodeGen" -DCMAKE_INSTALL_DO_STRIP=1 -P /home/tim911004/.llvm-project/stage1_build/cmake_install.cmake
-- Install configuration: "Release"
-- Installing: /tmp/tmp.R4DfmRPr45/llvm/lib/libLLVMSystemZCodeGen.a
[4496/4598] cd /home/tim911004/.llvm-project/stage1_build/lib/Target/SystemZ/AsmParser && /home/tim911004/miniconda3/envs/cuda-quantum/lib/python3.10/site-packages/cmake/data/bin/cmake -DCMAKE_INSTALL_COMPONENT="LLVMSystemZAsmParser" -DCMAKE_INSTALL_DO_STRIP=1 -P /home/tim911004/.llvm-project/stage1_build/cmake_install.cmake
-- Install configuration: "Release"
-- Installing: /tmp/tmp.R4DfmRPr45/llvm/lib/libLLVMSystemZAsmParser.a
[4497/4598] cd /home/tim911004/.llvm-project/stage1_build/lib/Target/SystemZ/Disassembler && /home/tim911004/miniconda3/envs/cuda-quantum/lib/python3.10/site-packages/cmake/data/bin/cmake -DCMAKE_INSTALL_COMPONENT="LLVMSystemZDisassembler" -DCMAKE_INSTALL_DO_STRIP=1 -P /home/tim911004/.llvm-project/stage1_build/cmake_install.cmake
-- Install configuration: "Release"
-- Installing: /tmp/tmp.R4DfmRPr45/llvm/lib/libLLVMSystemZDisassembler.a
[4498/4598] cd /home/tim911004/.llvm-project/stage1_build/lib/Target/SystemZ/MCTargetDesc && /home/tim911004/miniconda3/envs/cuda-quantum/lib/python3.10/site-packages/cmake/data/bin/cmake -DCMAKE_INSTALL_COMPONENT="LLVMSystemZDesc" -DCMAKE_INSTALL_DO_STRIP=1 -P /home/tim911004/.llvm-project/stage1_build/cmake_install.cmake
-- Install configuration: "Release"
-- Installing: /tmp/tmp.R4DfmRPr45/llvm/lib/libLLVMSystemZDesc.a
[4499/4598] cd /home/tim911004/.llvm-project/stage1_build/lib/Target/SystemZ/TargetInfo && /home/tim911004/miniconda3/envs/cuda-quantum/lib/python3.10/site-packages/cmake/data/bin/cmake -DCMAKE_INSTALL_COMPONENT="LLVMSystemZInfo" -DCMAKE_INSTALL_DO_STRIP=1 -P /home/tim911004/.llvm-project/stage1_build/cmake_install.cmake
-- Install configuration: "Release"
-- Installing: /tmp/tmp.R4DfmRPr45/llvm/lib/libLLVMSystemZInfo.a
[4500/4598] cd /home/tim911004/.llvm-project/stage1_build/lib/Target/VE && /home/tim911004/miniconda3/envs/cuda-quantum/lib/python3.10/site-packages/cmake/data/bin/cmake -DCMAKE_INSTALL_COMPONENT="LLVMVECodeGen" -DCMAKE_INSTALL_DO_STRIP=1 -P /home/tim911004/.llvm-project/stage1_build/cmake_install.cmake
-- Install configuration: "Release"
-- Installing: /tmp/tmp.R4DfmRPr45/llvm/lib/libLLVMVECodeGen.a
[4501/4598] cd /home/tim911004/.llvm-project/stage1_build/lib/Target/VE/AsmParser && /home/tim911004/miniconda3/envs/cuda-quantum/lib/python3.10/site-packages/cmake/data/bin/cmake -DCMAKE_INSTALL_COMPONENT="LLVMVEAsmParser" -DCMAKE_INSTALL_DO_STRIP=1 -P /home/tim911004/.llvm-project/stage1_build/cmake_install.cmake
-- Install configuration: "Release"
-- Installing: /tmp/tmp.R4DfmRPr45/llvm/lib/libLLVMVEAsmParser.a
[4502/4598] cd /home/tim911004/.llvm-project/stage1_build/lib/Target/VE/Disassembler && /home/tim911004/miniconda3/envs/cuda-quantum/lib/python3.10/site-packages/cmake/data/bin/cmake -DCMAKE_INSTALL_COMPONENT="LLVMVEDisassembler" -DCMAKE_INSTALL_DO_STRIP=1 -P /home/tim911004/.llvm-project/stage1_build/cmake_install.cmake
-- Install configuration: "Release"
-- Installing: /tmp/tmp.R4DfmRPr45/llvm/lib/libLLVMVEDisassembler.a
[4503/4598] cd /home/tim911004/.llvm-project/stage1_build/lib/Target/VE/TargetInfo && /home/tim911004/miniconda3/envs/cuda-quantum/lib/python3.10/site-packages/cmake/data/bin/cmake -DCMAKE_INSTALL_COMPONENT="LLVMVEInfo" -DCMAKE_INSTALL_DO_STRIP=1 -P /home/tim911004/.llvm-project/stage1_build/cmake_install.cmake
-- Install configuration: "Release"
-- Installing: /tmp/tmp.R4DfmRPr45/llvm/lib/libLLVMVEInfo.a
[4504/4598] cd /home/tim911004/.llvm-project/stage1_build/lib/Target/VE/MCTargetDesc && /home/tim911004/miniconda3/envs/cuda-quantum/lib/python3.10/site-packages/cmake/data/bin/cmake -DCMAKE_INSTALL_COMPONENT="LLVMVEDesc" -DCMAKE_INSTALL_DO_STRIP=1 -P /home/tim911004/.llvm-project/stage1_build/cmake_install.cmake
-- Install configuration: "Release"
-- Installing: /tmp/tmp.R4DfmRPr45/llvm/lib/libLLVMVEDesc.a
[4505/4598] cd /home/tim911004/.llvm-project/stage1_build/lib/Target/WebAssembly && /home/tim911004/miniconda3/envs/cuda-quantum/lib/python3.10/site-packages/cmake/data/bin/cmake -DCMAKE_INSTALL_COMPONENT="LLVMWebAssemblyCodeGen" -DCMAKE_INSTALL_DO_STRIP=1 -P /home/tim911004/.llvm-project/stage1_build/cmake_install.cmake
-- Install configuration: "Release"
-- Installing: /tmp/tmp.R4DfmRPr45/llvm/lib/libLLVMWebAssemblyCodeGen.a
[4506/4598] cd /home/tim911004/.llvm-project/stage1_build/lib/Target/WebAssembly/AsmParser && /home/tim911004/miniconda3/envs/cuda-quantum/lib/python3.10/site-packages/cmake/data/bin/cmake -DCMAKE_INSTALL_COMPONENT="LLVMWebAssemblyAsmParser" -DCMAKE_INSTALL_DO_STRIP=1 -P /home/tim911004/.llvm-project/stage1_build/cmake_install.cmake
-- Install configuration: "Release"
-- Installing: /tmp/tmp.R4DfmRPr45/llvm/lib/libLLVMWebAssemblyAsmParser.a
[4507/4598] cd /home/tim911004/.llvm-project/stage1_build/lib/Target/WebAssembly/Disassembler && /home/tim911004/miniconda3/envs/cuda-quantum/lib/python3.10/site-packages/cmake/data/bin/cmake -DCMAKE_INSTALL_COMPONENT="LLVMWebAssemblyDisassembler" -DCMAKE_INSTALL_DO_STRIP=1 -P /home/tim911004/.llvm-project/stage1_build/cmake_install.cmake
-- Install configuration: "Release"
-- Installing: /tmp/tmp.R4DfmRPr45/llvm/lib/libLLVMWebAssemblyDisassembler.a
[4508/4598] cd /home/tim911004/.llvm-project/stage1_build/lib/Target/WebAssembly/MCTargetDesc && /home/tim911004/miniconda3/envs/cuda-quantum/lib/python3.10/site-packages/cmake/data/bin/cmake -DCMAKE_INSTALL_COMPONENT="LLVMWebAssemblyDesc" -DCMAKE_INSTALL_DO_STRIP=1 -P /home/tim911004/.llvm-project/stage1_build/cmake_install.cmake
-- Install configuration: "Release"
-- Installing: /tmp/tmp.R4DfmRPr45/llvm/lib/libLLVMWebAssemblyDesc.a
[4509/4598] cd /home/tim911004/.llvm-project/stage1_build/lib/Target/WebAssembly/TargetInfo && /home/tim911004/miniconda3/envs/cuda-quantum/lib/python3.10/site-packages/cmake/data/bin/cmake -DCMAKE_INSTALL_COMPONENT="LLVMWebAssemblyInfo" -DCMAKE_INSTALL_DO_STRIP=1 -P /home/tim911004/.llvm-project/stage1_build/cmake_install.cmake
-- Install configuration: "Release"
-- Installing: /tmp/tmp.R4DfmRPr45/llvm/lib/libLLVMWebAssemblyInfo.a
[4510/4598] cd /home/tim911004/.llvm-project/stage1_build/lib/Target/WebAssembly/Utils && /home/tim911004/miniconda3/envs/cuda-quantum/lib/python3.10/site-packages/cmake/data/bin/cmake -DCMAKE_INSTALL_COMPONENT="LLVMWebAssemblyUtils" -DCMAKE_INSTALL_DO_STRIP=1 -P /home/tim911004/.llvm-project/stage1_build/cmake_install.cmake
-- Install configuration: "Release"
-- Installing: /tmp/tmp.R4DfmRPr45/llvm/lib/libLLVMWebAssemblyUtils.a
[4511/4598] cd /home/tim911004/.llvm-project/stage1_build/lib/Target/X86 && /home/tim911004/miniconda3/envs/cuda-quantum/lib/python3.10/site-packages/cmake/data/bin/cmake -DCMAKE_INSTALL_COMPONENT="LLVMX86CodeGen" -DCMAKE_INSTALL_DO_STRIP=1 -P /home/tim911004/.llvm-project/stage1_build/cmake_install.cmake
-- Install configuration: "Release"
-- Installing: /tmp/tmp.R4DfmRPr45/llvm/lib/libLLVMX86CodeGen.a
[4512/4598] cd /home/tim911004/.llvm-project/stage1_build/lib/Target/X86/AsmParser && /home/tim911004/miniconda3/envs/cuda-quantum/lib/python3.10/site-packages/cmake/data/bin/cmake -DCMAKE_INSTALL_COMPONENT="LLVMX86AsmParser" -DCMAKE_INSTALL_DO_STRIP=1 -P /home/tim911004/.llvm-project/stage1_build/cmake_install.cmake
-- Install configuration: "Release"
-- Installing: /tmp/tmp.R4DfmRPr45/llvm/lib/libLLVMX86AsmParser.a
[4513/4598] cd /home/tim911004/.llvm-project/stage1_build/lib/Target/X86/Disassembler && /home/tim911004/miniconda3/envs/cuda-quantum/lib/python3.10/site-packages/cmake/data/bin/cmake -DCMAKE_INSTALL_COMPONENT="LLVMX86Disassembler" -DCMAKE_INSTALL_DO_STRIP=1 -P /home/tim911004/.llvm-project/stage1_build/cmake_install.cmake
-- Install configuration: "Release"
-- Installing: /tmp/tmp.R4DfmRPr45/llvm/lib/libLLVMX86Disassembler.a
[4514/4598] cd /home/tim911004/.llvm-project/stage1_build/lib/Target/X86/MCA && /home/tim911004/miniconda3/envs/cuda-quantum/lib/python3.10/site-packages/cmake/data/bin/cmake -DCMAKE_INSTALL_COMPONENT="LLVMX86TargetMCA" -DCMAKE_INSTALL_DO_STRIP=1 -P /home/tim911004/.llvm-project/stage1_build/cmake_install.cmake
-- Install configuration: "Release"
-- Installing: /tmp/tmp.R4DfmRPr45/llvm/lib/libLLVMX86TargetMCA.a
[4515/4598] cd /home/tim911004/.llvm-project/stage1_build/lib/Target/X86/MCTargetDesc && /home/tim911004/miniconda3/envs/cuda-quantum/lib/python3.10/site-packages/cmake/data/bin/cmake -DCMAKE_INSTALL_COMPONENT="LLVMX86Desc" -DCMAKE_INSTALL_DO_STRIP=1 -P /home/tim911004/.llvm-project/stage1_build/cmake_install.cmake
-- Install configuration: "Release"
-- Installing: /tmp/tmp.R4DfmRPr45/llvm/lib/libLLVMX86Desc.a
[4516/4598] cd /home/tim911004/.llvm-project/stage1_build/lib/Target/X86/TargetInfo && /home/tim911004/miniconda3/envs/cuda-quantum/lib/python3.10/site-packages/cmake/data/bin/cmake -DCMAKE_INSTALL_COMPONENT="LLVMX86Info" -DCMAKE_INSTALL_DO_STRIP=1 -P /home/tim911004/.llvm-project/stage1_build/cmake_install.cmake
-- Install configuration: "Release"
-- Installing: /tmp/tmp.R4DfmRPr45/llvm/lib/libLLVMX86Info.a
[4517/4598] cd /home/tim911004/.llvm-project/stage1_build/lib/Target/XCore && /home/tim911004/miniconda3/envs/cuda-quantum/lib/python3.10/site-packages/cmake/data/bin/cmake -DCMAKE_INSTALL_COMPONENT="LLVMXCoreCodeGen" -DCMAKE_INSTALL_DO_STRIP=1 -P /home/tim911004/.llvm-project/stage1_build/cmake_install.cmake
-- Install configuration: "Release"
-- Installing: /tmp/tmp.R4DfmRPr45/llvm/lib/libLLVMXCoreCodeGen.a
[4518/4598] cd /home/tim911004/.llvm-project/stage1_build/lib/Target/XCore/Disassembler && /home/tim911004/miniconda3/envs/cuda-quantum/lib/python3.10/site-packages/cmake/data/bin/cmake -DCMAKE_INSTALL_COMPONENT="LLVMXCoreDisassembler" -DCMAKE_INSTALL_DO_STRIP=1 -P /home/tim911004/.llvm-project/stage1_build/cmake_install.cmake
-- Install configuration: "Release"
-- Installing: /tmp/tmp.R4DfmRPr45/llvm/lib/libLLVMXCoreDisassembler.a
[4519/4598] cd /home/tim911004/.llvm-project/stage1_build/lib/Target/XCore/MCTargetDesc && /home/tim911004/miniconda3/envs/cuda-quantum/lib/python3.10/site-packages/cmake/data/bin/cmake -DCMAKE_INSTALL_COMPONENT="LLVMXCoreDesc" -DCMAKE_INSTALL_DO_STRIP=1 -P /home/tim911004/.llvm-project/stage1_build/cmake_install.cmake
-- Install configuration: "Release"
-- Installing: /tmp/tmp.R4DfmRPr45/llvm/lib/libLLVMXCoreDesc.a
[4520/4598] cd /home/tim911004/.llvm-project/stage1_build/lib/Target/XCore/TargetInfo && /home/tim911004/miniconda3/envs/cuda-quantum/lib/python3.10/site-packages/cmake/data/bin/cmake -DCMAKE_INSTALL_COMPONENT="LLVMXCoreInfo" -DCMAKE_INSTALL_DO_STRIP=1 -P /home/tim911004/.llvm-project/stage1_build/cmake_install.cmake
-- Install configuration: "Release"
-- Installing: /tmp/tmp.R4DfmRPr45/llvm/lib/libLLVMXCoreInfo.a
[4521/4598] cd /home/tim911004/.llvm-project/stage1_build/lib/AsmParser && /home/tim911004/miniconda3/envs/cuda-quantum/lib/python3.10/site-packages/cmake/data/bin/cmake -DCMAKE_INSTALL_COMPONENT="LLVMAsmParser" -DCMAKE_INSTALL_DO_STRIP=1 -P /home/tim911004/.llvm-project/stage1_build/cmake_install.cmake
-- Install configuration: "Release"
-- Installing: /tmp/tmp.R4DfmRPr45/llvm/lib/libLLVMAsmParser.a
[4522/4598] cd /home/tim911004/.llvm-project/stage1_build/lib/ProfileData && /home/tim911004/miniconda3/envs/cuda-quantum/lib/python3.10/site-packages/cmake/data/bin/cmake -DCMAKE_INSTALL_COMPONENT="LLVMProfileData" -DCMAKE_INSTALL_DO_STRIP=1 -P /home/tim911004/.llvm-project/stage1_build/cmake_install.cmake
-- Install configuration: "Release"
-- Installing: /tmp/tmp.R4DfmRPr45/llvm/lib/libLLVMProfileData.a
[4523/4598] cd /home/tim911004/.llvm-project/stage1_build/lib/ProfileData/Coverage && /home/tim911004/miniconda3/envs/cuda-quantum/lib/python3.10/site-packages/cmake/data/bin/cmake -DCMAKE_INSTALL_COMPONENT="LLVMCoverage" -DCMAKE_INSTALL_DO_STRIP=1 -P /home/tim911004/.llvm-project/stage1_build/cmake_install.cmake
-- Install configuration: "Release"
-- Installing: /tmp/tmp.R4DfmRPr45/llvm/lib/libLLVMCoverage.a
[4524/4598] cd /home/tim911004/.llvm-project/stage1_build/lib/Passes && /home/tim911004/miniconda3/envs/cuda-quantum/lib/python3.10/site-packages/cmake/data/bin/cmake -DCMAKE_INSTALL_COMPONENT="LLVMPasses" -DCMAKE_INSTALL_DO_STRIP=1 -P /home/tim911004/.llvm-project/stage1_build/cmake_install.cmake
-- Install configuration: "Release"
-- Installing: /tmp/tmp.R4DfmRPr45/llvm/lib/libLLVMPasses.a
[4525/4598] cd /home/tim911004/.llvm-project/stage1_build/lib/TextAPI && /home/tim911004/miniconda3/envs/cuda-quantum/lib/python3.10/site-packages/cmake/data/bin/cmake -DCMAKE_INSTALL_COMPONENT="LLVMTextAPI" -DCMAKE_INSTALL_DO_STRIP=1 -P /home/tim911004/.llvm-project/stage1_build/cmake_install.cmake
-- Install configuration: "Release"
-- Installing: /tmp/tmp.R4DfmRPr45/llvm/lib/libLLVMTextAPI.a
[4526/4598] cd /home/tim911004/.llvm-project/stage1_build/lib/ToolDrivers/llvm-dlltool && /home/tim911004/miniconda3/envs/cuda-quantum/lib/python3.10/site-packages/cmake/data/bin/cmake -DCMAKE_INSTALL_COMPONENT="LLVMDlltoolDriver" -DCMAKE_INSTALL_DO_STRIP=1 -P /home/tim911004/.llvm-project/stage1_build/cmake_install.cmake
-- Install configuration: "Release"
-- Installing: /tmp/tmp.R4DfmRPr45/llvm/lib/libLLVMDlltoolDriver.a
[4527/4598] cd /home/tim911004/.llvm-project/stage1_build/lib/ToolDrivers/llvm-lib && /home/tim911004/miniconda3/envs/cuda-quantum/lib/python3.10/site-packages/cmake/data/bin/cmake -DCMAKE_INSTALL_COMPONENT="LLVMLibDriver" -DCMAKE_INSTALL_DO_STRIP=1 -P /home/tim911004/.llvm-project/stage1_build/cmake_install.cmake
-- Install configuration: "Release"
-- Installing: /tmp/tmp.R4DfmRPr45/llvm/lib/libLLVMLibDriver.a
[4528/4598] cd /home/tim911004/.llvm-project/stage1_build/lib/XRay && /home/tim911004/miniconda3/envs/cuda-quantum/lib/python3.10/site-packages/cmake/data/bin/cmake -DCMAKE_INSTALL_COMPONENT="LLVMXRay" -DCMAKE_INSTALL_DO_STRIP=1 -P /home/tim911004/.llvm-project/stage1_build/cmake_install.cmake
-- Install configuration: "Release"
-- Installing: /tmp/tmp.R4DfmRPr45/llvm/lib/libLLVMXRay.a
[4529/4598] cd /home/tim911004/.llvm-project/stage1_build/lib/WindowsDriver && /home/tim911004/miniconda3/envs/cuda-quantum/lib/python3.10/site-packages/cmake/data/bin/cmake -DCMAKE_INSTALL_COMPONENT="LLVMWindowsDriver" -DCMAKE_INSTALL_DO_STRIP=1 -P /home/tim911004/.llvm-project/stage1_build/cmake_install.cmake
-- Install configuration: "Release"
-- Installing: /tmp/tmp.R4DfmRPr45/llvm/lib/libLLVMWindowsDriver.a
[4530/4598] cd /home/tim911004/.llvm-project/stage1_build/tools/lto && /home/tim911004/miniconda3/envs/cuda-quantum/lib/python3.10/site-packages/cmake/data/bin/cmake -DCMAKE_INSTALL_COMPONENT="LTO" -DCMAKE_INSTALL_DO_STRIP=1 -P /home/tim911004/.llvm-project/stage1_build/cmake_install.cmake
-- Install configuration: "Release"
-- Installing: /tmp/tmp.R4DfmRPr45/llvm/lib/libLTO.so.16
-- Set non-toolchain portion of runtime path of "/tmp/tmp.R4DfmRPr45/llvm/lib/libLTO.so.16" to "$ORIGIN:$ORIGIN/../lib:$ORIGIN/x86_64-unknown-linux-gnu:$ORIGIN/lib/x86_64-unknown-linux-gnu:$ORIGIN/../lib/x86_64-unknown-linux-gnu"
-- Installing: /tmp/tmp.R4DfmRPr45/llvm/lib/libLTO.so
-- Installing: /tmp/tmp.R4DfmRPr45/llvm/include/llvm-c/lto.h
[4531/4598] cd /home/tim911004/.llvm-project/stage1_build/tools/clang/lib/Basic && /home/tim911004/miniconda3/envs/cuda-quantum/lib/python3.10/site-packages/cmake/data/bin/cmake -DCMAKE_INSTALL_COMPONENT="clangBasic" -DCMAKE_INSTALL_DO_STRIP=1 -P /home/tim911004/.llvm-project/stage1_build/cmake_install.cmake
-- Install configuration: "Release"
-- Installing: /tmp/tmp.R4DfmRPr45/llvm/lib/libclangBasic.a
[4532/4598] cd /home/tim911004/.llvm-project/stage1_build/tools/clang/lib/APINotes && /home/tim911004/miniconda3/envs/cuda-quantum/lib/python3.10/site-packages/cmake/data/bin/cmake -DCMAKE_INSTALL_COMPONENT="clangAPINotes" -DCMAKE_INSTALL_DO_STRIP=1 -P /home/tim911004/.llvm-project/stage1_build/cmake_install.cmake
-- Install configuration: "Release"
-- Installing: /tmp/tmp.R4DfmRPr45/llvm/lib/libclangAPINotes.a
[4533/4598] cd /home/tim911004/.llvm-project/stage1_build/tools/clang/lib/Lex && /home/tim911004/miniconda3/envs/cuda-quantum/lib/python3.10/site-packages/cmake/data/bin/cmake -DCMAKE_INSTALL_COMPONENT="clangLex" -DCMAKE_INSTALL_DO_STRIP=1 -P /home/tim911004/.llvm-project/stage1_build/cmake_install.cmake
-- Install configuration: "Release"
-- Installing: /tmp/tmp.R4DfmRPr45/llvm/lib/libclangLex.a
[4534/4598] cd /home/tim911004/.llvm-project/stage1_build/tools/clang/lib/Parse && /home/tim911004/miniconda3/envs/cuda-quantum/lib/python3.10/site-packages/cmake/data/bin/cmake -DCMAKE_INSTALL_COMPONENT="clangParse" -DCMAKE_INSTALL_DO_STRIP=1 -P /home/tim911004/.llvm-project/stage1_build/cmake_install.cmake
-- Install configuration: "Release"
-- Installing: /tmp/tmp.R4DfmRPr45/llvm/lib/libclangParse.a
[4535/4598] cd /home/tim911004/.llvm-project/stage1_build/tools/clang/lib/AST && /home/tim911004/miniconda3/envs/cuda-quantum/lib/python3.10/site-packages/cmake/data/bin/cmake -DCMAKE_INSTALL_COMPONENT="clangAST" -DCMAKE_INSTALL_DO_STRIP=1 -P /home/tim911004/.llvm-project/stage1_build/cmake_install.cmake
-- Install configuration: "Release"
-- Installing: /tmp/tmp.R4DfmRPr45/llvm/lib/libclangAST.a
[4536/4598] cd /home/tim911004/.llvm-project/stage1_build/tools/clang/lib/ASTMatchers && /home/tim911004/miniconda3/envs/cuda-quantum/lib/python3.10/site-packages/cmake/data/bin/cmake -DCMAKE_INSTALL_COMPONENT="clangASTMatchers" -DCMAKE_INSTALL_DO_STRIP=1 -P /home/tim911004/.llvm-project/stage1_build/cmake_install.cmake
-- Install configuration: "Release"
-- Installing: /tmp/tmp.R4DfmRPr45/llvm/lib/libclangASTMatchers.a
[4537/4598] cd /home/tim911004/.llvm-project/stage1_build/tools/clang/lib/ASTMatchers/Dynamic && /home/tim911004/miniconda3/envs/cuda-quantum/lib/python3.10/site-packages/cmake/data/bin/cmake -DCMAKE_INSTALL_COMPONENT="clangDynamicASTMatchers" -DCMAKE_INSTALL_DO_STRIP=1 -P /home/tim911004/.llvm-project/stage1_build/cmake_install.cmake
-- Install configuration: "Release"
-- Installing: /tmp/tmp.R4DfmRPr45/llvm/lib/libclangDynamicASTMatchers.a
[4538/4598] cd /home/tim911004/.llvm-project/stage1_build/tools/clang/lib/CrossTU && /home/tim911004/miniconda3/envs/cuda-quantum/lib/python3.10/site-packages/cmake/data/bin/cmake -DCMAKE_INSTALL_COMPONENT="clangCrossTU" -DCMAKE_INSTALL_DO_STRIP=1 -P /home/tim911004/.llvm-project/stage1_build/cmake_install.cmake
-- Install configuration: "Release"
-- Installing: /tmp/tmp.R4DfmRPr45/llvm/lib/libclangCrossTU.a
[4539/4598] cd /home/tim911004/.llvm-project/stage1_build/tools/clang/lib/Sema && /home/tim911004/miniconda3/envs/cuda-quantum/lib/python3.10/site-packages/cmake/data/bin/cmake -DCMAKE_INSTALL_COMPONENT="clangSema" -DCMAKE_INSTALL_DO_STRIP=1 -P /home/tim911004/.llvm-project/stage1_build/cmake_install.cmake
-- Install configuration: "Release"
-- Installing: /tmp/tmp.R4DfmRPr45/llvm/lib/libclangSema.a
[4540/4598] cd /home/tim911004/.llvm-project/stage1_build/tools/clang/lib/CodeGen && /home/tim911004/miniconda3/envs/cuda-quantum/lib/python3.10/site-packages/cmake/data/bin/cmake -DCMAKE_INSTALL_COMPONENT="clangCodeGen" -DCMAKE_INSTALL_DO_STRIP=1 -P /home/tim911004/.llvm-project/stage1_build/cmake_install.cmake
-- Install configuration: "Release"
-- Installing: /tmp/tmp.R4DfmRPr45/llvm/lib/libclangCodeGen.a
[4541/4598] cd /home/tim911004/.llvm-project/stage1_build/tools/clang/lib/Analysis && /home/tim911004/miniconda3/envs/cuda-quantum/lib/python3.10/site-packages/cmake/data/bin/cmake -DCMAKE_INSTALL_COMPONENT="clangAnalysis" -DCMAKE_INSTALL_DO_STRIP=1 -P /home/tim911004/.llvm-project/stage1_build/cmake_install.cmake
-- Install configuration: "Release"
-- Installing: /tmp/tmp.R4DfmRPr45/llvm/lib/libclangAnalysis.a
[4542/4598] cd /home/tim911004/.llvm-project/stage1_build/tools/clang/lib/Analysis/FlowSensitive && /home/tim911004/miniconda3/envs/cuda-quantum/lib/python3.10/site-packages/cmake/data/bin/cmake -DCMAKE_INSTALL_COMPONENT="clangAnalysisFlowSensitive" -DCMAKE_INSTALL_DO_STRIP=1 -P /home/tim911004/.llvm-project/stage1_build/cmake_install.cmake
-- Install configuration: "Release"
-- Installing: /tmp/tmp.R4DfmRPr45/llvm/lib/libclangAnalysisFlowSensitive.a
[4543/4598] cd /home/tim911004/.llvm-project/stage1_build/tools/clang/lib/Analysis/FlowSensitive/Models && /home/tim911004/miniconda3/envs/cuda-quantum/lib/python3.10/site-packages/cmake/data/bin/cmake -DCMAKE_INSTALL_COMPONENT="clangAnalysisFlowSensitiveModels" -DCMAKE_INSTALL_DO_STRIP=1 -P /home/tim911004/.llvm-project/stage1_build/cmake_install.cmake
-- Install configuration: "Release"
-- Installing: /tmp/tmp.R4DfmRPr45/llvm/lib/libclangAnalysisFlowSensitiveModels.a
[4544/4598] cd /home/tim911004/.llvm-project/stage1_build/tools/clang/lib/Edit && /home/tim911004/miniconda3/envs/cuda-quantum/lib/python3.10/site-packages/cmake/data/bin/cmake -DCMAKE_INSTALL_COMPONENT="clangEdit" -DCMAKE_INSTALL_DO_STRIP=1 -P /home/tim911004/.llvm-project/stage1_build/cmake_install.cmake
-- Install configuration: "Release"
-- Installing: /tmp/tmp.R4DfmRPr45/llvm/lib/libclangEdit.a
[4545/4598] cd /home/tim911004/.llvm-project/stage1_build/tools/clang/lib/ExtractAPI && /home/tim911004/miniconda3/envs/cuda-quantum/lib/python3.10/site-packages/cmake/data/bin/cmake -DCMAKE_INSTALL_COMPONENT="clangExtractAPI" -DCMAKE_INSTALL_DO_STRIP=1 -P /home/tim911004/.llvm-project/stage1_build/cmake_install.cmake
-- Install configuration: "Release"
-- Installing: /tmp/tmp.R4DfmRPr45/llvm/lib/libclangExtractAPI.a
[4546/4598] cd /home/tim911004/.llvm-project/stage1_build/tools/clang/lib/Rewrite && /home/tim911004/miniconda3/envs/cuda-quantum/lib/python3.10/site-packages/cmake/data/bin/cmake -DCMAKE_INSTALL_COMPONENT="clangRewrite" -DCMAKE_INSTALL_DO_STRIP=1 -P /home/tim911004/.llvm-project/stage1_build/cmake_install.cmake
-- Install configuration: "Release"
-- Installing: /tmp/tmp.R4DfmRPr45/llvm/lib/libclangRewrite.a
[4547/4598] cd /home/tim911004/.llvm-project/stage1_build/tools/clang/lib/ARCMigrate && /home/tim911004/miniconda3/envs/cuda-quantum/lib/python3.10/site-packages/cmake/data/bin/cmake -DCMAKE_INSTALL_COMPONENT="clangARCMigrate" -DCMAKE_INSTALL_DO_STRIP=1 -P /home/tim911004/.llvm-project/stage1_build/cmake_install.cmake
-- Install configuration: "Release"
-- Installing: /tmp/tmp.R4DfmRPr45/llvm/lib/libclangARCMigrate.a
[4548/4598] cd /home/tim911004/.llvm-project/stage1_build/tools/clang/lib/Driver && /home/tim911004/miniconda3/envs/cuda-quantum/lib/python3.10/site-packages/cmake/data/bin/cmake -DCMAKE_INSTALL_COMPONENT="clangDriver" -DCMAKE_INSTALL_DO_STRIP=1 -P /home/tim911004/.llvm-project/stage1_build/cmake_install.cmake
-- Install configuration: "Release"
-- Installing: /tmp/tmp.R4DfmRPr45/llvm/lib/libclangDriver.a
[4549/4598] cd /home/tim911004/.llvm-project/stage1_build/tools/clang/lib/Serialization && /home/tim911004/miniconda3/envs/cuda-quantum/lib/python3.10/site-packages/cmake/data/bin/cmake -DCMAKE_INSTALL_COMPONENT="clangSerialization" -DCMAKE_INSTALL_DO_STRIP=1 -P /home/tim911004/.llvm-project/stage1_build/cmake_install.cmake
-- Install configuration: "Release"
-- Installing: /tmp/tmp.R4DfmRPr45/llvm/lib/libclangSerialization.a
[4550/4598] cd /home/tim911004/.llvm-project/stage1_build/tools/clang/lib/Frontend && /home/tim911004/miniconda3/envs/cuda-quantum/lib/python3.10/site-packages/cmake/data/bin/cmake -DCMAKE_INSTALL_COMPONENT="clangFrontend" -DCMAKE_INSTALL_DO_STRIP=1 -P /home/tim911004/.llvm-project/stage1_build/cmake_install.cmake
-- Install configuration: "Release"
-- Installing: /tmp/tmp.R4DfmRPr45/llvm/lib/libclangFrontend.a
[4551/4598] cd /home/tim911004/.llvm-project/stage1_build/tools/clang/lib/Frontend/Rewrite && /home/tim911004/miniconda3/envs/cuda-quantum/lib/python3.10/site-packages/cmake/data/bin/cmake -DCMAKE_INSTALL_COMPONENT="clangRewriteFrontend" -DCMAKE_INSTALL_DO_STRIP=1 -P /home/tim911004/.llvm-project/stage1_build/cmake_install.cmake
-- Install configuration: "Release"
-- Installing: /tmp/tmp.R4DfmRPr45/llvm/lib/libclangRewriteFrontend.a
[4552/4598] cd /home/tim911004/.llvm-project/stage1_build/tools/clang/lib/FrontendTool && /home/tim911004/miniconda3/envs/cuda-quantum/lib/python3.10/site-packages/cmake/data/bin/cmake -DCMAKE_INSTALL_COMPONENT="clangFrontendTool" -DCMAKE_INSTALL_DO_STRIP=1 -P /home/tim911004/.llvm-project/stage1_build/cmake_install.cmake
-- Install configuration: "Release"
-- Installing: /tmp/tmp.R4DfmRPr45/llvm/lib/libclangFrontendTool.a
[4553/4598] cd /home/tim911004/.llvm-project/stage1_build/tools/clang/lib/Tooling && /home/tim911004/miniconda3/envs/cuda-quantum/lib/python3.10/site-packages/cmake/data/bin/cmake -DCMAKE_INSTALL_COMPONENT="clangTooling" -DCMAKE_INSTALL_DO_STRIP=1 -P /home/tim911004/.llvm-project/stage1_build/cmake_install.cmake
-- Install configuration: "Release"
-- Installing: /tmp/tmp.R4DfmRPr45/llvm/lib/libclangTooling.a
[4554/4598] cd /home/tim911004/.llvm-project/stage1_build/tools/clang/lib/Tooling/Core && /home/tim911004/miniconda3/envs/cuda-quantum/lib/python3.10/site-packages/cmake/data/bin/cmake -DCMAKE_INSTALL_COMPONENT="clangToolingCore" -DCMAKE_INSTALL_DO_STRIP=1 -P /home/tim911004/.llvm-project/stage1_build/cmake_install.cmake
-- Install configuration: "Release"
-- Installing: /tmp/tmp.R4DfmRPr45/llvm/lib/libclangToolingCore.a
[4555/4598] cd /home/tim911004/.llvm-project/stage1_build/tools/clang/lib/Tooling/Inclusions && /home/tim911004/miniconda3/envs/cuda-quantum/lib/python3.10/site-packages/cmake/data/bin/cmake -DCMAKE_INSTALL_COMPONENT="clangToolingInclusions" -DCMAKE_INSTALL_DO_STRIP=1 -P /home/tim911004/.llvm-project/stage1_build/cmake_install.cmake
-- Install configuration: "Release"
-- Installing: /tmp/tmp.R4DfmRPr45/llvm/lib/libclangToolingInclusions.a
[4556/4598] cd /home/tim911004/.llvm-project/stage1_build/tools/clang/lib/Tooling/Inclusions/Stdlib && /home/tim911004/miniconda3/envs/cuda-quantum/lib/python3.10/site-packages/cmake/data/bin/cmake -DCMAKE_INSTALL_COMPONENT="clangToolingInclusionsStdlib" -DCMAKE_INSTALL_DO_STRIP=1 -P /home/tim911004/.llvm-project/stage1_build/cmake_install.cmake
-- Install configuration: "Release"
-- Installing: /tmp/tmp.R4DfmRPr45/llvm/lib/libclangToolingInclusionsStdlib.a
[4557/4598] cd /home/tim911004/.llvm-project/stage1_build/tools/clang/lib/Tooling/Refactoring && /home/tim911004/miniconda3/envs/cuda-quantum/lib/python3.10/site-packages/cmake/data/bin/cmake -DCMAKE_INSTALL_COMPONENT="clangToolingRefactoring" -DCMAKE_INSTALL_DO_STRIP=1 -P /home/tim911004/.llvm-project/stage1_build/cmake_install.cmake
-- Install configuration: "Release"
-- Installing: /tmp/tmp.R4DfmRPr45/llvm/lib/libclangToolingRefactoring.a
[4558/4598] cd /home/tim911004/.llvm-project/stage1_build/tools/clang/lib/Tooling/ASTDiff && /home/tim911004/miniconda3/envs/cuda-quantum/lib/python3.10/site-packages/cmake/data/bin/cmake -DCMAKE_INSTALL_COMPONENT="clangToolingASTDiff" -DCMAKE_INSTALL_DO_STRIP=1 -P /home/tim911004/.llvm-project/stage1_build/cmake_install.cmake
-- Install configuration: "Release"
-- Installing: /tmp/tmp.R4DfmRPr45/llvm/lib/libclangToolingASTDiff.a
[4559/4598] cd /home/tim911004/.llvm-project/stage1_build/tools/clang/lib/Tooling/Syntax && /home/tim911004/miniconda3/envs/cuda-quantum/lib/python3.10/site-packages/cmake/data/bin/cmake -DCMAKE_INSTALL_COMPONENT="clangToolingSyntax" -DCMAKE_INSTALL_DO_STRIP=1 -P /home/tim911004/.llvm-project/stage1_build/cmake_install.cmake
-- Install configuration: "Release"
-- Installing: /tmp/tmp.R4DfmRPr45/llvm/lib/libclangToolingSyntax.a
[4560/4598] cd /home/tim911004/.llvm-project/stage1_build/tools/clang/lib/Tooling/DependencyScanning && /home/tim911004/miniconda3/envs/cuda-quantum/lib/python3.10/site-packages/cmake/data/bin/cmake -DCMAKE_INSTALL_COMPONENT="clangDependencyScanning" -DCMAKE_INSTALL_DO_STRIP=1 -P /home/tim911004/.llvm-project/stage1_build/cmake_install.cmake
-- Install configuration: "Release"
-- Installing: /tmp/tmp.R4DfmRPr45/llvm/lib/libclangDependencyScanning.a
[4561/4598] cd /home/tim911004/.llvm-project/stage1_build/tools/clang/lib/Tooling/Transformer && /home/tim911004/miniconda3/envs/cuda-quantum/lib/python3.10/site-packages/cmake/data/bin/cmake -DCMAKE_INSTALL_COMPONENT="clangTransformer" -DCMAKE_INSTALL_DO_STRIP=1 -P /home/tim911004/.llvm-project/stage1_build/cmake_install.cmake
-- Install configuration: "Release"
-- Installing: /tmp/tmp.R4DfmRPr45/llvm/lib/libclangTransformer.a
[4562/4598] cd /home/tim911004/.llvm-project/stage1_build/tools/clang/lib/DirectoryWatcher && /home/tim911004/miniconda3/envs/cuda-quantum/lib/python3.10/site-packages/cmake/data/bin/cmake -DCMAKE_INSTALL_COMPONENT="clangDirectoryWatcher" -DCMAKE_INSTALL_DO_STRIP=1 -P /home/tim911004/.llvm-project/stage1_build/cmake_install.cmake
-- Install configuration: "Release"
-- Installing: /tmp/tmp.R4DfmRPr45/llvm/lib/libclangDirectoryWatcher.a
[4563/4598] cd /home/tim911004/.llvm-project/stage1_build/tools/clang/lib/Index && /home/tim911004/miniconda3/envs/cuda-quantum/lib/python3.10/site-packages/cmake/data/bin/cmake -DCMAKE_INSTALL_COMPONENT="clangIndex" -DCMAKE_INSTALL_DO_STRIP=1 -P /home/tim911004/.llvm-project/stage1_build/cmake_install.cmake
-- Install configuration: "Release"
-- Installing: /tmp/tmp.R4DfmRPr45/llvm/lib/libclangIndex.a
[4564/4598] cd /home/tim911004/.llvm-project/stage1_build/tools/clang/lib/IndexSerialization && /home/tim911004/miniconda3/envs/cuda-quantum/lib/python3.10/site-packages/cmake/data/bin/cmake -DCMAKE_INSTALL_COMPONENT="clangIndexSerialization" -DCMAKE_INSTALL_DO_STRIP=1 -P /home/tim911004/.llvm-project/stage1_build/cmake_install.cmake
-- Install configuration: "Release"
-- Installing: /tmp/tmp.R4DfmRPr45/llvm/lib/libclangIndexSerialization.a
[4565/4598] cd /home/tim911004/.llvm-project/stage1_build/tools/clang/lib/StaticAnalyzer/Core && /home/tim911004/miniconda3/envs/cuda-quantum/lib/python3.10/site-packages/cmake/data/bin/cmake -DCMAKE_INSTALL_COMPONENT="clangStaticAnalyzerCore" -DCMAKE_INSTALL_DO_STRIP=1 -P /home/tim911004/.llvm-project/stage1_build/cmake_install.cmake
-- Install configuration: "Release"
-- Installing: /tmp/tmp.R4DfmRPr45/llvm/lib/libclangStaticAnalyzerCore.a
[4566/4598] cd /home/tim911004/.llvm-project/stage1_build/tools/clang/lib/StaticAnalyzer/Checkers && /home/tim911004/miniconda3/envs/cuda-quantum/lib/python3.10/site-packages/cmake/data/bin/cmake -DCMAKE_INSTALL_COMPONENT="clangStaticAnalyzerCheckers" -DCMAKE_INSTALL_DO_STRIP=1 -P /home/tim911004/.llvm-project/stage1_build/cmake_install.cmake
-- Install configuration: "Release"
-- Installing: /tmp/tmp.R4DfmRPr45/llvm/lib/libclangStaticAnalyzerCheckers.a
[4567/4598] cd /home/tim911004/.llvm-project/stage1_build/tools/clang/lib/StaticAnalyzer/Frontend && /home/tim911004/miniconda3/envs/cuda-quantum/lib/python3.10/site-packages/cmake/data/bin/cmake -DCMAKE_INSTALL_COMPONENT="clangStaticAnalyzerFrontend" -DCMAKE_INSTALL_DO_STRIP=1 -P /home/tim911004/.llvm-project/stage1_build/cmake_install.cmake
-- Install configuration: "Release"
-- Installing: /tmp/tmp.R4DfmRPr45/llvm/lib/libclangStaticAnalyzerFrontend.a
[4568/4598] cd /home/tim911004/.llvm-project/stage1_build/tools/clang/lib/Format && /home/tim911004/miniconda3/envs/cuda-quantum/lib/python3.10/site-packages/cmake/data/bin/cmake -DCMAKE_INSTALL_COMPONENT="clangFormat" -DCMAKE_INSTALL_DO_STRIP=1 -P /home/tim911004/.llvm-project/stage1_build/cmake_install.cmake
-- Install configuration: "Release"
-- Installing: /tmp/tmp.R4DfmRPr45/llvm/lib/libclangFormat.a
[4569/4598] cd /home/tim911004/.llvm-project/stage1_build/tools/clang/lib/Interpreter && /home/tim911004/miniconda3/envs/cuda-quantum/lib/python3.10/site-packages/cmake/data/bin/cmake -DCMAKE_INSTALL_COMPONENT="clangInterpreter" -DCMAKE_INSTALL_DO_STRIP=1 -P /home/tim911004/.llvm-project/stage1_build/cmake_install.cmake
-- Install configuration: "Release"
-- Installing: /tmp/tmp.R4DfmRPr45/llvm/lib/libclangInterpreter.a
[4570/4598] cd /home/tim911004/.llvm-project/stage1_build/tools/clang/tools/clang-fuzzer/handle-cxx && /home/tim911004/miniconda3/envs/cuda-quantum/lib/python3.10/site-packages/cmake/data/bin/cmake -DCMAKE_INSTALL_COMPONENT="clangHandleCXX" -DCMAKE_INSTALL_DO_STRIP=1 -P /home/tim911004/.llvm-project/stage1_build/cmake_install.cmake
-- Install configuration: "Release"
-- Installing: /tmp/tmp.R4DfmRPr45/llvm/lib/libclangHandleCXX.a
[4571/4598] cd /home/tim911004/.llvm-project/stage1_build/tools/clang/tools/clang-fuzzer/handle-llvm && /home/tim911004/miniconda3/envs/cuda-quantum/lib/python3.10/site-packages/cmake/data/bin/cmake -DCMAKE_INSTALL_COMPONENT="clangHandleLLVM" -DCMAKE_INSTALL_DO_STRIP=1 -P /home/tim911004/.llvm-project/stage1_build/cmake_install.cmake
-- Install configuration: "Release"
-- Installing: /tmp/tmp.R4DfmRPr45/llvm/lib/libclangHandleLLVM.a
[4572/4598] cd /home/tim911004/.llvm-project/stage1_build/tools/clang/tools/clang-shlib && /home/tim911004/miniconda3/envs/cuda-quantum/lib/python3.10/site-packages/cmake/data/bin/cmake -DCMAKE_INSTALL_COMPONENT="clang-cpp" -DCMAKE_INSTALL_DO_STRIP=1 -P /home/tim911004/.llvm-project/stage1_build/cmake_install.cmake
-- Install configuration: "Release"
-- Installing: /tmp/tmp.R4DfmRPr45/llvm/lib/libclang-cpp.so.16
-- Set non-toolchain portion of runtime path of "/tmp/tmp.R4DfmRPr45/llvm/lib/libclang-cpp.so.16" to "$ORIGIN:$ORIGIN/../lib:$ORIGIN/x86_64-unknown-linux-gnu:$ORIGIN/lib/x86_64-unknown-linux-gnu:$ORIGIN/../lib/x86_64-unknown-linux-gnu"
-- Installing: /tmp/tmp.R4DfmRPr45/llvm/lib/libclang-cpp.so
[4573/4598] cd /home/tim911004/.llvm-project/stage1_build/tools/clang/tools/libclang && /home/tim911004/miniconda3/envs/cuda-quantum/lib/python3.10/site-packages/cmake/data/bin/cmake -DCMAKE_INSTALL_COMPONENT="libclang" -DCMAKE_INSTALL_DO_STRIP=1 -P /home/tim911004/.llvm-project/stage1_build/cmake_install.cmake
-- Install configuration: "Release"
-- Installing: /tmp/tmp.R4DfmRPr45/llvm/lib/libclang.so.16.0.6
-- Installing: /tmp/tmp.R4DfmRPr45/llvm/lib/libclang.so.16
-- Set non-toolchain portion of runtime path of "/tmp/tmp.R4DfmRPr45/llvm/lib/libclang.so.16.0.6" to "$ORIGIN:$ORIGIN/../lib:$ORIGIN/x86_64-unknown-linux-gnu:$ORIGIN/lib/x86_64-unknown-linux-gnu:$ORIGIN/../lib/x86_64-unknown-linux-gnu"
-- Installing: /tmp/tmp.R4DfmRPr45/llvm/lib/libclang.so
[4574/4598] cd /home/tim911004/.llvm-project/stage1_build/tools/llvm-cfi-verify/lib && /home/tim911004/miniconda3/envs/cuda-quantum/lib/python3.10/site-packages/cmake/data/bin/cmake -DCMAKE_INSTALL_COMPONENT="LLVMCFIVerify" -DCMAKE_INSTALL_DO_STRIP=1 -P /home/tim911004/.llvm-project/stage1_build/cmake_install.cmake
-- Install configuration: "Release"
-- Installing: /tmp/tmp.R4DfmRPr45/llvm/lib/libLLVMCFIVerify.a
[4575/4598] cd /home/tim911004/.llvm-project/stage1_build/tools/llvm-diff/lib && /home/tim911004/miniconda3/envs/cuda-quantum/lib/python3.10/site-packages/cmake/data/bin/cmake -DCMAKE_INSTALL_COMPONENT="LLVMDiff" -DCMAKE_INSTALL_DO_STRIP=1 -P /home/tim911004/.llvm-project/stage1_build/cmake_install.cmake
-- Install configuration: "Release"
-- Installing: /tmp/tmp.R4DfmRPr45/llvm/lib/libLLVMDiff.a
[4576/4598] cd /home/tim911004/.llvm-project/stage1_build/tools/llvm-exegesis/lib && /home/tim911004/miniconda3/envs/cuda-quantum/lib/python3.10/site-packages/cmake/data/bin/cmake -DCMAKE_INSTALL_COMPONENT="LLVMExegesis" -DCMAKE_INSTALL_DO_STRIP=1 -P /home/tim911004/.llvm-project/stage1_build/cmake_install.cmake
-- Install configuration: "Release"
-- Installing: /tmp/tmp.R4DfmRPr45/llvm/lib/libLLVMExegesis.a
[4577/4598] cd /home/tim911004/.llvm-project/stage1_build/tools/llvm-exegesis/lib/X86 && /home/tim911004/miniconda3/envs/cuda-quantum/lib/python3.10/site-packages/cmake/data/bin/cmake -DCMAKE_INSTALL_COMPONENT="LLVMExegesisX86" -DCMAKE_INSTALL_DO_STRIP=1 -P /home/tim911004/.llvm-project/stage1_build/cmake_install.cmake
-- Install configuration: "Release"
-- Installing: /tmp/tmp.R4DfmRPr45/llvm/lib/libLLVMExegesisX86.a
[4578/4598] cd /home/tim911004/.llvm-project/stage1_build/tools/llvm-exegesis/lib/AArch64 && /home/tim911004/miniconda3/envs/cuda-quantum/lib/python3.10/site-packages/cmake/data/bin/cmake -DCMAKE_INSTALL_COMPONENT="LLVMExegesisAArch64" -DCMAKE_INSTALL_DO_STRIP=1 -P /home/tim911004/.llvm-project/stage1_build/cmake_install.cmake
-- Install configuration: "Release"
-- Installing: /tmp/tmp.R4DfmRPr45/llvm/lib/libLLVMExegesisAArch64.a
[4579/4598] cd /home/tim911004/.llvm-project/stage1_build/tools/llvm-exegesis/lib/PowerPC && /home/tim911004/miniconda3/envs/cuda-quantum/lib/python3.10/site-packages/cmake/data/bin/cmake -DCMAKE_INSTALL_COMPONENT="LLVMExegesisPowerPC" -DCMAKE_INSTALL_DO_STRIP=1 -P /home/tim911004/.llvm-project/stage1_build/cmake_install.cmake
-- Install configuration: "Release"
-- Installing: /tmp/tmp.R4DfmRPr45/llvm/lib/libLLVMExegesisPowerPC.a
[4580/4598] cd /home/tim911004/.llvm-project/stage1_build/tools/llvm-exegesis/lib/Mips && /home/tim911004/miniconda3/envs/cuda-quantum/lib/python3.10/site-packages/cmake/data/bin/cmake -DCMAKE_INSTALL_COMPONENT="LLVMExegesisMips" -DCMAKE_INSTALL_DO_STRIP=1 -P /home/tim911004/.llvm-project/stage1_build/cmake_install.cmake
-- Install configuration: "Release"
-- Installing: /tmp/tmp.R4DfmRPr45/llvm/lib/libLLVMExegesisMips.a
[4581/4598] cd /home/tim911004/.llvm-project/stage1_build/tools/remarks-shlib && /home/tim911004/miniconda3/envs/cuda-quantum/lib/python3.10/site-packages/cmake/data/bin/cmake -DCMAKE_INSTALL_COMPONENT="Remarks" -DCMAKE_INSTALL_DO_STRIP=1 -P /home/tim911004/.llvm-project/stage1_build/cmake_install.cmake
-- Install configuration: "Release"
-- Installing: /tmp/tmp.R4DfmRPr45/llvm/lib/libRemarks.so.16
-- Set non-toolchain portion of runtime path of "/tmp/tmp.R4DfmRPr45/llvm/lib/libRemarks.so.16" to "$ORIGIN:$ORIGIN/../lib:$ORIGIN/x86_64-unknown-linux-gnu:$ORIGIN/lib/x86_64-unknown-linux-gnu:$ORIGIN/../lib/x86_64-unknown-linux-gnu"
-- Installing: /tmp/tmp.R4DfmRPr45/llvm/lib/libRemarks.so
-- Installing: /tmp/tmp.R4DfmRPr45/llvm/include/llvm-c/Remarks.h
[4582/4598] cd /home/tim911004/.llvm-project/stage1_build && /home/tim911004/miniconda3/envs/cuda-quantum/lib/python3.10/site-packages/cmake/data/bin/cmake -DCMAKE_INSTALL_COMPONENT="llvm-headers" -DCMAKE_INSTALL_DO_STRIP=1 -P /home/tim911004/.llvm-project/stage1_build/cmake_install.cmake
-- Install configuration: "Release"
-- Installing: /tmp/tmp.R4DfmRPr45/llvm/include/llvm
-- Installing: /tmp/tmp.R4DfmRPr45/llvm/include/llvm/BinaryFormat
-- Installing: /tmp/tmp.R4DfmRPr45/llvm/include/llvm/BinaryFormat/WasmTraits.h
-- Installing: /tmp/tmp.R4DfmRPr45/llvm/include/llvm/BinaryFormat/GOFF.h
-- Installing: /tmp/tmp.R4DfmRPr45/llvm/include/llvm/BinaryFormat/MsgPack.def
-- Installing: /tmp/tmp.R4DfmRPr45/llvm/include/llvm/BinaryFormat/WasmRelocs.def
-- Installing: /tmp/tmp.R4DfmRPr45/llvm/include/llvm/BinaryFormat/XCOFF.h
-- Installing: /tmp/tmp.R4DfmRPr45/llvm/include/llvm/BinaryFormat/Dwarf.def
-- Installing: /tmp/tmp.R4DfmRPr45/llvm/include/llvm/BinaryFormat/DynamicTags.def
-- Installing: /tmp/tmp.R4DfmRPr45/llvm/include/llvm/BinaryFormat/MachO.h
-- Installing: /tmp/tmp.R4DfmRPr45/llvm/include/llvm/BinaryFormat/DXContainer.h
-- Installing: /tmp/tmp.R4DfmRPr45/llvm/include/llvm/BinaryFormat/MsgPackDocument.h
-- Installing: /tmp/tmp.R4DfmRPr45/llvm/include/llvm/BinaryFormat/MsgPackReader.h
-- Installing: /tmp/tmp.R4DfmRPr45/llvm/include/llvm/BinaryFormat/Wasm.h
-- Installing: /tmp/tmp.R4DfmRPr45/llvm/include/llvm/BinaryFormat/Swift.h
-- Installing: /tmp/tmp.R4DfmRPr45/llvm/include/llvm/BinaryFormat/MinidumpConstants.def
-- Installing: /tmp/tmp.R4DfmRPr45/llvm/include/llvm/BinaryFormat/AMDGPUMetadataVerifier.h
-- Installing: /tmp/tmp.R4DfmRPr45/llvm/include/llvm/BinaryFormat/Magic.h
-- Installing: /tmp/tmp.R4DfmRPr45/llvm/include/llvm/BinaryFormat/MsgPack.h
-- Installing: /tmp/tmp.R4DfmRPr45/llvm/include/llvm/BinaryFormat/DXContainerConstants.def
-- Installing: /tmp/tmp.R4DfmRPr45/llvm/include/llvm/BinaryFormat/ELFRelocs
-- Installing: /tmp/tmp.R4DfmRPr45/llvm/include/llvm/BinaryFormat/ELFRelocs/x86_64.def
-- Installing: /tmp/tmp.R4DfmRPr45/llvm/include/llvm/BinaryFormat/ELFRelocs/RISCV.def
-- Installing: /tmp/tmp.R4DfmRPr45/llvm/include/llvm/BinaryFormat/ELFRelocs/Mips.def
-- Installing: /tmp/tmp.R4DfmRPr45/llvm/include/llvm/BinaryFormat/ELFRelocs/ARM.def
-- Installing: /tmp/tmp.R4DfmRPr45/llvm/include/llvm/BinaryFormat/ELFRelocs/Hexagon.def
-- Installing: /tmp/tmp.R4DfmRPr45/llvm/include/llvm/BinaryFormat/ELFRelocs/PowerPC.def
-- Installing: /tmp/tmp.R4DfmRPr45/llvm/include/llvm/BinaryFormat/ELFRelocs/Sparc.def
-- Installing: /tmp/tmp.R4DfmRPr45/llvm/include/llvm/BinaryFormat/ELFRelocs/VE.def
-- Installing: /tmp/tmp.R4DfmRPr45/llvm/include/llvm/BinaryFormat/ELFRelocs/M68k.def
-- Installing: /tmp/tmp.R4DfmRPr45/llvm/include/llvm/BinaryFormat/ELFRelocs/PowerPC64.def
-- Installing: /tmp/tmp.R4DfmRPr45/llvm/include/llvm/BinaryFormat/ELFRelocs/CSKY.def
-- Installing: /tmp/tmp.R4DfmRPr45/llvm/include/llvm/BinaryFormat/ELFRelocs/AVR.def
-- Installing: /tmp/tmp.R4DfmRPr45/llvm/include/llvm/BinaryFormat/ELFRelocs/BPF.def
-- Installing: /tmp/tmp.R4DfmRPr45/llvm/include/llvm/BinaryFormat/ELFRelocs/i386.def
-- Installing: /tmp/tmp.R4DfmRPr45/llvm/include/llvm/BinaryFormat/ELFRelocs/Lanai.def
-- Installing: /tmp/tmp.R4DfmRPr45/llvm/include/llvm/BinaryFormat/ELFRelocs/Xtensa.def
-- Installing: /tmp/tmp.R4DfmRPr45/llvm/include/llvm/BinaryFormat/ELFRelocs/LoongArch.def
-- Installing: /tmp/tmp.R4DfmRPr45/llvm/include/llvm/BinaryFormat/ELFRelocs/MSP430.def
-- Installing: /tmp/tmp.R4DfmRPr45/llvm/include/llvm/BinaryFormat/ELFRelocs/AMDGPU.def
-- Installing: /tmp/tmp.R4DfmRPr45/llvm/include/llvm/BinaryFormat/ELFRelocs/AArch64.def
-- Installing: /tmp/tmp.R4DfmRPr45/llvm/include/llvm/BinaryFormat/ELFRelocs/SystemZ.def
-- Installing: /tmp/tmp.R4DfmRPr45/llvm/include/llvm/BinaryFormat/ELFRelocs/ARC.def
-- Installing: /tmp/tmp.R4DfmRPr45/llvm/include/llvm/BinaryFormat/MsgPackWriter.h
-- Installing: /tmp/tmp.R4DfmRPr45/llvm/include/llvm/BinaryFormat/Swift.def
-- Installing: /tmp/tmp.R4DfmRPr45/llvm/include/llvm/BinaryFormat/MachO.def
-- Installing: /tmp/tmp.R4DfmRPr45/llvm/include/llvm/BinaryFormat/COFF.h
-- Installing: /tmp/tmp.R4DfmRPr45/llvm/include/llvm/BinaryFormat/ELF.h
-- Installing: /tmp/tmp.R4DfmRPr45/llvm/include/llvm/BinaryFormat/Dwarf.h
-- Installing: /tmp/tmp.R4DfmRPr45/llvm/include/llvm/BinaryFormat/Minidump.h
-- Installing: /tmp/tmp.R4DfmRPr45/llvm/include/llvm/Remarks
-- Installing: /tmp/tmp.R4DfmRPr45/llvm/include/llvm/Remarks/Remark.h
-- Installing: /tmp/tmp.R4DfmRPr45/llvm/include/llvm/Remarks/RemarkFormat.h
-- Installing: /tmp/tmp.R4DfmRPr45/llvm/include/llvm/Remarks/RemarkLinker.h
-- Installing: /tmp/tmp.R4DfmRPr45/llvm/include/llvm/Remarks/RemarkStringTable.h
-- Installing: /tmp/tmp.R4DfmRPr45/llvm/include/llvm/Remarks/BitstreamRemarkContainer.h
-- Installing: /tmp/tmp.R4DfmRPr45/llvm/include/llvm/Remarks/RemarkStreamer.h
-- Installing: /tmp/tmp.R4DfmRPr45/llvm/include/llvm/Remarks/HotnessThresholdParser.h
-- Installing: /tmp/tmp.R4DfmRPr45/llvm/include/llvm/Remarks/BitstreamRemarkSerializer.h
-- Installing: /tmp/tmp.R4DfmRPr45/llvm/include/llvm/Remarks/YAMLRemarkSerializer.h
-- Installing: /tmp/tmp.R4DfmRPr45/llvm/include/llvm/Remarks/RemarkSerializer.h
-- Installing: /tmp/tmp.R4DfmRPr45/llvm/include/llvm/Remarks/BitstreamRemarkParser.h
-- Installing: /tmp/tmp.R4DfmRPr45/llvm/include/llvm/Remarks/RemarkParser.h
-- Installing: /tmp/tmp.R4DfmRPr45/llvm/include/llvm/Debuginfod
-- Installing: /tmp/tmp.R4DfmRPr45/llvm/include/llvm/Debuginfod/Debuginfod.h
-- Installing: /tmp/tmp.R4DfmRPr45/llvm/include/llvm/Debuginfod/HTTPServer.h
-- Installing: /tmp/tmp.R4DfmRPr45/llvm/include/llvm/Debuginfod/BuildIDFetcher.h
-- Installing: /tmp/tmp.R4DfmRPr45/llvm/include/llvm/Debuginfod/HTTPClient.h
-- Installing: /tmp/tmp.R4DfmRPr45/llvm/include/llvm/WindowsManifest
-- Installing: /tmp/tmp.R4DfmRPr45/llvm/include/llvm/WindowsManifest/WindowsManifestMerger.h
-- Installing: /tmp/tmp.R4DfmRPr45/llvm/include/llvm/ProfileData
-- Installing: /tmp/tmp.R4DfmRPr45/llvm/include/llvm/ProfileData/GCOV.h
-- Installing: /tmp/tmp.R4DfmRPr45/llvm/include/llvm/ProfileData/InstrProfWriter.h
-- Installing: /tmp/tmp.R4DfmRPr45/llvm/include/llvm/ProfileData/RawMemProfReader.h
-- Installing: /tmp/tmp.R4DfmRPr45/llvm/include/llvm/ProfileData/InstrProfReader.h
-- Installing: /tmp/tmp.R4DfmRPr45/llvm/include/llvm/ProfileData/InstrProfData.inc
-- Installing: /tmp/tmp.R4DfmRPr45/llvm/include/llvm/ProfileData/ProfileCommon.h
-- Installing: /tmp/tmp.R4DfmRPr45/llvm/include/llvm/ProfileData/SampleProfReader.h
-- Installing: /tmp/tmp.R4DfmRPr45/llvm/include/llvm/ProfileData/SampleProf.h
-- Installing: /tmp/tmp.R4DfmRPr45/llvm/include/llvm/ProfileData/SampleProfWriter.h
-- Installing: /tmp/tmp.R4DfmRPr45/llvm/include/llvm/ProfileData/InstrProf.h
-- Installing: /tmp/tmp.R4DfmRPr45/llvm/include/llvm/ProfileData/Coverage
-- Installing: /tmp/tmp.R4DfmRPr45/llvm/include/llvm/ProfileData/Coverage/CoverageMapping.h
-- Installing: /tmp/tmp.R4DfmRPr45/llvm/include/llvm/ProfileData/Coverage/CoverageMappingReader.h
-- Installing: /tmp/tmp.R4DfmRPr45/llvm/include/llvm/ProfileData/Coverage/CoverageMappingWriter.h
-- Installing: /tmp/tmp.R4DfmRPr45/llvm/include/llvm/ProfileData/MemProfData.inc
-- Installing: /tmp/tmp.R4DfmRPr45/llvm/include/llvm/ProfileData/MIBEntryDef.inc
-- Installing: /tmp/tmp.R4DfmRPr45/llvm/include/llvm/ProfileData/InstrProfCorrelator.h
-- Installing: /tmp/tmp.R4DfmRPr45/llvm/include/llvm/ProfileData/MemProf.h
-- Installing: /tmp/tmp.R4DfmRPr45/llvm/include/llvm/WindowsDriver
-- Installing: /tmp/tmp.R4DfmRPr45/llvm/include/llvm/WindowsDriver/MSVCSetupApi.h
-- Installing: /tmp/tmp.R4DfmRPr45/llvm/include/llvm/WindowsDriver/MSVCPaths.h
-- Installing: /tmp/tmp.R4DfmRPr45/llvm/include/llvm/IRPrinter
-- Installing: /tmp/tmp.R4DfmRPr45/llvm/include/llvm/IRPrinter/IRPrintingPasses.h
-- Installing: /tmp/tmp.R4DfmRPr45/llvm/include/llvm/MC
-- Installing: /tmp/tmp.R4DfmRPr45/llvm/include/llvm/MC/MCWin64EH.h
-- Installing: /tmp/tmp.R4DfmRPr45/llvm/include/llvm/MC/MCDwarf.h
-- Installing: /tmp/tmp.R4DfmRPr45/llvm/include/llvm/MC/MCSymbolXCOFF.h
-- Installing: /tmp/tmp.R4DfmRPr45/llvm/include/llvm/MC/MCWasmStreamer.h
-- Installing: /tmp/tmp.R4DfmRPr45/llvm/include/llvm/MC/MCInstrInfo.h
-- Installing: /tmp/tmp.R4DfmRPr45/llvm/include/llvm/MC/MCDecoderOps.h
-- Installing: /tmp/tmp.R4DfmRPr45/llvm/include/llvm/MC/SubtargetFeature.h
-- Installing: /tmp/tmp.R4DfmRPr45/llvm/include/llvm/MC/MCTargetOptionsCommandFlags.h
-- Installing: /tmp/tmp.R4DfmRPr45/llvm/include/llvm/MC/MCRegister.h
-- Installing: /tmp/tmp.R4DfmRPr45/llvm/include/llvm/MC/MCPseudoProbe.h
-- Installing: /tmp/tmp.R4DfmRPr45/llvm/include/llvm/MC/TargetRegistry.h
-- Installing: /tmp/tmp.R4DfmRPr45/llvm/include/llvm/MC/MCExpr.h
-- Installing: /tmp/tmp.R4DfmRPr45/llvm/include/llvm/MC/MCSymbolMachO.h
-- Installing: /tmp/tmp.R4DfmRPr45/llvm/include/llvm/MC/MCDXContainerStreamer.h
-- Installing: /tmp/tmp.R4DfmRPr45/llvm/include/llvm/MC/MCAsmBackend.h
-- Installing: /tmp/tmp.R4DfmRPr45/llvm/include/llvm/MC/StringTableBuilder.h
-- Installing: /tmp/tmp.R4DfmRPr45/llvm/include/llvm/MC/MCAsmInfoGOFF.h
-- Installing: /tmp/tmp.R4DfmRPr45/llvm/include/llvm/MC/MCCodeView.h
-- Installing: /tmp/tmp.R4DfmRPr45/llvm/include/llvm/MC/MCWinCOFFObjectWriter.h
-- Installing: /tmp/tmp.R4DfmRPr45/llvm/include/llvm/MC/MCLinkerOptimizationHint.h
-- Installing: /tmp/tmp.R4DfmRPr45/llvm/include/llvm/MC/MCRegisterInfo.h
-- Installing: /tmp/tmp.R4DfmRPr45/llvm/include/llvm/MC/MCContext.h
-- Installing: /tmp/tmp.R4DfmRPr45/llvm/include/llvm/MC/MCXCOFFObjectWriter.h
-- Installing: /tmp/tmp.R4DfmRPr45/llvm/include/llvm/MC/MCSymbolGOFF.h
-- Installing: /tmp/tmp.R4DfmRPr45/llvm/include/llvm/MC/MCSectionMachO.h
-- Installing: /tmp/tmp.R4DfmRPr45/llvm/include/llvm/MC/MCAssembler.h
-- Installing: /tmp/tmp.R4DfmRPr45/llvm/include/llvm/MC/MCSectionCOFF.h
-- Installing: /tmp/tmp.R4DfmRPr45/llvm/include/llvm/MC/MCInstPrinter.h
-- Installing: /tmp/tmp.R4DfmRPr45/llvm/include/llvm/MC/MCSymbolCOFF.h
-- Installing: /tmp/tmp.R4DfmRPr45/llvm/include/llvm/MC/MCELFStreamer.h
-- Installing: /tmp/tmp.R4DfmRPr45/llvm/include/llvm/MC/MCWinEH.h
-- Installing: /tmp/tmp.R4DfmRPr45/llvm/include/llvm/MC/MCLabel.h
-- Installing: /tmp/tmp.R4DfmRPr45/llvm/include/llvm/MC/MCInstBuilder.h
-- Installing: /tmp/tmp.R4DfmRPr45/llvm/include/llvm/MC/MCAsmInfo.h
-- Installing: /tmp/tmp.R4DfmRPr45/llvm/include/llvm/MC/MCAsmInfoDarwin.h
-- Installing: /tmp/tmp.R4DfmRPr45/llvm/include/llvm/MC/MCInstrItineraries.h
-- Installing: /tmp/tmp.R4DfmRPr45/llvm/include/llvm/MC/MCSchedule.h
-- Installing: /tmp/tmp.R4DfmRPr45/llvm/include/llvm/MC/MCWinCOFFStreamer.h
-- Installing: /tmp/tmp.R4DfmRPr45/llvm/include/llvm/MC/MCAsmLayout.h
-- Installing: /tmp/tmp.R4DfmRPr45/llvm/include/llvm/MC/LaneBitmask.h
-- Installing: /tmp/tmp.R4DfmRPr45/llvm/include/llvm/MC/MCSPIRVObjectWriter.h
-- Installing: /tmp/tmp.R4DfmRPr45/llvm/include/llvm/MC/MCAsmInfoELF.h
-- Installing: /tmp/tmp.R4DfmRPr45/llvm/include/llvm/MC/MCFixupKindInfo.h
-- Installing: /tmp/tmp.R4DfmRPr45/llvm/include/llvm/MC/MCSectionXCOFF.h
-- Installing: /tmp/tmp.R4DfmRPr45/llvm/include/llvm/MC/MCDisassembler
-- Installing: /tmp/tmp.R4DfmRPr45/llvm/include/llvm/MC/MCDisassembler/MCSymbolizer.h
-- Installing: /tmp/tmp.R4DfmRPr45/llvm/include/llvm/MC/MCDisassembler/MCRelocationInfo.h
-- Installing: /tmp/tmp.R4DfmRPr45/llvm/include/llvm/MC/MCDisassembler/MCDisassembler.h
-- Installing: /tmp/tmp.R4DfmRPr45/llvm/include/llvm/MC/MCDisassembler/MCExternalSymbolizer.h
-- Installing: /tmp/tmp.R4DfmRPr45/llvm/include/llvm/MC/MCInst.h
-- Installing: /tmp/tmp.R4DfmRPr45/llvm/include/llvm/MC/MCAsmMacro.h
-- Installing: /tmp/tmp.R4DfmRPr45/llvm/include/llvm/MC/SectionKind.h
-- Installing: /tmp/tmp.R4DfmRPr45/llvm/include/llvm/MC/MCAsmInfoCOFF.h
-- Installing: /tmp/tmp.R4DfmRPr45/llvm/include/llvm/MC/MCFixup.h
-- Installing: /tmp/tmp.R4DfmRPr45/llvm/include/llvm/MC/MCStreamer.h
-- Installing: /tmp/tmp.R4DfmRPr45/llvm/include/llvm/MC/MCDirectives.h
-- Installing: /tmp/tmp.R4DfmRPr45/llvm/include/llvm/MC/MCFragment.h
-- Installing: /tmp/tmp.R4DfmRPr45/llvm/include/llvm/MC/MCMachObjectWriter.h
-- Installing: /tmp/tmp.R4DfmRPr45/llvm/include/llvm/MC/MCWasmObjectWriter.h
-- Installing: /tmp/tmp.R4DfmRPr45/llvm/include/llvm/MC/ConstantPools.h
-- Installing: /tmp/tmp.R4DfmRPr45/llvm/include/llvm/MC/MCParser
-- Installing: /tmp/tmp.R4DfmRPr45/llvm/include/llvm/MC/MCParser/MCAsmParserUtils.h
-- Installing: /tmp/tmp.R4DfmRPr45/llvm/include/llvm/MC/MCParser/AsmCond.h
-- Installing: /tmp/tmp.R4DfmRPr45/llvm/include/llvm/MC/MCParser/MCAsmLexer.h
-- Installing: /tmp/tmp.R4DfmRPr45/llvm/include/llvm/MC/MCParser/MCAsmParserExtension.h
-- Installing: /tmp/tmp.R4DfmRPr45/llvm/include/llvm/MC/MCParser/AsmLexer.h
-- Installing: /tmp/tmp.R4DfmRPr45/llvm/include/llvm/MC/MCParser/MCAsmParser.h
-- Installing: /tmp/tmp.R4DfmRPr45/llvm/include/llvm/MC/MCParser/MCTargetAsmParser.h
-- Installing: /tmp/tmp.R4DfmRPr45/llvm/include/llvm/MC/MCParser/MCParsedAsmOperand.h
-- Installing: /tmp/tmp.R4DfmRPr45/llvm/include/llvm/MC/MCSectionSPIRV.h
-- Installing: /tmp/tmp.R4DfmRPr45/llvm/include/llvm/MC/MCELFObjectWriter.h
-- Installing: /tmp/tmp.R4DfmRPr45/llvm/include/llvm/MC/MCSubtargetInfo.h
-- Installing: /tmp/tmp.R4DfmRPr45/llvm/include/llvm/MC/MCValue.h
-- Installing: /tmp/tmp.R4DfmRPr45/llvm/include/llvm/MC/MachineLocation.h
-- Installing: /tmp/tmp.R4DfmRPr45/llvm/include/llvm/MC/MCSPIRVStreamer.h
-- Installing: /tmp/tmp.R4DfmRPr45/llvm/include/llvm/MC/MCSectionGOFF.h
-- Installing: /tmp/tmp.R4DfmRPr45/llvm/include/llvm/MC/MCObjectStreamer.h
-- Installing: /tmp/tmp.R4DfmRPr45/llvm/include/llvm/MC/MCInstrAnalysis.h
-- Installing: /tmp/tmp.R4DfmRPr45/llvm/include/llvm/MC/MCTargetOptions.h
-- Installing: /tmp/tmp.R4DfmRPr45/llvm/include/llvm/MC/MCSymbolELF.h
-- Installing: /tmp/tmp.R4DfmRPr45/llvm/include/llvm/MC/MCAsmInfoXCOFF.h
-- Installing: /tmp/tmp.R4DfmRPr45/llvm/include/llvm/MC/MCInstrDesc.h
-- Installing: /tmp/tmp.R4DfmRPr45/llvm/include/llvm/MC/MCSectionDXContainer.h
-- Installing: /tmp/tmp.R4DfmRPr45/llvm/include/llvm/MC/MCDXContainerWriter.h
-- Installing: /tmp/tmp.R4DfmRPr45/llvm/include/llvm/MC/MCCodeEmitter.h
-- Installing: /tmp/tmp.R4DfmRPr45/llvm/include/llvm/MC/MCSection.h
-- Installing: /tmp/tmp.R4DfmRPr45/llvm/include/llvm/MC/MCObjectFileInfo.h
-- Installing: /tmp/tmp.R4DfmRPr45/llvm/include/llvm/MC/MCXCOFFStreamer.h
-- Installing: /tmp/tmp.R4DfmRPr45/llvm/include/llvm/MC/MCAsmInfoWasm.h
-- Installing: /tmp/tmp.R4DfmRPr45/llvm/include/llvm/MC/MCSectionELF.h
-- Installing: /tmp/tmp.R4DfmRPr45/llvm/include/llvm/MC/MCSymbol.h
-- Installing: /tmp/tmp.R4DfmRPr45/llvm/include/llvm/MC/MCSymbolWasm.h
-- Installing: /tmp/tmp.R4DfmRPr45/llvm/include/llvm/MC/MCObjectWriter.h
-- Installing: /tmp/tmp.R4DfmRPr45/llvm/include/llvm/MC/MCSectionWasm.h
-- Installing: /tmp/tmp.R4DfmRPr45/llvm/include/llvm/Linker
-- Installing: /tmp/tmp.R4DfmRPr45/llvm/include/llvm/Linker/IRMover.h
-- Installing: /tmp/tmp.R4DfmRPr45/llvm/include/llvm/Linker/Linker.h
-- Installing: /tmp/tmp.R4DfmRPr45/llvm/include/llvm/PassSupport.h
-- Installing: /tmp/tmp.R4DfmRPr45/llvm/include/llvm/Frontend
-- Installing: /tmp/tmp.R4DfmRPr45/llvm/include/llvm/Frontend/HLSL
-- Installing: /tmp/tmp.R4DfmRPr45/llvm/include/llvm/Frontend/HLSL/HLSLResource.h
-- Installing: /tmp/tmp.R4DfmRPr45/llvm/include/llvm/Frontend/OpenACC
-- Installing: /tmp/tmp.R4DfmRPr45/llvm/include/llvm/Frontend/OpenACC/ACC.td
-- Installing: /tmp/tmp.R4DfmRPr45/llvm/include/llvm/Frontend/OpenMP
-- Installing: /tmp/tmp.R4DfmRPr45/llvm/include/llvm/Frontend/OpenMP/OMP.td
-- Installing: /tmp/tmp.R4DfmRPr45/llvm/include/llvm/Frontend/OpenMP/OMPKinds.def
-- Installing: /tmp/tmp.R4DfmRPr45/llvm/include/llvm/Frontend/OpenMP/OMPIRBuilder.h
-- Installing: /tmp/tmp.R4DfmRPr45/llvm/include/llvm/Frontend/OpenMP/OMPGridValues.h
-- Installing: /tmp/tmp.R4DfmRPr45/llvm/include/llvm/Frontend/OpenMP/OMPAssume.h
-- Installing: /tmp/tmp.R4DfmRPr45/llvm/include/llvm/Frontend/OpenMP/OMPDeviceConstants.h
-- Installing: /tmp/tmp.R4DfmRPr45/llvm/include/llvm/Frontend/OpenMP/OMPConstants.h
-- Installing: /tmp/tmp.R4DfmRPr45/llvm/include/llvm/Frontend/OpenMP/OMPContext.h
-- Installing: /tmp/tmp.R4DfmRPr45/llvm/include/llvm/Frontend/Directive
-- Installing: /tmp/tmp.R4DfmRPr45/llvm/include/llvm/Frontend/Directive/DirectiveBase.td
-- Installing: /tmp/tmp.R4DfmRPr45/llvm/include/llvm/Demangle
-- Installing: /tmp/tmp.R4DfmRPr45/llvm/include/llvm/Demangle/ItaniumDemangle.h
-- Installing: /tmp/tmp.R4DfmRPr45/llvm/include/llvm/Demangle/Demangle.h
-- Installing: /tmp/tmp.R4DfmRPr45/llvm/include/llvm/Demangle/StringView.h
-- Installing: /tmp/tmp.R4DfmRPr45/llvm/include/llvm/Demangle/Utility.h
-- Installing: /tmp/tmp.R4DfmRPr45/llvm/include/llvm/Demangle/MicrosoftDemangleNodes.h
-- Installing: /tmp/tmp.R4DfmRPr45/llvm/include/llvm/Demangle/DemangleConfig.h
-- Installing: /tmp/tmp.R4DfmRPr45/llvm/include/llvm/Demangle/ItaniumNodes.def
-- Installing: /tmp/tmp.R4DfmRPr45/llvm/include/llvm/Demangle/MicrosoftDemangle.h
-- Installing: /tmp/tmp.R4DfmRPr45/llvm/include/llvm/AsmParser
-- Installing: /tmp/tmp.R4DfmRPr45/llvm/include/llvm/AsmParser/Parser.h
-- Installing: /tmp/tmp.R4DfmRPr45/llvm/include/llvm/AsmParser/SlotMapping.h
-- Installing: /tmp/tmp.R4DfmRPr45/llvm/include/llvm/AsmParser/LLToken.h
-- Installing: /tmp/tmp.R4DfmRPr45/llvm/include/llvm/AsmParser/LLParser.h
-- Installing: /tmp/tmp.R4DfmRPr45/llvm/include/llvm/AsmParser/LLLexer.h
-- Installing: /tmp/tmp.R4DfmRPr45/llvm/include/llvm/Target
-- Installing: /tmp/tmp.R4DfmRPr45/llvm/include/llvm/Target/TargetCallingConv.td
-- Installing: /tmp/tmp.R4DfmRPr45/llvm/include/llvm/Target/TargetLoweringObjectFile.h
-- Installing: /tmp/tmp.R4DfmRPr45/llvm/include/llvm/Target/TargetSelectionDAG.td
-- Installing: /tmp/tmp.R4DfmRPr45/llvm/include/llvm/Target/TargetItinerary.td
-- Installing: /tmp/tmp.R4DfmRPr45/llvm/include/llvm/Target/GenericOpcodes.td
-- Installing: /tmp/tmp.R4DfmRPr45/llvm/include/llvm/Target/TargetSchedule.td
-- Installing: /tmp/tmp.R4DfmRPr45/llvm/include/llvm/Target/TargetMachine.h
-- Installing: /tmp/tmp.R4DfmRPr45/llvm/include/llvm/Target/Target.td
-- Installing: /tmp/tmp.R4DfmRPr45/llvm/include/llvm/Target/TargetInstrPredicate.td
-- Installing: /tmp/tmp.R4DfmRPr45/llvm/include/llvm/Target/TargetOptions.h
-- Installing: /tmp/tmp.R4DfmRPr45/llvm/include/llvm/Target/TargetPfmCounters.td
-- Installing: /tmp/tmp.R4DfmRPr45/llvm/include/llvm/Target/CGPassBuilderOption.h
-- Installing: /tmp/tmp.R4DfmRPr45/llvm/include/llvm/Target/CodeGenCWrappers.h
-- Installing: /tmp/tmp.R4DfmRPr45/llvm/include/llvm/Target/TargetIntrinsicInfo.h
-- Installing: /tmp/tmp.R4DfmRPr45/llvm/include/llvm/Target/GlobalISel
-- Installing: /tmp/tmp.R4DfmRPr45/llvm/include/llvm/Target/GlobalISel/Combine.td
-- Installing: /tmp/tmp.R4DfmRPr45/llvm/include/llvm/Target/GlobalISel/Target.td
-- Installing: /tmp/tmp.R4DfmRPr45/llvm/include/llvm/Target/GlobalISel/SelectionDAGCompat.td
-- Installing: /tmp/tmp.R4DfmRPr45/llvm/include/llvm/Target/GlobalISel/RegisterBank.td
-- Installing: /tmp/tmp.R4DfmRPr45/llvm/include/llvm/DebugInfo
-- Installing: /tmp/tmp.R4DfmRPr45/llvm/include/llvm/DebugInfo/MSF
-- Installing: /tmp/tmp.R4DfmRPr45/llvm/include/llvm/DebugInfo/MSF/MSFBuilder.h
-- Installing: /tmp/tmp.R4DfmRPr45/llvm/include/llvm/DebugInfo/MSF/IMSFFile.h
-- Installing: /tmp/tmp.R4DfmRPr45/llvm/include/llvm/DebugInfo/MSF/MSFError.h
-- Installing: /tmp/tmp.R4DfmRPr45/llvm/include/llvm/DebugInfo/MSF/MSFCommon.h
-- Installing: /tmp/tmp.R4DfmRPr45/llvm/include/llvm/DebugInfo/MSF/MappedBlockStream.h
-- Installing: /tmp/tmp.R4DfmRPr45/llvm/include/llvm/DebugInfo/DIContext.h
-- Installing: /tmp/tmp.R4DfmRPr45/llvm/include/llvm/DebugInfo/LogicalView
-- Installing: /tmp/tmp.R4DfmRPr45/llvm/include/llvm/DebugInfo/LogicalView/LVReaderHandler.h
-- Installing: /tmp/tmp.R4DfmRPr45/llvm/include/llvm/DebugInfo/LogicalView/Core
-- Installing: /tmp/tmp.R4DfmRPr45/llvm/include/llvm/DebugInfo/LogicalView/Core/LVElement.h
-- Installing: /tmp/tmp.R4DfmRPr45/llvm/include/llvm/DebugInfo/LogicalView/Core/LVScope.h
-- Installing: /tmp/tmp.R4DfmRPr45/llvm/include/llvm/DebugInfo/LogicalView/Core/LVLocation.h
-- Installing: /tmp/tmp.R4DfmRPr45/llvm/include/llvm/DebugInfo/LogicalView/Core/LVSupport.h
-- Installing: /tmp/tmp.R4DfmRPr45/llvm/include/llvm/DebugInfo/LogicalView/Core/LVCompare.h
-- Installing: /tmp/tmp.R4DfmRPr45/llvm/include/llvm/DebugInfo/LogicalView/Core/LVSymbol.h
-- Installing: /tmp/tmp.R4DfmRPr45/llvm/include/llvm/DebugInfo/LogicalView/Core/LVOptions.h
-- Installing: /tmp/tmp.R4DfmRPr45/llvm/include/llvm/DebugInfo/LogicalView/Core/LVStringPool.h
-- Installing: /tmp/tmp.R4DfmRPr45/llvm/include/llvm/DebugInfo/LogicalView/Core/LVRange.h
-- Installing: /tmp/tmp.R4DfmRPr45/llvm/include/llvm/DebugInfo/LogicalView/Core/LVSort.h
-- Installing: /tmp/tmp.R4DfmRPr45/llvm/include/llvm/DebugInfo/LogicalView/Core/LVType.h
-- Installing: /tmp/tmp.R4DfmRPr45/llvm/include/llvm/DebugInfo/LogicalView/Core/LVLine.h
-- Installing: /tmp/tmp.R4DfmRPr45/llvm/include/llvm/DebugInfo/LogicalView/Core/LVObject.h
-- Installing: /tmp/tmp.R4DfmRPr45/llvm/include/llvm/DebugInfo/LogicalView/Core/LVReader.h
-- Installing: /tmp/tmp.R4DfmRPr45/llvm/include/llvm/DebugInfo/LogicalView/Readers
-- Installing: /tmp/tmp.R4DfmRPr45/llvm/include/llvm/DebugInfo/LogicalView/Readers/LVBinaryReader.h
-- Installing: /tmp/tmp.R4DfmRPr45/llvm/include/llvm/DebugInfo/LogicalView/Readers/LVELFReader.h
-- Installing: /tmp/tmp.R4DfmRPr45/llvm/include/llvm/DebugInfo/PDB
-- Installing: /tmp/tmp.R4DfmRPr45/llvm/include/llvm/DebugInfo/PDB/PDBSymbolTypeDimension.h
-- Installing: /tmp/tmp.R4DfmRPr45/llvm/include/llvm/DebugInfo/PDB/PDBSymbolTypeVTable.h
-- Installing: /tmp/tmp.R4DfmRPr45/llvm/include/llvm/DebugInfo/PDB/IPDBSourceFile.h
-- Installing: /tmp/tmp.R4DfmRPr45/llvm/include/llvm/DebugInfo/PDB/PDBSymbolAnnotation.h
-- Installing: /tmp/tmp.R4DfmRPr45/llvm/include/llvm/DebugInfo/PDB/PDBSymbolTypePointer.h
-- Installing: /tmp/tmp.R4DfmRPr45/llvm/include/llvm/DebugInfo/PDB/PDBSymbolCompilandDetails.h
-- Installing: /tmp/tmp.R4DfmRPr45/llvm/include/llvm/DebugInfo/PDB/IPDBRawSymbol.h
-- Installing: /tmp/tmp.R4DfmRPr45/llvm/include/llvm/DebugInfo/PDB/PDBSymbolCompilandEnv.h
-- Installing: /tmp/tmp.R4DfmRPr45/llvm/include/llvm/DebugInfo/PDB/PDBSymbolCompiland.h
-- Installing: /tmp/tmp.R4DfmRPr45/llvm/include/llvm/DebugInfo/PDB/PDBSymbolFuncDebugEnd.h
-- Installing: /tmp/tmp.R4DfmRPr45/llvm/include/llvm/DebugInfo/PDB/PDBSymbolTypeBaseClass.h
-- Installing: /tmp/tmp.R4DfmRPr45/llvm/include/llvm/DebugInfo/PDB/PDBSymbolTypeVTableShape.h
-- Installing: /tmp/tmp.R4DfmRPr45/llvm/include/llvm/DebugInfo/PDB/PDBSymbolTypeArray.h
-- Installing: /tmp/tmp.R4DfmRPr45/llvm/include/llvm/DebugInfo/PDB/PDBSymbolBlock.h
-- Installing: /tmp/tmp.R4DfmRPr45/llvm/include/llvm/DebugInfo/PDB/IPDBLineNumber.h
-- Installing: /tmp/tmp.R4DfmRPr45/llvm/include/llvm/DebugInfo/PDB/PDBContext.h
-- Installing: /tmp/tmp.R4DfmRPr45/llvm/include/llvm/DebugInfo/PDB/PDBSymbolTypeFunctionArg.h
-- Installing: /tmp/tmp.R4DfmRPr45/llvm/include/llvm/DebugInfo/PDB/DIA
-- Installing: /tmp/tmp.R4DfmRPr45/llvm/include/llvm/DebugInfo/PDB/DIA/DIAEnumInjectedSources.h
-- Installing: /tmp/tmp.R4DfmRPr45/llvm/include/llvm/DebugInfo/PDB/DIA/DIAEnumSourceFiles.h
-- Installing: /tmp/tmp.R4DfmRPr45/llvm/include/llvm/DebugInfo/PDB/DIA/DIALineNumber.h
-- Installing: /tmp/tmp.R4DfmRPr45/llvm/include/llvm/DebugInfo/PDB/DIA/DIAEnumDebugStreams.h
-- Installing: /tmp/tmp.R4DfmRPr45/llvm/include/llvm/DebugInfo/PDB/DIA/DIASectionContrib.h
-- Installing: /tmp/tmp.R4DfmRPr45/llvm/include/llvm/DebugInfo/PDB/DIA/DIAEnumSymbols.h
-- Installing: /tmp/tmp.R4DfmRPr45/llvm/include/llvm/DebugInfo/PDB/DIA/DIASession.h
-- Installing: /tmp/tmp.R4DfmRPr45/llvm/include/llvm/DebugInfo/PDB/DIA/DIADataStream.h
-- Installing: /tmp/tmp.R4DfmRPr45/llvm/include/llvm/DebugInfo/PDB/DIA/DIAUtils.h
-- Installing: /tmp/tmp.R4DfmRPr45/llvm/include/llvm/DebugInfo/PDB/DIA/DIARawSymbol.h
-- Installing: /tmp/tmp.R4DfmRPr45/llvm/include/llvm/DebugInfo/PDB/DIA/DIAError.h
-- Installing: /tmp/tmp.R4DfmRPr45/llvm/include/llvm/DebugInfo/PDB/DIA/DIASourceFile.h
-- Installing: /tmp/tmp.R4DfmRPr45/llvm/include/llvm/DebugInfo/PDB/DIA/DIAFrameData.h
-- Installing: /tmp/tmp.R4DfmRPr45/llvm/include/llvm/DebugInfo/PDB/DIA/DIAEnumSectionContribs.h
-- Installing: /tmp/tmp.R4DfmRPr45/llvm/include/llvm/DebugInfo/PDB/DIA/DIAEnumLineNumbers.h
-- Installing: /tmp/tmp.R4DfmRPr45/llvm/include/llvm/DebugInfo/PDB/DIA/DIAEnumFrameData.h
-- Installing: /tmp/tmp.R4DfmRPr45/llvm/include/llvm/DebugInfo/PDB/DIA/DIASupport.h
-- Installing: /tmp/tmp.R4DfmRPr45/llvm/include/llvm/DebugInfo/PDB/DIA/DIATable.h
-- Installing: /tmp/tmp.R4DfmRPr45/llvm/include/llvm/DebugInfo/PDB/DIA/DIAInjectedSource.h
-- Installing: /tmp/tmp.R4DfmRPr45/llvm/include/llvm/DebugInfo/PDB/DIA/DIAEnumTables.h
-- Installing: /tmp/tmp.R4DfmRPr45/llvm/include/llvm/DebugInfo/PDB/PDBSymbolExe.h
-- Installing: /tmp/tmp.R4DfmRPr45/llvm/include/llvm/DebugInfo/PDB/IPDBSectionContrib.h
-- Installing: /tmp/tmp.R4DfmRPr45/llvm/include/llvm/DebugInfo/PDB/IPDBEnumChildren.h
-- Installing: /tmp/tmp.R4DfmRPr45/llvm/include/llvm/DebugInfo/PDB/PDBSymbolPublicSymbol.h
-- Installing: /tmp/tmp.R4DfmRPr45/llvm/include/llvm/DebugInfo/PDB/PDBSymbolUnknown.h
-- Installing: /tmp/tmp.R4DfmRPr45/llvm/include/llvm/DebugInfo/PDB/PDB.h
-- Installing: /tmp/tmp.R4DfmRPr45/llvm/include/llvm/DebugInfo/PDB/UDTLayout.h
-- Installing: /tmp/tmp.R4DfmRPr45/llvm/include/llvm/DebugInfo/PDB/IPDBTable.h
-- Installing: /tmp/tmp.R4DfmRPr45/llvm/include/llvm/DebugInfo/PDB/PDBSymbolUsingNamespace.h
-- Installing: /tmp/tmp.R4DfmRPr45/llvm/include/llvm/DebugInfo/PDB/PDBSymbolThunk.h
-- Installing: /tmp/tmp.R4DfmRPr45/llvm/include/llvm/DebugInfo/PDB/IPDBDataStream.h
-- Installing: /tmp/tmp.R4DfmRPr45/llvm/include/llvm/DebugInfo/PDB/PDBSymbolCustom.h
-- Installing: /tmp/tmp.R4DfmRPr45/llvm/include/llvm/DebugInfo/PDB/PDBSymbolTypeFunctionSig.h
-- Installing: /tmp/tmp.R4DfmRPr45/llvm/include/llvm/DebugInfo/PDB/PDBTypes.h
-- Installing: /tmp/tmp.R4DfmRPr45/llvm/include/llvm/DebugInfo/PDB/GenericError.h
-- Installing: /tmp/tmp.R4DfmRPr45/llvm/include/llvm/DebugInfo/PDB/PDBSymbolFunc.h
-- Installing: /tmp/tmp.R4DfmRPr45/llvm/include/llvm/DebugInfo/PDB/IPDBFrameData.h
-- Installing: /tmp/tmp.R4DfmRPr45/llvm/include/llvm/DebugInfo/PDB/PDBSymbolFuncDebugStart.h
-- Installing: /tmp/tmp.R4DfmRPr45/llvm/include/llvm/DebugInfo/PDB/PDBSymDumper.h
-- Installing: /tmp/tmp.R4DfmRPr45/llvm/include/llvm/DebugInfo/PDB/PDBSymbolLabel.h
-- Installing: /tmp/tmp.R4DfmRPr45/llvm/include/llvm/DebugInfo/PDB/Native
-- Installing: /tmp/tmp.R4DfmRPr45/llvm/include/llvm/DebugInfo/PDB/Native/Hash.h
-- Installing: /tmp/tmp.R4DfmRPr45/llvm/include/llvm/DebugInfo/PDB/Native/Formatters.h
-- Installing: /tmp/tmp.R4DfmRPr45/llvm/include/llvm/DebugInfo/PDB/Native/HashTable.h
-- Installing: /tmp/tmp.R4DfmRPr45/llvm/include/llvm/DebugInfo/PDB/Native/NativeEnumGlobals.h
-- Installing: /tmp/tmp.R4DfmRPr45/llvm/include/llvm/DebugInfo/PDB/Native/NativeTypeFunctionSig.h
-- Installing: /tmp/tmp.R4DfmRPr45/llvm/include/llvm/DebugInfo/PDB/Native/NativeTypeUDT.h
-- Installing: /tmp/tmp.R4DfmRPr45/llvm/include/llvm/DebugInfo/PDB/Native/NativeEnumModules.h
-- Installing: /tmp/tmp.R4DfmRPr45/llvm/include/llvm/DebugInfo/PDB/Native/RawConstants.h
-- Installing: /tmp/tmp.R4DfmRPr45/llvm/include/llvm/DebugInfo/PDB/Native/TpiStream.h
-- Installing: /tmp/tmp.R4DfmRPr45/llvm/include/llvm/DebugInfo/PDB/Native/NativeTypePointer.h
-- Installing: /tmp/tmp.R4DfmRPr45/llvm/include/llvm/DebugInfo/PDB/Native/PDBStringTableBuilder.h
-- Installing: /tmp/tmp.R4DfmRPr45/llvm/include/llvm/DebugInfo/PDB/Native/NativeTypeBuiltin.h
-- Installing: /tmp/tmp.R4DfmRPr45/llvm/include/llvm/DebugInfo/PDB/Native/NativeSymbolEnumerator.h
-- Installing: /tmp/tmp.R4DfmRPr45/llvm/include/llvm/DebugInfo/PDB/Native/NativeEnumInjectedSources.h
-- Installing: /tmp/tmp.R4DfmRPr45/llvm/include/llvm/DebugInfo/PDB/Native/TpiStreamBuilder.h
-- Installing: /tmp/tmp.R4DfmRPr45/llvm/include/llvm/DebugInfo/PDB/Native/DbiModuleDescriptorBuilder.h
-- Installing: /tmp/tmp.R4DfmRPr45/llvm/include/llvm/DebugInfo/PDB/Native/InjectedSourceStream.h
-- Installing: /tmp/tmp.R4DfmRPr45/llvm/include/llvm/DebugInfo/PDB/Native/SymbolCache.h
-- Installing: /tmp/tmp.R4DfmRPr45/llvm/include/llvm/DebugInfo/PDB/Native/DbiStreamBuilder.h
-- Installing: /tmp/tmp.R4DfmRPr45/llvm/include/llvm/DebugInfo/PDB/Native/NativeTypeTypedef.h
-- Installing: /tmp/tmp.R4DfmRPr45/llvm/include/llvm/DebugInfo/PDB/Native/NativePublicSymbol.h
-- Installing: /tmp/tmp.R4DfmRPr45/llvm/include/llvm/DebugInfo/PDB/Native/NativeLineNumber.h
-- Installing: /tmp/tmp.R4DfmRPr45/llvm/include/llvm/DebugInfo/PDB/Native/SymbolStream.h
-- Installing: /tmp/tmp.R4DfmRPr45/llvm/include/llvm/DebugInfo/PDB/Native/InfoStream.h
-- Installing: /tmp/tmp.R4DfmRPr45/llvm/include/llvm/DebugInfo/PDB/Native/GlobalsStream.h
-- Installing: /tmp/tmp.R4DfmRPr45/llvm/include/llvm/DebugInfo/PDB/Native/DbiModuleDescriptor.h
-- Installing: /tmp/tmp.R4DfmRPr45/llvm/include/llvm/DebugInfo/PDB/Native/NativeRawSymbol.h
-- Installing: /tmp/tmp.R4DfmRPr45/llvm/include/llvm/DebugInfo/PDB/Native/LinePrinter.h
-- Installing: /tmp/tmp.R4DfmRPr45/llvm/include/llvm/DebugInfo/PDB/Native/TpiHashing.h
-- Installing: /tmp/tmp.R4DfmRPr45/llvm/include/llvm/DebugInfo/PDB/Native/NativeTypeArray.h
-- Installing: /tmp/tmp.R4DfmRPr45/llvm/include/llvm/DebugInfo/PDB/Native/NativeSourceFile.h
-- Installing: /tmp/tmp.R4DfmRPr45/llvm/include/llvm/DebugInfo/PDB/Native/NativeExeSymbol.h
-- Installing: /tmp/tmp.R4DfmRPr45/llvm/include/llvm/DebugInfo/PDB/Native/NativeSession.h
-- Installing: /tmp/tmp.R4DfmRPr45/llvm/include/llvm/DebugInfo/PDB/Native/NativeCompilandSymbol.h
-- Installing: /tmp/tmp.R4DfmRPr45/llvm/include/llvm/DebugInfo/PDB/Native/ISectionContribVisitor.h
-- Installing: /tmp/tmp.R4DfmRPr45/llvm/include/llvm/DebugInfo/PDB/Native/NamedStreamMap.h
-- Installing: /tmp/tmp.R4DfmRPr45/llvm/include/llvm/DebugInfo/PDB/Native/RawError.h
-- Installing: /tmp/tmp.R4DfmRPr45/llvm/include/llvm/DebugInfo/PDB/Native/RawTypes.h
-- Installing: /tmp/tmp.R4DfmRPr45/llvm/include/llvm/DebugInfo/PDB/Native/NativeTypeVTShape.h
-- Installing: /tmp/tmp.R4DfmRPr45/llvm/include/llvm/DebugInfo/PDB/Native/InputFile.h
-- Installing: /tmp/tmp.R4DfmRPr45/llvm/include/llvm/DebugInfo/PDB/Native/PDBFileBuilder.h
-- Installing: /tmp/tmp.R4DfmRPr45/llvm/include/llvm/DebugInfo/PDB/Native/PDBStringTable.h
-- Installing: /tmp/tmp.R4DfmRPr45/llvm/include/llvm/DebugInfo/PDB/Native/ModuleDebugStream.h
-- Installing: /tmp/tmp.R4DfmRPr45/llvm/include/llvm/DebugInfo/PDB/Native/NativeInlineSiteSymbol.h
-- Installing: /tmp/tmp.R4DfmRPr45/llvm/include/llvm/DebugInfo/PDB/Native/FormatUtil.h
-- Installing: /tmp/tmp.R4DfmRPr45/llvm/include/llvm/DebugInfo/PDB/Native/NativeEnumSymbols.h
-- Installing: /tmp/tmp.R4DfmRPr45/llvm/include/llvm/DebugInfo/PDB/Native/PDBFile.h
-- Installing: /tmp/tmp.R4DfmRPr45/llvm/include/llvm/DebugInfo/PDB/Native/NativeEnumTypes.h
-- Installing: /tmp/tmp.R4DfmRPr45/llvm/include/llvm/DebugInfo/PDB/Native/NativeEnumLineNumbers.h
-- Installing: /tmp/tmp.R4DfmRPr45/llvm/include/llvm/DebugInfo/PDB/Native/NativeFunctionSymbol.h
-- Installing: /tmp/tmp.R4DfmRPr45/llvm/include/llvm/DebugInfo/PDB/Native/NativeTypeEnum.h
-- Installing: /tmp/tmp.R4DfmRPr45/llvm/include/llvm/DebugInfo/PDB/Native/InfoStreamBuilder.h
-- Installing: /tmp/tmp.R4DfmRPr45/llvm/include/llvm/DebugInfo/PDB/Native/DbiModuleList.h
-- Installing: /tmp/tmp.R4DfmRPr45/llvm/include/llvm/DebugInfo/PDB/Native/GSIStreamBuilder.h
-- Installing: /tmp/tmp.R4DfmRPr45/llvm/include/llvm/DebugInfo/PDB/Native/DbiStream.h
-- Installing: /tmp/tmp.R4DfmRPr45/llvm/include/llvm/DebugInfo/PDB/Native/EnumTables.h
-- Installing: /tmp/tmp.R4DfmRPr45/llvm/include/llvm/DebugInfo/PDB/Native/PublicsStream.h
-- Installing: /tmp/tmp.R4DfmRPr45/llvm/include/llvm/DebugInfo/PDB/PDBSymbolTypeTypedef.h
-- Installing: /tmp/tmp.R4DfmRPr45/llvm/include/llvm/DebugInfo/PDB/PDBSymbolTypeBuiltin.h
-- Installing: /tmp/tmp.R4DfmRPr45/llvm/include/llvm/DebugInfo/PDB/IPDBSession.h
-- Installing: /tmp/tmp.R4DfmRPr45/llvm/include/llvm/DebugInfo/PDB/PDBSymbolData.h
-- Installing: /tmp/tmp.R4DfmRPr45/llvm/include/llvm/DebugInfo/PDB/PDBSymbolTypeEnum.h
-- Installing: /tmp/tmp.R4DfmRPr45/llvm/include/llvm/DebugInfo/PDB/ConcreteSymbolEnumerator.h
-- Installing: /tmp/tmp.R4DfmRPr45/llvm/include/llvm/DebugInfo/PDB/PDBSymbolTypeCustom.h
-- Installing: /tmp/tmp.R4DfmRPr45/llvm/include/llvm/DebugInfo/PDB/PDBExtras.h
-- Installing: /tmp/tmp.R4DfmRPr45/llvm/include/llvm/DebugInfo/PDB/PDBSymbolTypeManaged.h
-- Installing: /tmp/tmp.R4DfmRPr45/llvm/include/llvm/DebugInfo/PDB/PDBSymbolTypeUDT.h
-- Installing: /tmp/tmp.R4DfmRPr45/llvm/include/llvm/DebugInfo/PDB/PDBSymbol.h
-- Installing: /tmp/tmp.R4DfmRPr45/llvm/include/llvm/DebugInfo/PDB/PDBSymbolTypeFriend.h
-- Installing: /tmp/tmp.R4DfmRPr45/llvm/include/llvm/DebugInfo/PDB/IPDBInjectedSource.h
-- Installing: /tmp/tmp.R4DfmRPr45/llvm/include/llvm/DebugInfo/CodeView
-- Installing: /tmp/tmp.R4DfmRPr45/llvm/include/llvm/DebugInfo/CodeView/TypeIndex.h
-- Installing: /tmp/tmp.R4DfmRPr45/llvm/include/llvm/DebugInfo/CodeView/CVTypeVisitor.h
-- Installing: /tmp/tmp.R4DfmRPr45/llvm/include/llvm/DebugInfo/CodeView/CVRecord.h
-- Installing: /tmp/tmp.R4DfmRPr45/llvm/include/llvm/DebugInfo/CodeView/SymbolSerializer.h
-- Installing: /tmp/tmp.R4DfmRPr45/llvm/include/llvm/DebugInfo/CodeView/DebugSubsectionRecord.h
-- Installing: /tmp/tmp.R4DfmRPr45/llvm/include/llvm/DebugInfo/CodeView/CodeViewRecordIO.h
-- Installing: /tmp/tmp.R4DfmRPr45/llvm/include/llvm/DebugInfo/CodeView/TypeVisitorCallbackPipeline.h
-- Installing: /tmp/tmp.R4DfmRPr45/llvm/include/llvm/DebugInfo/CodeView/GUID.h
-- Installing: /tmp/tmp.R4DfmRPr45/llvm/include/llvm/DebugInfo/CodeView/EnumTables.h
-- Installing: /tmp/tmp.R4DfmRPr45/llvm/include/llvm/DebugInfo/CodeView/RecordName.h
-- Installing: /tmp/tmp.R4DfmRPr45/llvm/include/llvm/DebugInfo/CodeView/CVSymbolVisitor.h
-- Installing: /tmp/tmp.R4DfmRPr45/llvm/include/llvm/DebugInfo/CodeView/GlobalTypeTableBuilder.h
-- Installing: /tmp/tmp.R4DfmRPr45/llvm/include/llvm/DebugInfo/CodeView/CodeViewTypes.def
-- Installing: /tmp/tmp.R4DfmRPr45/llvm/include/llvm/DebugInfo/CodeView/TypeRecordHelpers.h
-- Installing: /tmp/tmp.R4DfmRPr45/llvm/include/llvm/DebugInfo/CodeView/TypeRecord.h
-- Installing: /tmp/tmp.R4DfmRPr45/llvm/include/llvm/DebugInfo/CodeView/DebugCrossImpSubsection.h
-- Installing: /tmp/tmp.R4DfmRPr45/llvm/include/llvm/DebugInfo/CodeView/ContinuationRecordBuilder.h
-- Installing: /tmp/tmp.R4DfmRPr45/llvm/include/llvm/DebugInfo/CodeView/SymbolRecordHelpers.h
-- Installing: /tmp/tmp.R4DfmRPr45/llvm/include/llvm/DebugInfo/CodeView/DebugInlineeLinesSubsection.h
-- Installing: /tmp/tmp.R4DfmRPr45/llvm/include/llvm/DebugInfo/CodeView/DebugSymbolsSubsection.h
-- Installing: /tmp/tmp.R4DfmRPr45/llvm/include/llvm/DebugInfo/CodeView/FunctionId.h
-- Installing: /tmp/tmp.R4DfmRPr45/llvm/include/llvm/DebugInfo/CodeView/TypeIndexDiscovery.h
-- Installing: /tmp/tmp.R4DfmRPr45/llvm/include/llvm/DebugInfo/CodeView/DebugStringTableSubsection.h
-- Installing: /tmp/tmp.R4DfmRPr45/llvm/include/llvm/DebugInfo/CodeView/SimpleTypeSerializer.h
-- Installing: /tmp/tmp.R4DfmRPr45/llvm/include/llvm/DebugInfo/CodeView/SymbolRecord.h
-- Installing: /tmp/tmp.R4DfmRPr45/llvm/include/llvm/DebugInfo/CodeView/MergingTypeTableBuilder.h
-- Installing: /tmp/tmp.R4DfmRPr45/llvm/include/llvm/DebugInfo/CodeView/SymbolDumper.h
-- Installing: /tmp/tmp.R4DfmRPr45/llvm/include/llvm/DebugInfo/CodeView/DebugSubsectionVisitor.h
-- Installing: /tmp/tmp.R4DfmRPr45/llvm/include/llvm/DebugInfo/CodeView/TypeStreamMerger.h
-- Installing: /tmp/tmp.R4DfmRPr45/llvm/include/llvm/DebugInfo/CodeView/SymbolDumpDelegate.h
-- Installing: /tmp/tmp.R4DfmRPr45/llvm/include/llvm/DebugInfo/CodeView/TypeHashing.h
-- Installing: /tmp/tmp.R4DfmRPr45/llvm/include/llvm/DebugInfo/CodeView/SymbolVisitorCallbacks.h
-- Installing: /tmp/tmp.R4DfmRPr45/llvm/include/llvm/DebugInfo/CodeView/DebugCrossExSubsection.h
-- Installing: /tmp/tmp.R4DfmRPr45/llvm/include/llvm/DebugInfo/CodeView/TypeRecordMapping.h
-- Installing: /tmp/tmp.R4DfmRPr45/llvm/include/llvm/DebugInfo/CodeView/DebugSubsection.h
-- Installing: /tmp/tmp.R4DfmRPr45/llvm/include/llvm/DebugInfo/CodeView/DebugSymbolRVASubsection.h
-- Installing: /tmp/tmp.R4DfmRPr45/llvm/include/llvm/DebugInfo/CodeView/CodeViewSymbols.def
-- Installing: /tmp/tmp.R4DfmRPr45/llvm/include/llvm/DebugInfo/CodeView/SymbolDeserializer.h
-- Installing: /tmp/tmp.R4DfmRPr45/llvm/include/llvm/DebugInfo/CodeView/TypeCollection.h
-- Installing: /tmp/tmp.R4DfmRPr45/llvm/include/llvm/DebugInfo/CodeView/DebugLinesSubsection.h
-- Installing: /tmp/tmp.R4DfmRPr45/llvm/include/llvm/DebugInfo/CodeView/DebugFrameDataSubsection.h
-- Installing: /tmp/tmp.R4DfmRPr45/llvm/include/llvm/DebugInfo/CodeView/StringsAndChecksums.h
-- Installing: /tmp/tmp.R4DfmRPr45/llvm/include/llvm/DebugInfo/CodeView/Formatters.h
-- Installing: /tmp/tmp.R4DfmRPr45/llvm/include/llvm/DebugInfo/CodeView/SymbolVisitorDelegate.h
-- Installing: /tmp/tmp.R4DfmRPr45/llvm/include/llvm/DebugInfo/CodeView/TypeSymbolEmitter.h
-- Installing: /tmp/tmp.R4DfmRPr45/llvm/include/llvm/DebugInfo/CodeView/RecordSerialization.h
-- Installing: /tmp/tmp.R4DfmRPr45/llvm/include/llvm/DebugInfo/CodeView/CodeViewRegisters.def
-- Installing: /tmp/tmp.R4DfmRPr45/llvm/include/llvm/DebugInfo/CodeView/SymbolVisitorCallbackPipeline.h
-- Installing: /tmp/tmp.R4DfmRPr45/llvm/include/llvm/DebugInfo/CodeView/DebugChecksumsSubsection.h
-- Installing: /tmp/tmp.R4DfmRPr45/llvm/include/llvm/DebugInfo/CodeView/DebugUnknownSubsection.h
-- Installing: /tmp/tmp.R4DfmRPr45/llvm/include/llvm/DebugInfo/CodeView/CodeView.h
-- Installing: /tmp/tmp.R4DfmRPr45/llvm/include/llvm/DebugInfo/CodeView/TypeDeserializer.h
-- Installing: /tmp/tmp.R4DfmRPr45/llvm/include/llvm/DebugInfo/CodeView/CodeViewError.h
-- Installing: /tmp/tmp.R4DfmRPr45/llvm/include/llvm/DebugInfo/CodeView/AppendingTypeTableBuilder.h
-- Installing: /tmp/tmp.R4DfmRPr45/llvm/include/llvm/DebugInfo/CodeView/Line.h
-- Installing: /tmp/tmp.R4DfmRPr45/llvm/include/llvm/DebugInfo/CodeView/SymbolRecordMapping.h
-- Installing: /tmp/tmp.R4DfmRPr45/llvm/include/llvm/DebugInfo/CodeView/TypeTableCollection.h
-- Installing: /tmp/tmp.R4DfmRPr45/llvm/include/llvm/DebugInfo/CodeView/TypeVisitorCallbacks.h
-- Installing: /tmp/tmp.R4DfmRPr45/llvm/include/llvm/DebugInfo/CodeView/LazyRandomTypeCollection.h
-- Installing: /tmp/tmp.R4DfmRPr45/llvm/include/llvm/DebugInfo/CodeView/TypeDumpVisitor.h
-- Installing: /tmp/tmp.R4DfmRPr45/llvm/include/llvm/DebugInfo/DWARF
-- Installing: /tmp/tmp.R4DfmRPr45/llvm/include/llvm/DebugInfo/DWARF/DWARFDebugAbbrev.h
-- Installing: /tmp/tmp.R4DfmRPr45/llvm/include/llvm/DebugInfo/DWARF/DWARFDie.h
-- Installing: /tmp/tmp.R4DfmRPr45/llvm/include/llvm/DebugInfo/DWARF/DWARFUnit.h
-- Installing: /tmp/tmp.R4DfmRPr45/llvm/include/llvm/DebugInfo/DWARF/DWARFVerifier.h
-- Installing: /tmp/tmp.R4DfmRPr45/llvm/include/llvm/DebugInfo/DWARF/DWARFDebugArangeSet.h
-- Installing: /tmp/tmp.R4DfmRPr45/llvm/include/llvm/DebugInfo/DWARF/DWARFDebugMacro.h
-- Installing: /tmp/tmp.R4DfmRPr45/llvm/include/llvm/DebugInfo/DWARF/DWARFDebugLoc.h
-- Installing: /tmp/tmp.R4DfmRPr45/llvm/include/llvm/DebugInfo/DWARF/DWARFListTable.h
-- Installing: /tmp/tmp.R4DfmRPr45/llvm/include/llvm/DebugInfo/DWARF/DWARFDebugAddr.h
-- Installing: /tmp/tmp.R4DfmRPr45/llvm/include/llvm/DebugInfo/DWARF/DWARFDebugRangeList.h
-- Installing: /tmp/tmp.R4DfmRPr45/llvm/include/llvm/DebugInfo/DWARF/DWARFDebugPubTable.h
-- Installing: /tmp/tmp.R4DfmRPr45/llvm/include/llvm/DebugInfo/DWARF/DWARFExpression.h
-- Installing: /tmp/tmp.R4DfmRPr45/llvm/include/llvm/DebugInfo/DWARF/DWARFObject.h
-- Installing: /tmp/tmp.R4DfmRPr45/llvm/include/llvm/DebugInfo/DWARF/DWARFTypePrinter.h
-- Installing: /tmp/tmp.R4DfmRPr45/llvm/include/llvm/DebugInfo/DWARF/DWARFAddressRange.h
-- Installing: /tmp/tmp.R4DfmRPr45/llvm/include/llvm/DebugInfo/DWARF/DWARFSection.h
-- Installing: /tmp/tmp.R4DfmRPr45/llvm/include/llvm/DebugInfo/DWARF/DWARFRelocMap.h
-- Installing: /tmp/tmp.R4DfmRPr45/llvm/include/llvm/DebugInfo/DWARF/DWARFAcceleratorTable.h
-- Installing: /tmp/tmp.R4DfmRPr45/llvm/include/llvm/DebugInfo/DWARF/DWARFGdbIndex.h
-- Installing: /tmp/tmp.R4DfmRPr45/llvm/include/llvm/DebugInfo/DWARF/DWARFDataExtractor.h
-- Installing: /tmp/tmp.R4DfmRPr45/llvm/include/llvm/DebugInfo/DWARF/DWARFFormValue.h
-- Installing: /tmp/tmp.R4DfmRPr45/llvm/include/llvm/DebugInfo/DWARF/DWARFAbbreviationDeclaration.h
-- Installing: /tmp/tmp.R4DfmRPr45/llvm/include/llvm/DebugInfo/DWARF/DWARFLocationExpression.h
-- Installing: /tmp/tmp.R4DfmRPr45/llvm/include/llvm/DebugInfo/DWARF/DWARFAttribute.h
-- Installing: /tmp/tmp.R4DfmRPr45/llvm/include/llvm/DebugInfo/DWARF/DWARFCompileUnit.h
-- Installing: /tmp/tmp.R4DfmRPr45/llvm/include/llvm/DebugInfo/DWARF/DWARFUnitIndex.h
-- Installing: /tmp/tmp.R4DfmRPr45/llvm/include/llvm/DebugInfo/DWARF/DWARFDebugRnglists.h
-- Installing: /tmp/tmp.R4DfmRPr45/llvm/include/llvm/DebugInfo/DWARF/DWARFDebugFrame.h
-- Installing: /tmp/tmp.R4DfmRPr45/llvm/include/llvm/DebugInfo/DWARF/DWARFDebugLine.h
-- Installing: /tmp/tmp.R4DfmRPr45/llvm/include/llvm/DebugInfo/DWARF/DWARFContext.h
-- Installing: /tmp/tmp.R4DfmRPr45/llvm/include/llvm/DebugInfo/DWARF/DWARFTypeUnit.h
-- Installing: /tmp/tmp.R4DfmRPr45/llvm/include/llvm/DebugInfo/DWARF/DWARFDebugAranges.h
-- Installing: /tmp/tmp.R4DfmRPr45/llvm/include/llvm/DebugInfo/DWARF/DWARFDebugInfoEntry.h
-- Installing: /tmp/tmp.R4DfmRPr45/llvm/include/llvm/DebugInfo/Symbolize
-- Installing: /tmp/tmp.R4DfmRPr45/llvm/include/llvm/DebugInfo/Symbolize/MarkupFilter.h
-- Installing: /tmp/tmp.R4DfmRPr45/llvm/include/llvm/DebugInfo/Symbolize/SymbolizableModule.h
-- Installing: /tmp/tmp.R4DfmRPr45/llvm/include/llvm/DebugInfo/Symbolize/DIPrinter.h
-- Installing: /tmp/tmp.R4DfmRPr45/llvm/include/llvm/DebugInfo/Symbolize/Symbolize.h
-- Installing: /tmp/tmp.R4DfmRPr45/llvm/include/llvm/DebugInfo/Symbolize/Markup.h
-- Installing: /tmp/tmp.R4DfmRPr45/llvm/include/llvm/DebugInfo/Symbolize/SymbolizableObjectFile.h
-- Installing: /tmp/tmp.R4DfmRPr45/llvm/include/llvm/DebugInfo/GSYM
-- Installing: /tmp/tmp.R4DfmRPr45/llvm/include/llvm/DebugInfo/GSYM/Header.h
-- Installing: /tmp/tmp.R4DfmRPr45/llvm/include/llvm/DebugInfo/GSYM/GsymReader.h
-- Installing: /tmp/tmp.R4DfmRPr45/llvm/include/llvm/DebugInfo/GSYM/FileEntry.h
-- Installing: /tmp/tmp.R4DfmRPr45/llvm/include/llvm/DebugInfo/GSYM/FunctionInfo.h
-- Installing: /tmp/tmp.R4DfmRPr45/llvm/include/llvm/DebugInfo/GSYM/GsymCreator.h
-- Installing: /tmp/tmp.R4DfmRPr45/llvm/include/llvm/DebugInfo/GSYM/LookupResult.h
-- Installing: /tmp/tmp.R4DfmRPr45/llvm/include/llvm/DebugInfo/GSYM/FileWriter.h
-- Installing: /tmp/tmp.R4DfmRPr45/llvm/include/llvm/DebugInfo/GSYM/LineEntry.h
-- Installing: /tmp/tmp.R4DfmRPr45/llvm/include/llvm/DebugInfo/GSYM/ObjectFileTransformer.h
-- Installing: /tmp/tmp.R4DfmRPr45/llvm/include/llvm/DebugInfo/GSYM/ExtractRanges.h
-- Installing: /tmp/tmp.R4DfmRPr45/llvm/include/llvm/DebugInfo/GSYM/InlineInfo.h
-- Installing: /tmp/tmp.R4DfmRPr45/llvm/include/llvm/DebugInfo/GSYM/LineTable.h
-- Installing: /tmp/tmp.R4DfmRPr45/llvm/include/llvm/DebugInfo/GSYM/DwarfTransformer.h
-- Installing: /tmp/tmp.R4DfmRPr45/llvm/include/llvm/DebugInfo/GSYM/StringTable.h
-- Installing: /tmp/tmp.R4DfmRPr45/llvm/include/llvm/ExecutionEngine
-- Installing: /tmp/tmp.R4DfmRPr45/llvm/include/llvm/ExecutionEngine/GenericValue.h
-- Installing: /tmp/tmp.R4DfmRPr45/llvm/include/llvm/ExecutionEngine/JITSymbol.h
-- Installing: /tmp/tmp.R4DfmRPr45/llvm/include/llvm/ExecutionEngine/JITEventListener.h
-- Installing: /tmp/tmp.R4DfmRPr45/llvm/include/llvm/ExecutionEngine/RTDyldMemoryManager.h
-- Installing: /tmp/tmp.R4DfmRPr45/llvm/include/llvm/ExecutionEngine/SectionMemoryManager.h
-- Installing: /tmp/tmp.R4DfmRPr45/llvm/include/llvm/ExecutionEngine/Orc
-- Installing: /tmp/tmp.R4DfmRPr45/llvm/include/llvm/ExecutionEngine/Orc/MapperJITLinkMemoryManager.h
-- Installing: /tmp/tmp.R4DfmRPr45/llvm/include/llvm/ExecutionEngine/Orc/EPCEHFrameRegistrar.h
-- Installing: /tmp/tmp.R4DfmRPr45/llvm/include/llvm/ExecutionEngine/Orc/MemoryMapper.h
-- Installing: /tmp/tmp.R4DfmRPr45/llvm/include/llvm/ExecutionEngine/Orc/Layer.h
-- Installing: /tmp/tmp.R4DfmRPr45/llvm/include/llvm/ExecutionEngine/Orc/DebuggerSupportPlugin.h
-- Installing: /tmp/tmp.R4DfmRPr45/llvm/include/llvm/ExecutionEngine/Orc/ELFNixPlatform.h
-- Installing: /tmp/tmp.R4DfmRPr45/llvm/include/llvm/ExecutionEngine/Orc/DebugObjectManagerPlugin.h
-- Installing: /tmp/tmp.R4DfmRPr45/llvm/include/llvm/ExecutionEngine/Orc/ObjectTransformLayer.h
-- Installing: /tmp/tmp.R4DfmRPr45/llvm/include/llvm/ExecutionEngine/Orc/TaskDispatch.h
-- Installing: /tmp/tmp.R4DfmRPr45/llvm/include/llvm/ExecutionEngine/Orc/SpeculateAnalyses.h
-- Installing: /tmp/tmp.R4DfmRPr45/llvm/include/llvm/ExecutionEngine/Orc/SymbolStringPool.h
-- Installing: /tmp/tmp.R4DfmRPr45/llvm/include/llvm/ExecutionEngine/Orc/IndirectionUtils.h
-- Installing: /tmp/tmp.R4DfmRPr45/llvm/include/llvm/ExecutionEngine/Orc/EPCDebugObjectRegistrar.h
-- Installing: /tmp/tmp.R4DfmRPr45/llvm/include/llvm/ExecutionEngine/Orc/ObjectFileInterface.h
-- Installing: /tmp/tmp.R4DfmRPr45/llvm/include/llvm/ExecutionEngine/Orc/EPCIndirectionUtils.h
-- Installing: /tmp/tmp.R4DfmRPr45/llvm/include/llvm/ExecutionEngine/Orc/IRTransformLayer.h
-- Installing: /tmp/tmp.R4DfmRPr45/llvm/include/llvm/ExecutionEngine/Orc/JITTargetMachineBuilder.h
-- Installing: /tmp/tmp.R4DfmRPr45/llvm/include/llvm/ExecutionEngine/Orc/CompileUtils.h
-- Installing: /tmp/tmp.R4DfmRPr45/llvm/include/llvm/ExecutionEngine/Orc/DebugUtils.h
-- Installing: /tmp/tmp.R4DfmRPr45/llvm/include/llvm/ExecutionEngine/Orc/SimpleRemoteEPC.h
-- Installing: /tmp/tmp.R4DfmRPr45/llvm/include/llvm/ExecutionEngine/Orc/Core.h
-- Installing: /tmp/tmp.R4DfmRPr45/llvm/include/llvm/ExecutionEngine/Orc/LLJIT.h
-- Installing: /tmp/tmp.R4DfmRPr45/llvm/include/llvm/ExecutionEngine/Orc/COFFPlatform.h
-- Installing: /tmp/tmp.R4DfmRPr45/llvm/include/llvm/ExecutionEngine/Orc/RTDyldObjectLinkingLayer.h
-- Installing: /tmp/tmp.R4DfmRPr45/llvm/include/llvm/ExecutionEngine/Orc/Speculation.h
-- Installing: /tmp/tmp.R4DfmRPr45/llvm/include/llvm/ExecutionEngine/Orc/EPCGenericRTDyldMemoryManager.h
-- Installing: /tmp/tmp.R4DfmRPr45/llvm/include/llvm/ExecutionEngine/Orc/ObjectLinkingLayer.h
-- Installing: /tmp/tmp.R4DfmRPr45/llvm/include/llvm/ExecutionEngine/Orc/ThreadSafeModule.h
-- Installing: /tmp/tmp.R4DfmRPr45/llvm/include/llvm/ExecutionEngine/Orc/LazyReexports.h
-- Installing: /tmp/tmp.R4DfmRPr45/llvm/include/llvm/ExecutionEngine/Orc/EPCGenericMemoryAccess.h
-- Installing: /tmp/tmp.R4DfmRPr45/llvm/include/llvm/ExecutionEngine/Orc/MachOPlatform.h
-- Installing: /tmp/tmp.R4DfmRPr45/llvm/include/llvm/ExecutionEngine/Orc/OrcABISupport.h
-- Installing: /tmp/tmp.R4DfmRPr45/llvm/include/llvm/ExecutionEngine/Orc/EPCGenericDylibManager.h
-- Installing: /tmp/tmp.R4DfmRPr45/llvm/include/llvm/ExecutionEngine/Orc/Shared
-- Installing: /tmp/tmp.R4DfmRPr45/llvm/include/llvm/ExecutionEngine/Orc/Shared/ExecutorAddress.h
-- Installing: /tmp/tmp.R4DfmRPr45/llvm/include/llvm/ExecutionEngine/Orc/Shared/MemoryFlags.h
-- Installing: /tmp/tmp.R4DfmRPr45/llvm/include/llvm/ExecutionEngine/Orc/Shared/OrcError.h
-- Installing: /tmp/tmp.R4DfmRPr45/llvm/include/llvm/ExecutionEngine/Orc/Shared/WrapperFunctionUtils.h
-- Installing: /tmp/tmp.R4DfmRPr45/llvm/include/llvm/ExecutionEngine/Orc/Shared/TargetProcessControlTypes.h
-- Installing: /tmp/tmp.R4DfmRPr45/llvm/include/llvm/ExecutionEngine/Orc/Shared/AllocationActions.h
-- Installing: /tmp/tmp.R4DfmRPr45/llvm/include/llvm/ExecutionEngine/Orc/Shared/OrcRTBridge.h
-- Installing: /tmp/tmp.R4DfmRPr45/llvm/include/llvm/ExecutionEngine/Orc/Shared/SimpleRemoteEPCUtils.h
-- Installing: /tmp/tmp.R4DfmRPr45/llvm/include/llvm/ExecutionEngine/Orc/Shared/SimplePackedSerialization.h
-- Installing: /tmp/tmp.R4DfmRPr45/llvm/include/llvm/ExecutionEngine/Orc/EPCGenericJITLinkMemoryManager.h
-- Installing: /tmp/tmp.R4DfmRPr45/llvm/include/llvm/ExecutionEngine/Orc/Mangling.h
-- Installing: /tmp/tmp.R4DfmRPr45/llvm/include/llvm/ExecutionEngine/Orc/ExecutionUtils.h
-- Installing: /tmp/tmp.R4DfmRPr45/llvm/include/llvm/ExecutionEngine/Orc/ExecutorProcessControl.h
-- Installing: /tmp/tmp.R4DfmRPr45/llvm/include/llvm/ExecutionEngine/Orc/CompileOnDemandLayer.h
-- Installing: /tmp/tmp.R4DfmRPr45/llvm/include/llvm/ExecutionEngine/Orc/EPCDynamicLibrarySearchGenerator.h
-- Installing: /tmp/tmp.R4DfmRPr45/llvm/include/llvm/ExecutionEngine/Orc/TargetProcess
-- Installing: /tmp/tmp.R4DfmRPr45/llvm/include/llvm/ExecutionEngine/Orc/TargetProcess/JITLoaderGDB.h
-- Installing: /tmp/tmp.R4DfmRPr45/llvm/include/llvm/ExecutionEngine/Orc/TargetProcess/SimpleExecutorMemoryManager.h
-- Installing: /tmp/tmp.R4DfmRPr45/llvm/include/llvm/ExecutionEngine/Orc/TargetProcess/TargetExecutionUtils.h
-- Installing: /tmp/tmp.R4DfmRPr45/llvm/include/llvm/ExecutionEngine/Orc/TargetProcess/RegisterEHFrames.h
-- Installing: /tmp/tmp.R4DfmRPr45/llvm/include/llvm/ExecutionEngine/Orc/TargetProcess/SimpleRemoteEPCServer.h
-- Installing: /tmp/tmp.R4DfmRPr45/llvm/include/llvm/ExecutionEngine/Orc/TargetProcess/ExecutorBootstrapService.h
-- Installing: /tmp/tmp.R4DfmRPr45/llvm/include/llvm/ExecutionEngine/Orc/TargetProcess/SimpleExecutorDylibManager.h
-- Installing: /tmp/tmp.R4DfmRPr45/llvm/include/llvm/ExecutionEngine/Orc/TargetProcess/ExecutorSharedMemoryMapperService.h
-- Installing: /tmp/tmp.R4DfmRPr45/llvm/include/llvm/ExecutionEngine/Orc/COFFVCRuntimeSupport.h
-- Installing: /tmp/tmp.R4DfmRPr45/llvm/include/llvm/ExecutionEngine/Orc/IRCompileLayer.h
-- Installing: /tmp/tmp.R4DfmRPr45/llvm/include/llvm/ExecutionEngine/Orc/LookupAndRecordAddrs.h
-- Installing: /tmp/tmp.R4DfmRPr45/llvm/include/llvm/ExecutionEngine/OProfileWrapper.h
-- Installing: /tmp/tmp.R4DfmRPr45/llvm/include/llvm/ExecutionEngine/JITLink
-- Installing: /tmp/tmp.R4DfmRPr45/llvm/include/llvm/ExecutionEngine/JITLink/JITLinkDylib.h
-- Installing: /tmp/tmp.R4DfmRPr45/llvm/include/llvm/ExecutionEngine/JITLink/TableManager.h
-- Installing: /tmp/tmp.R4DfmRPr45/llvm/include/llvm/ExecutionEngine/JITLink/i386.h
-- Installing: /tmp/tmp.R4DfmRPr45/llvm/include/llvm/ExecutionEngine/JITLink/ELF_x86_64.h
-- Installing: /tmp/tmp.R4DfmRPr45/llvm/include/llvm/ExecutionEngine/JITLink/riscv.h
-- Installing: /tmp/tmp.R4DfmRPr45/llvm/include/llvm/ExecutionEngine/JITLink/ELF_i386.h
-- Installing: /tmp/tmp.R4DfmRPr45/llvm/include/llvm/ExecutionEngine/JITLink/DWARFRecordSectionSplitter.h
-- Installing: /tmp/tmp.R4DfmRPr45/llvm/include/llvm/ExecutionEngine/JITLink/MachO.h
-- Installing: /tmp/tmp.R4DfmRPr45/llvm/include/llvm/ExecutionEngine/JITLink/MachO_x86_64.h
-- Installing: /tmp/tmp.R4DfmRPr45/llvm/include/llvm/ExecutionEngine/JITLink/JITLink.h
-- Installing: /tmp/tmp.R4DfmRPr45/llvm/include/llvm/ExecutionEngine/JITLink/COFF_x86_64.h
-- Installing: /tmp/tmp.R4DfmRPr45/llvm/include/llvm/ExecutionEngine/JITLink/JITLinkMemoryManager.h
-- Installing: /tmp/tmp.R4DfmRPr45/llvm/include/llvm/ExecutionEngine/JITLink/ELF.h
-- Installing: /tmp/tmp.R4DfmRPr45/llvm/include/llvm/ExecutionEngine/JITLink/ELF_loongarch.h
-- Installing: /tmp/tmp.R4DfmRPr45/llvm/include/llvm/ExecutionEngine/JITLink/COFF.h
-- Installing: /tmp/tmp.R4DfmRPr45/llvm/include/llvm/ExecutionEngine/JITLink/ELF_riscv.h
-- Installing: /tmp/tmp.R4DfmRPr45/llvm/include/llvm/ExecutionEngine/JITLink/loongarch.h
-- Installing: /tmp/tmp.R4DfmRPr45/llvm/include/llvm/ExecutionEngine/JITLink/EHFrameSupport.h
-- Installing: /tmp/tmp.R4DfmRPr45/llvm/include/llvm/ExecutionEngine/JITLink/aarch64.h
-- Installing: /tmp/tmp.R4DfmRPr45/llvm/include/llvm/ExecutionEngine/JITLink/MachO_arm64.h
-- Installing: /tmp/tmp.R4DfmRPr45/llvm/include/llvm/ExecutionEngine/JITLink/ELF_aarch64.h
-- Installing: /tmp/tmp.R4DfmRPr45/llvm/include/llvm/ExecutionEngine/JITLink/x86_64.h
-- Installing: /tmp/tmp.R4DfmRPr45/llvm/include/llvm/ExecutionEngine/RuntimeDyld.h
-- Installing: /tmp/tmp.R4DfmRPr45/llvm/include/llvm/ExecutionEngine/RuntimeDyldChecker.h
-- Installing: /tmp/tmp.R4DfmRPr45/llvm/include/llvm/ExecutionEngine/ObjectCache.h
-- Installing: /tmp/tmp.R4DfmRPr45/llvm/include/llvm/ExecutionEngine/ExecutionEngine.h
-- Installing: /tmp/tmp.R4DfmRPr45/llvm/include/llvm/ExecutionEngine/Interpreter.h
-- Installing: /tmp/tmp.R4DfmRPr45/llvm/include/llvm/ExecutionEngine/MCJIT.h
-- Installing: /tmp/tmp.R4DfmRPr45/llvm/include/llvm/Pass.h
-- Installing: /tmp/tmp.R4DfmRPr45/llvm/include/llvm/FileCheck
-- Installing: /tmp/tmp.R4DfmRPr45/llvm/include/llvm/FileCheck/FileCheck.h
-- Installing: /tmp/tmp.R4DfmRPr45/llvm/include/llvm/FuzzMutate
-- Installing: /tmp/tmp.R4DfmRPr45/llvm/include/llvm/FuzzMutate/RandomIRBuilder.h
-- Installing: /tmp/tmp.R4DfmRPr45/llvm/include/llvm/FuzzMutate/Random.h
-- Installing: /tmp/tmp.R4DfmRPr45/llvm/include/llvm/FuzzMutate/IRMutator.h
-- Installing: /tmp/tmp.R4DfmRPr45/llvm/include/llvm/FuzzMutate/OpDescriptor.h
-- Installing: /tmp/tmp.R4DfmRPr45/llvm/include/llvm/FuzzMutate/FuzzerCLI.h
-- Installing: /tmp/tmp.R4DfmRPr45/llvm/include/llvm/FuzzMutate/Operations.h
-- Installing: /tmp/tmp.R4DfmRPr45/llvm/include/llvm/IR
-- Installing: /tmp/tmp.R4DfmRPr45/llvm/include/llvm/IR/PassManagerImpl.h
-- Installing: /tmp/tmp.R4DfmRPr45/llvm/include/llvm/IR/Metadata.h
-- Installing: /tmp/tmp.R4DfmRPr45/llvm/include/llvm/IR/ValueMap.h
-- Installing: /tmp/tmp.R4DfmRPr45/llvm/include/llvm/IR/BuiltinGCs.h
-- Installing: /tmp/tmp.R4DfmRPr45/llvm/include/llvm/IR/IntrinsicsAMDGPU.td
-- Installing: /tmp/tmp.R4DfmRPr45/llvm/include/llvm/IR/IntrinsicsVE.td
-- Installing: /tmp/tmp.R4DfmRPr45/llvm/include/llvm/IR/DiagnosticInfo.h
-- Installing: /tmp/tmp.R4DfmRPr45/llvm/include/llvm/IR/IntrinsicsHexagon.td
-- Installing: /tmp/tmp.R4DfmRPr45/llvm/include/llvm/IR/GlobalValue.h
-- Installing: /tmp/tmp.R4DfmRPr45/llvm/include/llvm/IR/GCStrategy.h
-- Installing: /tmp/tmp.R4DfmRPr45/llvm/include/llvm/IR/Attributes.td
-- Installing: /tmp/tmp.R4DfmRPr45/llvm/include/llvm/IR/GVMaterializer.h
-- Installing: /tmp/tmp.R4DfmRPr45/llvm/include/llvm/IR/BasicBlock.h
-- Installing: /tmp/tmp.R4DfmRPr45/llvm/include/llvm/IR/ModuleSummaryIndexYAML.h
-- Installing: /tmp/tmp.R4DfmRPr45/llvm/include/llvm/IR/Comdat.h
-- Installing: /tmp/tmp.R4DfmRPr45/llvm/include/llvm/IR/DebugInfoMetadata.h
-- Installing: /tmp/tmp.R4DfmRPr45/llvm/include/llvm/IR/LegacyPassNameParser.h
-- Installing: /tmp/tmp.R4DfmRPr45/llvm/include/llvm/IR/OperandTraits.h
-- Installing: /tmp/tmp.R4DfmRPr45/llvm/include/llvm/IR/Instruction.h
-- Installing: /tmp/tmp.R4DfmRPr45/llvm/include/llvm/IR/Instruction.def
-- Installing: /tmp/tmp.R4DfmRPr45/llvm/include/llvm/IR/DebugLoc.h
-- Installing: /tmp/tmp.R4DfmRPr45/llvm/include/llvm/IR/Function.h
-- Installing: /tmp/tmp.R4DfmRPr45/llvm/include/llvm/IR/RuntimeLibcalls.def
-- Installing: /tmp/tmp.R4DfmRPr45/llvm/include/llvm/IR/Type.h
-- Installing: /tmp/tmp.R4DfmRPr45/llvm/include/llvm/IR/StructuralHash.h
-- Installing: /tmp/tmp.R4DfmRPr45/llvm/include/llvm/IR/PassInstrumentation.h
-- Installing: /tmp/tmp.R4DfmRPr45/llvm/include/llvm/IR/ValueSymbolTable.h
-- Installing: /tmp/tmp.R4DfmRPr45/llvm/include/llvm/IR/GlobalObject.h
-- Installing: /tmp/tmp.R4DfmRPr45/llvm/include/llvm/IR/Metadata.def
-- Installing: /tmp/tmp.R4DfmRPr45/llvm/include/llvm/IR/ConstantFolder.h
-- Installing: /tmp/tmp.R4DfmRPr45/llvm/include/llvm/IR/GlobalAlias.h
-- Installing: /tmp/tmp.R4DfmRPr45/llvm/include/llvm/IR/VPIntrinsics.def
-- Installing: /tmp/tmp.R4DfmRPr45/llvm/include/llvm/IR/PrintPasses.h
-- Installing: /tmp/tmp.R4DfmRPr45/llvm/include/llvm/IR/Constant.h
-- Installing: /tmp/tmp.R4DfmRPr45/llvm/include/llvm/IR/Constants.h
-- Installing: /tmp/tmp.R4DfmRPr45/llvm/include/llvm/IR/Argument.h
-- Installing: /tmp/tmp.R4DfmRPr45/llvm/include/llvm/IR/IntrinsicsBPF.td
-- Installing: /tmp/tmp.R4DfmRPr45/llvm/include/llvm/IR/FPEnv.h
-- Installing: /tmp/tmp.R4DfmRPr45/llvm/include/llvm/IR/IntrinsicsVEVL.gen.td
-- Installing: /tmp/tmp.R4DfmRPr45/llvm/include/llvm/IR/Intrinsics.h
-- Installing: /tmp/tmp.R4DfmRPr45/llvm/include/llvm/IR/IRPrintingPasses.h
-- Installing: /tmp/tmp.R4DfmRPr45/llvm/include/llvm/IR/IntrinsicsNVVM.td
-- Installing: /tmp/tmp.R4DfmRPr45/llvm/include/llvm/IR/IntrinsicInst.h
-- Installing: /tmp/tmp.R4DfmRPr45/llvm/include/llvm/IR/FixedMetadataKinds.def
-- Installing: /tmp/tmp.R4DfmRPr45/llvm/include/llvm/IR/CFG.h
-- Installing: /tmp/tmp.R4DfmRPr45/llvm/include/llvm/IR/PassManagerInternal.h
-- Installing: /tmp/tmp.R4DfmRPr45/llvm/include/llvm/IR/IntrinsicsSystemZ.td
-- Installing: /tmp/tmp.R4DfmRPr45/llvm/include/llvm/IR/AutoUpgrade.h
-- Installing: /tmp/tmp.R4DfmRPr45/llvm/include/llvm/IR/User.h
-- Installing: /tmp/tmp.R4DfmRPr45/llvm/include/llvm/IR/ConstantFold.h
-- Installing: /tmp/tmp.R4DfmRPr45/llvm/include/llvm/IR/AbstractCallSite.h
-- Installing: /tmp/tmp.R4DfmRPr45/llvm/include/llvm/IR/PassManager.h
-- Installing: /tmp/tmp.R4DfmRPr45/llvm/include/llvm/IR/IntrinsicsRISCVXTHead.td
-- Installing: /tmp/tmp.R4DfmRPr45/llvm/include/llvm/IR/FixedPointBuilder.h
-- Installing: /tmp/tmp.R4DfmRPr45/llvm/include/llvm/IR/DiagnosticPrinter.h
-- Installing: /tmp/tmp.R4DfmRPr45/llvm/include/llvm/IR/PassTimingInfo.h
-- Installing: /tmp/tmp.R4DfmRPr45/llvm/include/llvm/IR/PseudoProbe.h
-- Installing: /tmp/tmp.R4DfmRPr45/llvm/include/llvm/IR/LegacyPassManager.h
-- Installing: /tmp/tmp.R4DfmRPr45/llvm/include/llvm/IR/ValueHandle.h
-- Installing: /tmp/tmp.R4DfmRPr45/llvm/include/llvm/IR/IntrinsicsPowerPC.td
-- Installing: /tmp/tmp.R4DfmRPr45/llvm/include/llvm/IR/IntrinsicsLoongArch.td
-- Installing: /tmp/tmp.R4DfmRPr45/llvm/include/llvm/IR/SymbolTableListTraits.h
-- Installing: /tmp/tmp.R4DfmRPr45/llvm/include/llvm/IR/TrackingMDRef.h
-- Installing: /tmp/tmp.R4DfmRPr45/llvm/include/llvm/IR/NoFolder.h
-- Installing: /tmp/tmp.R4DfmRPr45/llvm/include/llvm/IR/InlineAsm.h
-- Installing: /tmp/tmp.R4DfmRPr45/llvm/include/llvm/IR/Statepoint.h
-- Installing: /tmp/tmp.R4DfmRPr45/llvm/include/llvm/IR/DerivedUser.h
-- Installing: /tmp/tmp.R4DfmRPr45/llvm/include/llvm/IR/IntrinsicsAArch64.td
-- Installing: /tmp/tmp.R4DfmRPr45/llvm/include/llvm/IR/Verifier.h
-- Installing: /tmp/tmp.R4DfmRPr45/llvm/include/llvm/IR/Value.h
-- Installing: /tmp/tmp.R4DfmRPr45/llvm/include/llvm/IR/ReplaceConstant.h
-- Installing: /tmp/tmp.R4DfmRPr45/llvm/include/llvm/IR/IntrinsicsARM.td
-- Installing: /tmp/tmp.R4DfmRPr45/llvm/include/llvm/IR/InstrTypes.h
-- Installing: /tmp/tmp.R4DfmRPr45/llvm/include/llvm/IR/InstIterator.h
-- Installing: /tmp/tmp.R4DfmRPr45/llvm/include/llvm/IR/IntrinsicsXCore.td
-- Installing: /tmp/tmp.R4DfmRPr45/llvm/include/llvm/IR/Module.h
-- Installing: /tmp/tmp.R4DfmRPr45/llvm/include/llvm/IR/Intrinsics.td
-- Installing: /tmp/tmp.R4DfmRPr45/llvm/include/llvm/IR/Operator.h
-- Installing: /tmp/tmp.R4DfmRPr45/llvm/include/llvm/IR/SSAContext.h
-- Installing: /tmp/tmp.R4DfmRPr45/llvm/include/llvm/IR/ConstrainedOps.def
-- Installing: /tmp/tmp.R4DfmRPr45/llvm/include/llvm/IR/OptBisect.h
-- Installing: /tmp/tmp.R4DfmRPr45/llvm/include/llvm/IR/Value.def
-- Installing: /tmp/tmp.R4DfmRPr45/llvm/include/llvm/IR/IntrinsicsSPIRV.td
-- Installing: /tmp/tmp.R4DfmRPr45/llvm/include/llvm/IR/LLVMContext.h
-- Installing: /tmp/tmp.R4DfmRPr45/llvm/include/llvm/IR/DebugInfo.h
-- Installing: /tmp/tmp.R4DfmRPr45/llvm/include/llvm/IR/DIBuilder.h
-- Installing: /tmp/tmp.R4DfmRPr45/llvm/include/llvm/IR/Use.h
-- Installing: /tmp/tmp.R4DfmRPr45/llvm/include/llvm/IR/GetElementPtrTypeIterator.h
-- Installing: /tmp/tmp.R4DfmRPr45/llvm/include/llvm/IR/InstVisitor.h
-- Installing: /tmp/tmp.R4DfmRPr45/llvm/include/llvm/IR/IntrinsicsHexagonDep.td
-- Installing: /tmp/tmp.R4DfmRPr45/llvm/include/llvm/IR/IRBuilderFolder.h
-- Installing: /tmp/tmp.R4DfmRPr45/llvm/include/llvm/IR/FMF.h
-- Installing: /tmp/tmp.R4DfmRPr45/llvm/include/llvm/IR/MatrixBuilder.h
-- Installing: /tmp/tmp.R4DfmRPr45/llvm/include/llvm/IR/IntrinsicsX86.td
-- Installing: /tmp/tmp.R4DfmRPr45/llvm/include/llvm/IR/ConstantRange.h
-- Installing: /tmp/tmp.R4DfmRPr45/llvm/include/llvm/IR/GlobalIFunc.h
-- Installing: /tmp/tmp.R4DfmRPr45/llvm/include/llvm/IR/SafepointIRVerifier.h
-- Installing: /tmp/tmp.R4DfmRPr45/llvm/include/llvm/IR/Assumptions.h
-- Installing: /tmp/tmp.R4DfmRPr45/llvm/include/llvm/IR/TypeFinder.h
-- Installing: /tmp/tmp.R4DfmRPr45/llvm/include/llvm/IR/Attributes.h
-- Installing: /tmp/tmp.R4DfmRPr45/llvm/include/llvm/IR/DataLayout.h
-- Installing: /tmp/tmp.R4DfmRPr45/llvm/include/llvm/IR/MDBuilder.h
-- Installing: /tmp/tmp.R4DfmRPr45/llvm/include/llvm/IR/LegacyPassManagers.h
-- Installing: /tmp/tmp.R4DfmRPr45/llvm/include/llvm/IR/DiagnosticHandler.h
-- Installing: /tmp/tmp.R4DfmRPr45/llvm/include/llvm/IR/DebugInfoFlags.def
-- Installing: /tmp/tmp.R4DfmRPr45/llvm/include/llvm/IR/GlobalVariable.h
-- Installing: /tmp/tmp.R4DfmRPr45/llvm/include/llvm/IR/UseListOrder.h
-- Installing: /tmp/tmp.R4DfmRPr45/llvm/include/llvm/IR/ProfDataUtils.h
-- Installing: /tmp/tmp.R4DfmRPr45/llvm/include/llvm/IR/IntrinsicsRISCV.td
-- Installing: /tmp/tmp.R4DfmRPr45/llvm/include/llvm/IR/Instructions.h
-- Installing: /tmp/tmp.R4DfmRPr45/llvm/include/llvm/IR/CallingConv.h
-- Installing: /tmp/tmp.R4DfmRPr45/llvm/include/llvm/IR/DerivedTypes.h
-- Installing: /tmp/tmp.R4DfmRPr45/llvm/include/llvm/IR/IntrinsicsWebAssembly.td
-- Installing: /tmp/tmp.R4DfmRPr45/llvm/include/llvm/IR/ProfileSummary.h
-- Installing: /tmp/tmp.R4DfmRPr45/llvm/include/llvm/IR/IntrinsicsDirectX.td
-- Installing: /tmp/tmp.R4DfmRPr45/llvm/include/llvm/IR/VectorBuilder.h
-- Installing: /tmp/tmp.R4DfmRPr45/llvm/include/llvm/IR/IntrinsicsMips.td
-- Installing: /tmp/tmp.R4DfmRPr45/llvm/include/llvm/IR/Dominators.h
-- Installing: /tmp/tmp.R4DfmRPr45/llvm/include/llvm/IR/AssemblyAnnotationWriter.h
-- Installing: /tmp/tmp.R4DfmRPr45/llvm/include/llvm/IR/PredIteratorCache.h
-- Installing: /tmp/tmp.R4DfmRPr45/llvm/include/llvm/IR/PatternMatch.h
-- Installing: /tmp/tmp.R4DfmRPr45/llvm/include/llvm/IR/LLVMRemarkStreamer.h
-- Installing: /tmp/tmp.R4DfmRPr45/llvm/include/llvm/IR/ModuleSummaryIndex.h
-- Installing: /tmp/tmp.R4DfmRPr45/llvm/include/llvm/IR/ModuleSlotTracker.h
-- Installing: /tmp/tmp.R4DfmRPr45/llvm/include/llvm/IR/IRBuilder.h
-- Installing: /tmp/tmp.R4DfmRPr45/llvm/include/llvm/IR/TypedPointerType.h
-- Installing: /tmp/tmp.R4DfmRPr45/llvm/include/llvm/IR/Mangler.h
-- Installing: /tmp/tmp.R4DfmRPr45/llvm/include/llvm/LinkAllPasses.h
-- Installing: /tmp/tmp.R4DfmRPr45/llvm/include/llvm/PassInfo.h
-- Installing: /tmp/tmp.R4DfmRPr45/llvm/include/llvm/DWP
-- Installing: /tmp/tmp.R4DfmRPr45/llvm/include/llvm/DWP/DWP.h
-- Installing: /tmp/tmp.R4DfmRPr45/llvm/include/llvm/DWP/DWPStringPool.h
-- Installing: /tmp/tmp.R4DfmRPr45/llvm/include/llvm/DWP/DWPError.h
-- Installing: /tmp/tmp.R4DfmRPr45/llvm/include/llvm/Config
-- Installing: /tmp/tmp.R4DfmRPr45/llvm/include/llvm/Bitstream
-- Installing: /tmp/tmp.R4DfmRPr45/llvm/include/llvm/Bitstream/BitCodes.h
-- Installing: /tmp/tmp.R4DfmRPr45/llvm/include/llvm/Bitstream/BitstreamReader.h
-- Installing: /tmp/tmp.R4DfmRPr45/llvm/include/llvm/Bitstream/BitstreamWriter.h
-- Installing: /tmp/tmp.R4DfmRPr45/llvm/include/llvm/Bitstream/BitCodeEnums.h
-- Installing: /tmp/tmp.R4DfmRPr45/llvm/include/llvm/Analysis
-- Installing: /tmp/tmp.R4DfmRPr45/llvm/include/llvm/Analysis/InstructionSimplify.h
-- Installing: /tmp/tmp.R4DfmRPr45/llvm/include/llvm/Analysis/ConstantFolding.h
-- Installing: /tmp/tmp.R4DfmRPr45/llvm/include/llvm/Analysis/GuardUtils.h
-- Installing: /tmp/tmp.R4DfmRPr45/llvm/include/llvm/Analysis/CallPrinter.h
-- Installing: /tmp/tmp.R4DfmRPr45/llvm/include/llvm/Analysis/DDG.h
-- Installing: /tmp/tmp.R4DfmRPr45/llvm/include/llvm/Analysis/DivergenceAnalysis.h
-- Installing: /tmp/tmp.R4DfmRPr45/llvm/include/llvm/Analysis/CostModel.h
-- Installing: /tmp/tmp.R4DfmRPr45/llvm/include/llvm/Analysis/DominanceFrontier.h
-- Installing: /tmp/tmp.R4DfmRPr45/llvm/include/llvm/Analysis/ModuleDebugInfoPrinter.h
-- Installing: /tmp/tmp.R4DfmRPr45/llvm/include/llvm/Analysis/AssumptionCache.h
-- Installing: /tmp/tmp.R4DfmRPr45/llvm/include/llvm/Analysis/InlineSizeEstimatorAnalysis.h
-- Installing: /tmp/tmp.R4DfmRPr45/llvm/include/llvm/Analysis/LoopInfoImpl.h
-- Installing: /tmp/tmp.R4DfmRPr45/llvm/include/llvm/Analysis/MLInlineAdvisor.h
-- Installing: /tmp/tmp.R4DfmRPr45/llvm/include/llvm/Analysis/MemoryBuiltins.h
-- Installing: /tmp/tmp.R4DfmRPr45/llvm/include/llvm/Analysis/BlockFrequencyInfoImpl.h
-- Installing: /tmp/tmp.R4DfmRPr45/llvm/include/llvm/Analysis/CodeMetrics.h
-- Installing: /tmp/tmp.R4DfmRPr45/llvm/include/llvm/Analysis/PhiValues.h
-- Installing: /tmp/tmp.R4DfmRPr45/llvm/include/llvm/Analysis/TargetTransformInfoImpl.h
-- Installing: /tmp/tmp.R4DfmRPr45/llvm/include/llvm/Analysis/LoopAnalysisManager.h
-- Installing: /tmp/tmp.R4DfmRPr45/llvm/include/llvm/Analysis/DDGPrinter.h
-- Installing: /tmp/tmp.R4DfmRPr45/llvm/include/llvm/Analysis/ReplayInlineAdvisor.h
-- Installing: /tmp/tmp.R4DfmRPr45/llvm/include/llvm/Analysis/CFGPrinter.h
-- Installing: /tmp/tmp.R4DfmRPr45/llvm/include/llvm/Analysis/BlockFrequencyInfo.h
-- Installing: /tmp/tmp.R4DfmRPr45/llvm/include/llvm/Analysis/ScalarEvolutionNormalization.h
-- Installing: /tmp/tmp.R4DfmRPr45/llvm/include/llvm/Analysis/Utils
-- Installing: /tmp/tmp.R4DfmRPr45/llvm/include/llvm/Analysis/Utils/ImportedFunctionsInliningStatistics.h
-- Installing: /tmp/tmp.R4DfmRPr45/llvm/include/llvm/Analysis/Utils/Local.h
-- Installing: /tmp/tmp.R4DfmRPr45/llvm/include/llvm/Analysis/Utils/TrainingLogger.h
-- Installing: /tmp/tmp.R4DfmRPr45/llvm/include/llvm/Analysis/Utils/TFUtils.h
-- Installing: /tmp/tmp.R4DfmRPr45/llvm/include/llvm/Analysis/ObjCARCInstKind.h
-- Installing: /tmp/tmp.R4DfmRPr45/llvm/include/llvm/Analysis/LegacyDivergenceAnalysis.h
-- Installing: /tmp/tmp.R4DfmRPr45/llvm/include/llvm/Analysis/TargetFolder.h
-- Installing: /tmp/tmp.R4DfmRPr45/llvm/include/llvm/Analysis/SyncDependenceAnalysis.h
-- Installing: /tmp/tmp.R4DfmRPr45/llvm/include/llvm/Analysis/TensorSpec.h
-- Installing: /tmp/tmp.R4DfmRPr45/llvm/include/llvm/Analysis/RegionPass.h
-- Installing: /tmp/tmp.R4DfmRPr45/llvm/include/llvm/Analysis/LazyBlockFrequencyInfo.h
-- Installing: /tmp/tmp.R4DfmRPr45/llvm/include/llvm/Analysis/TypeMetadataUtils.h
-- Installing: /tmp/tmp.R4DfmRPr45/llvm/include/llvm/Analysis/ModuleSummaryAnalysis.h
-- Installing: /tmp/tmp.R4DfmRPr45/llvm/include/llvm/Analysis/ScalarFuncs.def
-- Installing: /tmp/tmp.R4DfmRPr45/llvm/include/llvm/Analysis/ScalarEvolutionExpressions.h
-- Installing: /tmp/tmp.R4DfmRPr45/llvm/include/llvm/Analysis/PostDominators.h
-- Installing: /tmp/tmp.R4DfmRPr45/llvm/include/llvm/Analysis/LoopPass.h
-- Installing: /tmp/tmp.R4DfmRPr45/llvm/include/llvm/Analysis/ScalarEvolution.h
-- Installing: /tmp/tmp.R4DfmRPr45/llvm/include/llvm/Analysis/CaptureTracking.h
-- Installing: /tmp/tmp.R4DfmRPr45/llvm/include/llvm/Analysis/SparsePropagation.h
-- Installing: /tmp/tmp.R4DfmRPr45/llvm/include/llvm/Analysis/RegionInfoImpl.h
-- Installing: /tmp/tmp.R4DfmRPr45/llvm/include/llvm/Analysis/ObjCARCAliasAnalysis.h
-- Installing: /tmp/tmp.R4DfmRPr45/llvm/include/llvm/Analysis/InlineCost.h
-- Installing: /tmp/tmp.R4DfmRPr45/llvm/include/llvm/Analysis/SyntheticCountsUtils.h
-- Installing: /tmp/tmp.R4DfmRPr45/llvm/include/llvm/Analysis/MemoryDependenceAnalysis.h
-- Installing: /tmp/tmp.R4DfmRPr45/llvm/include/llvm/Analysis/Interval.h
-- Installing: /tmp/tmp.R4DfmRPr45/llvm/include/llvm/Analysis/AssumeBundleQueries.h
-- Installing: /tmp/tmp.R4DfmRPr45/llvm/include/llvm/Analysis/MustExecute.h
-- Installing: /tmp/tmp.R4DfmRPr45/llvm/include/llvm/Analysis/DomTreeUpdater.h
-- Installing: /tmp/tmp.R4DfmRPr45/llvm/include/llvm/Analysis/Delinearization.h
-- Installing: /tmp/tmp.R4DfmRPr45/llvm/include/llvm/Analysis/InstructionPrecedenceTracking.h
-- Installing: /tmp/tmp.R4DfmRPr45/llvm/include/llvm/Analysis/ScopedNoAliasAA.h
-- Installing: /tmp/tmp.R4DfmRPr45/llvm/include/llvm/Analysis/CmpInstAnalysis.h
-- Installing: /tmp/tmp.R4DfmRPr45/llvm/include/llvm/Analysis/ScalarEvolutionDivision.h
-- Installing: /tmp/tmp.R4DfmRPr45/llvm/include/llvm/Analysis/CFGSCCPrinter.h
-- Installing: /tmp/tmp.R4DfmRPr45/llvm/include/llvm/Analysis/BasicAliasAnalysis.h
-- Installing: /tmp/tmp.R4DfmRPr45/llvm/include/llvm/Analysis/LazyCallGraph.h
-- Installing: /tmp/tmp.R4DfmRPr45/llvm/include/llvm/Analysis/IntervalIterator.h
-- Installing: /tmp/tmp.R4DfmRPr45/llvm/include/llvm/Analysis/LoopInfo.h
-- Installing: /tmp/tmp.R4DfmRPr45/llvm/include/llvm/Analysis/IndirectCallPromotionAnalysis.h
-- Installing: /tmp/tmp.R4DfmRPr45/llvm/include/llvm/Analysis/Passes.h
-- Installing: /tmp/tmp.R4DfmRPr45/llvm/include/llvm/Analysis/DomPrinter.h
-- Installing: /tmp/tmp.R4DfmRPr45/llvm/include/llvm/Analysis/LoopIterator.h
-- Installing: /tmp/tmp.R4DfmRPr45/llvm/include/llvm/Analysis/ModelUnderTrainingRunner.h
-- Installing: /tmp/tmp.R4DfmRPr45/llvm/include/llvm/Analysis/ConstraintSystem.h
-- Installing: /tmp/tmp.R4DfmRPr45/llvm/include/llvm/Analysis/MemDerefPrinter.h
-- Installing: /tmp/tmp.R4DfmRPr45/llvm/include/llvm/Analysis/LoopAccessAnalysis.h
-- Installing: /tmp/tmp.R4DfmRPr45/llvm/include/llvm/Analysis/MemorySSAUpdater.h
-- Installing: /tmp/tmp.R4DfmRPr45/llvm/include/llvm/Analysis/PHITransAddr.h
-- Installing: /tmp/tmp.R4DfmRPr45/llvm/include/llvm/Analysis/RegionPrinter.h
-- Installing: /tmp/tmp.R4DfmRPr45/llvm/include/llvm/Analysis/LoopNestAnalysis.h
-- Installing: /tmp/tmp.R4DfmRPr45/llvm/include/llvm/Analysis/FunctionPropertiesAnalysis.h
-- Installing: /tmp/tmp.R4DfmRPr45/llvm/include/llvm/Analysis/DominanceFrontierImpl.h
-- Installing: /tmp/tmp.R4DfmRPr45/llvm/include/llvm/Analysis/LazyBranchProbabilityInfo.h
-- Installing: /tmp/tmp.R4DfmRPr45/llvm/include/llvm/Analysis/AliasAnalysisEvaluator.h
-- Installing: /tmp/tmp.R4DfmRPr45/llvm/include/llvm/Analysis/Trace.h
-- Installing: /tmp/tmp.R4DfmRPr45/llvm/include/llvm/Analysis/ObjCARCAnalysisUtils.h
-- Installing: /tmp/tmp.R4DfmRPr45/llvm/include/llvm/Analysis/VectorUtils.h
-- Installing: /tmp/tmp.R4DfmRPr45/llvm/include/llvm/Analysis/ObjCARCUtil.h
-- Installing: /tmp/tmp.R4DfmRPr45/llvm/include/llvm/Analysis/IVDescriptors.h
-- Installing: /tmp/tmp.R4DfmRPr45/llvm/include/llvm/Analysis/TargetLibraryInfo.def
-- Installing: /tmp/tmp.R4DfmRPr45/llvm/include/llvm/Analysis/CycleAnalysis.h
-- Installing: /tmp/tmp.R4DfmRPr45/llvm/include/llvm/Analysis/ValueLatticeUtils.h
-- Installing: /tmp/tmp.R4DfmRPr45/llvm/include/llvm/Analysis/DependenceAnalysis.h
-- Installing: /tmp/tmp.R4DfmRPr45/llvm/include/llvm/Analysis/DependenceGraphBuilder.h
-- Installing: /tmp/tmp.R4DfmRPr45/llvm/include/llvm/Analysis/StackLifetime.h
-- Installing: /tmp/tmp.R4DfmRPr45/llvm/include/llvm/Analysis/LoopCacheAnalysis.h
-- Installing: /tmp/tmp.R4DfmRPr45/llvm/include/llvm/Analysis/Loads.h
-- Installing: /tmp/tmp.R4DfmRPr45/llvm/include/llvm/Analysis/OptimizationRemarkEmitter.h
-- Installing: /tmp/tmp.R4DfmRPr45/llvm/include/llvm/Analysis/IVUsers.h
-- Installing: /tmp/tmp.R4DfmRPr45/llvm/include/llvm/Analysis/IndirectCallVisitor.h
-- Installing: /tmp/tmp.R4DfmRPr45/llvm/include/llvm/Analysis/MLModelRunner.h
-- Installing: /tmp/tmp.R4DfmRPr45/llvm/include/llvm/Analysis/TargetTransformInfo.h
-- Installing: /tmp/tmp.R4DfmRPr45/llvm/include/llvm/Analysis/InlineOrder.h
-- Installing: /tmp/tmp.R4DfmRPr45/llvm/include/llvm/Analysis/RegionIterator.h
-- Installing: /tmp/tmp.R4DfmRPr45/llvm/include/llvm/Analysis/IteratedDominanceFrontier.h
-- Installing: /tmp/tmp.R4DfmRPr45/llvm/include/llvm/Analysis/MemoryProfileInfo.h
-- Installing: /tmp/tmp.R4DfmRPr45/llvm/include/llvm/Analysis/MemorySSA.h
-- Installing: /tmp/tmp.R4DfmRPr45/llvm/include/llvm/Analysis/CFG.h
-- Installing: /tmp/tmp.R4DfmRPr45/llvm/include/llvm/Analysis/InstSimplifyFolder.h
-- Installing: /tmp/tmp.R4DfmRPr45/llvm/include/llvm/Analysis/LazyValueInfo.h
-- Installing: /tmp/tmp.R4DfmRPr45/llvm/include/llvm/Analysis/HeatUtils.h
-- Installing: /tmp/tmp.R4DfmRPr45/llvm/include/llvm/Analysis/IntervalPartition.h
-- Installing: /tmp/tmp.R4DfmRPr45/llvm/include/llvm/Analysis/DOTGraphTraitsPass.h
-- Installing: /tmp/tmp.R4DfmRPr45/llvm/include/llvm/Analysis/ProfileSummaryInfo.h
-- Installing: /tmp/tmp.R4DfmRPr45/llvm/include/llvm/Analysis/BranchProbabilityInfo.h
-- Installing: /tmp/tmp.R4DfmRPr45/llvm/include/llvm/Analysis/CGSCCPassManager.h
-- Installing: /tmp/tmp.R4DfmRPr45/llvm/include/llvm/Analysis/ValueTracking.h
-- Installing: /tmp/tmp.R4DfmRPr45/llvm/include/llvm/Analysis/AliasSetTracker.h
-- Installing: /tmp/tmp.R4DfmRPr45/llvm/include/llvm/Analysis/DemandedBits.h
-- Installing: /tmp/tmp.R4DfmRPr45/llvm/include/llvm/Analysis/InstCount.h
-- Installing: /tmp/tmp.R4DfmRPr45/llvm/include/llvm/Analysis/ValueLattice.h
-- Installing: /tmp/tmp.R4DfmRPr45/llvm/include/llvm/Analysis/InlineAdvisor.h
-- Installing: /tmp/tmp.R4DfmRPr45/llvm/include/llvm/Analysis/StackSafetyAnalysis.h
-- Installing: /tmp/tmp.R4DfmRPr45/llvm/include/llvm/Analysis/EHPersonalities.h
-- Installing: /tmp/tmp.R4DfmRPr45/llvm/include/llvm/Analysis/AliasAnalysis.h
-- Installing: /tmp/tmp.R4DfmRPr45/llvm/include/llvm/Analysis/NoInferenceModelRunner.h
-- Installing: /tmp/tmp.R4DfmRPr45/llvm/include/llvm/Analysis/TargetLibraryInfo.h
-- Installing: /tmp/tmp.R4DfmRPr45/llvm/include/llvm/Analysis/IRSimilarityIdentifier.h
-- Installing: /tmp/tmp.R4DfmRPr45/llvm/include/llvm/Analysis/CallGraph.h
-- Installing: /tmp/tmp.R4DfmRPr45/llvm/include/llvm/Analysis/MemoryLocation.h
-- Installing: /tmp/tmp.R4DfmRPr45/llvm/include/llvm/Analysis/PtrUseVisitor.h
-- Installing: /tmp/tmp.R4DfmRPr45/llvm/include/llvm/Analysis/TypeBasedAliasAnalysis.h
-- Installing: /tmp/tmp.R4DfmRPr45/llvm/include/llvm/Analysis/UniformityAnalysis.h
-- Installing: /tmp/tmp.R4DfmRPr45/llvm/include/llvm/Analysis/ReleaseModeModelRunner.h
-- Installing: /tmp/tmp.R4DfmRPr45/llvm/include/llvm/Analysis/RegionInfo.h
-- Installing: /tmp/tmp.R4DfmRPr45/llvm/include/llvm/Analysis/GlobalsModRef.h
-- Installing: /tmp/tmp.R4DfmRPr45/llvm/include/llvm/Analysis/CallGraphSCCPass.h
-- Installing: /tmp/tmp.R4DfmRPr45/llvm/include/llvm/Analysis/ScalarEvolutionAliasAnalysis.h
-- Installing: /tmp/tmp.R4DfmRPr45/llvm/include/llvm/Analysis/VecFuncs.def
-- Installing: /tmp/tmp.R4DfmRPr45/llvm/include/llvm/Analysis/InlineModelFeatureMaps.h
-- Installing: /tmp/tmp.R4DfmRPr45/llvm/include/llvm/Analysis/OverflowInstAnalysis.h
-- Installing: /tmp/tmp.R4DfmRPr45/llvm/include/llvm/Analysis/Lint.h
-- Installing: /tmp/tmp.R4DfmRPr45/llvm/include/llvm/Analysis/LoopUnrollAnalyzer.h
-- Installing: /tmp/tmp.R4DfmRPr45/llvm/include/llvm/InitializePasses.h
-- Installing: /tmp/tmp.R4DfmRPr45/llvm/include/llvm/Object
-- Installing: /tmp/tmp.R4DfmRPr45/llvm/include/llvm/Object/TapiFile.h
-- Installing: /tmp/tmp.R4DfmRPr45/llvm/include/llvm/Object/TapiUniversal.h
-- Installing: /tmp/tmp.R4DfmRPr45/llvm/include/llvm/Object/RelocationResolver.h
-- Installing: /tmp/tmp.R4DfmRPr45/llvm/include/llvm/Object/COFFModuleDefinition.h
-- Installing: /tmp/tmp.R4DfmRPr45/llvm/include/llvm/Object/BuildID.h
-- Installing: /tmp/tmp.R4DfmRPr45/llvm/include/llvm/Object/COFFImportFile.h
-- Installing: /tmp/tmp.R4DfmRPr45/llvm/include/llvm/Object/MachOUniversal.h
-- Installing: /tmp/tmp.R4DfmRPr45/llvm/include/llvm/Object/WindowsResource.h
-- Installing: /tmp/tmp.R4DfmRPr45/llvm/include/llvm/Object/XCOFFObjectFile.h
-- Installing: /tmp/tmp.R4DfmRPr45/llvm/include/llvm/Object/ELFObjectFile.h
-- Installing: /tmp/tmp.R4DfmRPr45/llvm/include/llvm/Object/OffloadBinary.h
-- Installing: /tmp/tmp.R4DfmRPr45/llvm/include/llvm/Object/SymbolSize.h
-- Installing: /tmp/tmp.R4DfmRPr45/llvm/include/llvm/Object/MachOUniversalWriter.h
-- Installing: /tmp/tmp.R4DfmRPr45/llvm/include/llvm/Object/SymbolicFile.h
-- Installing: /tmp/tmp.R4DfmRPr45/llvm/include/llvm/Object/ArchiveWriter.h
-- Installing: /tmp/tmp.R4DfmRPr45/llvm/include/llvm/Object/ObjectFile.h
-- Installing: /tmp/tmp.R4DfmRPr45/llvm/include/llvm/Object/CVDebugRecord.h
-- Installing: /tmp/tmp.R4DfmRPr45/llvm/include/llvm/Object/Error.h
-- Installing: /tmp/tmp.R4DfmRPr45/llvm/include/llvm/Object/ELF.h
-- Installing: /tmp/tmp.R4DfmRPr45/llvm/include/llvm/Object/DXContainer.h
-- Installing: /tmp/tmp.R4DfmRPr45/llvm/include/llvm/Object/Decompressor.h
-- Installing: /tmp/tmp.R4DfmRPr45/llvm/include/llvm/Object/ELFTypes.h
-- Installing: /tmp/tmp.R4DfmRPr45/llvm/include/llvm/Object/MachO.h
-- Installing: /tmp/tmp.R4DfmRPr45/llvm/include/llvm/Object/StackMapParser.h
-- Installing: /tmp/tmp.R4DfmRPr45/llvm/include/llvm/Object/Wasm.h
-- Installing: /tmp/tmp.R4DfmRPr45/llvm/include/llvm/Object/Minidump.h
-- Installing: /tmp/tmp.R4DfmRPr45/llvm/include/llvm/Object/FaultMapParser.h
-- Installing: /tmp/tmp.R4DfmRPr45/llvm/include/llvm/Object/Binary.h
-- Installing: /tmp/tmp.R4DfmRPr45/llvm/include/llvm/Object/IRObjectFile.h
-- Installing: /tmp/tmp.R4DfmRPr45/llvm/include/llvm/Object/COFF.h
-- Installing: /tmp/tmp.R4DfmRPr45/llvm/include/llvm/Object/ModuleSymbolTable.h
-- Installing: /tmp/tmp.R4DfmRPr45/llvm/include/llvm/Object/IRSymtab.h
-- Installing: /tmp/tmp.R4DfmRPr45/llvm/include/llvm/Object/WindowsMachineFlag.h
-- Installing: /tmp/tmp.R4DfmRPr45/llvm/include/llvm/Object/Archive.h
-- Installing: /tmp/tmp.R4DfmRPr45/llvm/include/llvm/DWARFLinker
-- Installing: /tmp/tmp.R4DfmRPr45/llvm/include/llvm/DWARFLinker/DWARFLinker.h
-- Installing: /tmp/tmp.R4DfmRPr45/llvm/include/llvm/DWARFLinker/DWARFStreamer.h
-- Installing: /tmp/tmp.R4DfmRPr45/llvm/include/llvm/DWARFLinker/DWARFLinkerDeclContext.h
-- Installing: /tmp/tmp.R4DfmRPr45/llvm/include/llvm/DWARFLinker/DWARFLinkerCompileUnit.h
-- Installing: /tmp/tmp.R4DfmRPr45/llvm/include/llvm/XRay
-- Installing: /tmp/tmp.R4DfmRPr45/llvm/include/llvm/XRay/FDRLogBuilder.h
-- Installing: /tmp/tmp.R4DfmRPr45/llvm/include/llvm/XRay/BlockVerifier.h
-- Installing: /tmp/tmp.R4DfmRPr45/llvm/include/llvm/XRay/FDRRecordProducer.h
-- Installing: /tmp/tmp.R4DfmRPr45/llvm/include/llvm/XRay/Profile.h
-- Installing: /tmp/tmp.R4DfmRPr45/llvm/include/llvm/XRay/FileHeaderReader.h
-- Installing: /tmp/tmp.R4DfmRPr45/llvm/include/llvm/XRay/InstrumentationMap.h
-- Installing: /tmp/tmp.R4DfmRPr45/llvm/include/llvm/XRay/FDRTraceExpander.h
-- Installing: /tmp/tmp.R4DfmRPr45/llvm/include/llvm/XRay/XRayRecord.h
-- Installing: /tmp/tmp.R4DfmRPr45/llvm/include/llvm/XRay/RecordPrinter.h
-- Installing: /tmp/tmp.R4DfmRPr45/llvm/include/llvm/XRay/Graph.h
-- Installing: /tmp/tmp.R4DfmRPr45/llvm/include/llvm/XRay/FDRTraceWriter.h
-- Installing: /tmp/tmp.R4DfmRPr45/llvm/include/llvm/XRay/Trace.h
-- Installing: /tmp/tmp.R4DfmRPr45/llvm/include/llvm/XRay/BlockIndexer.h
-- Installing: /tmp/tmp.R4DfmRPr45/llvm/include/llvm/XRay/BlockPrinter.h
-- Installing: /tmp/tmp.R4DfmRPr45/llvm/include/llvm/XRay/YAMLXRayRecord.h
-- Installing: /tmp/tmp.R4DfmRPr45/llvm/include/llvm/XRay/FDRRecordConsumer.h
-- Installing: /tmp/tmp.R4DfmRPr45/llvm/include/llvm/XRay/FDRRecords.h
-- Installing: /tmp/tmp.R4DfmRPr45/llvm/include/llvm/Testing
-- Installing: /tmp/tmp.R4DfmRPr45/llvm/include/llvm/Testing/Support
-- Installing: /tmp/tmp.R4DfmRPr45/llvm/include/llvm/Testing/Support/SupportHelpers.h
-- Installing: /tmp/tmp.R4DfmRPr45/llvm/include/llvm/Testing/Support/Error.h
-- Installing: /tmp/tmp.R4DfmRPr45/llvm/include/llvm/Testing/ADT
-- Installing: /tmp/tmp.R4DfmRPr45/llvm/include/llvm/Testing/ADT/StringMapEntry.h
-- Installing: /tmp/tmp.R4DfmRPr45/llvm/include/llvm/Testing/ADT/StringMap.h
-- Installing: /tmp/tmp.R4DfmRPr45/llvm/include/llvm/Testing/Annotations
-- Installing: /tmp/tmp.R4DfmRPr45/llvm/include/llvm/Testing/Annotations/Annotations.h
-- Installing: /tmp/tmp.R4DfmRPr45/llvm/include/llvm/WindowsResource
-- Installing: /tmp/tmp.R4DfmRPr45/llvm/include/llvm/WindowsResource/ResourceProcessor.h
-- Installing: /tmp/tmp.R4DfmRPr45/llvm/include/llvm/WindowsResource/ResourceScriptToken.h
-- Installing: /tmp/tmp.R4DfmRPr45/llvm/include/llvm/WindowsResource/ResourceScriptTokenList.h
-- Installing: /tmp/tmp.R4DfmRPr45/llvm/include/llvm/LineEditor
-- Installing: /tmp/tmp.R4DfmRPr45/llvm/include/llvm/LineEditor/LineEditor.h
-- Installing: /tmp/tmp.R4DfmRPr45/llvm/include/llvm/Option
-- Installing: /tmp/tmp.R4DfmRPr45/llvm/include/llvm/Option/Option.h
-- Installing: /tmp/tmp.R4DfmRPr45/llvm/include/llvm/Option/Arg.h
-- Installing: /tmp/tmp.R4DfmRPr45/llvm/include/llvm/Option/OptSpecifier.h
-- Installing: /tmp/tmp.R4DfmRPr45/llvm/include/llvm/Option/OptParser.td
-- Installing: /tmp/tmp.R4DfmRPr45/llvm/include/llvm/Option/OptTable.h
-- Installing: /tmp/tmp.R4DfmRPr45/llvm/include/llvm/Option/ArgList.h
-- Installing: /tmp/tmp.R4DfmRPr45/llvm/include/llvm/TextAPI
-- Installing: /tmp/tmp.R4DfmRPr45/llvm/include/llvm/TextAPI/Target.h
-- Installing: /tmp/tmp.R4DfmRPr45/llvm/include/llvm/TextAPI/TextAPIWriter.h
-- Installing: /tmp/tmp.R4DfmRPr45/llvm/include/llvm/TextAPI/Platform.h
-- Installing: /tmp/tmp.R4DfmRPr45/llvm/include/llvm/TextAPI/ArchitectureSet.h
-- Installing: /tmp/tmp.R4DfmRPr45/llvm/include/llvm/TextAPI/Architecture.def
-- Installing: /tmp/tmp.R4DfmRPr45/llvm/include/llvm/TextAPI/Architecture.h
-- Installing: /tmp/tmp.R4DfmRPr45/llvm/include/llvm/TextAPI/PackedVersion.h
-- Installing: /tmp/tmp.R4DfmRPr45/llvm/include/llvm/TextAPI/Symbol.h
-- Installing: /tmp/tmp.R4DfmRPr45/llvm/include/llvm/TextAPI/TextAPIReader.h
-- Installing: /tmp/tmp.R4DfmRPr45/llvm/include/llvm/TextAPI/InterfaceFile.h
-- Installing: /tmp/tmp.R4DfmRPr45/llvm/include/llvm/ObjCopy
-- Installing: /tmp/tmp.R4DfmRPr45/llvm/include/llvm/ObjCopy/XCOFF
-- Installing: /tmp/tmp.R4DfmRPr45/llvm/include/llvm/ObjCopy/XCOFF/XCOFFConfig.h
-- Installing: /tmp/tmp.R4DfmRPr45/llvm/include/llvm/ObjCopy/XCOFF/XCOFFObjcopy.h
-- Installing: /tmp/tmp.R4DfmRPr45/llvm/include/llvm/ObjCopy/ObjCopy.h
-- Installing: /tmp/tmp.R4DfmRPr45/llvm/include/llvm/ObjCopy/MultiFormatConfig.h
-- Installing: /tmp/tmp.R4DfmRPr45/llvm/include/llvm/ObjCopy/COFF
-- Installing: /tmp/tmp.R4DfmRPr45/llvm/include/llvm/ObjCopy/COFF/COFFObjcopy.h
-- Installing: /tmp/tmp.R4DfmRPr45/llvm/include/llvm/ObjCopy/COFF/COFFConfig.h
-- Installing: /tmp/tmp.R4DfmRPr45/llvm/include/llvm/ObjCopy/ConfigManager.h
-- Installing: /tmp/tmp.R4DfmRPr45/llvm/include/llvm/ObjCopy/CommonConfig.h
-- Installing: /tmp/tmp.R4DfmRPr45/llvm/include/llvm/ObjCopy/ELF
-- Installing: /tmp/tmp.R4DfmRPr45/llvm/include/llvm/ObjCopy/ELF/ELFConfig.h
-- Installing: /tmp/tmp.R4DfmRPr45/llvm/include/llvm/ObjCopy/ELF/ELFObjcopy.h
-- Installing: /tmp/tmp.R4DfmRPr45/llvm/include/llvm/ObjCopy/MachO
-- Installing: /tmp/tmp.R4DfmRPr45/llvm/include/llvm/ObjCopy/MachO/MachOConfig.h
-- Installing: /tmp/tmp.R4DfmRPr45/llvm/include/llvm/ObjCopy/MachO/MachOObjcopy.h
-- Installing: /tmp/tmp.R4DfmRPr45/llvm/include/llvm/ObjCopy/wasm
-- Installing: /tmp/tmp.R4DfmRPr45/llvm/include/llvm/ObjCopy/wasm/WasmObjcopy.h
-- Installing: /tmp/tmp.R4DfmRPr45/llvm/include/llvm/ObjCopy/wasm/WasmConfig.h
-- Installing: /tmp/tmp.R4DfmRPr45/llvm/include/llvm/Support
-- Installing: /tmp/tmp.R4DfmRPr45/llvm/include/llvm/Support/circular_raw_ostream.h
-- Installing: /tmp/tmp.R4DfmRPr45/llvm/include/llvm/Support/AtomicOrdering.h
-- Installing: /tmp/tmp.R4DfmRPr45/llvm/include/llvm/Support/ARMTargetParser.h
-- Installing: /tmp/tmp.R4DfmRPr45/llvm/include/llvm/Support/AMDHSAKernelDescriptor.h
-- Installing: /tmp/tmp.R4DfmRPr45/llvm/include/llvm/Support/InstructionCost.h
-- Installing: /tmp/tmp.R4DfmRPr45/llvm/include/llvm/Support/WithColor.h
-- Installing: /tmp/tmp.R4DfmRPr45/llvm/include/llvm/Support/TypeSize.h
-- Installing: /tmp/tmp.R4DfmRPr45/llvm/include/llvm/Support/RISCVAttributeParser.h
-- Installing: /tmp/tmp.R4DfmRPr45/llvm/include/llvm/Support/FormattedStream.h
-- Installing: /tmp/tmp.R4DfmRPr45/llvm/include/llvm/Support/type_traits.h
-- Installing: /tmp/tmp.R4DfmRPr45/llvm/include/llvm/Support/SymbolRemappingReader.h
-- Installing: /tmp/tmp.R4DfmRPr45/llvm/include/llvm/Support/JSON.h
-- Installing: /tmp/tmp.R4DfmRPr45/llvm/include/llvm/Support/CFGDiff.h
-- Installing: /tmp/tmp.R4DfmRPr45/llvm/include/llvm/Support/Signposts.h
-- Installing: /tmp/tmp.R4DfmRPr45/llvm/include/llvm/Support/CRC.h
-- Installing: /tmp/tmp.R4DfmRPr45/llvm/include/llvm/Support/AllocatorBase.h
-- Installing: /tmp/tmp.R4DfmRPr45/llvm/include/llvm/Support/EndianStream.h
-- Installing: /tmp/tmp.R4DfmRPr45/llvm/include/llvm/Support/Locale.h
-- Installing: /tmp/tmp.R4DfmRPr45/llvm/include/llvm/Support/SwapByteOrder.h
-- Installing: /tmp/tmp.R4DfmRPr45/llvm/include/llvm/Support/Win64EH.h
-- Installing: /tmp/tmp.R4DfmRPr45/llvm/include/llvm/Support/Unicode.h
-- Installing: /tmp/tmp.R4DfmRPr45/llvm/include/llvm/Support/Host.h
-- Installing: /tmp/tmp.R4DfmRPr45/llvm/include/llvm/Support/MemoryBuffer.h
-- Installing: /tmp/tmp.R4DfmRPr45/llvm/include/llvm/Support/TarWriter.h
-- Installing: /tmp/tmp.R4DfmRPr45/llvm/include/llvm/Support/Base64.h
-- Installing: /tmp/tmp.R4DfmRPr45/llvm/include/llvm/Support/FormatVariadic.h
-- Installing: /tmp/tmp.R4DfmRPr45/llvm/include/llvm/Support/DOTGraphTraits.h
-- Installing: /tmp/tmp.R4DfmRPr45/llvm/include/llvm/Support/Caching.h
-- Installing: /tmp/tmp.R4DfmRPr45/llvm/include/llvm/Support/AlignOf.h
-- Installing: /tmp/tmp.R4DfmRPr45/llvm/include/llvm/Support/FileCollector.h
-- Installing: /tmp/tmp.R4DfmRPr45/llvm/include/llvm/Support/MSP430AttributeParser.h
-- Installing: /tmp/tmp.R4DfmRPr45/llvm/include/llvm/Support/TimeProfiler.h
-- Installing: /tmp/tmp.R4DfmRPr45/llvm/include/llvm/Support/SmallVectorMemoryBuffer.h
-- Installing: /tmp/tmp.R4DfmRPr45/llvm/include/llvm/Support/DataTypes.h
-- Installing: /tmp/tmp.R4DfmRPr45/llvm/include/llvm/Support/ARMTargetParserCommon.h
-- Installing: /tmp/tmp.R4DfmRPr45/llvm/include/llvm/Support/X86DisassemblerDecoderCommon.h
-- Installing: /tmp/tmp.R4DfmRPr45/llvm/include/llvm/Support/ARMAttributeParser.h
-- Installing: /tmp/tmp.R4DfmRPr45/llvm/include/llvm/Support/Path.h
-- Installing: /tmp/tmp.R4DfmRPr45/llvm/include/llvm/Support/FormatCommon.h
-- Installing: /tmp/tmp.R4DfmRPr45/llvm/include/llvm/Support/ManagedStatic.h
-- Installing: /tmp/tmp.R4DfmRPr45/llvm/include/llvm/Support/AMDGPUMetadata.h
-- Installing: /tmp/tmp.R4DfmRPr45/llvm/include/llvm/Support/TrigramIndex.h
-- Installing: /tmp/tmp.R4DfmRPr45/llvm/include/llvm/Support/DebugCounter.h
-- Installing: /tmp/tmp.R4DfmRPr45/llvm/include/llvm/Support/Endian.h
-- Installing: /tmp/tmp.R4DfmRPr45/llvm/include/llvm/Support/RandomNumberGenerator.h
-- Installing: /tmp/tmp.R4DfmRPr45/llvm/include/llvm/Support/xxhash.h
-- Installing: /tmp/tmp.R4DfmRPr45/llvm/include/llvm/Support/ExitCodes.h
-- Installing: /tmp/tmp.R4DfmRPr45/llvm/include/llvm/Support/Process.h
-- Installing: /tmp/tmp.R4DfmRPr45/llvm/include/llvm/Support/Program.h
-- Installing: /tmp/tmp.R4DfmRPr45/llvm/include/llvm/Support/Recycler.h
-- Installing: /tmp/tmp.R4DfmRPr45/llvm/include/llvm/Support/WindowsError.h
-- Installing: /tmp/tmp.R4DfmRPr45/llvm/include/llvm/Support/BinaryStreamRef.h
-- Installing: /tmp/tmp.R4DfmRPr45/llvm/include/llvm/Support/MathExtras.h
-- Installing: /tmp/tmp.R4DfmRPr45/llvm/include/llvm/Support/LoongArchTargetParser.h
-- Installing: /tmp/tmp.R4DfmRPr45/llvm/include/llvm/Support/Capacity.h
-- Installing: /tmp/tmp.R4DfmRPr45/llvm/include/llvm/Support/CSKYAttributeParser.h
-- Installing: /tmp/tmp.R4DfmRPr45/llvm/include/llvm/Support/Watchdog.h
-- Installing: /tmp/tmp.R4DfmRPr45/llvm/include/llvm/Support/OptimizedStructLayout.h
-- Installing: /tmp/tmp.R4DfmRPr45/llvm/include/llvm/Support/UnicodeCharRanges.h
-- Installing: /tmp/tmp.R4DfmRPr45/llvm/include/llvm/Support/VersionTuple.h
-- Installing: /tmp/tmp.R4DfmRPr45/llvm/include/llvm/Support/RWMutex.h
-- Installing: /tmp/tmp.R4DfmRPr45/llvm/include/llvm/Support/CachePruning.h
-- Installing: /tmp/tmp.R4DfmRPr45/llvm/include/llvm/Support/ErrorHandling.h
-- Installing: /tmp/tmp.R4DfmRPr45/llvm/include/llvm/Support/FileUtilities.h
-- Installing: /tmp/tmp.R4DfmRPr45/llvm/include/llvm/Support/TargetParser.h
-- Installing: /tmp/tmp.R4DfmRPr45/llvm/include/llvm/Support/Printable.h
-- Installing: /tmp/tmp.R4DfmRPr45/llvm/include/llvm/Support/PGOOptions.h
-- Installing: /tmp/tmp.R4DfmRPr45/llvm/include/llvm/Support/ScaledNumber.h
-- Installing: /tmp/tmp.R4DfmRPr45/llvm/include/llvm/Support/Solaris
-- Installing: /tmp/tmp.R4DfmRPr45/llvm/include/llvm/Support/Solaris/sys
-- Installing: /tmp/tmp.R4DfmRPr45/llvm/include/llvm/Support/Solaris/sys/regset.h
-- Installing: /tmp/tmp.R4DfmRPr45/llvm/include/llvm/Support/Format.h
-- Installing: /tmp/tmp.R4DfmRPr45/llvm/include/llvm/Support/VirtualFileSystem.h
-- Installing: /tmp/tmp.R4DfmRPr45/llvm/include/llvm/Support/Valgrind.h
-- Installing: /tmp/tmp.R4DfmRPr45/llvm/include/llvm/Support/GraphWriter.h
-- Installing: /tmp/tmp.R4DfmRPr45/llvm/include/llvm/Support/BuryPointer.h
-- Installing: /tmp/tmp.R4DfmRPr45/llvm/include/llvm/Support/YAMLParser.h
-- Installing: /tmp/tmp.R4DfmRPr45/llvm/include/llvm/Support/SpecialCaseList.h
-- Installing: /tmp/tmp.R4DfmRPr45/llvm/include/llvm/Support/LowLevelTypeImpl.h
-- Installing: /tmp/tmp.R4DfmRPr45/llvm/include/llvm/Support/DataExtractor.h
-- Installing: /tmp/tmp.R4DfmRPr45/llvm/include/llvm/Support/MemoryBufferRef.h
-- Installing: /tmp/tmp.R4DfmRPr45/llvm/include/llvm/Support/ARMEHABI.h
-- Installing: /tmp/tmp.R4DfmRPr45/llvm/include/llvm/Support/ItaniumManglingCanonicalizer.h
-- Installing: /tmp/tmp.R4DfmRPr45/llvm/include/llvm/Support/StringSaver.h
-- Installing: /tmp/tmp.R4DfmRPr45/llvm/include/llvm/Support/GenericIteratedDominanceFrontier.h
-- Installing: /tmp/tmp.R4DfmRPr45/llvm/include/llvm/Support/LineIterator.h
-- Installing: /tmp/tmp.R4DfmRPr45/llvm/include/llvm/Support/ARMBuildAttributes.h
-- Installing: /tmp/tmp.R4DfmRPr45/llvm/include/llvm/Support/SourceMgr.h
-- Installing: /tmp/tmp.R4DfmRPr45/llvm/include/llvm/Support/AutoConvert.h
-- Installing: /tmp/tmp.R4DfmRPr45/llvm/include/llvm/Support/FormatProviders.h
-- Installing: /tmp/tmp.R4DfmRPr45/llvm/include/llvm/Support/BinaryItemStream.h
-- Installing: /tmp/tmp.R4DfmRPr45/llvm/include/llvm/Support/ExtensibleRTTI.h
-- Installing: /tmp/tmp.R4DfmRPr45/llvm/include/llvm/Support/LockFileManager.h
-- Installing: /tmp/tmp.R4DfmRPr45/llvm/include/llvm/Support/SuffixTree.h
-- Installing: /tmp/tmp.R4DfmRPr45/llvm/include/llvm/Support/TypeName.h
-- Installing: /tmp/tmp.R4DfmRPr45/llvm/include/llvm/Support/SHA256.h
-- Installing: /tmp/tmp.R4DfmRPr45/llvm/include/llvm/Support/MipsABIFlags.h
-- Installing: /tmp/tmp.R4DfmRPr45/llvm/include/llvm/Support/SHA1.h
-- Installing: /tmp/tmp.R4DfmRPr45/llvm/include/llvm/Support/OnDiskHashTable.h
-- Installing: /tmp/tmp.R4DfmRPr45/llvm/include/llvm/Support/PointerLikeTypeTraits.h
-- Installing: /tmp/tmp.R4DfmRPr45/llvm/include/llvm/Support/Atomic.h
-- Installing: /tmp/tmp.R4DfmRPr45/llvm/include/llvm/Support/Compression.h
-- Installing: /tmp/tmp.R4DfmRPr45/llvm/include/llvm/Support/raw_ostream.h
-- Installing: /tmp/tmp.R4DfmRPr45/llvm/include/llvm/Support/CheckedArithmetic.h
-- Installing: /tmp/tmp.R4DfmRPr45/llvm/include/llvm/Support/ARMWinEH.h
-- Installing: /tmp/tmp.R4DfmRPr45/llvm/include/llvm/Support/CommandLine.h
-- Installing: /tmp/tmp.R4DfmRPr45/llvm/include/llvm/Support/TargetOpcodes.def
-- Installing: /tmp/tmp.R4DfmRPr45/llvm/include/llvm/Support/GenericDomTreeConstruction.h
-- Installing: /tmp/tmp.R4DfmRPr45/llvm/include/llvm/Support/FileSystem
-- Installing: /tmp/tmp.R4DfmRPr45/llvm/include/llvm/Support/FileSystem/UniqueID.h
-- Installing: /tmp/tmp.R4DfmRPr45/llvm/include/llvm/Support/DynamicLibrary.h
-- Installing: /tmp/tmp.R4DfmRPr45/llvm/include/llvm/Support/BlockFrequency.h
-- Installing: /tmp/tmp.R4DfmRPr45/llvm/include/llvm/Support/PluginLoader.h
-- Installing: /tmp/tmp.R4DfmRPr45/llvm/include/llvm/Support/Parallel.h
-- Installing: /tmp/tmp.R4DfmRPr45/llvm/include/llvm/Support/Regex.h
-- Installing: /tmp/tmp.R4DfmRPr45/llvm/include/llvm/Support/SMTAPI.h
-- Installing: /tmp/tmp.R4DfmRPr45/llvm/include/llvm/Support/thread.h
-- Installing: /tmp/tmp.R4DfmRPr45/llvm/include/llvm/Support/X86TargetParser.h
-- Installing: /tmp/tmp.R4DfmRPr45/llvm/include/llvm/Support/ELFAttributeParser.h
-- Installing: /tmp/tmp.R4DfmRPr45/llvm/include/llvm/Support/Threading.h
-- Installing: /tmp/tmp.R4DfmRPr45/llvm/include/llvm/Support/DXILOperationCommon.h
-- Installing: /tmp/tmp.R4DfmRPr45/llvm/include/llvm/Support/LICENSE.TXT
-- Installing: /tmp/tmp.R4DfmRPr45/llvm/include/llvm/Support/BinaryStreamArray.h
-- Installing: /tmp/tmp.R4DfmRPr45/llvm/include/llvm/Support/FileOutputBuffer.h
-- Installing: /tmp/tmp.R4DfmRPr45/llvm/include/llvm/Support/AArch64TargetParser.h
-- Installing: /tmp/tmp.R4DfmRPr45/llvm/include/llvm/Support/CrashRecoveryContext.h
-- Installing: /tmp/tmp.R4DfmRPr45/llvm/include/llvm/Support/CodeGenCoverage.h
-- Installing: /tmp/tmp.R4DfmRPr45/llvm/include/llvm/Support/COM.h
-- Installing: /tmp/tmp.R4DfmRPr45/llvm/include/llvm/Support/FormatVariadicDetails.h
-- Installing: /tmp/tmp.R4DfmRPr45/llvm/include/llvm/Support/DivisionByConstantInfo.h
-- Installing: /tmp/tmp.R4DfmRPr45/llvm/include/llvm/Support/HashBuilder.h
-- Installing: /tmp/tmp.R4DfmRPr45/llvm/include/llvm/Support/Discriminator.h
-- Installing: /tmp/tmp.R4DfmRPr45/llvm/include/llvm/Support/RISCVISAInfo.h
-- Installing: /tmp/tmp.R4DfmRPr45/llvm/include/llvm/Support/RISCVAttributes.h
-- Installing: /tmp/tmp.R4DfmRPr45/llvm/include/llvm/Support/ErrorOr.h
-- Installing: /tmp/tmp.R4DfmRPr45/llvm/include/llvm/Support/ToolOutputFile.h
-- Installing: /tmp/tmp.R4DfmRPr45/llvm/include/llvm/Support/ScopedPrinter.h
-- Installing: /tmp/tmp.R4DfmRPr45/llvm/include/llvm/Support/Signals.h
-- Installing: /tmp/tmp.R4DfmRPr45/llvm/include/llvm/Support/ModRef.h
-- Installing: /tmp/tmp.R4DfmRPr45/llvm/include/llvm/Support/CodeGen.h
-- Installing: /tmp/tmp.R4DfmRPr45/llvm/include/llvm/Support/TargetSelect.h
-- Installing: /tmp/tmp.R4DfmRPr45/llvm/include/llvm/Support/RecyclingAllocator.h
-- Installing: /tmp/tmp.R4DfmRPr45/llvm/include/llvm/Support/CSKYAttributes.h
-- Installing: /tmp/tmp.R4DfmRPr45/llvm/include/llvm/Support/DJB.h
-- Installing: /tmp/tmp.R4DfmRPr45/llvm/include/llvm/Support/SMLoc.h
-- Installing: /tmp/tmp.R4DfmRPr45/llvm/include/llvm/Support/TrailingObjects.h
-- Installing: /tmp/tmp.R4DfmRPr45/llvm/include/llvm/Support/MachineValueType.h
-- Installing: /tmp/tmp.R4DfmRPr45/llvm/include/llvm/Support/Memory.h
-- Installing: /tmp/tmp.R4DfmRPr45/llvm/include/llvm/Support/ReverseIteration.h
-- Installing: /tmp/tmp.R4DfmRPr45/llvm/include/llvm/Support/CSKYTargetParser.h
-- Installing: /tmp/tmp.R4DfmRPr45/llvm/include/llvm/Support/MD5.h
-- Installing: /tmp/tmp.R4DfmRPr45/llvm/include/llvm/Support/Errc.h
-- Installing: /tmp/tmp.R4DfmRPr45/llvm/include/llvm/Support/TaskQueue.h
-- Installing: /tmp/tmp.R4DfmRPr45/llvm/include/llvm/Support/YAMLTraits.h
-- Installing: /tmp/tmp.R4DfmRPr45/llvm/include/llvm/Support/Alignment.h
-- Installing: /tmp/tmp.R4DfmRPr45/llvm/include/llvm/Support/BCD.h
-- Installing: /tmp/tmp.R4DfmRPr45/llvm/include/llvm/Support/SystemUtils.h
-- Installing: /tmp/tmp.R4DfmRPr45/llvm/include/llvm/Support/raw_sha1_ostream.h
-- Installing: /tmp/tmp.R4DfmRPr45/llvm/include/llvm/Support/X86TargetParser.def
-- Installing: /tmp/tmp.R4DfmRPr45/llvm/include/llvm/Support/BinaryStream.h
-- Installing: /tmp/tmp.R4DfmRPr45/llvm/include/llvm/Support/MSVCErrorWorkarounds.h
-- Installing: /tmp/tmp.R4DfmRPr45/llvm/include/llvm/Support/NativeFormatting.h
-- Installing: /tmp/tmp.R4DfmRPr45/llvm/include/llvm/Support/BLAKE3.h
-- Installing: /tmp/tmp.R4DfmRPr45/llvm/include/llvm/Support/BranchProbability.h
-- Installing: /tmp/tmp.R4DfmRPr45/llvm/include/llvm/Support/BinaryStreamWriter.h
-- Installing: /tmp/tmp.R4DfmRPr45/llvm/include/llvm/Support/PrettyStackTrace.h
-- Installing: /tmp/tmp.R4DfmRPr45/llvm/include/llvm/Support/LEB128.h
-- Installing: /tmp/tmp.R4DfmRPr45/llvm/include/llvm/Support/KnownBits.h
-- Installing: /tmp/tmp.R4DfmRPr45/llvm/include/llvm/Support/FileSystem.h
-- Installing: /tmp/tmp.R4DfmRPr45/llvm/include/llvm/Support/InitLLVM.h
-- Installing: /tmp/tmp.R4DfmRPr45/llvm/include/llvm/Support/CBindingWrapping.h
-- Installing: /tmp/tmp.R4DfmRPr45/llvm/include/llvm/Support/Timer.h
-- Installing: /tmp/tmp.R4DfmRPr45/llvm/include/llvm/Support/raw_os_ostream.h
-- Installing: /tmp/tmp.R4DfmRPr45/llvm/include/llvm/Support/Duration.h
-- Installing: /tmp/tmp.R4DfmRPr45/llvm/include/llvm/Support/MemAlloc.h
-- Installing: /tmp/tmp.R4DfmRPr45/llvm/include/llvm/Support/Casting.h
-- Installing: /tmp/tmp.R4DfmRPr45/llvm/include/llvm/Support/Errno.h
-- Installing: /tmp/tmp.R4DfmRPr45/llvm/include/llvm/Support/ArrayRecycler.h
-- Installing: /tmp/tmp.R4DfmRPr45/llvm/include/llvm/Support/Debug.h
-- Installing: /tmp/tmp.R4DfmRPr45/llvm/include/llvm/Support/MSP430Attributes.h
-- Installing: /tmp/tmp.R4DfmRPr45/llvm/include/llvm/Support/Mutex.h
-- Installing: /tmp/tmp.R4DfmRPr45/llvm/include/llvm/Support/Registry.h
-- Installing: /tmp/tmp.R4DfmRPr45/llvm/include/llvm/Support/Error.h
-- Installing: /tmp/tmp.R4DfmRPr45/llvm/include/llvm/Support/ConvertUTF.h
-- Installing: /tmp/tmp.R4DfmRPr45/llvm/include/llvm/Support/Windows
-- Installing: /tmp/tmp.R4DfmRPr45/llvm/include/llvm/Support/Windows/WindowsSupport.h
-- Installing: /tmp/tmp.R4DfmRPr45/llvm/include/llvm/Support/BinaryStreamError.h
-- Installing: /tmp/tmp.R4DfmRPr45/llvm/include/llvm/Support/Compiler.h
-- Installing: /tmp/tmp.R4DfmRPr45/llvm/include/llvm/Support/Chrono.h
-- Installing: /tmp/tmp.R4DfmRPr45/llvm/include/llvm/Support/GenericDomTree.h
-- Installing: /tmp/tmp.R4DfmRPr45/llvm/include/llvm/Support/BinaryByteStream.h
-- Installing: /tmp/tmp.R4DfmRPr45/llvm/include/llvm/Support/FormatAdapters.h
-- Installing: /tmp/tmp.R4DfmRPr45/llvm/include/llvm/Support/ThreadPool.h
-- Installing: /tmp/tmp.R4DfmRPr45/llvm/include/llvm/Support/Automaton.h
-- Installing: /tmp/tmp.R4DfmRPr45/llvm/include/llvm/Support/CFGUpdate.h
-- Installing: /tmp/tmp.R4DfmRPr45/llvm/include/llvm/Support/GlobPattern.h
-- Installing: /tmp/tmp.R4DfmRPr45/llvm/include/llvm/Support/BinaryStreamReader.h
-- Installing: /tmp/tmp.R4DfmRPr45/llvm/include/llvm/Support/SaveAndRestore.h
-- Installing: /tmp/tmp.R4DfmRPr45/llvm/include/llvm/Support/ELFAttributes.h
-- Installing: /tmp/tmp.R4DfmRPr45/llvm/include/llvm/Support/Allocator.h
-- Installing: /tmp/tmp.R4DfmRPr45/llvm/include/llvm/PassRegistry.h
-- Installing: /tmp/tmp.R4DfmRPr45/llvm/include/llvm/ObjectYAML
-- Installing: /tmp/tmp.R4DfmRPr45/llvm/include/llvm/ObjectYAML/MinidumpYAML.h
-- Installing: /tmp/tmp.R4DfmRPr45/llvm/include/llvm/ObjectYAML/yaml2obj.h
-- Installing: /tmp/tmp.R4DfmRPr45/llvm/include/llvm/ObjectYAML/CodeViewYAMLTypeHashing.h
-- Installing: /tmp/tmp.R4DfmRPr45/llvm/include/llvm/ObjectYAML/ELFYAML.h
-- Installing: /tmp/tmp.R4DfmRPr45/llvm/include/llvm/ObjectYAML/DXContainerYAML.h
-- Installing: /tmp/tmp.R4DfmRPr45/llvm/include/llvm/ObjectYAML/CodeViewYAMLDebugSections.h
-- Installing: /tmp/tmp.R4DfmRPr45/llvm/include/llvm/ObjectYAML/DWARFEmitter.h
-- Installing: /tmp/tmp.R4DfmRPr45/llvm/include/llvm/ObjectYAML/YAML.h
-- Installing: /tmp/tmp.R4DfmRPr45/llvm/include/llvm/ObjectYAML/ArchiveYAML.h
-- Installing: /tmp/tmp.R4DfmRPr45/llvm/include/llvm/ObjectYAML/CodeViewYAMLSymbols.h
-- Installing: /tmp/tmp.R4DfmRPr45/llvm/include/llvm/ObjectYAML/COFFYAML.h
-- Installing: /tmp/tmp.R4DfmRPr45/llvm/include/llvm/ObjectYAML/XCOFFYAML.h
-- Installing: /tmp/tmp.R4DfmRPr45/llvm/include/llvm/ObjectYAML/OffloadYAML.h
-- Installing: /tmp/tmp.R4DfmRPr45/llvm/include/llvm/ObjectYAML/DWARFYAML.h
-- Installing: /tmp/tmp.R4DfmRPr45/llvm/include/llvm/ObjectYAML/CodeViewYAMLTypes.h
-- Installing: /tmp/tmp.R4DfmRPr45/llvm/include/llvm/ObjectYAML/MachOYAML.h
-- Installing: /tmp/tmp.R4DfmRPr45/llvm/include/llvm/ObjectYAML/WasmYAML.h
-- Installing: /tmp/tmp.R4DfmRPr45/llvm/include/llvm/ObjectYAML/ObjectYAML.h
-- Installing: /tmp/tmp.R4DfmRPr45/llvm/include/llvm/TargetParser
-- Installing: /tmp/tmp.R4DfmRPr45/llvm/include/llvm/TargetParser/Triple.h
-- Installing: /tmp/tmp.R4DfmRPr45/llvm/include/llvm/TargetParser/CSKYTargetParser.h
-- Installing: /tmp/tmp.R4DfmRPr45/llvm/include/llvm/TargetParser/ARMTargetParser.h
-- Installing: /tmp/tmp.R4DfmRPr45/llvm/include/llvm/TargetParser/RISCVTargetParser.h
-- Installing: /tmp/tmp.R4DfmRPr45/llvm/include/llvm/TargetParser/TargetParser.h
-- Installing: /tmp/tmp.R4DfmRPr45/llvm/include/llvm/TargetParser/AArch64TargetParser.h
-- Installing: /tmp/tmp.R4DfmRPr45/llvm/include/llvm/TargetParser/X86TargetParser.h
-- Installing: /tmp/tmp.R4DfmRPr45/llvm/include/llvm/TargetParser/Host.h
-- Installing: /tmp/tmp.R4DfmRPr45/llvm/include/llvm/TargetParser/ARMTargetParser.def
-- Installing: /tmp/tmp.R4DfmRPr45/llvm/include/llvm/TargetParser/LoongArchTargetParser.def
-- Installing: /tmp/tmp.R4DfmRPr45/llvm/include/llvm/TargetParser/CSKYTargetParser.def
-- Installing: /tmp/tmp.R4DfmRPr45/llvm/include/llvm/TargetParser/X86TargetParser.def
-- Installing: /tmp/tmp.R4DfmRPr45/llvm/include/llvm/TargetParser/ARMTargetParserCommon.h
-- Installing: /tmp/tmp.R4DfmRPr45/llvm/include/llvm/TargetParser/LoongArchTargetParser.h
-- Installing: /tmp/tmp.R4DfmRPr45/llvm/include/llvm/TableGen
-- Installing: /tmp/tmp.R4DfmRPr45/llvm/include/llvm/TableGen/Error.h
-- Installing: /tmp/tmp.R4DfmRPr45/llvm/include/llvm/TableGen/Record.h
-- Installing: /tmp/tmp.R4DfmRPr45/llvm/include/llvm/TableGen/Automaton.td
-- Installing: /tmp/tmp.R4DfmRPr45/llvm/include/llvm/TableGen/SetTheory.h
-- Installing: /tmp/tmp.R4DfmRPr45/llvm/include/llvm/TableGen/Parser.h
-- Installing: /tmp/tmp.R4DfmRPr45/llvm/include/llvm/TableGen/TableGenBackend.h
-- Installing: /tmp/tmp.R4DfmRPr45/llvm/include/llvm/TableGen/SearchableTable.td
-- Installing: /tmp/tmp.R4DfmRPr45/llvm/include/llvm/TableGen/StringMatcher.h
-- Installing: /tmp/tmp.R4DfmRPr45/llvm/include/llvm/TableGen/StringToOffsetTable.h
-- Installing: /tmp/tmp.R4DfmRPr45/llvm/include/llvm/TableGen/Main.h
-- Installing: /tmp/tmp.R4DfmRPr45/llvm/include/llvm/TableGen/DirectiveEmitter.h
-- Installing: /tmp/tmp.R4DfmRPr45/llvm/include/llvm/IRReader
-- Installing: /tmp/tmp.R4DfmRPr45/llvm/include/llvm/IRReader/IRReader.h
-- Installing: /tmp/tmp.R4DfmRPr45/llvm/include/llvm/ADT
-- Installing: /tmp/tmp.R4DfmRPr45/llvm/include/llvm/ADT/SparseBitVector.h
-- Installing: /tmp/tmp.R4DfmRPr45/llvm/include/llvm/ADT/MapVector.h
-- Installing: /tmp/tmp.R4DfmRPr45/llvm/include/llvm/ADT/PostOrderIterator.h
-- Installing: /tmp/tmp.R4DfmRPr45/llvm/include/llvm/ADT/ilist.h
-- Installing: /tmp/tmp.R4DfmRPr45/llvm/include/llvm/ADT/STLFunctionalExtras.h
-- Installing: /tmp/tmp.R4DfmRPr45/llvm/include/llvm/ADT/iterator_range.h
-- Installing: /tmp/tmp.R4DfmRPr45/llvm/include/llvm/ADT/edit_distance.h
-- Installing: /tmp/tmp.R4DfmRPr45/llvm/include/llvm/ADT/SetOperations.h
-- Installing: /tmp/tmp.R4DfmRPr45/llvm/include/llvm/ADT/DenseMapInfo.h
-- Installing: /tmp/tmp.R4DfmRPr45/llvm/include/llvm/ADT/AllocatorList.h
-- Installing: /tmp/tmp.R4DfmRPr45/llvm/include/llvm/ADT/GenericUniformityInfo.h
-- Installing: /tmp/tmp.R4DfmRPr45/llvm/include/llvm/ADT/FoldingSet.h
-- Installing: /tmp/tmp.R4DfmRPr45/llvm/include/llvm/ADT/SparseSet.h
-- Installing: /tmp/tmp.R4DfmRPr45/llvm/include/llvm/ADT/SmallBitVector.h
-- Installing: /tmp/tmp.R4DfmRPr45/llvm/include/llvm/ADT/APFloat.h
-- Installing: /tmp/tmp.R4DfmRPr45/llvm/include/llvm/ADT/IntervalMap.h
-- Installing: /tmp/tmp.R4DfmRPr45/llvm/include/llvm/ADT/ImmutableMap.h
-- Installing: /tmp/tmp.R4DfmRPr45/llvm/include/llvm/ADT/UniqueVector.h
-- Installing: /tmp/tmp.R4DfmRPr45/llvm/include/llvm/ADT/BreadthFirstIterator.h
-- Installing: /tmp/tmp.R4DfmRPr45/llvm/include/llvm/ADT/iterator.h
-- Installing: /tmp/tmp.R4DfmRPr45/llvm/include/llvm/ADT/STLExtras.h
-- Installing: /tmp/tmp.R4DfmRPr45/llvm/include/llvm/ADT/SmallPtrSet.h
-- Installing: /tmp/tmp.R4DfmRPr45/llvm/include/llvm/ADT/fallible_iterator.h
-- Installing: /tmp/tmp.R4DfmRPr45/llvm/include/llvm/ADT/TinyPtrVector.h
-- Installing: /tmp/tmp.R4DfmRPr45/llvm/include/llvm/ADT/GraphTraits.h
-- Installing: /tmp/tmp.R4DfmRPr45/llvm/include/llvm/ADT/SmallVector.h
-- Installing: /tmp/tmp.R4DfmRPr45/llvm/include/llvm/ADT/GenericCycleInfo.h
-- Installing: /tmp/tmp.R4DfmRPr45/llvm/include/llvm/ADT/IndexedMap.h
-- Installing: /tmp/tmp.R4DfmRPr45/llvm/include/llvm/ADT/SmallString.h
-- Installing: /tmp/tmp.R4DfmRPr45/llvm/include/llvm/ADT/DAGDeltaAlgorithm.h
-- Installing: /tmp/tmp.R4DfmRPr45/llvm/include/llvm/ADT/DenseMap.h
-- Installing: /tmp/tmp.R4DfmRPr45/llvm/include/llvm/ADT/ilist_node_base.h
-- Installing: /tmp/tmp.R4DfmRPr45/llvm/include/llvm/ADT/ScopedHashTable.h
-- Installing: /tmp/tmp.R4DfmRPr45/llvm/include/llvm/ADT/DirectedGraph.h
-- Installing: /tmp/tmp.R4DfmRPr45/llvm/include/llvm/ADT/ImmutableSet.h
-- Installing: /tmp/tmp.R4DfmRPr45/llvm/include/llvm/ADT/None.h
-- Installing: /tmp/tmp.R4DfmRPr45/llvm/include/llvm/ADT/EpochTracker.h
-- Installing: /tmp/tmp.R4DfmRPr45/llvm/include/llvm/ADT/ilist_iterator.h
-- Installing: /tmp/tmp.R4DfmRPr45/llvm/include/llvm/ADT/PointerUnion.h
-- Installing: /tmp/tmp.R4DfmRPr45/llvm/include/llvm/ADT/EquivalenceClasses.h
-- Installing: /tmp/tmp.R4DfmRPr45/llvm/include/llvm/ADT/PriorityWorklist.h
-- Installing: /tmp/tmp.R4DfmRPr45/llvm/include/llvm/ADT/DenseSet.h
-- Installing: /tmp/tmp.R4DfmRPr45/llvm/include/llvm/ADT/ilist_node.h
-- Installing: /tmp/tmp.R4DfmRPr45/llvm/include/llvm/ADT/StringSwitch.h
-- Installing: /tmp/tmp.R4DfmRPr45/llvm/include/llvm/ADT/SparseMultiSet.h
-- Installing: /tmp/tmp.R4DfmRPr45/llvm/include/llvm/ADT/PriorityQueue.h
-- Installing: /tmp/tmp.R4DfmRPr45/llvm/include/llvm/ADT/ArrayRef.h
-- Installing: /tmp/tmp.R4DfmRPr45/llvm/include/llvm/ADT/StringSet.h
-- Installing: /tmp/tmp.R4DfmRPr45/llvm/include/llvm/ADT/ImmutableList.h
-- Installing: /tmp/tmp.R4DfmRPr45/llvm/include/llvm/ADT/ilist_base.h
-- Installing: /tmp/tmp.R4DfmRPr45/llvm/include/llvm/ADT/Triple.h
-- Installing: /tmp/tmp.R4DfmRPr45/llvm/include/llvm/ADT/bit.h
-- Installing: /tmp/tmp.R4DfmRPr45/llvm/include/llvm/ADT/Sequence.h
-- Installing: /tmp/tmp.R4DfmRPr45/llvm/include/llvm/ADT/StringRef.h
-- Installing: /tmp/tmp.R4DfmRPr45/llvm/include/llvm/ADT/EnumeratedArray.h
-- Installing: /tmp/tmp.R4DfmRPr45/llvm/include/llvm/ADT/StringExtras.h
-- Installing: /tmp/tmp.R4DfmRPr45/llvm/include/llvm/ADT/STLForwardCompat.h
-- Installing: /tmp/tmp.R4DfmRPr45/llvm/include/llvm/ADT/IntrusiveRefCntPtr.h
-- Installing: /tmp/tmp.R4DfmRPr45/llvm/include/llvm/ADT/PointerIntPair.h
-- Installing: /tmp/tmp.R4DfmRPr45/llvm/include/llvm/ADT/Any.h
-- Installing: /tmp/tmp.R4DfmRPr45/llvm/include/llvm/ADT/APSInt.h
-- Installing: /tmp/tmp.R4DfmRPr45/llvm/include/llvm/ADT/APInt.h
-- Installing: /tmp/tmp.R4DfmRPr45/llvm/include/llvm/ADT/DepthFirstIterator.h
-- Installing: /tmp/tmp.R4DfmRPr45/llvm/include/llvm/ADT/Twine.h
-- Installing: /tmp/tmp.R4DfmRPr45/llvm/include/llvm/ADT/PackedVector.h
-- Installing: /tmp/tmp.R4DfmRPr45/llvm/include/llvm/ADT/PointerEmbeddedInt.h
-- Installing: /tmp/tmp.R4DfmRPr45/llvm/include/llvm/ADT/identity.h
-- Installing: /tmp/tmp.R4DfmRPr45/llvm/include/llvm/ADT/CachedHashString.h
-- Installing: /tmp/tmp.R4DfmRPr45/llvm/include/llvm/ADT/simple_ilist.h
-- Installing: /tmp/tmp.R4DfmRPr45/llvm/include/llvm/ADT/CombinationGenerator.h
-- Installing: /tmp/tmp.R4DfmRPr45/llvm/include/llvm/ADT/TypeSwitch.h
-- Installing: /tmp/tmp.R4DfmRPr45/llvm/include/llvm/ADT/GenericCycleImpl.h
-- Installing: /tmp/tmp.R4DfmRPr45/llvm/include/llvm/ADT/FloatingPointMode.h
-- Installing: /tmp/tmp.R4DfmRPr45/llvm/include/llvm/ADT/Hashing.h
-- Installing: /tmp/tmp.R4DfmRPr45/llvm/include/llvm/ADT/GenericSSAContext.h
-- Installing: /tmp/tmp.R4DfmRPr45/llvm/include/llvm/ADT/IntervalTree.h
-- Installing: /tmp/tmp.R4DfmRPr45/llvm/include/llvm/ADT/Uniformity.h
-- Installing: /tmp/tmp.R4DfmRPr45/llvm/include/llvm/ADT/ilist_node_options.h
-- Installing: /tmp/tmp.R4DfmRPr45/llvm/include/llvm/ADT/DeltaAlgorithm.h
-- Installing: /tmp/tmp.R4DfmRPr45/llvm/include/llvm/ADT/CoalescingBitVector.h
-- Installing: /tmp/tmp.R4DfmRPr45/llvm/include/llvm/ADT/SmallSet.h
-- Installing: /tmp/tmp.R4DfmRPr45/llvm/include/llvm/ADT/APFixedPoint.h
-- Installing: /tmp/tmp.R4DfmRPr45/llvm/include/llvm/ADT/PointerSumType.h
-- Installing: /tmp/tmp.R4DfmRPr45/llvm/include/llvm/ADT/StringMapEntry.h
-- Installing: /tmp/tmp.R4DfmRPr45/llvm/include/llvm/ADT/BitmaskEnum.h
-- Installing: /tmp/tmp.R4DfmRPr45/llvm/include/llvm/ADT/SCCIterator.h
-- Installing: /tmp/tmp.R4DfmRPr45/llvm/include/llvm/ADT/IntEqClasses.h
-- Installing: /tmp/tmp.R4DfmRPr45/llvm/include/llvm/ADT/GenericUniformityImpl.h
-- Installing: /tmp/tmp.R4DfmRPr45/llvm/include/llvm/ADT/StringMap.h
-- Installing: /tmp/tmp.R4DfmRPr45/llvm/include/llvm/ADT/ScopeExit.h
-- Installing: /tmp/tmp.R4DfmRPr45/llvm/include/llvm/ADT/BitVector.h
-- Installing: /tmp/tmp.R4DfmRPr45/llvm/include/llvm/ADT/Statistic.h
-- Installing: /tmp/tmp.R4DfmRPr45/llvm/include/llvm/ADT/AddressRanges.h
-- Installing: /tmp/tmp.R4DfmRPr45/llvm/include/llvm/ADT/SetVector.h
-- Installing: /tmp/tmp.R4DfmRPr45/llvm/include/llvm/ADT/Bitfields.h
-- Installing: /tmp/tmp.R4DfmRPr45/llvm/include/llvm/ADT/FunctionExtras.h
-- Installing: /tmp/tmp.R4DfmRPr45/llvm/include/llvm/ADT/Optional.h
-- Installing: /tmp/tmp.R4DfmRPr45/llvm/include/llvm/Passes
-- Installing: /tmp/tmp.R4DfmRPr45/llvm/include/llvm/Passes/OptimizationLevel.h
-- Installing: /tmp/tmp.R4DfmRPr45/llvm/include/llvm/Passes/StandardInstrumentations.h
-- Installing: /tmp/tmp.R4DfmRPr45/llvm/include/llvm/Passes/PassPlugin.h
-- Installing: /tmp/tmp.R4DfmRPr45/llvm/include/llvm/Passes/PassBuilder.h
-- Installing: /tmp/tmp.R4DfmRPr45/llvm/include/llvm/ToolDrivers
-- Installing: /tmp/tmp.R4DfmRPr45/llvm/include/llvm/ToolDrivers/llvm-dlltool
-- Installing: /tmp/tmp.R4DfmRPr45/llvm/include/llvm/ToolDrivers/llvm-dlltool/DlltoolDriver.h
-- Installing: /tmp/tmp.R4DfmRPr45/llvm/include/llvm/ToolDrivers/llvm-lib
-- Installing: /tmp/tmp.R4DfmRPr45/llvm/include/llvm/ToolDrivers/llvm-lib/LibDriver.h
-- Installing: /tmp/tmp.R4DfmRPr45/llvm/include/llvm/DWARFLinkerParallel
-- Installing: /tmp/tmp.R4DfmRPr45/llvm/include/llvm/DWARFLinkerParallel/DWARFLinker.h
-- Installing: /tmp/tmp.R4DfmRPr45/llvm/include/llvm/CodeGen
-- Installing: /tmp/tmp.R4DfmRPr45/llvm/include/llvm/CodeGen/CFIFixup.h
-- Installing: /tmp/tmp.R4DfmRPr45/llvm/include/llvm/CodeGen/CSEConfigBase.h
-- Installing: /tmp/tmp.R4DfmRPr45/llvm/include/llvm/CodeGen/SelectionDAGNodes.h
-- Installing: /tmp/tmp.R4DfmRPr45/llvm/include/llvm/CodeGen/ValueTypes.td
-- Installing: /tmp/tmp.R4DfmRPr45/llvm/include/llvm/CodeGen/AssignmentTrackingAnalysis.h
-- Installing: /tmp/tmp.R4DfmRPr45/llvm/include/llvm/CodeGen/WinEHFuncInfo.h
-- Installing: /tmp/tmp.R4DfmRPr45/llvm/include/llvm/CodeGen/ParallelCG.h
-- Installing: /tmp/tmp.R4DfmRPr45/llvm/include/llvm/CodeGen/SwiftErrorValueTracking.h
-- Installing: /tmp/tmp.R4DfmRPr45/llvm/include/llvm/CodeGen/RegisterUsageInfo.h
-- Installing: /tmp/tmp.R4DfmRPr45/llvm/include/llvm/CodeGen/MachineLoopUtils.h
-- Installing: /tmp/tmp.R4DfmRPr45/llvm/include/llvm/CodeGen/BasicTTIImpl.h
-- Installing: /tmp/tmp.R4DfmRPr45/llvm/include/llvm/CodeGen/MachineBlockFrequencyInfo.h
-- Installing: /tmp/tmp.R4DfmRPr45/llvm/include/llvm/CodeGen/SwitchLoweringUtils.h
-- Installing: /tmp/tmp.R4DfmRPr45/llvm/include/llvm/CodeGen/TargetSubtargetInfo.h
-- Installing: /tmp/tmp.R4DfmRPr45/llvm/include/llvm/CodeGen/DFAPacketizer.h
-- Installing: /tmp/tmp.R4DfmRPr45/llvm/include/llvm/CodeGen/MachineOptimizationRemarkEmitter.h
-- Installing: /tmp/tmp.R4DfmRPr45/llvm/include/llvm/CodeGen/GCMetadataPrinter.h
-- Installing: /tmp/tmp.R4DfmRPr45/llvm/include/llvm/CodeGen/RegisterBankInfo.h
-- Installing: /tmp/tmp.R4DfmRPr45/llvm/include/llvm/CodeGen/FastISel.h
-- Installing: /tmp/tmp.R4DfmRPr45/llvm/include/llvm/CodeGen/MachineFrameInfo.h
-- Installing: /tmp/tmp.R4DfmRPr45/llvm/include/llvm/CodeGen/DebugHandlerBase.h
-- Installing: /tmp/tmp.R4DfmRPr45/llvm/include/llvm/CodeGen/LinkAllCodegenComponents.h
-- Installing: /tmp/tmp.R4DfmRPr45/llvm/include/llvm/CodeGen/AntiDepBreaker.h
-- Installing: /tmp/tmp.R4DfmRPr45/llvm/include/llvm/CodeGen/TargetSchedule.h
-- Installing: /tmp/tmp.R4DfmRPr45/llvm/include/llvm/CodeGen/LoopTraversal.h
-- Installing: /tmp/tmp.R4DfmRPr45/llvm/include/llvm/CodeGen/PBQPRAConstraint.h
-- Installing: /tmp/tmp.R4DfmRPr45/llvm/include/llvm/CodeGen/SelectionDAGTargetInfo.h
-- Installing: /tmp/tmp.R4DfmRPr45/llvm/include/llvm/CodeGen/MachineModuleInfo.h
-- Installing: /tmp/tmp.R4DfmRPr45/llvm/include/llvm/CodeGen/GCMetadata.h
-- Installing: /tmp/tmp.R4DfmRPr45/llvm/include/llvm/CodeGen/TargetLoweringObjectFileImpl.h
-- Installing: /tmp/tmp.R4DfmRPr45/llvm/include/llvm/CodeGen/FaultMaps.h
-- Installing: /tmp/tmp.R4DfmRPr45/llvm/include/llvm/CodeGen/MachineConstantPool.h
-- Installing: /tmp/tmp.R4DfmRPr45/llvm/include/llvm/CodeGen/UnreachableBlockElim.h
-- Installing: /tmp/tmp.R4DfmRPr45/llvm/include/llvm/CodeGen/RegisterClassInfo.h
-- Installing: /tmp/tmp.R4DfmRPr45/llvm/include/llvm/CodeGen/MIRParser
-- Installing: /tmp/tmp.R4DfmRPr45/llvm/include/llvm/CodeGen/MIRParser/MIRParser.h
-- Installing: /tmp/tmp.R4DfmRPr45/llvm/include/llvm/CodeGen/MIRParser/MIParser.h
-- Installing: /tmp/tmp.R4DfmRPr45/llvm/include/llvm/CodeGen/LiveStacks.h
-- Installing: /tmp/tmp.R4DfmRPr45/llvm/include/llvm/CodeGen/MachineInstrBundleIterator.h
-- Installing: /tmp/tmp.R4DfmRPr45/llvm/include/llvm/CodeGen/DIE.h
-- Installing: /tmp/tmp.R4DfmRPr45/llvm/include/llvm/CodeGen/TargetInstrInfo.h
-- Installing: /tmp/tmp.R4DfmRPr45/llvm/include/llvm/CodeGen/MachineDominanceFrontier.h
-- Installing: /tmp/tmp.R4DfmRPr45/llvm/include/llvm/CodeGen/CallingConvLower.h
-- Installing: /tmp/tmp.R4DfmRPr45/llvm/include/llvm/CodeGen/MachineRegisterInfo.h
-- Installing: /tmp/tmp.R4DfmRPr45/llvm/include/llvm/CodeGen/MachineMemOperand.h
-- Installing: /tmp/tmp.R4DfmRPr45/llvm/include/llvm/CodeGen/RegisterScavenging.h
-- Installing: /tmp/tmp.R4DfmRPr45/llvm/include/llvm/CodeGen/PreISelIntrinsicLowering.h
-- Installing: /tmp/tmp.R4DfmRPr45/llvm/include/llvm/CodeGen/AsmPrinterHandler.h
-- Installing: /tmp/tmp.R4DfmRPr45/llvm/include/llvm/CodeGen/WasmEHFuncInfo.h
-- Installing: /tmp/tmp.R4DfmRPr45/llvm/include/llvm/CodeGen/Register.h
-- Installing: /tmp/tmp.R4DfmRPr45/llvm/include/llvm/CodeGen/RuntimeLibcalls.h
-- Installing: /tmp/tmp.R4DfmRPr45/llvm/include/llvm/CodeGen/ScheduleDAGMutation.h
-- Installing: /tmp/tmp.R4DfmRPr45/llvm/include/llvm/CodeGen/ReachingDefAnalysis.h
-- Installing: /tmp/tmp.R4DfmRPr45/llvm/include/llvm/CodeGen/MachORelocation.h
-- Installing: /tmp/tmp.R4DfmRPr45/llvm/include/llvm/CodeGen/ScoreboardHazardRecognizer.h
-- Installing: /tmp/tmp.R4DfmRPr45/llvm/include/llvm/CodeGen/TileShapeInfo.h
-- Installing: /tmp/tmp.R4DfmRPr45/llvm/include/llvm/CodeGen/SDNodeProperties.td
-- Installing: /tmp/tmp.R4DfmRPr45/llvm/include/llvm/CodeGen/MachineInstrBuilder.h
-- Installing: /tmp/tmp.R4DfmRPr45/llvm/include/llvm/CodeGen/MachineUniformityAnalysis.h
-- Installing: /tmp/tmp.R4DfmRPr45/llvm/include/llvm/CodeGen/LatencyPriorityQueue.h
-- Installing: /tmp/tmp.R4DfmRPr45/llvm/include/llvm/CodeGen/EdgeBundles.h
-- Installing: /tmp/tmp.R4DfmRPr45/llvm/include/llvm/CodeGen/ValueTypes.h
-- Installing: /tmp/tmp.R4DfmRPr45/llvm/include/llvm/CodeGen/RegAllocRegistry.h
-- Installing: /tmp/tmp.R4DfmRPr45/llvm/include/llvm/CodeGen/ExpandReductions.h
-- Installing: /tmp/tmp.R4DfmRPr45/llvm/include/llvm/CodeGen/TypePromotion.h
-- Installing: /tmp/tmp.R4DfmRPr45/llvm/include/llvm/CodeGen/StackProtector.h
-- Installing: /tmp/tmp.R4DfmRPr45/llvm/include/llvm/CodeGen/CostTable.h
-- Installing: /tmp/tmp.R4DfmRPr45/llvm/include/llvm/CodeGen/MachineBranchProbabilityInfo.h
-- Installing: /tmp/tmp.R4DfmRPr45/llvm/include/llvm/CodeGen/TargetPassConfig.h
-- Installing: /tmp/tmp.R4DfmRPr45/llvm/include/llvm/CodeGen/MachineScheduler.h
-- Installing: /tmp/tmp.R4DfmRPr45/llvm/include/llvm/CodeGen/TargetRegisterInfo.h
-- Installing: /tmp/tmp.R4DfmRPr45/llvm/include/llvm/CodeGen/RegisterBank.h
-- Installing: /tmp/tmp.R4DfmRPr45/llvm/include/llvm/CodeGen/LazyMachineBlockFrequencyInfo.h
-- Installing: /tmp/tmp.R4DfmRPr45/llvm/include/llvm/CodeGen/MIRFSDiscriminator.h
-- Installing: /tmp/tmp.R4DfmRPr45/llvm/include/llvm/CodeGen/MachineSSAUpdater.h
-- Installing: /tmp/tmp.R4DfmRPr45/llvm/include/llvm/CodeGen/LiveInterval.h
-- Installing: /tmp/tmp.R4DfmRPr45/llvm/include/llvm/CodeGen/MachineStableHash.h
-- Installing: /tmp/tmp.R4DfmRPr45/llvm/include/llvm/CodeGen/ScheduleHazardRecognizer.h
-- Installing: /tmp/tmp.R4DfmRPr45/llvm/include/llvm/CodeGen/LinkAllAsmWriterComponents.h
-- Installing: /tmp/tmp.R4DfmRPr45/llvm/include/llvm/CodeGen/DAGCombine.h
-- Installing: /tmp/tmp.R4DfmRPr45/llvm/include/llvm/CodeGen/RegAllocPBQP.h
-- Installing: /tmp/tmp.R4DfmRPr45/llvm/include/llvm/CodeGen/MachinePipeliner.h
-- Installing: /tmp/tmp.R4DfmRPr45/llvm/include/llvm/CodeGen/MachineInstr.h
-- Installing: /tmp/tmp.R4DfmRPr45/llvm/include/llvm/CodeGen/MachineOperand.h
-- Installing: /tmp/tmp.R4DfmRPr45/llvm/include/llvm/CodeGen/ExpandVectorPredication.h
-- Installing: /tmp/tmp.R4DfmRPr45/llvm/include/llvm/CodeGen/MultiHazardRecognizer.h
-- Installing: /tmp/tmp.R4DfmRPr45/llvm/include/llvm/CodeGen/TailDuplicator.h
-- Installing: /tmp/tmp.R4DfmRPr45/llvm/include/llvm/CodeGen/MIRPrinter.h
-- Installing: /tmp/tmp.R4DfmRPr45/llvm/include/llvm/CodeGen/MachinePassRegistry.h
-- Installing: /tmp/tmp.R4DfmRPr45/llvm/include/llvm/CodeGen/LexicalScopes.h
-- Installing: /tmp/tmp.R4DfmRPr45/llvm/include/llvm/CodeGen/RegAllocCommon.h
-- Installing: /tmp/tmp.R4DfmRPr45/llvm/include/llvm/CodeGen/ISDOpcodes.h
-- Installing: /tmp/tmp.R4DfmRPr45/llvm/include/llvm/CodeGen/RegisterPressure.h
-- Installing: /tmp/tmp.R4DfmRPr45/llvm/include/llvm/CodeGen/StableHashing.h
-- Installing: /tmp/tmp.R4DfmRPr45/llvm/include/llvm/CodeGen/GlobalISel
-- Installing: /tmp/tmp.R4DfmRPr45/llvm/include/llvm/CodeGen/GlobalISel/GISelKnownBits.h
-- Installing: /tmp/tmp.R4DfmRPr45/llvm/include/llvm/CodeGen/GlobalISel/MachineIRBuilder.h
-- Installing: /tmp/tmp.R4DfmRPr45/llvm/include/llvm/CodeGen/GlobalISel/GenericMachineInstrs.h
-- Installing: /tmp/tmp.R4DfmRPr45/llvm/include/llvm/CodeGen/GlobalISel/RegBankSelect.h
-- Installing: /tmp/tmp.R4DfmRPr45/llvm/include/llvm/CodeGen/GlobalISel/CombinerHelper.h
-- Installing: /tmp/tmp.R4DfmRPr45/llvm/include/llvm/CodeGen/GlobalISel/LegacyLegalizerInfo.h
-- Installing: /tmp/tmp.R4DfmRPr45/llvm/include/llvm/CodeGen/GlobalISel/LegalizerInfo.h
-- Installing: /tmp/tmp.R4DfmRPr45/llvm/include/llvm/CodeGen/GlobalISel/GISelChangeObserver.h
-- Installing: /tmp/tmp.R4DfmRPr45/llvm/include/llvm/CodeGen/GlobalISel/Utils.h
-- Installing: /tmp/tmp.R4DfmRPr45/llvm/include/llvm/CodeGen/GlobalISel/InstructionSelector.h
-- Installing: /tmp/tmp.R4DfmRPr45/llvm/include/llvm/CodeGen/GlobalISel/GISelWorkList.h
-- Installing: /tmp/tmp.R4DfmRPr45/llvm/include/llvm/CodeGen/GlobalISel/LostDebugLocObserver.h
-- Installing: /tmp/tmp.R4DfmRPr45/llvm/include/llvm/CodeGen/GlobalISel/LoadStoreOpt.h
-- Installing: /tmp/tmp.R4DfmRPr45/llvm/include/llvm/CodeGen/GlobalISel/IRTranslator.h
-- Installing: /tmp/tmp.R4DfmRPr45/llvm/include/llvm/CodeGen/GlobalISel/CSEMIRBuilder.h
-- Installing: /tmp/tmp.R4DfmRPr45/llvm/include/llvm/CodeGen/GlobalISel/CSEInfo.h
-- Installing: /tmp/tmp.R4DfmRPr45/llvm/include/llvm/CodeGen/GlobalISel/InlineAsmLowering.h
-- Installing: /tmp/tmp.R4DfmRPr45/llvm/include/llvm/CodeGen/GlobalISel/MIPatternMatch.h
-- Installing: /tmp/tmp.R4DfmRPr45/llvm/include/llvm/CodeGen/GlobalISel/InstructionSelect.h
-- Installing: /tmp/tmp.R4DfmRPr45/llvm/include/llvm/CodeGen/GlobalISel/LegalizerHelper.h
-- Installing: /tmp/tmp.R4DfmRPr45/llvm/include/llvm/CodeGen/GlobalISel/Localizer.h
-- Installing: /tmp/tmp.R4DfmRPr45/llvm/include/llvm/CodeGen/GlobalISel/Combiner.h
-- Installing: /tmp/tmp.R4DfmRPr45/llvm/include/llvm/CodeGen/GlobalISel/LegalizationArtifactCombiner.h
-- Installing: /tmp/tmp.R4DfmRPr45/llvm/include/llvm/CodeGen/GlobalISel/CombinerInfo.h
-- Installing: /tmp/tmp.R4DfmRPr45/llvm/include/llvm/CodeGen/GlobalISel/CallLowering.h
-- Installing: /tmp/tmp.R4DfmRPr45/llvm/include/llvm/CodeGen/GlobalISel/InstructionSelectorImpl.h
-- Installing: /tmp/tmp.R4DfmRPr45/llvm/include/llvm/CodeGen/GlobalISel/Legalizer.h
-- Installing: /tmp/tmp.R4DfmRPr45/llvm/include/llvm/CodeGen/DwarfStringPoolEntry.h
-- Installing: /tmp/tmp.R4DfmRPr45/llvm/include/llvm/CodeGen/MachinePassManager.h
-- Installing: /tmp/tmp.R4DfmRPr45/llvm/include/llvm/CodeGen/LiveRangeCalc.h
-- Installing: /tmp/tmp.R4DfmRPr45/llvm/include/llvm/CodeGen/MachineLoopInfo.h
-- Installing: /tmp/tmp.R4DfmRPr45/llvm/include/llvm/CodeGen/TargetLowering.h
-- Installing: /tmp/tmp.R4DfmRPr45/llvm/include/llvm/CodeGen/MIRSampleProfile.h
-- Installing: /tmp/tmp.R4DfmRPr45/llvm/include/llvm/CodeGen/MachineBasicBlock.h
-- Installing: /tmp/tmp.R4DfmRPr45/llvm/include/llvm/CodeGen/MachineFunctionPass.h
-- Installing: /tmp/tmp.R4DfmRPr45/llvm/include/llvm/CodeGen/IndirectThunks.h
-- Installing: /tmp/tmp.R4DfmRPr45/llvm/include/llvm/CodeGen/CalcSpillWeights.h
-- Installing: /tmp/tmp.R4DfmRPr45/llvm/include/llvm/CodeGen/RDFLiveness.h
-- Installing: /tmp/tmp.R4DfmRPr45/llvm/include/llvm/CodeGen/LiveIntervalCalc.h
-- Installing: /tmp/tmp.R4DfmRPr45/llvm/include/llvm/CodeGen/MacroFusion.h
-- Installing: /tmp/tmp.R4DfmRPr45/llvm/include/llvm/CodeGen/ModuloSchedule.h
-- Installing: /tmp/tmp.R4DfmRPr45/llvm/include/llvm/CodeGen/DIEValue.def
-- Installing: /tmp/tmp.R4DfmRPr45/llvm/include/llvm/CodeGen/LiveIntervals.h
-- Installing: /tmp/tmp.R4DfmRPr45/llvm/include/llvm/CodeGen/CodeGenPassBuilder.h
-- Installing: /tmp/tmp.R4DfmRPr45/llvm/include/llvm/CodeGen/LiveRangeEdit.h
-- Installing: /tmp/tmp.R4DfmRPr45/llvm/include/llvm/CodeGen/TargetCallingConv.h
-- Installing: /tmp/tmp.R4DfmRPr45/llvm/include/llvm/CodeGen/Spiller.h
-- Installing: /tmp/tmp.R4DfmRPr45/llvm/include/llvm/CodeGen/ScheduleDAGInstrs.h
-- Installing: /tmp/tmp.R4DfmRPr45/llvm/include/llvm/CodeGen/ResourcePriorityQueue.h
-- Installing: /tmp/tmp.R4DfmRPr45/llvm/include/llvm/CodeGen/MachineModuleSlotTracker.h
-- Installing: /tmp/tmp.R4DfmRPr45/llvm/include/llvm/CodeGen/AsmPrinter.h
-- Installing: /tmp/tmp.R4DfmRPr45/llvm/include/llvm/CodeGen/LiveVariables.h
-- Installing: /tmp/tmp.R4DfmRPr45/llvm/include/llvm/CodeGen/BasicBlockSectionUtils.h
-- Installing: /tmp/tmp.R4DfmRPr45/llvm/include/llvm/CodeGen/DbgEntityHistoryCalculator.h
-- Installing: /tmp/tmp.R4DfmRPr45/llvm/include/llvm/CodeGen/PseudoSourceValue.h
-- Installing: /tmp/tmp.R4DfmRPr45/llvm/include/llvm/CodeGen/TargetOpcodes.h
-- Installing: /tmp/tmp.R4DfmRPr45/llvm/include/llvm/CodeGen/SelectionDAGISel.h
-- Installing: /tmp/tmp.R4DfmRPr45/llvm/include/llvm/CodeGen/MIRFormatter.h
-- Installing: /tmp/tmp.R4DfmRPr45/llvm/include/llvm/CodeGen/MBFIWrapper.h
-- Installing: /tmp/tmp.R4DfmRPr45/llvm/include/llvm/CodeGen/LowLevelType.h
-- Installing: /tmp/tmp.R4DfmRPr45/llvm/include/llvm/CodeGen/MachineFunction.h
-- Installing: /tmp/tmp.R4DfmRPr45/llvm/include/llvm/CodeGen/TargetFrameLowering.h
-- Installing: /tmp/tmp.R4DfmRPr45/llvm/include/llvm/CodeGen/ExecutionDomainFix.h
-- Installing: /tmp/tmp.R4DfmRPr45/llvm/include/llvm/CodeGen/MachineModuleInfoImpls.h
-- Installing: /tmp/tmp.R4DfmRPr45/llvm/include/llvm/CodeGen/ScheduleDAG.h
-- Installing: /tmp/tmp.R4DfmRPr45/llvm/include/llvm/CodeGen/LiveRegMatrix.h
-- Installing: /tmp/tmp.R4DfmRPr45/llvm/include/llvm/CodeGen/SchedulerRegistry.h
-- Installing: /tmp/tmp.R4DfmRPr45/llvm/include/llvm/CodeGen/Analysis.h
-- Installing: /tmp/tmp.R4DfmRPr45/llvm/include/llvm/CodeGen/PBQP
-- Installing: /tmp/tmp.R4DfmRPr45/llvm/include/llvm/CodeGen/PBQP/Graph.h
-- Installing: /tmp/tmp.R4DfmRPr45/llvm/include/llvm/CodeGen/PBQP/CostAllocator.h
-- Installing: /tmp/tmp.R4DfmRPr45/llvm/include/llvm/CodeGen/PBQP/Solution.h
-- Installing: /tmp/tmp.R4DfmRPr45/llvm/include/llvm/CodeGen/PBQP/Math.h
-- Installing: /tmp/tmp.R4DfmRPr45/llvm/include/llvm/CodeGen/PBQP/ReductionRules.h
-- Installing: /tmp/tmp.R4DfmRPr45/llvm/include/llvm/CodeGen/MachineInstrBundle.h
-- Installing: /tmp/tmp.R4DfmRPr45/llvm/include/llvm/CodeGen/LiveRegUnits.h
-- Installing: /tmp/tmp.R4DfmRPr45/llvm/include/llvm/CodeGen/MachineCombinerPattern.h
-- Installing: /tmp/tmp.R4DfmRPr45/llvm/include/llvm/CodeGen/MachinePostDominators.h
-- Installing: /tmp/tmp.R4DfmRPr45/llvm/include/llvm/CodeGen/ComplexDeinterleavingPass.h
-- Installing: /tmp/tmp.R4DfmRPr45/llvm/include/llvm/CodeGen/MachineCFGPrinter.h
-- Installing: /tmp/tmp.R4DfmRPr45/llvm/include/llvm/CodeGen/MachineCycleAnalysis.h
-- Installing: /tmp/tmp.R4DfmRPr45/llvm/include/llvm/CodeGen/MachineRegionInfo.h
-- Installing: /tmp/tmp.R4DfmRPr45/llvm/include/llvm/CodeGen/LivePhysRegs.h
-- Installing: /tmp/tmp.R4DfmRPr45/llvm/include/llvm/CodeGen/MachineSSAContext.h
-- Installing: /tmp/tmp.R4DfmRPr45/llvm/include/llvm/CodeGen/Passes.h
-- Installing: /tmp/tmp.R4DfmRPr45/llvm/include/llvm/CodeGen/LiveIntervalUnion.h
-- Installing: /tmp/tmp.R4DfmRPr45/llvm/include/llvm/CodeGen/IntrinsicLowering.h
-- Installing: /tmp/tmp.R4DfmRPr45/llvm/include/llvm/CodeGen/MachineSizeOpts.h
-- Installing: /tmp/tmp.R4DfmRPr45/llvm/include/llvm/CodeGen/NonRelocatableStringpool.h
-- Installing: /tmp/tmp.R4DfmRPr45/llvm/include/llvm/CodeGen/VLIWMachineScheduler.h
-- Installing: /tmp/tmp.R4DfmRPr45/llvm/include/llvm/CodeGen/BasicBlockSectionsProfileReader.h
-- Installing: /tmp/tmp.R4DfmRPr45/llvm/include/llvm/CodeGen/SelectionDAGAddressAnalysis.h
-- Installing: /tmp/tmp.R4DfmRPr45/llvm/include/llvm/CodeGen/StackMaps.h
-- Installing: /tmp/tmp.R4DfmRPr45/llvm/include/llvm/CodeGen/AtomicExpandUtils.h
-- Installing: /tmp/tmp.R4DfmRPr45/llvm/include/llvm/CodeGen/CodeGenCommonISel.h
-- Installing: /tmp/tmp.R4DfmRPr45/llvm/include/llvm/CodeGen/AccelTable.h
-- Installing: /tmp/tmp.R4DfmRPr45/llvm/include/llvm/CodeGen/SlotIndexes.h
-- Installing: /tmp/tmp.R4DfmRPr45/llvm/include/llvm/CodeGen/MachineJumpTableInfo.h
-- Installing: /tmp/tmp.R4DfmRPr45/llvm/include/llvm/CodeGen/MachineOutliner.h
-- Installing: /tmp/tmp.R4DfmRPr45/llvm/include/llvm/CodeGen/FunctionLoweringInfo.h
-- Installing: /tmp/tmp.R4DfmRPr45/llvm/include/llvm/CodeGen/MachinePassRegistry.def
-- Installing: /tmp/tmp.R4DfmRPr45/llvm/include/llvm/CodeGen/MIRYamlMapping.h
-- Installing: /tmp/tmp.R4DfmRPr45/llvm/include/llvm/CodeGen/SelectionDAG.h
-- Installing: /tmp/tmp.R4DfmRPr45/llvm/include/llvm/CodeGen/RDFGraph.h
-- Installing: /tmp/tmp.R4DfmRPr45/llvm/include/llvm/CodeGen/MachineTraceMetrics.h
-- Installing: /tmp/tmp.R4DfmRPr45/llvm/include/llvm/CodeGen/ReplaceWithVeclib.h
-- Installing: /tmp/tmp.R4DfmRPr45/llvm/include/llvm/CodeGen/ScheduleDFS.h
-- Installing: /tmp/tmp.R4DfmRPr45/llvm/include/llvm/CodeGen/MachineDominators.h
-- Installing: /tmp/tmp.R4DfmRPr45/llvm/include/llvm/CodeGen/VirtRegMap.h
-- Installing: /tmp/tmp.R4DfmRPr45/llvm/include/llvm/CodeGen/CommandFlags.h
-- Installing: /tmp/tmp.R4DfmRPr45/llvm/include/llvm/CodeGen/RDFRegisters.h
-- Installing: /tmp/tmp.R4DfmRPr45/llvm/include/llvm/InterfaceStub
-- Installing: /tmp/tmp.R4DfmRPr45/llvm/include/llvm/InterfaceStub/ELFObjHandler.h
-- Installing: /tmp/tmp.R4DfmRPr45/llvm/include/llvm/InterfaceStub/IFSStub.h
-- Installing: /tmp/tmp.R4DfmRPr45/llvm/include/llvm/InterfaceStub/IFSHandler.h
-- Installing: /tmp/tmp.R4DfmRPr45/llvm/include/llvm/LinkAllIR.h
-- Installing: /tmp/tmp.R4DfmRPr45/llvm/include/llvm/PassAnalysisSupport.h
-- Installing: /tmp/tmp.R4DfmRPr45/llvm/include/llvm/Bitcode
-- Installing: /tmp/tmp.R4DfmRPr45/llvm/include/llvm/Bitcode/BitcodeConvenience.h
-- Installing: /tmp/tmp.R4DfmRPr45/llvm/include/llvm/Bitcode/LLVMBitCodes.h
-- Installing: /tmp/tmp.R4DfmRPr45/llvm/include/llvm/Bitcode/BitcodeAnalyzer.h
-- Installing: /tmp/tmp.R4DfmRPr45/llvm/include/llvm/Bitcode/BitcodeWriterPass.h
-- Installing: /tmp/tmp.R4DfmRPr45/llvm/include/llvm/Bitcode/BitcodeCommon.h
-- Installing: /tmp/tmp.R4DfmRPr45/llvm/include/llvm/Bitcode/BitcodeReader.h
-- Installing: /tmp/tmp.R4DfmRPr45/llvm/include/llvm/Bitcode/BitcodeWriter.h
-- Installing: /tmp/tmp.R4DfmRPr45/llvm/include/llvm/LTO
-- Installing: /tmp/tmp.R4DfmRPr45/llvm/include/llvm/LTO/LTO.h
-- Installing: /tmp/tmp.R4DfmRPr45/llvm/include/llvm/LTO/legacy
-- Installing: /tmp/tmp.R4DfmRPr45/llvm/include/llvm/LTO/legacy/ThinLTOCodeGenerator.h
-- Installing: /tmp/tmp.R4DfmRPr45/llvm/include/llvm/LTO/legacy/LTOCodeGenerator.h
-- Installing: /tmp/tmp.R4DfmRPr45/llvm/include/llvm/LTO/legacy/UpdateCompilerUsed.h
-- Installing: /tmp/tmp.R4DfmRPr45/llvm/include/llvm/LTO/legacy/LTOModule.h
-- Installing: /tmp/tmp.R4DfmRPr45/llvm/include/llvm/LTO/LTOBackend.h
-- Installing: /tmp/tmp.R4DfmRPr45/llvm/include/llvm/LTO/SummaryBasedOptimizations.h
-- Installing: /tmp/tmp.R4DfmRPr45/llvm/include/llvm/LTO/Config.h
-- Installing: /tmp/tmp.R4DfmRPr45/llvm/include/llvm/MCA
-- Installing: /tmp/tmp.R4DfmRPr45/llvm/include/llvm/MCA/HWEventListener.h
-- Installing: /tmp/tmp.R4DfmRPr45/llvm/include/llvm/MCA/HardwareUnits
-- Installing: /tmp/tmp.R4DfmRPr45/llvm/include/llvm/MCA/HardwareUnits/RetireControlUnit.h
-- Installing: /tmp/tmp.R4DfmRPr45/llvm/include/llvm/MCA/HardwareUnits/ResourceManager.h
-- Installing: /tmp/tmp.R4DfmRPr45/llvm/include/llvm/MCA/HardwareUnits/Scheduler.h
-- Installing: /tmp/tmp.R4DfmRPr45/llvm/include/llvm/MCA/HardwareUnits/HardwareUnit.h
-- Installing: /tmp/tmp.R4DfmRPr45/llvm/include/llvm/MCA/HardwareUnits/LSUnit.h
-- Installing: /tmp/tmp.R4DfmRPr45/llvm/include/llvm/MCA/HardwareUnits/RegisterFile.h
-- Installing: /tmp/tmp.R4DfmRPr45/llvm/include/llvm/MCA/Pipeline.h
-- Installing: /tmp/tmp.R4DfmRPr45/llvm/include/llvm/MCA/IncrementalSourceMgr.h
-- Installing: /tmp/tmp.R4DfmRPr45/llvm/include/llvm/MCA/Context.h
-- Installing: /tmp/tmp.R4DfmRPr45/llvm/include/llvm/MCA/CodeEmitter.h
-- Installing: /tmp/tmp.R4DfmRPr45/llvm/include/llvm/MCA/SourceMgr.h
-- Installing: /tmp/tmp.R4DfmRPr45/llvm/include/llvm/MCA/CustomBehaviour.h
-- Installing: /tmp/tmp.R4DfmRPr45/llvm/include/llvm/MCA/View.h
-- Installing: /tmp/tmp.R4DfmRPr45/llvm/include/llvm/MCA/Stages
-- Installing: /tmp/tmp.R4DfmRPr45/llvm/include/llvm/MCA/Stages/RetireStage.h
-- Installing: /tmp/tmp.R4DfmRPr45/llvm/include/llvm/MCA/Stages/MicroOpQueueStage.h
-- Installing: /tmp/tmp.R4DfmRPr45/llvm/include/llvm/MCA/Stages/Stage.h
-- Installing: /tmp/tmp.R4DfmRPr45/llvm/include/llvm/MCA/Stages/DispatchStage.h
-- Installing: /tmp/tmp.R4DfmRPr45/llvm/include/llvm/MCA/Stages/InstructionTables.h
-- Installing: /tmp/tmp.R4DfmRPr45/llvm/include/llvm/MCA/Stages/ExecuteStage.h
-- Installing: /tmp/tmp.R4DfmRPr45/llvm/include/llvm/MCA/Stages/EntryStage.h
-- Installing: /tmp/tmp.R4DfmRPr45/llvm/include/llvm/MCA/Stages/InOrderIssueStage.h
-- Installing: /tmp/tmp.R4DfmRPr45/llvm/include/llvm/MCA/Instruction.h
-- Installing: /tmp/tmp.R4DfmRPr45/llvm/include/llvm/MCA/InstrBuilder.h
-- Installing: /tmp/tmp.R4DfmRPr45/llvm/include/llvm/MCA/Support.h
-- Installing: /tmp/tmp.R4DfmRPr45/llvm/include/llvm/Transforms
-- Installing: /tmp/tmp.R4DfmRPr45/llvm/include/llvm/Transforms/AggressiveInstCombine
-- Installing: /tmp/tmp.R4DfmRPr45/llvm/include/llvm/Transforms/AggressiveInstCombine/AggressiveInstCombine.h
-- Installing: /tmp/tmp.R4DfmRPr45/llvm/include/llvm/Transforms/IPO.h
-- Installing: /tmp/tmp.R4DfmRPr45/llvm/include/llvm/Transforms/Instrumentation
-- Installing: /tmp/tmp.R4DfmRPr45/llvm/include/llvm/Transforms/Instrumentation/InstrOrderFile.h
-- Installing: /tmp/tmp.R4DfmRPr45/llvm/include/llvm/Transforms/Instrumentation/SanitizerCoverage.h
-- Installing: /tmp/tmp.R4DfmRPr45/llvm/include/llvm/Transforms/Instrumentation/SanitizerBinaryMetadata.h
-- Installing: /tmp/tmp.R4DfmRPr45/llvm/include/llvm/Transforms/Instrumentation/KCFI.h
-- Installing: /tmp/tmp.R4DfmRPr45/llvm/include/llvm/Transforms/Instrumentation/ThreadSanitizer.h
-- Installing: /tmp/tmp.R4DfmRPr45/llvm/include/llvm/Transforms/Instrumentation/PoisonChecking.h
-- Installing: /tmp/tmp.R4DfmRPr45/llvm/include/llvm/Transforms/Instrumentation/InstrProfiling.h
-- Installing: /tmp/tmp.R4DfmRPr45/llvm/include/llvm/Transforms/Instrumentation/DataFlowSanitizer.h
-- Installing: /tmp/tmp.R4DfmRPr45/llvm/include/llvm/Transforms/Instrumentation/PGOInstrumentation.h
-- Installing: /tmp/tmp.R4DfmRPr45/llvm/include/llvm/Transforms/Instrumentation/AddressSanitizer.h
-- Installing: /tmp/tmp.R4DfmRPr45/llvm/include/llvm/Transforms/Instrumentation/GCOVProfiler.h
-- Installing: /tmp/tmp.R4DfmRPr45/llvm/include/llvm/Transforms/Instrumentation/MemorySanitizer.h
-- Installing: /tmp/tmp.R4DfmRPr45/llvm/include/llvm/Transforms/Instrumentation/MemProfiler.h
-- Installing: /tmp/tmp.R4DfmRPr45/llvm/include/llvm/Transforms/Instrumentation/BoundsChecking.h
-- Installing: /tmp/tmp.R4DfmRPr45/llvm/include/llvm/Transforms/Instrumentation/AddressSanitizerCommon.h
-- Installing: /tmp/tmp.R4DfmRPr45/llvm/include/llvm/Transforms/Instrumentation/AddressSanitizerOptions.h
-- Installing: /tmp/tmp.R4DfmRPr45/llvm/include/llvm/Transforms/Instrumentation/ControlHeightReduction.h
-- Installing: /tmp/tmp.R4DfmRPr45/llvm/include/llvm/Transforms/Instrumentation/HWAddressSanitizer.h
-- Installing: /tmp/tmp.R4DfmRPr45/llvm/include/llvm/Transforms/Instrumentation/CGProfile.h
-- Installing: /tmp/tmp.R4DfmRPr45/llvm/include/llvm/Transforms/Vectorize.h
-- Installing: /tmp/tmp.R4DfmRPr45/llvm/include/llvm/Transforms/Scalar.h
-- Installing: /tmp/tmp.R4DfmRPr45/llvm/include/llvm/Transforms/IPO
-- Installing: /tmp/tmp.R4DfmRPr45/llvm/include/llvm/Transforms/IPO/Internalize.h
-- Installing: /tmp/tmp.R4DfmRPr45/llvm/include/llvm/Transforms/IPO/AlwaysInliner.h
-- Installing: /tmp/tmp.R4DfmRPr45/llvm/include/llvm/Transforms/IPO/HotColdSplitting.h
-- Installing: /tmp/tmp.R4DfmRPr45/llvm/include/llvm/Transforms/IPO/ArgumentPromotion.h
-- Installing: /tmp/tmp.R4DfmRPr45/llvm/include/llvm/Transforms/IPO/OpenMPOpt.h
-- Installing: /tmp/tmp.R4DfmRPr45/llvm/include/llvm/Transforms/IPO/FunctionAttrs.h
-- Installing: /tmp/tmp.R4DfmRPr45/llvm/include/llvm/Transforms/IPO/PartialInlining.h
-- Installing: /tmp/tmp.R4DfmRPr45/llvm/include/llvm/Transforms/IPO/DeadArgumentElimination.h
-- Installing: /tmp/tmp.R4DfmRPr45/llvm/include/llvm/Transforms/IPO/Attributor.h
-- Installing: /tmp/tmp.R4DfmRPr45/llvm/include/llvm/Transforms/IPO/ExtractGV.h
-- Installing: /tmp/tmp.R4DfmRPr45/llvm/include/llvm/Transforms/IPO/SampleProfileProbe.h
-- Installing: /tmp/tmp.R4DfmRPr45/llvm/include/llvm/Transforms/IPO/CrossDSOCFI.h
-- Installing: /tmp/tmp.R4DfmRPr45/llvm/include/llvm/Transforms/IPO/BlockExtractor.h
-- Installing: /tmp/tmp.R4DfmRPr45/llvm/include/llvm/Transforms/IPO/CalledValuePropagation.h
-- Installing: /tmp/tmp.R4DfmRPr45/llvm/include/llvm/Transforms/IPO/ForceFunctionAttrs.h
-- Installing: /tmp/tmp.R4DfmRPr45/llvm/include/llvm/Transforms/IPO/ModuleInliner.h
-- Installing: /tmp/tmp.R4DfmRPr45/llvm/include/llvm/Transforms/IPO/GlobalSplit.h
-- Installing: /tmp/tmp.R4DfmRPr45/llvm/include/llvm/Transforms/IPO/IROutliner.h
-- Installing: /tmp/tmp.R4DfmRPr45/llvm/include/llvm/Transforms/IPO/ThinLTOBitcodeWriter.h
-- Installing: /tmp/tmp.R4DfmRPr45/llvm/include/llvm/Transforms/IPO/StripDeadPrototypes.h
-- Installing: /tmp/tmp.R4DfmRPr45/llvm/include/llvm/Transforms/IPO/SyntheticCountsPropagation.h
-- Installing: /tmp/tmp.R4DfmRPr45/llvm/include/llvm/Transforms/IPO/GlobalDCE.h
-- Installing: /tmp/tmp.R4DfmRPr45/llvm/include/llvm/Transforms/IPO/GlobalOpt.h
-- Installing: /tmp/tmp.R4DfmRPr45/llvm/include/llvm/Transforms/IPO/InferFunctionAttrs.h
-- Installing: /tmp/tmp.R4DfmRPr45/llvm/include/llvm/Transforms/IPO/Annotation2Metadata.h
-- Installing: /tmp/tmp.R4DfmRPr45/llvm/include/llvm/Transforms/IPO/SCCP.h
-- Installing: /tmp/tmp.R4DfmRPr45/llvm/include/llvm/Transforms/IPO/ElimAvailExtern.h
-- Installing: /tmp/tmp.R4DfmRPr45/llvm/include/llvm/Transforms/IPO/FunctionImport.h
-- Installing: /tmp/tmp.R4DfmRPr45/llvm/include/llvm/Transforms/IPO/LowerTypeTests.h
-- Installing: /tmp/tmp.R4DfmRPr45/llvm/include/llvm/Transforms/IPO/Inliner.h
-- Installing: /tmp/tmp.R4DfmRPr45/llvm/include/llvm/Transforms/IPO/StripSymbols.h
-- Installing: /tmp/tmp.R4DfmRPr45/llvm/include/llvm/Transforms/IPO/SampleContextTracker.h
-- Installing: /tmp/tmp.R4DfmRPr45/llvm/include/llvm/Transforms/IPO/ProfiledCallGraph.h
-- Installing: /tmp/tmp.R4DfmRPr45/llvm/include/llvm/Transforms/IPO/FunctionSpecialization.h
-- Installing: /tmp/tmp.R4DfmRPr45/llvm/include/llvm/Transforms/IPO/LoopExtractor.h
-- Installing: /tmp/tmp.R4DfmRPr45/llvm/include/llvm/Transforms/IPO/WholeProgramDevirt.h
-- Installing: /tmp/tmp.R4DfmRPr45/llvm/include/llvm/Transforms/IPO/MergeFunctions.h
-- Installing: /tmp/tmp.R4DfmRPr45/llvm/include/llvm/Transforms/IPO/SampleProfile.h
-- Installing: /tmp/tmp.R4DfmRPr45/llvm/include/llvm/Transforms/IPO/ConstantMerge.h
-- Installing: /tmp/tmp.R4DfmRPr45/llvm/include/llvm/Transforms/IPO/PassManagerBuilder.h
-- Installing: /tmp/tmp.R4DfmRPr45/llvm/include/llvm/Transforms/Instrumentation.h
-- Installing: /tmp/tmp.R4DfmRPr45/llvm/include/llvm/Transforms/CFGuard.h
-- Installing: /tmp/tmp.R4DfmRPr45/llvm/include/llvm/Transforms/Utils
-- Installing: /tmp/tmp.R4DfmRPr45/llvm/include/llvm/Transforms/Utils/VNCoercion.h
-- Installing: /tmp/tmp.R4DfmRPr45/llvm/include/llvm/Transforms/Utils/SplitModule.h
-- Installing: /tmp/tmp.R4DfmRPr45/llvm/include/llvm/Transforms/Utils/SizeOpts.h
-- Installing: /tmp/tmp.R4DfmRPr45/llvm/include/llvm/Transforms/Utils/UnifyFunctionExitNodes.h
-- Installing: /tmp/tmp.R4DfmRPr45/llvm/include/llvm/Transforms/Utils/NameAnonGlobals.h
-- Installing: /tmp/tmp.R4DfmRPr45/llvm/include/llvm/Transforms/Utils/SampleProfileLoaderBaseImpl.h
-- Installing: /tmp/tmp.R4DfmRPr45/llvm/include/llvm/Transforms/Utils/LowerAtomic.h
-- Installing: /tmp/tmp.R4DfmRPr45/llvm/include/llvm/Transforms/Utils/BreakCriticalEdges.h
-- Installing: /tmp/tmp.R4DfmRPr45/llvm/include/llvm/Transforms/Utils/CallGraphUpdater.h
-- Installing: /tmp/tmp.R4DfmRPr45/llvm/include/llvm/Transforms/Utils/MetaRenamer.h
-- Installing: /tmp/tmp.R4DfmRPr45/llvm/include/llvm/Transforms/Utils/SymbolRewriter.h
-- Installing: /tmp/tmp.R4DfmRPr45/llvm/include/llvm/Transforms/Utils/LibCallsShrinkWrap.h
-- Installing: /tmp/tmp.R4DfmRPr45/llvm/include/llvm/Transforms/Utils/LCSSA.h
-- Installing: /tmp/tmp.R4DfmRPr45/llvm/include/llvm/Transforms/Utils/CtorUtils.h
-- Installing: /tmp/tmp.R4DfmRPr45/llvm/include/llvm/Transforms/Utils/SSAUpdaterBulk.h
-- Installing: /tmp/tmp.R4DfmRPr45/llvm/include/llvm/Transforms/Utils/CodeMoverUtils.h
-- Installing: /tmp/tmp.R4DfmRPr45/llvm/include/llvm/Transforms/Utils/FunctionComparator.h
-- Installing: /tmp/tmp.R4DfmRPr45/llvm/include/llvm/Transforms/Utils/CanonicalizeAliases.h
-- Installing: /tmp/tmp.R4DfmRPr45/llvm/include/llvm/Transforms/Utils/MemoryOpRemark.h
-- Installing: /tmp/tmp.R4DfmRPr45/llvm/include/llvm/Transforms/Utils/LoopRotationUtils.h
-- Installing: /tmp/tmp.R4DfmRPr45/llvm/include/llvm/Transforms/Utils/PredicateInfo.h
-- Installing: /tmp/tmp.R4DfmRPr45/llvm/include/llvm/Transforms/Utils/EscapeEnumerator.h
-- Installing: /tmp/tmp.R4DfmRPr45/llvm/include/llvm/Transforms/Utils/AMDGPUEmitPrintf.h
-- Installing: /tmp/tmp.R4DfmRPr45/llvm/include/llvm/Transforms/Utils/ScalarEvolutionExpander.h
-- Installing: /tmp/tmp.R4DfmRPr45/llvm/include/llvm/Transforms/Utils/SampleProfileLoaderBaseUtil.h
-- Installing: /tmp/tmp.R4DfmRPr45/llvm/include/llvm/Transforms/Utils/SimplifyIndVar.h
-- Installing: /tmp/tmp.R4DfmRPr45/llvm/include/llvm/Transforms/Utils/FixIrreducible.h
-- Installing: /tmp/tmp.R4DfmRPr45/llvm/include/llvm/Transforms/Utils/SCCPSolver.h
-- Installing: /tmp/tmp.R4DfmRPr45/llvm/include/llvm/Transforms/Utils/LoopVersioning.h
-- Installing: /tmp/tmp.R4DfmRPr45/llvm/include/llvm/Transforms/Utils/MatrixUtils.h
-- Installing: /tmp/tmp.R4DfmRPr45/llvm/include/llvm/Transforms/Utils/Evaluator.h
-- Installing: /tmp/tmp.R4DfmRPr45/llvm/include/llvm/Transforms/Utils/HelloWorld.h
-- Installing: /tmp/tmp.R4DfmRPr45/llvm/include/llvm/Transforms/Utils/InstructionWorklist.h
-- Installing: /tmp/tmp.R4DfmRPr45/llvm/include/llvm/Transforms/Utils/LoopSimplify.h
-- Installing: /tmp/tmp.R4DfmRPr45/llvm/include/llvm/Transforms/Utils/SimplifyLibCalls.h
-- Installing: /tmp/tmp.R4DfmRPr45/llvm/include/llvm/Transforms/Utils/CodeExtractor.h
-- Installing: /tmp/tmp.R4DfmRPr45/llvm/include/llvm/Transforms/Utils/LoopUtils.h
-- Installing: /tmp/tmp.R4DfmRPr45/llvm/include/llvm/Transforms/Utils/UnrollLoop.h
-- Installing: /tmp/tmp.R4DfmRPr45/llvm/include/llvm/Transforms/Utils/SampleProfileInference.h
-- Installing: /tmp/tmp.R4DfmRPr45/llvm/include/llvm/Transforms/Utils/MemoryTaggingSupport.h
-- Installing: /tmp/tmp.R4DfmRPr45/llvm/include/llvm/Transforms/Utils/MisExpect.h
-- Installing: /tmp/tmp.R4DfmRPr45/llvm/include/llvm/Transforms/Utils/StripGCRelocates.h
-- Installing: /tmp/tmp.R4DfmRPr45/llvm/include/llvm/Transforms/Utils/GuardUtils.h
-- Installing: /tmp/tmp.R4DfmRPr45/llvm/include/llvm/Transforms/Utils/Local.h
-- Installing: /tmp/tmp.R4DfmRPr45/llvm/include/llvm/Transforms/Utils/UnifyLoopExits.h
-- Installing: /tmp/tmp.R4DfmRPr45/llvm/include/llvm/Transforms/Utils/PromoteMemToReg.h
-- Installing: /tmp/tmp.R4DfmRPr45/llvm/include/llvm/Transforms/Utils/FunctionImportUtils.h
-- Installing: /tmp/tmp.R4DfmRPr45/llvm/include/llvm/Transforms/Utils/Cloning.h
-- Installing: /tmp/tmp.R4DfmRPr45/llvm/include/llvm/Transforms/Utils/GlobalStatus.h
-- Installing: /tmp/tmp.R4DfmRPr45/llvm/include/llvm/Transforms/Utils/IntegerDivision.h
-- Installing: /tmp/tmp.R4DfmRPr45/llvm/include/llvm/Transforms/Utils/Mem2Reg.h
-- Installing: /tmp/tmp.R4DfmRPr45/llvm/include/llvm/Transforms/Utils/LowerInvoke.h
-- Installing: /tmp/tmp.R4DfmRPr45/llvm/include/llvm/Transforms/Utils/ValueMapper.h
-- Installing: /tmp/tmp.R4DfmRPr45/llvm/include/llvm/Transforms/Utils/SimplifyCFGOptions.h
-- Installing: /tmp/tmp.R4DfmRPr45/llvm/include/llvm/Transforms/Utils/LoopPeel.h
-- Installing: /tmp/tmp.R4DfmRPr45/llvm/include/llvm/Transforms/Utils/ModuleUtils.h
-- Installing: /tmp/tmp.R4DfmRPr45/llvm/include/llvm/Transforms/Utils/CallPromotionUtils.h
-- Installing: /tmp/tmp.R4DfmRPr45/llvm/include/llvm/Transforms/Utils/CodeLayout.h
-- Installing: /tmp/tmp.R4DfmRPr45/llvm/include/llvm/Transforms/Utils/CanonicalizeFreezeInLoops.h
-- Installing: /tmp/tmp.R4DfmRPr45/llvm/include/llvm/Transforms/Utils/LowerGlobalDtors.h
-- Installing: /tmp/tmp.R4DfmRPr45/llvm/include/llvm/Transforms/Utils/InstructionNamer.h
-- Installing: /tmp/tmp.R4DfmRPr45/llvm/include/llvm/Transforms/Utils/ASanStackFrameLayout.h
-- Installing: /tmp/tmp.R4DfmRPr45/llvm/include/llvm/Transforms/Utils/BuildLibCalls.h
-- Installing: /tmp/tmp.R4DfmRPr45/llvm/include/llvm/Transforms/Utils/AssumeBundleBuilder.h
-- Installing: /tmp/tmp.R4DfmRPr45/llvm/include/llvm/Transforms/Utils/SSAUpdater.h
-- Installing: /tmp/tmp.R4DfmRPr45/llvm/include/llvm/Transforms/Utils/AddDiscriminators.h
-- Installing: /tmp/tmp.R4DfmRPr45/llvm/include/llvm/Transforms/Utils/LowerSwitch.h
-- Installing: /tmp/tmp.R4DfmRPr45/llvm/include/llvm/Transforms/Utils/Debugify.h
-- Installing: /tmp/tmp.R4DfmRPr45/llvm/include/llvm/Transforms/Utils/StripNonLineTableDebugInfo.h
-- Installing: /tmp/tmp.R4DfmRPr45/llvm/include/llvm/Transforms/Utils/EntryExitInstrumenter.h
-- Installing: /tmp/tmp.R4DfmRPr45/llvm/include/llvm/Transforms/Utils/SSAUpdaterImpl.h
-- Installing: /tmp/tmp.R4DfmRPr45/llvm/include/llvm/Transforms/Utils/SanitizerStats.h
-- Installing: /tmp/tmp.R4DfmRPr45/llvm/include/llvm/Transforms/Utils/LowerMemIntrinsics.h
-- Installing: /tmp/tmp.R4DfmRPr45/llvm/include/llvm/Transforms/Utils/LowerIFunc.h
-- Installing: /tmp/tmp.R4DfmRPr45/llvm/include/llvm/Transforms/Utils/BypassSlowDivision.h
-- Installing: /tmp/tmp.R4DfmRPr45/llvm/include/llvm/Transforms/Utils/InjectTLIMappings.h
-- Installing: /tmp/tmp.R4DfmRPr45/llvm/include/llvm/Transforms/Utils/RelLookupTableConverter.h
-- Installing: /tmp/tmp.R4DfmRPr45/llvm/include/llvm/Transforms/Utils/BasicBlockUtils.h
-- Installing: /tmp/tmp.R4DfmRPr45/llvm/include/llvm/Transforms/Utils.h
-- Installing: /tmp/tmp.R4DfmRPr45/llvm/include/llvm/Transforms/ObjCARC.h
-- Installing: /tmp/tmp.R4DfmRPr45/llvm/include/llvm/Transforms/Vectorize
-- Installing: /tmp/tmp.R4DfmRPr45/llvm/include/llvm/Transforms/Vectorize/SLPVectorizer.h
-- Installing: /tmp/tmp.R4DfmRPr45/llvm/include/llvm/Transforms/Vectorize/VectorCombine.h
-- Installing: /tmp/tmp.R4DfmRPr45/llvm/include/llvm/Transforms/Vectorize/LoopVectorizationLegality.h
-- Installing: /tmp/tmp.R4DfmRPr45/llvm/include/llvm/Transforms/Vectorize/LoopVectorize.h
-- Installing: /tmp/tmp.R4DfmRPr45/llvm/include/llvm/Transforms/Vectorize/LoadStoreVectorizer.h
-- Installing: /tmp/tmp.R4DfmRPr45/llvm/include/llvm/Transforms/Scalar
-- Installing: /tmp/tmp.R4DfmRPr45/llvm/include/llvm/Transforms/Scalar/ADCE.h
-- Installing: /tmp/tmp.R4DfmRPr45/llvm/include/llvm/Transforms/Scalar/IVUsersPrinter.h
-- Installing: /tmp/tmp.R4DfmRPr45/llvm/include/llvm/Transforms/Scalar/WarnMissedTransforms.h
-- Installing: /tmp/tmp.R4DfmRPr45/llvm/include/llvm/Transforms/Scalar/LoopBoundSplit.h
-- Installing: /tmp/tmp.R4DfmRPr45/llvm/include/llvm/Transforms/Scalar/TailRecursionElimination.h
-- Installing: /tmp/tmp.R4DfmRPr45/llvm/include/llvm/Transforms/Scalar/NewGVN.h
-- Installing: /tmp/tmp.R4DfmRPr45/llvm/include/llvm/Transforms/Scalar/StructurizeCFG.h
-- Installing: /tmp/tmp.R4DfmRPr45/llvm/include/llvm/Transforms/Scalar/GVN.h
-- Installing: /tmp/tmp.R4DfmRPr45/llvm/include/llvm/Transforms/Scalar/DCE.h
-- Installing: /tmp/tmp.R4DfmRPr45/llvm/include/llvm/Transforms/Scalar/SimpleLoopUnswitch.h
-- Installing: /tmp/tmp.R4DfmRPr45/llvm/include/llvm/Transforms/Scalar/LoopPassManager.h
-- Installing: /tmp/tmp.R4DfmRPr45/llvm/include/llvm/Transforms/Scalar/AnnotationRemarks.h
-- Installing: /tmp/tmp.R4DfmRPr45/llvm/include/llvm/Transforms/Scalar/LoopSink.h
-- Installing: /tmp/tmp.R4DfmRPr45/llvm/include/llvm/Transforms/Scalar/LoopAccessAnalysisPrinter.h
-- Installing: /tmp/tmp.R4DfmRPr45/llvm/include/llvm/Transforms/Scalar/LowerAtomicPass.h
-- Installing: /tmp/tmp.R4DfmRPr45/llvm/include/llvm/Transforms/Scalar/CorrelatedValuePropagation.h
-- Installing: /tmp/tmp.R4DfmRPr45/llvm/include/llvm/Transforms/Scalar/LoopSimplifyCFG.h
-- Installing: /tmp/tmp.R4DfmRPr45/llvm/include/llvm/Transforms/Scalar/LoopDeletion.h
-- Installing: /tmp/tmp.R4DfmRPr45/llvm/include/llvm/Transforms/Scalar/Reg2Mem.h
-- Installing: /tmp/tmp.R4DfmRPr45/llvm/include/llvm/Transforms/Scalar/ScalarizeMaskedMemIntrin.h
-- Installing: /tmp/tmp.R4DfmRPr45/llvm/include/llvm/Transforms/Scalar/PartiallyInlineLibCalls.h
-- Installing: /tmp/tmp.R4DfmRPr45/llvm/include/llvm/Transforms/Scalar/DivRemPairs.h
-- Installing: /tmp/tmp.R4DfmRPr45/llvm/include/llvm/Transforms/Scalar/InductiveRangeCheckElimination.h
-- Installing: /tmp/tmp.R4DfmRPr45/llvm/include/llvm/Transforms/Scalar/LoopPredication.h
-- Installing: /tmp/tmp.R4DfmRPr45/llvm/include/llvm/Transforms/Scalar/LowerExpectIntrinsic.h
-- Installing: /tmp/tmp.R4DfmRPr45/llvm/include/llvm/Transforms/Scalar/LoopVersioningLICM.h
-- Installing: /tmp/tmp.R4DfmRPr45/llvm/include/llvm/Transforms/Scalar/LoopDataPrefetch.h
-- Installing: /tmp/tmp.R4DfmRPr45/llvm/include/llvm/Transforms/Scalar/LoopUnrollPass.h
-- Installing: /tmp/tmp.R4DfmRPr45/llvm/include/llvm/Transforms/Scalar/SpeculativeExecution.h
-- Installing: /tmp/tmp.R4DfmRPr45/llvm/include/llvm/Transforms/Scalar/LoopIdiomRecognize.h
-- Installing: /tmp/tmp.R4DfmRPr45/llvm/include/llvm/Transforms/Scalar/Sink.h
-- Installing: /tmp/tmp.R4DfmRPr45/llvm/include/llvm/Transforms/Scalar/SeparateConstOffsetFromGEP.h
-- Installing: /tmp/tmp.R4DfmRPr45/llvm/include/llvm/Transforms/Scalar/LoopInterchange.h
-- Installing: /tmp/tmp.R4DfmRPr45/llvm/include/llvm/Transforms/Scalar/LowerWidenableCondition.h
-- Installing: /tmp/tmp.R4DfmRPr45/llvm/include/llvm/Transforms/Scalar/CallSiteSplitting.h
-- Installing: /tmp/tmp.R4DfmRPr45/llvm/include/llvm/Transforms/Scalar/ConstraintElimination.h
-- Installing: /tmp/tmp.R4DfmRPr45/llvm/include/llvm/Transforms/Scalar/MergeICmps.h
-- Installing: /tmp/tmp.R4DfmRPr45/llvm/include/llvm/Transforms/Scalar/DeadStoreElimination.h
-- Installing: /tmp/tmp.R4DfmRPr45/llvm/include/llvm/Transforms/Scalar/EarlyCSE.h
-- Installing: /tmp/tmp.R4DfmRPr45/llvm/include/llvm/Transforms/Scalar/LoopRotation.h
-- Installing: /tmp/tmp.R4DfmRPr45/llvm/include/llvm/Transforms/Scalar/AlignmentFromAssumptions.h
-- Installing: /tmp/tmp.R4DfmRPr45/llvm/include/llvm/Transforms/Scalar/Float2Int.h
-- Installing: /tmp/tmp.R4DfmRPr45/llvm/include/llvm/Transforms/Scalar/LoopInstSimplify.h
-- Installing: /tmp/tmp.R4DfmRPr45/llvm/include/llvm/Transforms/Scalar/SCCP.h
-- Installing: /tmp/tmp.R4DfmRPr45/llvm/include/llvm/Transforms/Scalar/LowerMatrixIntrinsics.h
-- Installing: /tmp/tmp.R4DfmRPr45/llvm/include/llvm/Transforms/Scalar/LoopLoadElimination.h
-- Installing: /tmp/tmp.R4DfmRPr45/llvm/include/llvm/Transforms/Scalar/IndVarSimplify.h
-- Installing: /tmp/tmp.R4DfmRPr45/llvm/include/llvm/Transforms/Scalar/BDCE.h
-- Installing: /tmp/tmp.R4DfmRPr45/llvm/include/llvm/Transforms/Scalar/NaryReassociate.h
-- Installing: /tmp/tmp.R4DfmRPr45/llvm/include/llvm/Transforms/Scalar/TLSVariableHoist.h
-- Installing: /tmp/tmp.R4DfmRPr45/llvm/include/llvm/Transforms/Scalar/SROA.h
-- Installing: /tmp/tmp.R4DfmRPr45/llvm/include/llvm/Transforms/Scalar/InferAddressSpaces.h
-- Installing: /tmp/tmp.R4DfmRPr45/llvm/include/llvm/Transforms/Scalar/GuardWidening.h
-- Installing: /tmp/tmp.R4DfmRPr45/llvm/include/llvm/Transforms/Scalar/StraightLineStrengthReduce.h
-- Installing: /tmp/tmp.R4DfmRPr45/llvm/include/llvm/Transforms/Scalar/MergedLoadStoreMotion.h
-- Installing: /tmp/tmp.R4DfmRPr45/llvm/include/llvm/Transforms/Scalar/InstSimplifyPass.h
-- Installing: /tmp/tmp.R4DfmRPr45/llvm/include/llvm/Transforms/Scalar/LoopStrengthReduce.h
-- Installing: /tmp/tmp.R4DfmRPr45/llvm/include/llvm/Transforms/Scalar/FlattenCFG.h
-- Installing: /tmp/tmp.R4DfmRPr45/llvm/include/llvm/Transforms/Scalar/LoopFuse.h
-- Installing: /tmp/tmp.R4DfmRPr45/llvm/include/llvm/Transforms/Scalar/DFAJumpThreading.h
-- Installing: /tmp/tmp.R4DfmRPr45/llvm/include/llvm/Transforms/Scalar/LoopFlatten.h
-- Installing: /tmp/tmp.R4DfmRPr45/llvm/include/llvm/Transforms/Scalar/GVNExpression.h
-- Installing: /tmp/tmp.R4DfmRPr45/llvm/include/llvm/Transforms/Scalar/MemCpyOptimizer.h
-- Installing: /tmp/tmp.R4DfmRPr45/llvm/include/llvm/Transforms/Scalar/RewriteStatepointsForGC.h
-- Installing: /tmp/tmp.R4DfmRPr45/llvm/include/llvm/Transforms/Scalar/LICM.h
-- Installing: /tmp/tmp.R4DfmRPr45/llvm/include/llvm/Transforms/Scalar/ConstantHoisting.h
-- Installing: /tmp/tmp.R4DfmRPr45/llvm/include/llvm/Transforms/Scalar/LoopDistribute.h
-- Installing: /tmp/tmp.R4DfmRPr45/llvm/include/llvm/Transforms/Scalar/LowerGuardIntrinsic.h
-- Installing: /tmp/tmp.R4DfmRPr45/llvm/include/llvm/Transforms/Scalar/Reassociate.h
-- Installing: /tmp/tmp.R4DfmRPr45/llvm/include/llvm/Transforms/Scalar/JumpThreading.h
-- Installing: /tmp/tmp.R4DfmRPr45/llvm/include/llvm/Transforms/Scalar/LoopReroll.h
-- Installing: /tmp/tmp.R4DfmRPr45/llvm/include/llvm/Transforms/Scalar/MakeGuardsExplicit.h
-- Installing: /tmp/tmp.R4DfmRPr45/llvm/include/llvm/Transforms/Scalar/SimplifyCFG.h
-- Installing: /tmp/tmp.R4DfmRPr45/llvm/include/llvm/Transforms/Scalar/LowerConstantIntrinsics.h
-- Installing: /tmp/tmp.R4DfmRPr45/llvm/include/llvm/Transforms/Scalar/LoopUnrollAndJamPass.h
-- Installing: /tmp/tmp.R4DfmRPr45/llvm/include/llvm/Transforms/Scalar/Scalarizer.h
-- Installing: /tmp/tmp.R4DfmRPr45/llvm/include/llvm/Transforms/Coroutines
-- Installing: /tmp/tmp.R4DfmRPr45/llvm/include/llvm/Transforms/Coroutines/CoroElide.h
-- Installing: /tmp/tmp.R4DfmRPr45/llvm/include/llvm/Transforms/Coroutines/CoroCleanup.h
-- Installing: /tmp/tmp.R4DfmRPr45/llvm/include/llvm/Transforms/Coroutines/CoroSplit.h
-- Installing: /tmp/tmp.R4DfmRPr45/llvm/include/llvm/Transforms/Coroutines/CoroEarly.h
-- Installing: /tmp/tmp.R4DfmRPr45/llvm/include/llvm/Transforms/Coroutines/CoroConditionalWrapper.h
-- Installing: /tmp/tmp.R4DfmRPr45/llvm/include/llvm/Transforms/InstCombine
-- Installing: /tmp/tmp.R4DfmRPr45/llvm/include/llvm/Transforms/InstCombine/InstCombine.h
-- Installing: /tmp/tmp.R4DfmRPr45/llvm/include/llvm/Transforms/InstCombine/InstCombiner.h
-- Up-to-date: /tmp/tmp.R4DfmRPr45/llvm/include/llvm-c
-- Installing: /tmp/tmp.R4DfmRPr45/llvm/include/llvm-c/DebugInfo.h
-- Installing: /tmp/tmp.R4DfmRPr45/llvm/include/llvm-c/DataTypes.h
-- Installing: /tmp/tmp.R4DfmRPr45/llvm/include/llvm-c/Error.h
-- Installing: /tmp/tmp.R4DfmRPr45/llvm/include/llvm-c/Core.h
-- Installing: /tmp/tmp.R4DfmRPr45/llvm/include/llvm-c/Object.h
-- Installing: /tmp/tmp.R4DfmRPr45/llvm/include/llvm-c/Disassembler.h
-- Installing: /tmp/tmp.R4DfmRPr45/llvm/include/llvm-c/Deprecated.h
-- Installing: /tmp/tmp.R4DfmRPr45/llvm/include/llvm-c/BitReader.h
-- Installing: /tmp/tmp.R4DfmRPr45/llvm/include/llvm-c/BitWriter.h
-- Installing: /tmp/tmp.R4DfmRPr45/llvm/include/llvm-c/TargetMachine.h
-- Installing: /tmp/tmp.R4DfmRPr45/llvm/include/llvm-c/blake3.h
-- Up-to-date: /tmp/tmp.R4DfmRPr45/llvm/include/llvm-c/Remarks.h
-- Installing: /tmp/tmp.R4DfmRPr45/llvm/include/llvm-c/Analysis.h
-- Installing: /tmp/tmp.R4DfmRPr45/llvm/include/llvm-c/Initialization.h
-- Installing: /tmp/tmp.R4DfmRPr45/llvm/include/llvm-c/LLJIT.h
-- Installing: /tmp/tmp.R4DfmRPr45/llvm/include/llvm-c/Types.h
-- Installing: /tmp/tmp.R4DfmRPr45/llvm/include/llvm-c/Linker.h
-- Installing: /tmp/tmp.R4DfmRPr45/llvm/include/llvm-c/DisassemblerTypes.h
-- Installing: /tmp/tmp.R4DfmRPr45/llvm/include/llvm-c/ExternC.h
-- Installing: /tmp/tmp.R4DfmRPr45/llvm/include/llvm-c/ExecutionEngine.h
-- Installing: /tmp/tmp.R4DfmRPr45/llvm/include/llvm-c/Comdat.h
-- Installing: /tmp/tmp.R4DfmRPr45/llvm/include/llvm-c/Support.h
-- Installing: /tmp/tmp.R4DfmRPr45/llvm/include/llvm-c/ErrorHandling.h
-- Installing: /tmp/tmp.R4DfmRPr45/llvm/include/llvm-c/Target.h
-- Installing: /tmp/tmp.R4DfmRPr45/llvm/include/llvm-c/Transforms
-- Installing: /tmp/tmp.R4DfmRPr45/llvm/include/llvm-c/Transforms/IPO.h
-- Installing: /tmp/tmp.R4DfmRPr45/llvm/include/llvm-c/Transforms/InstCombine.h
-- Installing: /tmp/tmp.R4DfmRPr45/llvm/include/llvm-c/Transforms/Scalar.h
-- Installing: /tmp/tmp.R4DfmRPr45/llvm/include/llvm-c/Transforms/Vectorize.h
-- Installing: /tmp/tmp.R4DfmRPr45/llvm/include/llvm-c/Transforms/PassBuilder.h
-- Installing: /tmp/tmp.R4DfmRPr45/llvm/include/llvm-c/Transforms/PassManagerBuilder.h
-- Installing: /tmp/tmp.R4DfmRPr45/llvm/include/llvm-c/Transforms/Utils.h
-- Installing: /tmp/tmp.R4DfmRPr45/llvm/include/llvm-c/OrcEE.h
-- Installing: /tmp/tmp.R4DfmRPr45/llvm/include/llvm-c/IRReader.h
-- Up-to-date: /tmp/tmp.R4DfmRPr45/llvm/include/llvm-c/lto.h
-- Installing: /tmp/tmp.R4DfmRPr45/llvm/include/llvm-c/Orc.h
-- Up-to-date: /tmp/tmp.R4DfmRPr45/llvm/include/llvm
-- Up-to-date: /tmp/tmp.R4DfmRPr45/llvm/include/llvm/Frontend
-- Up-to-date: /tmp/tmp.R4DfmRPr45/llvm/include/llvm/Frontend/OpenACC
-- Installing: /tmp/tmp.R4DfmRPr45/llvm/include/llvm/Frontend/OpenACC/ACC.h.inc
-- Installing: /tmp/tmp.R4DfmRPr45/llvm/include/llvm/Frontend/OpenACC/ACC.inc
-- Up-to-date: /tmp/tmp.R4DfmRPr45/llvm/include/llvm/Frontend/OpenMP
-- Installing: /tmp/tmp.R4DfmRPr45/llvm/include/llvm/Frontend/OpenMP/OMP.inc
-- Installing: /tmp/tmp.R4DfmRPr45/llvm/include/llvm/Frontend/OpenMP/OMP.h.inc
-- Up-to-date: /tmp/tmp.R4DfmRPr45/llvm/include/llvm/IR
-- Installing: /tmp/tmp.R4DfmRPr45/llvm/include/llvm/IR/IntrinsicsBPF.h
-- Installing: /tmp/tmp.R4DfmRPr45/llvm/include/llvm/IR/IntrinsicsNVPTX.h
-- Installing: /tmp/tmp.R4DfmRPr45/llvm/include/llvm/IR/IntrinsicsSPIRV.h
-- Installing: /tmp/tmp.R4DfmRPr45/llvm/include/llvm/IR/IntrinsicsPowerPC.h
-- Installing: /tmp/tmp.R4DfmRPr45/llvm/include/llvm/IR/IntrinsicsMips.h
-- Installing: /tmp/tmp.R4DfmRPr45/llvm/include/llvm/IR/IntrinsicsS390.h
-- Installing: /tmp/tmp.R4DfmRPr45/llvm/include/llvm/IR/IntrinsicsDirectX.h
-- Installing: /tmp/tmp.R4DfmRPr45/llvm/include/llvm/IR/IntrinsicsXCore.h
-- Installing: /tmp/tmp.R4DfmRPr45/llvm/include/llvm/IR/IntrinsicsARM.h
-- Installing: /tmp/tmp.R4DfmRPr45/llvm/include/llvm/IR/IntrinsicsX86.h
-- Installing: /tmp/tmp.R4DfmRPr45/llvm/include/llvm/IR/IntrinsicEnums.inc
-- Installing: /tmp/tmp.R4DfmRPr45/llvm/include/llvm/IR/IntrinsicsVE.h
-- Installing: /tmp/tmp.R4DfmRPr45/llvm/include/llvm/IR/IntrinsicsHexagon.h
-- Installing: /tmp/tmp.R4DfmRPr45/llvm/include/llvm/IR/IntrinsicsRISCV.h
-- Installing: /tmp/tmp.R4DfmRPr45/llvm/include/llvm/IR/IntrinsicImpl.inc
-- Installing: /tmp/tmp.R4DfmRPr45/llvm/include/llvm/IR/IntrinsicsLoongArch.h
-- Installing: /tmp/tmp.R4DfmRPr45/llvm/include/llvm/IR/IntrinsicsAArch64.h
-- Installing: /tmp/tmp.R4DfmRPr45/llvm/include/llvm/IR/IntrinsicsR600.h
-- Installing: /tmp/tmp.R4DfmRPr45/llvm/include/llvm/IR/IntrinsicsWebAssembly.h
-- Installing: /tmp/tmp.R4DfmRPr45/llvm/include/llvm/IR/IntrinsicsAMDGPU.h
-- Installing: /tmp/tmp.R4DfmRPr45/llvm/include/llvm/IR/Attributes.inc
-- Up-to-date: /tmp/tmp.R4DfmRPr45/llvm/include/llvm/Support
-- Installing: /tmp/tmp.R4DfmRPr45/llvm/include/llvm/Support/Extension.def
-- Installing: /tmp/tmp.R4DfmRPr45/llvm/include/llvm/Support/VCSRevision.h
-- Up-to-date: /tmp/tmp.R4DfmRPr45/llvm/include/llvm/Config
-- Installing: /tmp/tmp.R4DfmRPr45/llvm/include/llvm/Config/Targets.def
-- Installing: /tmp/tmp.R4DfmRPr45/llvm/include/llvm/Config/AsmParsers.def
-- Installing: /tmp/tmp.R4DfmRPr45/llvm/include/llvm/Config/AsmPrinters.def
-- Installing: /tmp/tmp.R4DfmRPr45/llvm/include/llvm/Config/abi-breaking.h
-- Installing: /tmp/tmp.R4DfmRPr45/llvm/include/llvm/Config/llvm-config.h
-- Installing: /tmp/tmp.R4DfmRPr45/llvm/include/llvm/Config/Disassemblers.def
-- Installing: /tmp/tmp.R4DfmRPr45/llvm/include/llvm/Config/TargetExegesis.def
-- Installing: /tmp/tmp.R4DfmRPr45/llvm/include/llvm/Config/TargetMCAs.def
-- Up-to-date: /tmp/tmp.R4DfmRPr45/llvm/include/llvm/TargetParser
-- Installing: /tmp/tmp.R4DfmRPr45/llvm/include/llvm/TargetParser/RISCVTargetParserDef.inc
[4583/4598] cd /home/tim911004/.llvm-project/stage1_build && /home/tim911004/miniconda3/envs/cuda-quantum/lib/python3.10/site-packages/cmake/data/bin/cmake -DCMAKE_INSTALL_COMPONENT="llvm-libraries" -DCMAKE_INSTALL_DO_STRIP=1 -P /home/tim911004/.llvm-project/stage1_build/cmake_install.cmake
-- Install configuration: "Release"
[4584/4598] cd /home/tim911004/.llvm-project/stage1_build/tools/llvm-ar && /home/tim911004/miniconda3/envs/cuda-quantum/lib/python3.10/site-packages/cmake/data/bin/cmake -DCMAKE_INSTALL_COMPONENT="llvm-ar" -DCMAKE_INSTALL_DO_STRIP=1 -P /home/tim911004/.llvm-project/stage1_build/cmake_install.cmake
-- Install configuration: "Release"
-- Installing: /tmp/tmp.R4DfmRPr45/llvm/bin/llvm-ar
-- Set non-toolchain portion of runtime path of "/tmp/tmp.R4DfmRPr45/llvm/bin/llvm-ar" to "$ORIGIN:$ORIGIN/../lib:$ORIGIN/x86_64-unknown-linux-gnu:$ORIGIN/lib/x86_64-unknown-linux-gnu:$ORIGIN/../lib/x86_64-unknown-linux-gnu"
[4585/4598] cd /home/tim911004/.llvm-project/stage1_build/tools/llvm-config && /home/tim911004/miniconda3/envs/cuda-quantum/lib/python3.10/site-packages/cmake/data/bin/cmake -DCMAKE_INSTALL_COMPONENT="llvm-config" -DCMAKE_INSTALL_DO_STRIP=1 -P /home/tim911004/.llvm-project/stage1_build/cmake_install.cmake
-- Install configuration: "Release"
-- Installing: /tmp/tmp.R4DfmRPr45/llvm/bin/llvm-config
-- Set non-toolchain portion of runtime path of "/tmp/tmp.R4DfmRPr45/llvm/bin/llvm-config" to "$ORIGIN:$ORIGIN/../lib:$ORIGIN/x86_64-unknown-linux-gnu:$ORIGIN/lib/x86_64-unknown-linux-gnu:$ORIGIN/../lib/x86_64-unknown-linux-gnu"
[4586/4598] cd /home/tim911004/.llvm-project/stage1_build/tools/llvm-profdata && /home/tim911004/miniconda3/envs/cuda-quantum/lib/python3.10/site-packages/cmake/data/bin/cmake -DCMAKE_INSTALL_COMPONENT="llvm-profdata" -DCMAKE_INSTALL_DO_STRIP=1 -P /home/tim911004/.llvm-project/stage1_build/cmake_install.cmake
-- Install configuration: "Release"
-- Installing: /tmp/tmp.R4DfmRPr45/llvm/bin/llvm-profdata
-- Set non-toolchain portion of runtime path of "/tmp/tmp.R4DfmRPr45/llvm/bin/llvm-profdata" to "$ORIGIN:$ORIGIN/../lib:$ORIGIN/x86_64-unknown-linux-gnu:$ORIGIN/lib/x86_64-unknown-linux-gnu:$ORIGIN/../lib/x86_64-unknown-linux-gnu"
[4587/4598] cd /home/tim911004/.llvm-project/stage1_build/tools/clang && /home/tim911004/miniconda3/envs/cuda-quantum/lib/python3.10/site-packages/cmake/data/bin/cmake -DCMAKE_INSTALL_COMPONENT="clang-headers" -DCMAKE_INSTALL_DO_STRIP=1 -P /home/tim911004/.llvm-project/stage1_build/cmake_install.cmake
-- Install configuration: "Release"
-- Installing: /tmp/tmp.R4DfmRPr45/llvm/include/clang
-- Installing: /tmp/tmp.R4DfmRPr45/llvm/include/clang/Format
-- Installing: /tmp/tmp.R4DfmRPr45/llvm/include/clang/Format/Format.h
-- Installing: /tmp/tmp.R4DfmRPr45/llvm/include/clang/Lex
-- Installing: /tmp/tmp.R4DfmRPr45/llvm/include/clang/Lex/HeaderSearchOptions.h
-- Installing: /tmp/tmp.R4DfmRPr45/llvm/include/clang/Lex/Preprocessor.h
-- Installing: /tmp/tmp.R4DfmRPr45/llvm/include/clang/Lex/Pragma.h
-- Installing: /tmp/tmp.R4DfmRPr45/llvm/include/clang/Lex/DirectoryLookup.h
-- Installing: /tmp/tmp.R4DfmRPr45/llvm/include/clang/Lex/MacroInfo.h
-- Installing: /tmp/tmp.R4DfmRPr45/llvm/include/clang/Lex/PreprocessingRecord.h
-- Installing: /tmp/tmp.R4DfmRPr45/llvm/include/clang/Lex/Lexer.h
-- Installing: /tmp/tmp.R4DfmRPr45/llvm/include/clang/Lex/HeaderSearch.h
-- Installing: /tmp/tmp.R4DfmRPr45/llvm/include/clang/Lex/ModuleLoader.h
-- Installing: /tmp/tmp.R4DfmRPr45/llvm/include/clang/Lex/TokenLexer.h
-- Installing: /tmp/tmp.R4DfmRPr45/llvm/include/clang/Lex/TokenConcatenation.h
-- Installing: /tmp/tmp.R4DfmRPr45/llvm/include/clang/Lex/MultipleIncludeOpt.h
-- Installing: /tmp/tmp.R4DfmRPr45/llvm/include/clang/Lex/PPCallbacks.h
-- Installing: /tmp/tmp.R4DfmRPr45/llvm/include/clang/Lex/VariadicMacroSupport.h
-- Installing: /tmp/tmp.R4DfmRPr45/llvm/include/clang/Lex/PPConditionalDirectiveRecord.h
-- Installing: /tmp/tmp.R4DfmRPr45/llvm/include/clang/Lex/PreprocessorLexer.h
-- Installing: /tmp/tmp.R4DfmRPr45/llvm/include/clang/Lex/HeaderMap.h
-- Installing: /tmp/tmp.R4DfmRPr45/llvm/include/clang/Lex/CodeCompletionHandler.h
-- Installing: /tmp/tmp.R4DfmRPr45/llvm/include/clang/Lex/Token.h
-- Installing: /tmp/tmp.R4DfmRPr45/llvm/include/clang/Lex/MacroArgs.h
-- Installing: /tmp/tmp.R4DfmRPr45/llvm/include/clang/Lex/ExternalPreprocessorSource.h
-- Installing: /tmp/tmp.R4DfmRPr45/llvm/include/clang/Lex/LiteralSupport.h
-- Installing: /tmp/tmp.R4DfmRPr45/llvm/include/clang/Lex/DependencyDirectivesScanner.h
-- Installing: /tmp/tmp.R4DfmRPr45/llvm/include/clang/Lex/LexDiagnostic.h
-- Installing: /tmp/tmp.R4DfmRPr45/llvm/include/clang/Lex/HeaderMapTypes.h
-- Installing: /tmp/tmp.R4DfmRPr45/llvm/include/clang/Lex/ModuleMap.h
-- Installing: /tmp/tmp.R4DfmRPr45/llvm/include/clang/Lex/ScratchBuffer.h
-- Installing: /tmp/tmp.R4DfmRPr45/llvm/include/clang/Lex/PreprocessorOptions.h
-- Installing: /tmp/tmp.R4DfmRPr45/llvm/include/clang/CrossTU
-- Installing: /tmp/tmp.R4DfmRPr45/llvm/include/clang/CrossTU/CrossTranslationUnit.h
-- Installing: /tmp/tmp.R4DfmRPr45/llvm/include/clang/CrossTU/CrossTUDiagnostic.h
-- Installing: /tmp/tmp.R4DfmRPr45/llvm/include/clang/Serialization
-- Installing: /tmp/tmp.R4DfmRPr45/llvm/include/clang/Serialization/ASTBitCodes.h
-- Installing: /tmp/tmp.R4DfmRPr45/llvm/include/clang/Serialization/InMemoryModuleCache.h
-- Installing: /tmp/tmp.R4DfmRPr45/llvm/include/clang/Serialization/ModuleFile.h
-- Installing: /tmp/tmp.R4DfmRPr45/llvm/include/clang/Serialization/ASTRecordReader.h
-- Installing: /tmp/tmp.R4DfmRPr45/llvm/include/clang/Serialization/ModuleFileExtension.h
-- Installing: /tmp/tmp.R4DfmRPr45/llvm/include/clang/Serialization/PCHContainerOperations.h
-- Installing: /tmp/tmp.R4DfmRPr45/llvm/include/clang/Serialization/ASTDeserializationListener.h
-- Installing: /tmp/tmp.R4DfmRPr45/llvm/include/clang/Serialization/ContinuousRangeMap.h
-- Installing: /tmp/tmp.R4DfmRPr45/llvm/include/clang/Serialization/GlobalModuleIndex.h
-- Installing: /tmp/tmp.R4DfmRPr45/llvm/include/clang/Serialization/SourceLocationEncoding.h
-- Installing: /tmp/tmp.R4DfmRPr45/llvm/include/clang/Serialization/ModuleManager.h
-- Installing: /tmp/tmp.R4DfmRPr45/llvm/include/clang/Serialization/ASTReader.h
-- Installing: /tmp/tmp.R4DfmRPr45/llvm/include/clang/Serialization/ASTWriter.h
-- Installing: /tmp/tmp.R4DfmRPr45/llvm/include/clang/Serialization/SerializationDiagnostic.h
-- Installing: /tmp/tmp.R4DfmRPr45/llvm/include/clang/Serialization/ASTRecordWriter.h
-- Installing: /tmp/tmp.R4DfmRPr45/llvm/include/clang/Serialization/TypeBitCodes.def
-- Installing: /tmp/tmp.R4DfmRPr45/llvm/include/clang/IndexSerialization
-- Installing: /tmp/tmp.R4DfmRPr45/llvm/include/clang/IndexSerialization/SerializablePathCollection.h
-- Installing: /tmp/tmp.R4DfmRPr45/llvm/include/clang/Support
-- Installing: /tmp/tmp.R4DfmRPr45/llvm/include/clang/Support/RISCVVIntrinsicUtils.h
-- Installing: /tmp/tmp.R4DfmRPr45/llvm/include/clang/Tooling
-- Installing: /tmp/tmp.R4DfmRPr45/llvm/include/clang/Tooling/Tooling.h
-- Installing: /tmp/tmp.R4DfmRPr45/llvm/include/clang/Tooling/Syntax
-- Installing: /tmp/tmp.R4DfmRPr45/llvm/include/clang/Tooling/Syntax/TokenBufferTokenManager.h
-- Installing: /tmp/tmp.R4DfmRPr45/llvm/include/clang/Tooling/Syntax/Nodes.h
-- Installing: /tmp/tmp.R4DfmRPr45/llvm/include/clang/Tooling/Syntax/Tree.h
-- Installing: /tmp/tmp.R4DfmRPr45/llvm/include/clang/Tooling/Syntax/Tokens.h
-- Installing: /tmp/tmp.R4DfmRPr45/llvm/include/clang/Tooling/Syntax/TokenManager.h
-- Installing: /tmp/tmp.R4DfmRPr45/llvm/include/clang/Tooling/Syntax/BuildTree.h
-- Installing: /tmp/tmp.R4DfmRPr45/llvm/include/clang/Tooling/Syntax/Mutations.h
-- Installing: /tmp/tmp.R4DfmRPr45/llvm/include/clang/Tooling/CompilationDatabase.h
-- Installing: /tmp/tmp.R4DfmRPr45/llvm/include/clang/Tooling/DiagnosticsYaml.h
-- Installing: /tmp/tmp.R4DfmRPr45/llvm/include/clang/Tooling/ToolExecutorPluginRegistry.h
-- Installing: /tmp/tmp.R4DfmRPr45/llvm/include/clang/Tooling/ArgumentsAdjusters.h
-- Installing: /tmp/tmp.R4DfmRPr45/llvm/include/clang/Tooling/Inclusions
-- Installing: /tmp/tmp.R4DfmRPr45/llvm/include/clang/Tooling/Inclusions/HeaderAnalysis.h
-- Installing: /tmp/tmp.R4DfmRPr45/llvm/include/clang/Tooling/Inclusions/StandardLibrary.h
-- Installing: /tmp/tmp.R4DfmRPr45/llvm/include/clang/Tooling/Inclusions/IncludeStyle.h
-- Installing: /tmp/tmp.R4DfmRPr45/llvm/include/clang/Tooling/Inclusions/HeaderIncludes.h
-- Installing: /tmp/tmp.R4DfmRPr45/llvm/include/clang/Tooling/NodeIntrospection.h
-- Installing: /tmp/tmp.R4DfmRPr45/llvm/include/clang/Tooling/Refactoring.h
-- Installing: /tmp/tmp.R4DfmRPr45/llvm/include/clang/Tooling/DependencyScanning
-- Installing: /tmp/tmp.R4DfmRPr45/llvm/include/clang/Tooling/DependencyScanning/ModuleDepCollector.h
-- Installing: /tmp/tmp.R4DfmRPr45/llvm/include/clang/Tooling/DependencyScanning/DependencyScanningFilesystem.h
-- Installing: /tmp/tmp.R4DfmRPr45/llvm/include/clang/Tooling/DependencyScanning/DependencyScanningTool.h
-- Installing: /tmp/tmp.R4DfmRPr45/llvm/include/clang/Tooling/DependencyScanning/DependencyScanningService.h
-- Installing: /tmp/tmp.R4DfmRPr45/llvm/include/clang/Tooling/DependencyScanning/DependencyScanningWorker.h
-- Installing: /tmp/tmp.R4DfmRPr45/llvm/include/clang/Tooling/StandaloneExecution.h
-- Installing: /tmp/tmp.R4DfmRPr45/llvm/include/clang/Tooling/Refactoring
-- Installing: /tmp/tmp.R4DfmRPr45/llvm/include/clang/Tooling/Refactoring/RefactoringDiagnostic.h
-- Installing: /tmp/tmp.R4DfmRPr45/llvm/include/clang/Tooling/Refactoring/RecursiveSymbolVisitor.h
-- Installing: /tmp/tmp.R4DfmRPr45/llvm/include/clang/Tooling/Refactoring/RefactoringOption.h
-- Installing: /tmp/tmp.R4DfmRPr45/llvm/include/clang/Tooling/Refactoring/RefactoringRuleContext.h
-- Installing: /tmp/tmp.R4DfmRPr45/llvm/include/clang/Tooling/Refactoring/RefactoringActionRuleRequirements.h
-- Installing: /tmp/tmp.R4DfmRPr45/llvm/include/clang/Tooling/Refactoring/RefactoringActionRules.h
-- Installing: /tmp/tmp.R4DfmRPr45/llvm/include/clang/Tooling/Refactoring/RefactoringActionRulesInternal.h
-- Installing: /tmp/tmp.R4DfmRPr45/llvm/include/clang/Tooling/Refactoring/Lookup.h
-- Installing: /tmp/tmp.R4DfmRPr45/llvm/include/clang/Tooling/Refactoring/RefactoringActionRule.h
-- Installing: /tmp/tmp.R4DfmRPr45/llvm/include/clang/Tooling/Refactoring/AtomicChange.h
-- Installing: /tmp/tmp.R4DfmRPr45/llvm/include/clang/Tooling/Refactoring/RefactoringAction.h
-- Installing: /tmp/tmp.R4DfmRPr45/llvm/include/clang/Tooling/Refactoring/Extract
-- Installing: /tmp/tmp.R4DfmRPr45/llvm/include/clang/Tooling/Refactoring/Extract/Extract.h
-- Installing: /tmp/tmp.R4DfmRPr45/llvm/include/clang/Tooling/Refactoring/Extract/SourceExtraction.h
-- Installing: /tmp/tmp.R4DfmRPr45/llvm/include/clang/Tooling/Refactoring/Rename
-- Installing: /tmp/tmp.R4DfmRPr45/llvm/include/clang/Tooling/Refactoring/Rename/USRFinder.h
-- Installing: /tmp/tmp.R4DfmRPr45/llvm/include/clang/Tooling/Refactoring/Rename/SymbolName.h
-- Installing: /tmp/tmp.R4DfmRPr45/llvm/include/clang/Tooling/Refactoring/Rename/RenamingAction.h
-- Installing: /tmp/tmp.R4DfmRPr45/llvm/include/clang/Tooling/Refactoring/Rename/SymbolOccurrences.h
-- Installing: /tmp/tmp.R4DfmRPr45/llvm/include/clang/Tooling/Refactoring/Rename/USRLocFinder.h
-- Installing: /tmp/tmp.R4DfmRPr45/llvm/include/clang/Tooling/Refactoring/Rename/USRFindingAction.h
-- Installing: /tmp/tmp.R4DfmRPr45/llvm/include/clang/Tooling/Refactoring/RefactoringOptions.h
-- Installing: /tmp/tmp.R4DfmRPr45/llvm/include/clang/Tooling/Refactoring/RefactoringOptionVisitor.h
-- Installing: /tmp/tmp.R4DfmRPr45/llvm/include/clang/Tooling/Refactoring/ASTSelection.h
-- Installing: /tmp/tmp.R4DfmRPr45/llvm/include/clang/Tooling/Refactoring/RefactoringResultConsumer.h
-- Installing: /tmp/tmp.R4DfmRPr45/llvm/include/clang/Tooling/AllTUsExecution.h
-- Installing: /tmp/tmp.R4DfmRPr45/llvm/include/clang/Tooling/CommonOptionsParser.h
-- Installing: /tmp/tmp.R4DfmRPr45/llvm/include/clang/Tooling/RefactoringCallbacks.h
-- Installing: /tmp/tmp.R4DfmRPr45/llvm/include/clang/Tooling/FixIt.h
-- Installing: /tmp/tmp.R4DfmRPr45/llvm/include/clang/Tooling/CompilationDatabasePluginRegistry.h
-- Installing: /tmp/tmp.R4DfmRPr45/llvm/include/clang/Tooling/Transformer
-- Installing: /tmp/tmp.R4DfmRPr45/llvm/include/clang/Tooling/Transformer/Parsing.h
-- Installing: /tmp/tmp.R4DfmRPr45/llvm/include/clang/Tooling/Transformer/RewriteRule.h
-- Installing: /tmp/tmp.R4DfmRPr45/llvm/include/clang/Tooling/Transformer/Transformer.h
-- Installing: /tmp/tmp.R4DfmRPr45/llvm/include/clang/Tooling/Transformer/Stencil.h
-- Installing: /tmp/tmp.R4DfmRPr45/llvm/include/clang/Tooling/Transformer/SourceCode.h
-- Installing: /tmp/tmp.R4DfmRPr45/llvm/include/clang/Tooling/Transformer/MatchConsumer.h
-- Installing: /tmp/tmp.R4DfmRPr45/llvm/include/clang/Tooling/Transformer/RangeSelector.h
-- Installing: /tmp/tmp.R4DfmRPr45/llvm/include/clang/Tooling/Transformer/SourceCodeBuilders.h
-- Installing: /tmp/tmp.R4DfmRPr45/llvm/include/clang/Tooling/FileMatchTrie.h
-- Installing: /tmp/tmp.R4DfmRPr45/llvm/include/clang/Tooling/ASTDiff
-- Installing: /tmp/tmp.R4DfmRPr45/llvm/include/clang/Tooling/ASTDiff/ASTDiffInternal.h
-- Installing: /tmp/tmp.R4DfmRPr45/llvm/include/clang/Tooling/ASTDiff/ASTDiff.h
-- Installing: /tmp/tmp.R4DfmRPr45/llvm/include/clang/Tooling/Execution.h
-- Installing: /tmp/tmp.R4DfmRPr45/llvm/include/clang/Tooling/JSONCompilationDatabase.h
-- Installing: /tmp/tmp.R4DfmRPr45/llvm/include/clang/Tooling/ReplacementsYaml.h
-- Installing: /tmp/tmp.R4DfmRPr45/llvm/include/clang/Tooling/Core
-- Installing: /tmp/tmp.R4DfmRPr45/llvm/include/clang/Tooling/Core/Diagnostic.h
-- Installing: /tmp/tmp.R4DfmRPr45/llvm/include/clang/Tooling/Core/Replacement.h
-- Installing: /tmp/tmp.R4DfmRPr45/llvm/include/clang/APINotes
-- Installing: /tmp/tmp.R4DfmRPr45/llvm/include/clang/APINotes/Types.h
-- Installing: /tmp/tmp.R4DfmRPr45/llvm/include/clang/APINotes/APINotesYAMLCompiler.h
-- Installing: /tmp/tmp.R4DfmRPr45/llvm/include/clang/DirectoryWatcher
-- Installing: /tmp/tmp.R4DfmRPr45/llvm/include/clang/DirectoryWatcher/DirectoryWatcher.h
-- Installing: /tmp/tmp.R4DfmRPr45/llvm/include/clang/AST
-- Installing: /tmp/tmp.R4DfmRPr45/llvm/include/clang/AST/NSAPI.h
-- Installing: /tmp/tmp.R4DfmRPr45/llvm/include/clang/AST/BaseSubobject.h
-- Installing: /tmp/tmp.R4DfmRPr45/llvm/include/clang/AST/Redeclarable.h
-- Installing: /tmp/tmp.R4DfmRPr45/llvm/include/clang/AST/StmtIterator.h
-- Installing: /tmp/tmp.R4DfmRPr45/llvm/include/clang/AST/AbstractTypeWriter.h
-- Installing: /tmp/tmp.R4DfmRPr45/llvm/include/clang/AST/DeclContextInternals.h
-- Installing: /tmp/tmp.R4DfmRPr45/llvm/include/clang/AST/Attr.h
-- Installing: /tmp/tmp.R4DfmRPr45/llvm/include/clang/AST/RecursiveASTVisitor.h
-- Installing: /tmp/tmp.R4DfmRPr45/llvm/include/clang/AST/Stmt.h
-- Installing: /tmp/tmp.R4DfmRPr45/llvm/include/clang/AST/ASTImportError.h
-- Installing: /tmp/tmp.R4DfmRPr45/llvm/include/clang/AST/CommentParser.h
-- Installing: /tmp/tmp.R4DfmRPr45/llvm/include/clang/AST/TextNodeDumper.h
-- Installing: /tmp/tmp.R4DfmRPr45/llvm/include/clang/AST/ASTImporter.h
-- Installing: /tmp/tmp.R4DfmRPr45/llvm/include/clang/AST/Expr.h
-- Installing: /tmp/tmp.R4DfmRPr45/llvm/include/clang/AST/ComparisonCategories.h
-- Installing: /tmp/tmp.R4DfmRPr45/llvm/include/clang/AST/VTTBuilder.h
-- Installing: /tmp/tmp.R4DfmRPr45/llvm/include/clang/AST/LambdaCapture.h
-- Installing: /tmp/tmp.R4DfmRPr45/llvm/include/clang/AST/OSLog.h
-- Installing: /tmp/tmp.R4DfmRPr45/llvm/include/clang/AST/ASTDiagnostic.h
-- Installing: /tmp/tmp.R4DfmRPr45/llvm/include/clang/AST/DeclBase.h
-- Installing: /tmp/tmp.R4DfmRPr45/llvm/include/clang/AST/TemplateBase.h
-- Installing: /tmp/tmp.R4DfmRPr45/llvm/include/clang/AST/ASTNodeTraverser.h
-- Installing: /tmp/tmp.R4DfmRPr45/llvm/include/clang/AST/Type.h
-- Installing: /tmp/tmp.R4DfmRPr45/llvm/include/clang/AST/AST.h
-- Installing: /tmp/tmp.R4DfmRPr45/llvm/include/clang/AST/ExprCXX.h
-- Installing: /tmp/tmp.R4DfmRPr45/llvm/include/clang/AST/JSONNodeDumper.h
-- Installing: /tmp/tmp.R4DfmRPr45/llvm/include/clang/AST/DeclAccessPair.h
-- Installing: /tmp/tmp.R4DfmRPr45/llvm/include/clang/AST/ASTVector.h
-- Installing: /tmp/tmp.R4DfmRPr45/llvm/include/clang/AST/ASTDumper.h
-- Installing: /tmp/tmp.R4DfmRPr45/llvm/include/clang/AST/TypeOrdering.h
-- Installing: /tmp/tmp.R4DfmRPr45/llvm/include/clang/AST/DeclCXX.h
-- Installing: /tmp/tmp.R4DfmRPr45/llvm/include/clang/AST/GlobalDecl.h
-- Installing: /tmp/tmp.R4DfmRPr45/llvm/include/clang/AST/ASTImporterSharedState.h
-- Installing: /tmp/tmp.R4DfmRPr45/llvm/include/clang/AST/ComputeDependence.h
-- Installing: /tmp/tmp.R4DfmRPr45/llvm/include/clang/AST/ParentMapContext.h
-- Installing: /tmp/tmp.R4DfmRPr45/llvm/include/clang/AST/DeclTemplate.h
-- Installing: /tmp/tmp.R4DfmRPr45/llvm/include/clang/AST/ASTUnresolvedSet.h
-- Installing: /tmp/tmp.R4DfmRPr45/llvm/include/clang/AST/OptionalDiagnostic.h
-- Installing: /tmp/tmp.R4DfmRPr45/llvm/include/clang/AST/ExternalASTMerger.h
-- Installing: /tmp/tmp.R4DfmRPr45/llvm/include/clang/AST/AbstractTypeReader.h
-- Installing: /tmp/tmp.R4DfmRPr45/llvm/include/clang/AST/SelectorLocationsKind.h
-- Installing: /tmp/tmp.R4DfmRPr45/llvm/include/clang/AST/ASTContextAllocate.h
-- Installing: /tmp/tmp.R4DfmRPr45/llvm/include/clang/AST/ASTImporterLookupTable.h
-- Installing: /tmp/tmp.R4DfmRPr45/llvm/include/clang/AST/ODRHash.h
-- Installing: /tmp/tmp.R4DfmRPr45/llvm/include/clang/AST/PrettyDeclStackTrace.h
-- Installing: /tmp/tmp.R4DfmRPr45/llvm/include/clang/AST/ExternalASTSource.h
-- Installing: /tmp/tmp.R4DfmRPr45/llvm/include/clang/AST/ASTMutationListener.h
-- Installing: /tmp/tmp.R4DfmRPr45/llvm/include/clang/AST/ParentMap.h
-- Installing: /tmp/tmp.R4DfmRPr45/llvm/include/clang/AST/DependenceFlags.h
-- Installing: /tmp/tmp.R4DfmRPr45/llvm/include/clang/AST/UnresolvedSet.h
-- Installing: /tmp/tmp.R4DfmRPr45/llvm/include/clang/AST/StmtOpenMP.h
-- Installing: /tmp/tmp.R4DfmRPr45/llvm/include/clang/AST/ASTTypeTraits.h
-- Installing: /tmp/tmp.R4DfmRPr45/llvm/include/clang/AST/AbstractBasicReader.h
-- Installing: /tmp/tmp.R4DfmRPr45/llvm/include/clang/AST/LexicallyOrderedRecursiveASTVisitor.h
-- Installing: /tmp/tmp.R4DfmRPr45/llvm/include/clang/AST/LocInfoType.h
-- Installing: /tmp/tmp.R4DfmRPr45/llvm/include/clang/AST/Availability.h
-- Installing: /tmp/tmp.R4DfmRPr45/llvm/include/clang/AST/StmtVisitor.h
-- Installing: /tmp/tmp.R4DfmRPr45/llvm/include/clang/AST/PrettyPrinter.h
-- Installing: /tmp/tmp.R4DfmRPr45/llvm/include/clang/AST/CXXRecordDeclDefinitionBits.def
-- Installing: /tmp/tmp.R4DfmRPr45/llvm/include/clang/AST/MangleNumberingContext.h
-- Installing: /tmp/tmp.R4DfmRPr45/llvm/include/clang/AST/CommentLexer.h
-- Installing: /tmp/tmp.R4DfmRPr45/llvm/include/clang/AST/AttrVisitor.h
-- Installing: /tmp/tmp.R4DfmRPr45/llvm/include/clang/AST/CXXInheritance.h
-- Installing: /tmp/tmp.R4DfmRPr45/llvm/include/clang/AST/Decl.h
-- Installing: /tmp/tmp.R4DfmRPr45/llvm/include/clang/AST/RecordLayout.h
-- Installing: /tmp/tmp.R4DfmRPr45/llvm/include/clang/AST/StmtGraphTraits.h
-- Installing: /tmp/tmp.R4DfmRPr45/llvm/include/clang/AST/ASTContext.h
-- Installing: /tmp/tmp.R4DfmRPr45/llvm/include/clang/AST/EvaluatedExprVisitor.h
-- Installing: /tmp/tmp.R4DfmRPr45/llvm/include/clang/AST/APValue.h
-- Installing: /tmp/tmp.R4DfmRPr45/llvm/include/clang/AST/Comment.h
-- Installing: /tmp/tmp.R4DfmRPr45/llvm/include/clang/AST/CurrentSourceLocExprScope.h
-- Installing: /tmp/tmp.R4DfmRPr45/llvm/include/clang/AST/CommentBriefParser.h
-- Installing: /tmp/tmp.R4DfmRPr45/llvm/include/clang/AST/DeclOpenMP.h
-- Installing: /tmp/tmp.R4DfmRPr45/llvm/include/clang/AST/TemplateName.h
-- Installing: /tmp/tmp.R4DfmRPr45/llvm/include/clang/AST/DeclLookups.h
-- Installing: /tmp/tmp.R4DfmRPr45/llvm/include/clang/AST/VTableBuilder.h
-- Installing: /tmp/tmp.R4DfmRPr45/llvm/include/clang/AST/ASTFwd.h
-- Installing: /tmp/tmp.R4DfmRPr45/llvm/include/clang/AST/CharUnits.h
-- Installing: /tmp/tmp.R4DfmRPr45/llvm/include/clang/AST/ASTConsumer.h
-- Installing: /tmp/tmp.R4DfmRPr45/llvm/include/clang/AST/OperationKinds.h
-- Installing: /tmp/tmp.R4DfmRPr45/llvm/include/clang/AST/TypeVisitor.h
-- Installing: /tmp/tmp.R4DfmRPr45/llvm/include/clang/AST/TemplateArgumentVisitor.h
-- Installing: /tmp/tmp.R4DfmRPr45/llvm/include/clang/AST/TypeLoc.h
-- Installing: /tmp/tmp.R4DfmRPr45/llvm/include/clang/AST/OperationKinds.def
-- Installing: /tmp/tmp.R4DfmRPr45/llvm/include/clang/AST/ASTStructuralEquivalence.h
-- Installing: /tmp/tmp.R4DfmRPr45/llvm/include/clang/AST/CommentVisitor.h
-- Installing: /tmp/tmp.R4DfmRPr45/llvm/include/clang/AST/ExprOpenMP.h
-- Installing: /tmp/tmp.R4DfmRPr45/llvm/include/clang/AST/IgnoreExpr.h
-- Installing: /tmp/tmp.R4DfmRPr45/llvm/include/clang/AST/ExprConcepts.h
-- Installing: /tmp/tmp.R4DfmRPr45/llvm/include/clang/AST/Mangle.h
-- Installing: /tmp/tmp.R4DfmRPr45/llvm/include/clang/AST/DeclFriend.h
-- Installing: /tmp/tmp.R4DfmRPr45/llvm/include/clang/AST/DeclObjC.h
-- Installing: /tmp/tmp.R4DfmRPr45/llvm/include/clang/AST/DataCollection.h
-- Installing: /tmp/tmp.R4DfmRPr45/llvm/include/clang/AST/ODRDiagsEmitter.h
-- Installing: /tmp/tmp.R4DfmRPr45/llvm/include/clang/AST/ASTLambda.h
-- Installing: /tmp/tmp.R4DfmRPr45/llvm/include/clang/AST/OpenMPClause.h
-- Installing: /tmp/tmp.R4DfmRPr45/llvm/include/clang/AST/ASTConcept.h
-- Installing: /tmp/tmp.R4DfmRPr45/llvm/include/clang/AST/NonTrivialTypeVisitor.h
-- Installing: /tmp/tmp.R4DfmRPr45/llvm/include/clang/AST/StmtObjC.h
-- Installing: /tmp/tmp.R4DfmRPr45/llvm/include/clang/AST/FormatString.h
-- Installing: /tmp/tmp.R4DfmRPr45/llvm/include/clang/AST/TypeLocVisitor.h
-- Installing: /tmp/tmp.R4DfmRPr45/llvm/include/clang/AST/ExprObjC.h
-- Installing: /tmp/tmp.R4DfmRPr45/llvm/include/clang/AST/QualTypeNames.h
-- Installing: /tmp/tmp.R4DfmRPr45/llvm/include/clang/AST/DeclVisitor.h
-- Installing: /tmp/tmp.R4DfmRPr45/llvm/include/clang/AST/ASTDumperUtils.h
-- Installing: /tmp/tmp.R4DfmRPr45/llvm/include/clang/AST/DeclarationName.h
-- Installing: /tmp/tmp.R4DfmRPr45/llvm/include/clang/AST/StmtCXX.h
-- Installing: /tmp/tmp.R4DfmRPr45/llvm/include/clang/AST/DeclObjCCommon.h
-- Installing: /tmp/tmp.R4DfmRPr45/llvm/include/clang/AST/DependentDiagnostic.h
-- Installing: /tmp/tmp.R4DfmRPr45/llvm/include/clang/AST/DeclGroup.h
-- Installing: /tmp/tmp.R4DfmRPr45/llvm/include/clang/AST/AttrIterator.h
-- Installing: /tmp/tmp.R4DfmRPr45/llvm/include/clang/AST/Randstruct.h
-- Installing: /tmp/tmp.R4DfmRPr45/llvm/include/clang/AST/CanonicalType.h
-- Installing: /tmp/tmp.R4DfmRPr45/llvm/include/clang/AST/BuiltinTypes.def
-- Installing: /tmp/tmp.R4DfmRPr45/llvm/include/clang/AST/NestedNameSpecifier.h
-- Installing: /tmp/tmp.R4DfmRPr45/llvm/include/clang/AST/RawCommentList.h
-- Installing: /tmp/tmp.R4DfmRPr45/llvm/include/clang/AST/CommentCommandTraits.h
-- Installing: /tmp/tmp.R4DfmRPr45/llvm/include/clang/AST/CommentSema.h
-- Installing: /tmp/tmp.R4DfmRPr45/llvm/include/clang/AST/TypeLocNodes.def
-- Installing: /tmp/tmp.R4DfmRPr45/llvm/include/clang/AST/CommentDiagnostic.h
-- Installing: /tmp/tmp.R4DfmRPr45/llvm/include/clang/AST/AbstractBasicWriter.h
-- Installing: /tmp/tmp.R4DfmRPr45/llvm/include/clang/Analysis
-- Installing: /tmp/tmp.R4DfmRPr45/llvm/include/clang/Analysis/CodeInjector.h
-- Installing: /tmp/tmp.R4DfmRPr45/llvm/include/clang/Analysis/ProgramPoint.h
-- Installing: /tmp/tmp.R4DfmRPr45/llvm/include/clang/Analysis/RetainSummaryManager.h
-- Installing: /tmp/tmp.R4DfmRPr45/llvm/include/clang/Analysis/CloneDetection.h
-- Installing: /tmp/tmp.R4DfmRPr45/llvm/include/clang/Analysis/MacroExpansionContext.h
-- Installing: /tmp/tmp.R4DfmRPr45/llvm/include/clang/Analysis/Analyses
-- Installing: /tmp/tmp.R4DfmRPr45/llvm/include/clang/Analysis/Analyses/PostOrderCFGView.h
-- Installing: /tmp/tmp.R4DfmRPr45/llvm/include/clang/Analysis/Analyses/ThreadSafetyCommon.h
-- Installing: /tmp/tmp.R4DfmRPr45/llvm/include/clang/Analysis/Analyses/ThreadSafetyOps.def
-- Installing: /tmp/tmp.R4DfmRPr45/llvm/include/clang/Analysis/Analyses/Consumed.h
-- Installing: /tmp/tmp.R4DfmRPr45/llvm/include/clang/Analysis/Analyses/UninitializedValues.h
-- Installing: /tmp/tmp.R4DfmRPr45/llvm/include/clang/Analysis/Analyses/ReachableCode.h
-- Installing: /tmp/tmp.R4DfmRPr45/llvm/include/clang/Analysis/Analyses/ExprMutationAnalyzer.h
-- Installing: /tmp/tmp.R4DfmRPr45/llvm/include/clang/Analysis/Analyses/UnsafeBufferUsageGadgets.def
-- Installing: /tmp/tmp.R4DfmRPr45/llvm/include/clang/Analysis/Analyses/CFGReachabilityAnalysis.h
-- Installing: /tmp/tmp.R4DfmRPr45/llvm/include/clang/Analysis/Analyses/Dominators.h
-- Installing: /tmp/tmp.R4DfmRPr45/llvm/include/clang/Analysis/Analyses/ThreadSafety.h
-- Installing: /tmp/tmp.R4DfmRPr45/llvm/include/clang/Analysis/Analyses/ThreadSafetyUtil.h
-- Installing: /tmp/tmp.R4DfmRPr45/llvm/include/clang/Analysis/Analyses/LiveVariables.h
-- Installing: /tmp/tmp.R4DfmRPr45/llvm/include/clang/Analysis/Analyses/CalledOnceCheck.h
-- Installing: /tmp/tmp.R4DfmRPr45/llvm/include/clang/Analysis/Analyses/ThreadSafetyTIL.h
-- Installing: /tmp/tmp.R4DfmRPr45/llvm/include/clang/Analysis/Analyses/ThreadSafetyTraverse.h
-- Installing: /tmp/tmp.R4DfmRPr45/llvm/include/clang/Analysis/Analyses/UnsafeBufferUsage.h
-- Installing: /tmp/tmp.R4DfmRPr45/llvm/include/clang/Analysis/Analyses/ThreadSafetyLogical.h
-- Installing: /tmp/tmp.R4DfmRPr45/llvm/include/clang/Analysis/ConstructionContext.h
-- Installing: /tmp/tmp.R4DfmRPr45/llvm/include/clang/Analysis/FlowSensitive
-- Installing: /tmp/tmp.R4DfmRPr45/llvm/include/clang/Analysis/FlowSensitive/DataflowEnvironment.h
-- Installing: /tmp/tmp.R4DfmRPr45/llvm/include/clang/Analysis/FlowSensitive/DataflowLattice.h
-- Installing: /tmp/tmp.R4DfmRPr45/llvm/include/clang/Analysis/FlowSensitive/DataflowWorklist.h
-- Installing: /tmp/tmp.R4DfmRPr45/llvm/include/clang/Analysis/FlowSensitive/Models
-- Installing: /tmp/tmp.R4DfmRPr45/llvm/include/clang/Analysis/FlowSensitive/Models/UncheckedOptionalAccessModel.h
-- Installing: /tmp/tmp.R4DfmRPr45/llvm/include/clang/Analysis/FlowSensitive/Models/ChromiumCheckModel.h
-- Installing: /tmp/tmp.R4DfmRPr45/llvm/include/clang/Analysis/FlowSensitive/Transfer.h
-- Installing: /tmp/tmp.R4DfmRPr45/llvm/include/clang/Analysis/FlowSensitive/StorageLocation.h
-- Installing: /tmp/tmp.R4DfmRPr45/llvm/include/clang/Analysis/FlowSensitive/DataflowAnalysis.h
-- Installing: /tmp/tmp.R4DfmRPr45/llvm/include/clang/Analysis/FlowSensitive/DebugSupport.h
-- Installing: /tmp/tmp.R4DfmRPr45/llvm/include/clang/Analysis/FlowSensitive/MapLattice.h
-- Installing: /tmp/tmp.R4DfmRPr45/llvm/include/clang/Analysis/FlowSensitive/NoopAnalysis.h
-- Installing: /tmp/tmp.R4DfmRPr45/llvm/include/clang/Analysis/FlowSensitive/CFGMatchSwitch.h
-- Installing: /tmp/tmp.R4DfmRPr45/llvm/include/clang/Analysis/FlowSensitive/Solver.h
-- Installing: /tmp/tmp.R4DfmRPr45/llvm/include/clang/Analysis/FlowSensitive/TypeErasedDataflowAnalysis.h
-- Installing: /tmp/tmp.R4DfmRPr45/llvm/include/clang/Analysis/FlowSensitive/MatchSwitch.h
-- Installing: /tmp/tmp.R4DfmRPr45/llvm/include/clang/Analysis/FlowSensitive/WatchedLiteralsSolver.h
-- Installing: /tmp/tmp.R4DfmRPr45/llvm/include/clang/Analysis/FlowSensitive/DataflowValues.h
-- Installing: /tmp/tmp.R4DfmRPr45/llvm/include/clang/Analysis/FlowSensitive/Value.h
-- Installing: /tmp/tmp.R4DfmRPr45/llvm/include/clang/Analysis/FlowSensitive/ControlFlowContext.h
-- Installing: /tmp/tmp.R4DfmRPr45/llvm/include/clang/Analysis/FlowSensitive/DataflowAnalysisContext.h
-- Installing: /tmp/tmp.R4DfmRPr45/llvm/include/clang/Analysis/FlowSensitive/NoopLattice.h
-- Installing: /tmp/tmp.R4DfmRPr45/llvm/include/clang/Analysis/CFGStmtMap.h
-- Installing: /tmp/tmp.R4DfmRPr45/llvm/include/clang/Analysis/BodyFarm.h
-- Installing: /tmp/tmp.R4DfmRPr45/llvm/include/clang/Analysis/PathDiagnostic.h
-- Installing: /tmp/tmp.R4DfmRPr45/llvm/include/clang/Analysis/IssueHash.h
-- Installing: /tmp/tmp.R4DfmRPr45/llvm/include/clang/Analysis/CallGraph.h
-- Installing: /tmp/tmp.R4DfmRPr45/llvm/include/clang/Analysis/AnalysisDeclContext.h
-- Installing: /tmp/tmp.R4DfmRPr45/llvm/include/clang/Analysis/DomainSpecific
-- Installing: /tmp/tmp.R4DfmRPr45/llvm/include/clang/Analysis/DomainSpecific/ObjCNoReturn.h
-- Installing: /tmp/tmp.R4DfmRPr45/llvm/include/clang/Analysis/DomainSpecific/CocoaConventions.h
-- Installing: /tmp/tmp.R4DfmRPr45/llvm/include/clang/Analysis/Support
-- Installing: /tmp/tmp.R4DfmRPr45/llvm/include/clang/Analysis/Support/BumpVector.h
-- Installing: /tmp/tmp.R4DfmRPr45/llvm/include/clang/Analysis/AnyCall.h
-- Installing: /tmp/tmp.R4DfmRPr45/llvm/include/clang/Analysis/SelectorExtras.h
-- Installing: /tmp/tmp.R4DfmRPr45/llvm/include/clang/Analysis/CFG.h
-- Installing: /tmp/tmp.R4DfmRPr45/llvm/include/clang/FrontendTool
-- Installing: /tmp/tmp.R4DfmRPr45/llvm/include/clang/FrontendTool/Utils.h
-- Installing: /tmp/tmp.R4DfmRPr45/llvm/include/clang/Index
-- Installing: /tmp/tmp.R4DfmRPr45/llvm/include/clang/Index/CommentToXML.h
-- Installing: /tmp/tmp.R4DfmRPr45/llvm/include/clang/Index/IndexingOptions.h
-- Installing: /tmp/tmp.R4DfmRPr45/llvm/include/clang/Index/DeclOccurrence.h
-- Installing: /tmp/tmp.R4DfmRPr45/llvm/include/clang/Index/IndexingAction.h
-- Installing: /tmp/tmp.R4DfmRPr45/llvm/include/clang/Index/IndexDataConsumer.h
-- Installing: /tmp/tmp.R4DfmRPr45/llvm/include/clang/Index/USRGeneration.h
-- Installing: /tmp/tmp.R4DfmRPr45/llvm/include/clang/Index/IndexSymbol.h
-- Installing: /tmp/tmp.R4DfmRPr45/llvm/include/clang/StaticAnalyzer
-- Installing: /tmp/tmp.R4DfmRPr45/llvm/include/clang/StaticAnalyzer/Core
-- Installing: /tmp/tmp.R4DfmRPr45/llvm/include/clang/StaticAnalyzer/Core/PathDiagnosticConsumers.h
-- Installing: /tmp/tmp.R4DfmRPr45/llvm/include/clang/StaticAnalyzer/Core/Checker.h
-- Installing: /tmp/tmp.R4DfmRPr45/llvm/include/clang/StaticAnalyzer/Core/AnalyzerOptions.h
-- Installing: /tmp/tmp.R4DfmRPr45/llvm/include/clang/StaticAnalyzer/Core/CheckerManager.h
-- Installing: /tmp/tmp.R4DfmRPr45/llvm/include/clang/StaticAnalyzer/Core/BugReporter
-- Installing: /tmp/tmp.R4DfmRPr45/llvm/include/clang/StaticAnalyzer/Core/BugReporter/BugReporter.h
-- Installing: /tmp/tmp.R4DfmRPr45/llvm/include/clang/StaticAnalyzer/Core/BugReporter/BugReporterVisitors.h
-- Installing: /tmp/tmp.R4DfmRPr45/llvm/include/clang/StaticAnalyzer/Core/BugReporter/BugType.h
-- Installing: /tmp/tmp.R4DfmRPr45/llvm/include/clang/StaticAnalyzer/Core/BugReporter/CommonBugCategories.h
-- Installing: /tmp/tmp.R4DfmRPr45/llvm/include/clang/StaticAnalyzer/Core/CheckerRegistryData.h
-- Installing: /tmp/tmp.R4DfmRPr45/llvm/include/clang/StaticAnalyzer/Core/Analyses.def
-- Installing: /tmp/tmp.R4DfmRPr45/llvm/include/clang/StaticAnalyzer/Core/PathSensitive
-- Installing: /tmp/tmp.R4DfmRPr45/llvm/include/clang/StaticAnalyzer/Core/PathSensitive/SymbolManager.h
-- Installing: /tmp/tmp.R4DfmRPr45/llvm/include/clang/StaticAnalyzer/Core/PathSensitive/ExplodedGraph.h
-- Installing: /tmp/tmp.R4DfmRPr45/llvm/include/clang/StaticAnalyzer/Core/PathSensitive/SMTConstraintManager.h
-- Installing: /tmp/tmp.R4DfmRPr45/llvm/include/clang/StaticAnalyzer/Core/PathSensitive/APSIntType.h
-- Installing: /tmp/tmp.R4DfmRPr45/llvm/include/clang/StaticAnalyzer/Core/PathSensitive/BasicValueFactory.h
-- Installing: /tmp/tmp.R4DfmRPr45/llvm/include/clang/StaticAnalyzer/Core/PathSensitive/FunctionSummary.h
-- Installing: /tmp/tmp.R4DfmRPr45/llvm/include/clang/StaticAnalyzer/Core/PathSensitive/ConstraintManager.h
-- Installing: /tmp/tmp.R4DfmRPr45/llvm/include/clang/StaticAnalyzer/Core/PathSensitive/BlockCounter.h
-- Installing: /tmp/tmp.R4DfmRPr45/llvm/include/clang/StaticAnalyzer/Core/PathSensitive/Regions.def
-- Installing: /tmp/tmp.R4DfmRPr45/llvm/include/clang/StaticAnalyzer/Core/PathSensitive/MemRegion.h
-- Installing: /tmp/tmp.R4DfmRPr45/llvm/include/clang/StaticAnalyzer/Core/PathSensitive/Environment.h
-- Installing: /tmp/tmp.R4DfmRPr45/llvm/include/clang/StaticAnalyzer/Core/PathSensitive/LoopWidening.h
-- Installing: /tmp/tmp.R4DfmRPr45/llvm/include/clang/StaticAnalyzer/Core/PathSensitive/DynamicCastInfo.h
-- Installing: /tmp/tmp.R4DfmRPr45/llvm/include/clang/StaticAnalyzer/Core/PathSensitive/SummaryManager.h
-- Installing: /tmp/tmp.R4DfmRPr45/llvm/include/clang/StaticAnalyzer/Core/PathSensitive/ProgramStateTrait.h
-- Installing: /tmp/tmp.R4DfmRPr45/llvm/include/clang/StaticAnalyzer/Core/PathSensitive/ProgramState_Fwd.h
-- Installing: /tmp/tmp.R4DfmRPr45/llvm/include/clang/StaticAnalyzer/Core/PathSensitive/CallEvent.h
-- Installing: /tmp/tmp.R4DfmRPr45/llvm/include/clang/StaticAnalyzer/Core/PathSensitive/StoreRef.h
-- Installing: /tmp/tmp.R4DfmRPr45/llvm/include/clang/StaticAnalyzer/Core/PathSensitive/SVals.def
-- Installing: /tmp/tmp.R4DfmRPr45/llvm/include/clang/StaticAnalyzer/Core/PathSensitive/SValVisitor.h
-- Installing: /tmp/tmp.R4DfmRPr45/llvm/include/clang/StaticAnalyzer/Core/PathSensitive/DynamicTypeInfo.h
-- Installing: /tmp/tmp.R4DfmRPr45/llvm/include/clang/StaticAnalyzer/Core/PathSensitive/Store.h
-- Installing: /tmp/tmp.R4DfmRPr45/llvm/include/clang/StaticAnalyzer/Core/PathSensitive/SValBuilder.h
-- Installing: /tmp/tmp.R4DfmRPr45/llvm/include/clang/StaticAnalyzer/Core/PathSensitive/SMTConv.h
-- Installing: /tmp/tmp.R4DfmRPr45/llvm/include/clang/StaticAnalyzer/Core/PathSensitive/RangedConstraintManager.h
-- Installing: /tmp/tmp.R4DfmRPr45/llvm/include/clang/StaticAnalyzer/Core/PathSensitive/SimpleConstraintManager.h
-- Installing: /tmp/tmp.R4DfmRPr45/llvm/include/clang/StaticAnalyzer/Core/PathSensitive/DynamicExtent.h
-- Installing: /tmp/tmp.R4DfmRPr45/llvm/include/clang/StaticAnalyzer/Core/PathSensitive/ExprEngine.h
-- Installing: /tmp/tmp.R4DfmRPr45/llvm/include/clang/StaticAnalyzer/Core/PathSensitive/CallDescription.h
-- Installing: /tmp/tmp.R4DfmRPr45/llvm/include/clang/StaticAnalyzer/Core/PathSensitive/SymExpr.h
-- Installing: /tmp/tmp.R4DfmRPr45/llvm/include/clang/StaticAnalyzer/Core/PathSensitive/WorkList.h
-- Installing: /tmp/tmp.R4DfmRPr45/llvm/include/clang/StaticAnalyzer/Core/PathSensitive/AnalysisManager.h
-- Installing: /tmp/tmp.R4DfmRPr45/llvm/include/clang/StaticAnalyzer/Core/PathSensitive/DynamicType.h
-- Installing: /tmp/tmp.R4DfmRPr45/llvm/include/clang/StaticAnalyzer/Core/PathSensitive/CheckerHelpers.h
-- Installing: /tmp/tmp.R4DfmRPr45/llvm/include/clang/StaticAnalyzer/Core/PathSensitive/CheckerContext.h
-- Installing: /tmp/tmp.R4DfmRPr45/llvm/include/clang/StaticAnalyzer/Core/PathSensitive/LoopUnrolling.h
-- Installing: /tmp/tmp.R4DfmRPr45/llvm/include/clang/StaticAnalyzer/Core/PathSensitive/ProgramState.h
-- Installing: /tmp/tmp.R4DfmRPr45/llvm/include/clang/StaticAnalyzer/Core/PathSensitive/SVals.h
-- Installing: /tmp/tmp.R4DfmRPr45/llvm/include/clang/StaticAnalyzer/Core/PathSensitive/CoreEngine.h
-- Installing: /tmp/tmp.R4DfmRPr45/llvm/include/clang/StaticAnalyzer/Core/PathSensitive/Symbols.def
-- Installing: /tmp/tmp.R4DfmRPr45/llvm/include/clang/StaticAnalyzer/Core/AnalyzerOptions.def
-- Installing: /tmp/tmp.R4DfmRPr45/llvm/include/clang/StaticAnalyzer/Frontend
-- Installing: /tmp/tmp.R4DfmRPr45/llvm/include/clang/StaticAnalyzer/Frontend/AnalyzerHelpFlags.h
-- Installing: /tmp/tmp.R4DfmRPr45/llvm/include/clang/StaticAnalyzer/Frontend/ModelConsumer.h
-- Installing: /tmp/tmp.R4DfmRPr45/llvm/include/clang/StaticAnalyzer/Frontend/FrontendActions.h
-- Installing: /tmp/tmp.R4DfmRPr45/llvm/include/clang/StaticAnalyzer/Frontend/AnalysisConsumer.h
-- Installing: /tmp/tmp.R4DfmRPr45/llvm/include/clang/StaticAnalyzer/Frontend/CheckerRegistry.h
-- Installing: /tmp/tmp.R4DfmRPr45/llvm/include/clang/StaticAnalyzer/Checkers
-- Installing: /tmp/tmp.R4DfmRPr45/llvm/include/clang/StaticAnalyzer/Checkers/MPIFunctionClassifier.h
-- Installing: /tmp/tmp.R4DfmRPr45/llvm/include/clang/StaticAnalyzer/Checkers/SValExplainer.h
-- Installing: /tmp/tmp.R4DfmRPr45/llvm/include/clang/StaticAnalyzer/Checkers/BuiltinCheckerRegistration.h
-- Installing: /tmp/tmp.R4DfmRPr45/llvm/include/clang/StaticAnalyzer/Checkers/Taint.h
-- Installing: /tmp/tmp.R4DfmRPr45/llvm/include/clang/Config
-- Installing: /tmp/tmp.R4DfmRPr45/llvm/include/clang/Driver
-- Installing: /tmp/tmp.R4DfmRPr45/llvm/include/clang/Driver/OffloadBundler.h
-- Installing: /tmp/tmp.R4DfmRPr45/llvm/include/clang/Driver/Types.def
-- Installing: /tmp/tmp.R4DfmRPr45/llvm/include/clang/Driver/Job.h
-- Installing: /tmp/tmp.R4DfmRPr45/llvm/include/clang/Driver/SanitizerArgs.h
-- Installing: /tmp/tmp.R4DfmRPr45/llvm/include/clang/Driver/Compilation.h
-- Installing: /tmp/tmp.R4DfmRPr45/llvm/include/clang/Driver/ToolChain.h
-- Installing: /tmp/tmp.R4DfmRPr45/llvm/include/clang/Driver/DriverDiagnostic.h
-- Installing: /tmp/tmp.R4DfmRPr45/llvm/include/clang/Driver/Util.h
-- Installing: /tmp/tmp.R4DfmRPr45/llvm/include/clang/Driver/XRayArgs.h
-- Installing: /tmp/tmp.R4DfmRPr45/llvm/include/clang/Driver/Driver.h
-- Installing: /tmp/tmp.R4DfmRPr45/llvm/include/clang/Driver/InputInfo.h
-- Installing: /tmp/tmp.R4DfmRPr45/llvm/include/clang/Driver/Types.h
-- Installing: /tmp/tmp.R4DfmRPr45/llvm/include/clang/Driver/Tool.h
-- Installing: /tmp/tmp.R4DfmRPr45/llvm/include/clang/Driver/Multilib.h
-- Installing: /tmp/tmp.R4DfmRPr45/llvm/include/clang/Driver/Distro.h
-- Installing: /tmp/tmp.R4DfmRPr45/llvm/include/clang/Driver/OptionUtils.h
-- Installing: /tmp/tmp.R4DfmRPr45/llvm/include/clang/Driver/Action.h
-- Installing: /tmp/tmp.R4DfmRPr45/llvm/include/clang/Driver/Phases.h
-- Installing: /tmp/tmp.R4DfmRPr45/llvm/include/clang/Driver/Options.h
-- Installing: /tmp/tmp.R4DfmRPr45/llvm/include/clang/Rewrite
-- Installing: /tmp/tmp.R4DfmRPr45/llvm/include/clang/Rewrite/Core
-- Installing: /tmp/tmp.R4DfmRPr45/llvm/include/clang/Rewrite/Core/Rewriter.h
-- Installing: /tmp/tmp.R4DfmRPr45/llvm/include/clang/Rewrite/Core/RewriteRope.h
-- Installing: /tmp/tmp.R4DfmRPr45/llvm/include/clang/Rewrite/Core/TokenRewriter.h
-- Installing: /tmp/tmp.R4DfmRPr45/llvm/include/clang/Rewrite/Core/RewriteBuffer.h
-- Installing: /tmp/tmp.R4DfmRPr45/llvm/include/clang/Rewrite/Core/DeltaTree.h
-- Installing: /tmp/tmp.R4DfmRPr45/llvm/include/clang/Rewrite/Core/HTMLRewrite.h
-- Installing: /tmp/tmp.R4DfmRPr45/llvm/include/clang/Rewrite/Frontend
-- Installing: /tmp/tmp.R4DfmRPr45/llvm/include/clang/Rewrite/Frontend/FrontendActions.h
-- Installing: /tmp/tmp.R4DfmRPr45/llvm/include/clang/Rewrite/Frontend/FixItRewriter.h
-- Installing: /tmp/tmp.R4DfmRPr45/llvm/include/clang/Rewrite/Frontend/Rewriters.h
-- Installing: /tmp/tmp.R4DfmRPr45/llvm/include/clang/Rewrite/Frontend/ASTConsumers.h
-- Installing: /tmp/tmp.R4DfmRPr45/llvm/include/clang/Testing
-- Installing: /tmp/tmp.R4DfmRPr45/llvm/include/clang/Testing/CommandLineArgs.h
-- Installing: /tmp/tmp.R4DfmRPr45/llvm/include/clang/Testing/TestAST.h
-- Installing: /tmp/tmp.R4DfmRPr45/llvm/include/clang/Testing/TestClangConfig.h
-- Installing: /tmp/tmp.R4DfmRPr45/llvm/include/clang/Parse
-- Installing: /tmp/tmp.R4DfmRPr45/llvm/include/clang/Parse/ParseDiagnostic.h
-- Installing: /tmp/tmp.R4DfmRPr45/llvm/include/clang/Parse/RAIIObjectsForParser.h
-- Installing: /tmp/tmp.R4DfmRPr45/llvm/include/clang/Parse/ParseAST.h
-- Installing: /tmp/tmp.R4DfmRPr45/llvm/include/clang/Parse/Parser.h
-- Installing: /tmp/tmp.R4DfmRPr45/llvm/include/clang/Parse/LoopHint.h
-- Installing: /tmp/tmp.R4DfmRPr45/llvm/include/clang/Basic
-- Installing: /tmp/tmp.R4DfmRPr45/llvm/include/clang/Basic/OperatorKinds.def
-- Installing: /tmp/tmp.R4DfmRPr45/llvm/include/clang/Basic/Stack.h
-- Installing: /tmp/tmp.R4DfmRPr45/llvm/include/clang/Basic/ExceptionSpecificationType.h
-- Installing: /tmp/tmp.R4DfmRPr45/llvm/include/clang/Basic/DiagnosticDriver.h
-- Installing: /tmp/tmp.R4DfmRPr45/llvm/include/clang/Basic/AlignedAllocation.h
-- Installing: /tmp/tmp.R4DfmRPr45/llvm/include/clang/Basic/TypeTraits.h
-- Installing: /tmp/tmp.R4DfmRPr45/llvm/include/clang/Basic/Diagnostic.h
-- Installing: /tmp/tmp.R4DfmRPr45/llvm/include/clang/Basic/TargetCXXABI.def
-- Installing: /tmp/tmp.R4DfmRPr45/llvm/include/clang/Basic/OperatorPrecedence.h
-- Installing: /tmp/tmp.R4DfmRPr45/llvm/include/clang/Basic/Cuda.h
-- Installing: /tmp/tmp.R4DfmRPr45/llvm/include/clang/Basic/OpenMPKinds.def
-- Installing: /tmp/tmp.R4DfmRPr45/llvm/include/clang/Basic/BuiltinsNEON.def
-- Installing: /tmp/tmp.R4DfmRPr45/llvm/include/clang/Basic/DiagnosticLex.h
-- Installing: /tmp/tmp.R4DfmRPr45/llvm/include/clang/Basic/BuiltinsAArch64NeonSVEBridge.def
-- Installing: /tmp/tmp.R4DfmRPr45/llvm/include/clang/Basic/DiagnosticCategories.h
-- Installing: /tmp/tmp.R4DfmRPr45/llvm/include/clang/Basic/ABI.h
-- Installing: /tmp/tmp.R4DfmRPr45/llvm/include/clang/Basic/FileSystemStatCache.h
-- Installing: /tmp/tmp.R4DfmRPr45/llvm/include/clang/Basic/HLSLRuntime.h
-- Installing: /tmp/tmp.R4DfmRPr45/llvm/include/clang/Basic/DiagnosticOptions.h
-- Installing: /tmp/tmp.R4DfmRPr45/llvm/include/clang/Basic/CodeGenOptions.h
-- Installing: /tmp/tmp.R4DfmRPr45/llvm/include/clang/Basic/Version.h
-- Installing: /tmp/tmp.R4DfmRPr45/llvm/include/clang/Basic/OpenCLExtensionTypes.def
-- Installing: /tmp/tmp.R4DfmRPr45/llvm/include/clang/Basic/TemplateKinds.h
-- Installing: /tmp/tmp.R4DfmRPr45/llvm/include/clang/Basic/Sanitizers.def
-- Installing: /tmp/tmp.R4DfmRPr45/llvm/include/clang/Basic/CodeGenOptions.def
-- Installing: /tmp/tmp.R4DfmRPr45/llvm/include/clang/Basic/DirectoryEntry.h
-- Installing: /tmp/tmp.R4DfmRPr45/llvm/include/clang/Basic/Thunk.h
-- Installing: /tmp/tmp.R4DfmRPr45/llvm/include/clang/Basic/BuiltinsHexagon.def
-- Installing: /tmp/tmp.R4DfmRPr45/llvm/include/clang/Basic/BuiltinsWebAssembly.def
-- Installing: /tmp/tmp.R4DfmRPr45/llvm/include/clang/Basic/FileEntry.h
-- Installing: /tmp/tmp.R4DfmRPr45/llvm/include/clang/Basic/BuiltinsAArch64NeonSVEBridge_cg.def
-- Installing: /tmp/tmp.R4DfmRPr45/llvm/include/clang/Basic/BuiltinsPPC.def
-- Installing: /tmp/tmp.R4DfmRPr45/llvm/include/clang/Basic/CustomizableOptional.h
-- Installing: /tmp/tmp.R4DfmRPr45/llvm/include/clang/Basic/PragmaKinds.h
-- Installing: /tmp/tmp.R4DfmRPr45/llvm/include/clang/Basic/ObjCRuntime.h
-- Installing: /tmp/tmp.R4DfmRPr45/llvm/include/clang/Basic/SourceManagerInternals.h
-- Installing: /tmp/tmp.R4DfmRPr45/llvm/include/clang/Basic/FileSystemOptions.h
-- Installing: /tmp/tmp.R4DfmRPr45/llvm/include/clang/Basic/Lambda.h
-- Installing: /tmp/tmp.R4DfmRPr45/llvm/include/clang/Basic/Visibility.h
-- Installing: /tmp/tmp.R4DfmRPr45/llvm/include/clang/Basic/PPCTypes.def
-- Installing: /tmp/tmp.R4DfmRPr45/llvm/include/clang/Basic/AttributeCommonInfo.h
-- Installing: /tmp/tmp.R4DfmRPr45/llvm/include/clang/Basic/BuiltinHeaders.def
-- Installing: /tmp/tmp.R4DfmRPr45/llvm/include/clang/Basic/PlistSupport.h
-- Installing: /tmp/tmp.R4DfmRPr45/llvm/include/clang/Basic/ExpressionTraits.h
-- Installing: /tmp/tmp.R4DfmRPr45/llvm/include/clang/Basic/FPOptions.def
-- Installing: /tmp/tmp.R4DfmRPr45/llvm/include/clang/Basic/BuiltinsAMDGPU.def
-- Installing: /tmp/tmp.R4DfmRPr45/llvm/include/clang/Basic/BuiltinsNVPTX.def
-- Installing: /tmp/tmp.R4DfmRPr45/llvm/include/clang/Basic/TargetInfo.h
-- Installing: /tmp/tmp.R4DfmRPr45/llvm/include/clang/Basic/CharInfo.h
-- Installing: /tmp/tmp.R4DfmRPr45/llvm/include/clang/Basic/DiagnosticError.h
-- Installing: /tmp/tmp.R4DfmRPr45/llvm/include/clang/Basic/XRayLists.h
-- Installing: /tmp/tmp.R4DfmRPr45/llvm/include/clang/Basic/SourceManager.h
-- Installing: /tmp/tmp.R4DfmRPr45/llvm/include/clang/Basic/LangOptions.h
-- Installing: /tmp/tmp.R4DfmRPr45/llvm/include/clang/Basic/SyncScope.h
-- Installing: /tmp/tmp.R4DfmRPr45/llvm/include/clang/Basic/BitmaskEnum.h
-- Installing: /tmp/tmp.R4DfmRPr45/llvm/include/clang/Basic/DiagnosticComment.h
-- Installing: /tmp/tmp.R4DfmRPr45/llvm/include/clang/Basic/PartialDiagnostic.h
-- Installing: /tmp/tmp.R4DfmRPr45/llvm/include/clang/Basic/OpenCLImageTypes.def
-- Installing: /tmp/tmp.R4DfmRPr45/llvm/include/clang/Basic/PrettyStackTrace.h
-- Installing: /tmp/tmp.R4DfmRPr45/llvm/include/clang/Basic/DiagnosticOptions.def
-- Installing: /tmp/tmp.R4DfmRPr45/llvm/include/clang/Basic/TokenKinds.h
-- Installing: /tmp/tmp.R4DfmRPr45/llvm/include/clang/Basic/AttrKinds.h
-- Installing: /tmp/tmp.R4DfmRPr45/llvm/include/clang/Basic/LLVM.h
-- Installing: /tmp/tmp.R4DfmRPr45/llvm/include/clang/Basic/DiagnosticCrossTU.h
-- Installing: /tmp/tmp.R4DfmRPr45/llvm/include/clang/Basic/DiagnosticFrontend.h
-- Installing: /tmp/tmp.R4DfmRPr45/llvm/include/clang/Basic/DiagnosticRefactoring.h
-- Installing: /tmp/tmp.R4DfmRPr45/llvm/include/clang/Basic/BuiltinsXCore.def
-- Installing: /tmp/tmp.R4DfmRPr45/llvm/include/clang/Basic/Attributes.h
-- Installing: /tmp/tmp.R4DfmRPr45/llvm/include/clang/Basic/CLWarnings.h
-- Installing: /tmp/tmp.R4DfmRPr45/llvm/include/clang/Basic/DebugInfoOptions.h
-- Installing: /tmp/tmp.R4DfmRPr45/llvm/include/clang/Basic/MacroBuilder.h
-- Installing: /tmp/tmp.R4DfmRPr45/llvm/include/clang/Basic/Features.def
-- Installing: /tmp/tmp.R4DfmRPr45/llvm/include/clang/Basic/TargetOptions.h
-- Installing: /tmp/tmp.R4DfmRPr45/llvm/include/clang/Basic/SanitizerSpecialCaseList.h
-- Installing: /tmp/tmp.R4DfmRPr45/llvm/include/clang/Basic/DiagnosticSema.h
-- Installing: /tmp/tmp.R4DfmRPr45/llvm/include/clang/Basic/BuiltinsMips.def
-- Installing: /tmp/tmp.R4DfmRPr45/llvm/include/clang/Basic/RISCVVTypes.def
-- Installing: /tmp/tmp.R4DfmRPr45/llvm/include/clang/Basic/AArch64SVEACLETypes.def
-- Installing: /tmp/tmp.R4DfmRPr45/llvm/include/clang/Basic/BuiltinsAArch64.def
-- Installing: /tmp/tmp.R4DfmRPr45/llvm/include/clang/Basic/JsonSupport.h
-- Installing: /tmp/tmp.R4DfmRPr45/llvm/include/clang/Basic/Builtins.h
-- Installing: /tmp/tmp.R4DfmRPr45/llvm/include/clang/Basic/LangStandards.def
-- Installing: /tmp/tmp.R4DfmRPr45/llvm/include/clang/Basic/MSP430Target.def
-- Installing: /tmp/tmp.R4DfmRPr45/llvm/include/clang/Basic/XRayInstr.h
-- Installing: /tmp/tmp.R4DfmRPr45/llvm/include/clang/Basic/BuiltinsRISCVVector.def
-- Installing: /tmp/tmp.R4DfmRPr45/llvm/include/clang/Basic/SourceLocation.h
-- Installing: /tmp/tmp.R4DfmRPr45/llvm/include/clang/Basic/OpenCLExtensions.def
-- Installing: /tmp/tmp.R4DfmRPr45/llvm/include/clang/Basic/CommentOptions.h
-- Installing: /tmp/tmp.R4DfmRPr45/llvm/include/clang/Basic/BuiltinsLoongArch.def
-- Installing: /tmp/tmp.R4DfmRPr45/llvm/include/clang/Basic/AttrSubjectMatchRules.h
-- Installing: /tmp/tmp.R4DfmRPr45/llvm/include/clang/Basic/BuiltinsX86_64.def
-- Installing: /tmp/tmp.R4DfmRPr45/llvm/include/clang/Basic/LangStandard.h
-- Installing: /tmp/tmp.R4DfmRPr45/llvm/include/clang/Basic/TargetID.h
-- Installing: /tmp/tmp.R4DfmRPr45/llvm/include/clang/Basic/DiagnosticIDs.h
-- Installing: /tmp/tmp.R4DfmRPr45/llvm/include/clang/Basic/DiagnosticSerialization.h
-- Installing: /tmp/tmp.R4DfmRPr45/llvm/include/clang/Basic/BuiltinsX86.def
-- Installing: /tmp/tmp.R4DfmRPr45/llvm/include/clang/Basic/BuiltinsSVE.def
-- Installing: /tmp/tmp.R4DfmRPr45/llvm/include/clang/Basic/Linkage.h
-- Installing: /tmp/tmp.R4DfmRPr45/llvm/include/clang/Basic/Sanitizers.h
-- Installing: /tmp/tmp.R4DfmRPr45/llvm/include/clang/Basic/DarwinSDKInfo.h
-- Installing: /tmp/tmp.R4DfmRPr45/llvm/include/clang/Basic/TargetCXXABI.h
-- Installing: /tmp/tmp.R4DfmRPr45/llvm/include/clang/Basic/HeaderInclude.h
-- Installing: /tmp/tmp.R4DfmRPr45/llvm/include/clang/Basic/BuiltinsHexagonDep.def
-- Installing: /tmp/tmp.R4DfmRPr45/llvm/include/clang/Basic/CapturedStmt.h
-- Installing: /tmp/tmp.R4DfmRPr45/llvm/include/clang/Basic/DiagnosticAnalysis.h
-- Installing: /tmp/tmp.R4DfmRPr45/llvm/include/clang/Basic/OpenCLOptions.h
-- Installing: /tmp/tmp.R4DfmRPr45/llvm/include/clang/Basic/BuiltinsHexagonMapCustomDep.def
-- Installing: /tmp/tmp.R4DfmRPr45/llvm/include/clang/Basic/IdentifierTable.h
-- Installing: /tmp/tmp.R4DfmRPr45/llvm/include/clang/Basic/AllDiagnostics.h
-- Installing: /tmp/tmp.R4DfmRPr45/llvm/include/clang/Basic/NoSanitizeList.h
-- Installing: /tmp/tmp.R4DfmRPr45/llvm/include/clang/Basic/Builtins.def
-- Installing: /tmp/tmp.R4DfmRPr45/llvm/include/clang/Basic/FileManager.h
-- Installing: /tmp/tmp.R4DfmRPr45/llvm/include/clang/Basic/DiagnosticAST.h
-- Installing: /tmp/tmp.R4DfmRPr45/llvm/include/clang/Basic/BuiltinsVEVL.gen.def
-- Installing: /tmp/tmp.R4DfmRPr45/llvm/include/clang/Basic/DiagnosticParse.h
-- Installing: /tmp/tmp.R4DfmRPr45/llvm/include/clang/Basic/TokenKinds.def
-- Installing: /tmp/tmp.R4DfmRPr45/llvm/include/clang/Basic/OpenMPKinds.h
-- Installing: /tmp/tmp.R4DfmRPr45/llvm/include/clang/Basic/Module.h
-- Installing: /tmp/tmp.R4DfmRPr45/llvm/include/clang/Basic/ProfileList.h
-- Installing: /tmp/tmp.R4DfmRPr45/llvm/include/clang/Basic/TargetBuiltins.h
-- Installing: /tmp/tmp.R4DfmRPr45/llvm/include/clang/Basic/BuiltinsSystemZ.def
-- Installing: /tmp/tmp.R4DfmRPr45/llvm/include/clang/Basic/Sarif.h
-- Installing: /tmp/tmp.R4DfmRPr45/llvm/include/clang/Basic/LangOptions.def
-- Installing: /tmp/tmp.R4DfmRPr45/llvm/include/clang/Basic/TransformTypeTraits.def
-- Installing: /tmp/tmp.R4DfmRPr45/llvm/include/clang/Basic/BuiltinsRISCV.def
-- Installing: /tmp/tmp.R4DfmRPr45/llvm/include/clang/Basic/Specifiers.h
-- Installing: /tmp/tmp.R4DfmRPr45/llvm/include/clang/Basic/BuiltinsBPF.def
-- Installing: /tmp/tmp.R4DfmRPr45/llvm/include/clang/Basic/AddressSpaces.h
-- Installing: /tmp/tmp.R4DfmRPr45/llvm/include/clang/Basic/MakeSupport.h
-- Installing: /tmp/tmp.R4DfmRPr45/llvm/include/clang/Basic/BuiltinsARM.def
-- Installing: /tmp/tmp.R4DfmRPr45/llvm/include/clang/Basic/BuiltinsVE.def
-- Installing: /tmp/tmp.R4DfmRPr45/llvm/include/clang/Basic/OperatorKinds.h
-- Installing: /tmp/tmp.R4DfmRPr45/llvm/include/clang/Sema
-- Installing: /tmp/tmp.R4DfmRPr45/llvm/include/clang/Sema/Initialization.h
-- Installing: /tmp/tmp.R4DfmRPr45/llvm/include/clang/Sema/TemplateDeduction.h
-- Installing: /tmp/tmp.R4DfmRPr45/llvm/include/clang/Sema/SemaConsumer.h
-- Installing: /tmp/tmp.R4DfmRPr45/llvm/include/clang/Sema/AnalysisBasedWarnings.h
-- Installing: /tmp/tmp.R4DfmRPr45/llvm/include/clang/Sema/Ownership.h
-- Installing: /tmp/tmp.R4DfmRPr45/llvm/include/clang/Sema/SemaFixItUtils.h
-- Installing: /tmp/tmp.R4DfmRPr45/llvm/include/clang/Sema/CleanupInfo.h
-- Installing: /tmp/tmp.R4DfmRPr45/llvm/include/clang/Sema/TemplateInstCallback.h
-- Installing: /tmp/tmp.R4DfmRPr45/llvm/include/clang/Sema/DeclSpec.h
-- Installing: /tmp/tmp.R4DfmRPr45/llvm/include/clang/Sema/Weak.h
-- Installing: /tmp/tmp.R4DfmRPr45/llvm/include/clang/Sema/SemaDiagnostic.h
-- Installing: /tmp/tmp.R4DfmRPr45/llvm/include/clang/Sema/ParsedTemplate.h
-- Installing: /tmp/tmp.R4DfmRPr45/llvm/include/clang/Sema/CodeCompleteOptions.h
-- Installing: /tmp/tmp.R4DfmRPr45/llvm/include/clang/Sema/MultiplexExternalSemaSource.h
-- Installing: /tmp/tmp.R4DfmRPr45/llvm/include/clang/Sema/ExternalSemaSource.h
-- Installing: /tmp/tmp.R4DfmRPr45/llvm/include/clang/Sema/HLSLExternalSemaSource.h
-- Installing: /tmp/tmp.R4DfmRPr45/llvm/include/clang/Sema/RISCVIntrinsicManager.h
-- Installing: /tmp/tmp.R4DfmRPr45/llvm/include/clang/Sema/Overload.h
-- Installing: /tmp/tmp.R4DfmRPr45/llvm/include/clang/Sema/IdentifierResolver.h
-- Installing: /tmp/tmp.R4DfmRPr45/llvm/include/clang/Sema/Lookup.h
-- Installing: /tmp/tmp.R4DfmRPr45/llvm/include/clang/Sema/CodeCompleteConsumer.h
-- Installing: /tmp/tmp.R4DfmRPr45/llvm/include/clang/Sema/TypoCorrection.h
-- Installing: /tmp/tmp.R4DfmRPr45/llvm/include/clang/Sema/ObjCMethodList.h
-- Installing: /tmp/tmp.R4DfmRPr45/llvm/include/clang/Sema/SemaConcept.h
-- Installing: /tmp/tmp.R4DfmRPr45/llvm/include/clang/Sema/Scope.h
-- Installing: /tmp/tmp.R4DfmRPr45/llvm/include/clang/Sema/CXXFieldCollector.h
-- Installing: /tmp/tmp.R4DfmRPr45/llvm/include/clang/Sema/Designator.h
-- Installing: /tmp/tmp.R4DfmRPr45/llvm/include/clang/Sema/Template.h
-- Installing: /tmp/tmp.R4DfmRPr45/llvm/include/clang/Sema/ParsedAttr.h
-- Installing: /tmp/tmp.R4DfmRPr45/llvm/include/clang/Sema/Sema.h
-- Installing: /tmp/tmp.R4DfmRPr45/llvm/include/clang/Sema/SemaLambda.h
-- Installing: /tmp/tmp.R4DfmRPr45/llvm/include/clang/Sema/DelayedDiagnostic.h
-- Installing: /tmp/tmp.R4DfmRPr45/llvm/include/clang/Sema/ScopeInfo.h
-- Installing: /tmp/tmp.R4DfmRPr45/llvm/include/clang/Sema/SemaInternal.h
-- Installing: /tmp/tmp.R4DfmRPr45/llvm/include/clang/Frontend
-- Installing: /tmp/tmp.R4DfmRPr45/llvm/include/clang/Frontend/PrecompiledPreamble.h
-- Installing: /tmp/tmp.R4DfmRPr45/llvm/include/clang/Frontend/FrontendActions.h
-- Installing: /tmp/tmp.R4DfmRPr45/llvm/include/clang/Frontend/MultiplexConsumer.h
-- Installing: /tmp/tmp.R4DfmRPr45/llvm/include/clang/Frontend/FrontendAction.h
-- Installing: /tmp/tmp.R4DfmRPr45/llvm/include/clang/Frontend/SARIFDiagnosticPrinter.h
-- Installing: /tmp/tmp.R4DfmRPr45/llvm/include/clang/Frontend/TextDiagnosticPrinter.h
-- Installing: /tmp/tmp.R4DfmRPr45/llvm/include/clang/Frontend/CompilerInvocation.h
-- Installing: /tmp/tmp.R4DfmRPr45/llvm/include/clang/Frontend/SerializedDiagnosticPrinter.h
-- Installing: /tmp/tmp.R4DfmRPr45/llvm/include/clang/Frontend/SerializedDiagnostics.h
-- Installing: /tmp/tmp.R4DfmRPr45/llvm/include/clang/Frontend/PCHContainerOperations.h
-- Installing: /tmp/tmp.R4DfmRPr45/llvm/include/clang/Frontend/CompilerInstance.h
-- Installing: /tmp/tmp.R4DfmRPr45/llvm/include/clang/Frontend/FrontendPluginRegistry.h
-- Installing: /tmp/tmp.R4DfmRPr45/llvm/include/clang/Frontend/FrontendOptions.h
-- Installing: /tmp/tmp.R4DfmRPr45/llvm/include/clang/Frontend/SARIFDiagnostic.h
-- Installing: /tmp/tmp.R4DfmRPr45/llvm/include/clang/Frontend/LogDiagnosticPrinter.h
-- Installing: /tmp/tmp.R4DfmRPr45/llvm/include/clang/Frontend/TextDiagnostic.h
-- Installing: /tmp/tmp.R4DfmRPr45/llvm/include/clang/Frontend/DiagnosticRenderer.h
-- Installing: /tmp/tmp.R4DfmRPr45/llvm/include/clang/Frontend/ChainedDiagnosticConsumer.h
-- Installing: /tmp/tmp.R4DfmRPr45/llvm/include/clang/Frontend/VerifyDiagnosticConsumer.h
-- Installing: /tmp/tmp.R4DfmRPr45/llvm/include/clang/Frontend/TextDiagnosticBuffer.h
-- Installing: /tmp/tmp.R4DfmRPr45/llvm/include/clang/Frontend/CommandLineSourceLoc.h
-- Installing: /tmp/tmp.R4DfmRPr45/llvm/include/clang/Frontend/Utils.h
-- Installing: /tmp/tmp.R4DfmRPr45/llvm/include/clang/Frontend/DependencyOutputOptions.h
-- Installing: /tmp/tmp.R4DfmRPr45/llvm/include/clang/Frontend/SerializedDiagnosticReader.h
-- Installing: /tmp/tmp.R4DfmRPr45/llvm/include/clang/Frontend/ASTConsumers.h
-- Installing: /tmp/tmp.R4DfmRPr45/llvm/include/clang/Frontend/MigratorOptions.h
-- Installing: /tmp/tmp.R4DfmRPr45/llvm/include/clang/Frontend/PreprocessorOutputOptions.h
-- Installing: /tmp/tmp.R4DfmRPr45/llvm/include/clang/Frontend/LayoutOverrideSource.h
-- Installing: /tmp/tmp.R4DfmRPr45/llvm/include/clang/Frontend/ASTUnit.h
-- Installing: /tmp/tmp.R4DfmRPr45/llvm/include/clang/Frontend/FrontendDiagnostic.h
-- Installing: /tmp/tmp.R4DfmRPr45/llvm/include/clang/ARCMigrate
-- Installing: /tmp/tmp.R4DfmRPr45/llvm/include/clang/ARCMigrate/ARCMTActions.h
-- Installing: /tmp/tmp.R4DfmRPr45/llvm/include/clang/ARCMigrate/ARCMT.h
-- Installing: /tmp/tmp.R4DfmRPr45/llvm/include/clang/ARCMigrate/FileRemapper.h
-- Installing: /tmp/tmp.R4DfmRPr45/llvm/include/clang/Interpreter
-- Installing: /tmp/tmp.R4DfmRPr45/llvm/include/clang/Interpreter/PartialTranslationUnit.h
-- Installing: /tmp/tmp.R4DfmRPr45/llvm/include/clang/Interpreter/Interpreter.h
-- Installing: /tmp/tmp.R4DfmRPr45/llvm/include/clang/CodeGen
-- Installing: /tmp/tmp.R4DfmRPr45/llvm/include/clang/CodeGen/SwiftCallingConv.h
-- Installing: /tmp/tmp.R4DfmRPr45/llvm/include/clang/CodeGen/CGFunctionInfo.h
-- Installing: /tmp/tmp.R4DfmRPr45/llvm/include/clang/CodeGen/ConstantInitFuture.h
-- Installing: /tmp/tmp.R4DfmRPr45/llvm/include/clang/CodeGen/BackendUtil.h
-- Installing: /tmp/tmp.R4DfmRPr45/llvm/include/clang/CodeGen/ObjectFilePCHContainerOperations.h
-- Installing: /tmp/tmp.R4DfmRPr45/llvm/include/clang/CodeGen/CodeGenAction.h
-- Installing: /tmp/tmp.R4DfmRPr45/llvm/include/clang/CodeGen/ConstantInitBuilder.h
-- Installing: /tmp/tmp.R4DfmRPr45/llvm/include/clang/CodeGen/ModuleBuilder.h
-- Installing: /tmp/tmp.R4DfmRPr45/llvm/include/clang/CodeGen/CodeGenABITypes.h
-- Installing: /tmp/tmp.R4DfmRPr45/llvm/include/clang/ExtractAPI
-- Installing: /tmp/tmp.R4DfmRPr45/llvm/include/clang/ExtractAPI/API.h
-- Installing: /tmp/tmp.R4DfmRPr45/llvm/include/clang/ExtractAPI/APIIgnoresList.h
-- Installing: /tmp/tmp.R4DfmRPr45/llvm/include/clang/ExtractAPI/FrontendActions.h
-- Installing: /tmp/tmp.R4DfmRPr45/llvm/include/clang/ExtractAPI/DeclarationFragments.h
-- Installing: /tmp/tmp.R4DfmRPr45/llvm/include/clang/ExtractAPI/ExtractAPIVisitor.h
-- Installing: /tmp/tmp.R4DfmRPr45/llvm/include/clang/ExtractAPI/AvailabilityInfo.h
-- Installing: /tmp/tmp.R4DfmRPr45/llvm/include/clang/ExtractAPI/Serialization
-- Installing: /tmp/tmp.R4DfmRPr45/llvm/include/clang/ExtractAPI/Serialization/SymbolGraphSerializer.h
-- Installing: /tmp/tmp.R4DfmRPr45/llvm/include/clang/ExtractAPI/Serialization/SerializerBase.h
-- Installing: /tmp/tmp.R4DfmRPr45/llvm/include/clang/Edit
-- Installing: /tmp/tmp.R4DfmRPr45/llvm/include/clang/Edit/EditedSource.h
-- Installing: /tmp/tmp.R4DfmRPr45/llvm/include/clang/Edit/Commit.h
-- Installing: /tmp/tmp.R4DfmRPr45/llvm/include/clang/Edit/FileOffset.h
-- Installing: /tmp/tmp.R4DfmRPr45/llvm/include/clang/Edit/Rewriters.h
-- Installing: /tmp/tmp.R4DfmRPr45/llvm/include/clang/Edit/EditsReceiver.h
-- Installing: /tmp/tmp.R4DfmRPr45/llvm/include/clang/ASTMatchers
-- Installing: /tmp/tmp.R4DfmRPr45/llvm/include/clang/ASTMatchers/ASTMatchersInternal.h
-- Installing: /tmp/tmp.R4DfmRPr45/llvm/include/clang/ASTMatchers/Dynamic
-- Installing: /tmp/tmp.R4DfmRPr45/llvm/include/clang/ASTMatchers/Dynamic/VariantValue.h
-- Installing: /tmp/tmp.R4DfmRPr45/llvm/include/clang/ASTMatchers/Dynamic/Diagnostics.h
-- Installing: /tmp/tmp.R4DfmRPr45/llvm/include/clang/ASTMatchers/Dynamic/Registry.h
-- Installing: /tmp/tmp.R4DfmRPr45/llvm/include/clang/ASTMatchers/Dynamic/Parser.h
-- Installing: /tmp/tmp.R4DfmRPr45/llvm/include/clang/ASTMatchers/ASTMatchers.h
-- Installing: /tmp/tmp.R4DfmRPr45/llvm/include/clang/ASTMatchers/ASTMatchFinder.h
-- Installing: /tmp/tmp.R4DfmRPr45/llvm/include/clang/ASTMatchers/GtestMatchers.h
-- Installing: /tmp/tmp.R4DfmRPr45/llvm/include/clang/ASTMatchers/ASTMatchersMacros.h
-- Installing: /tmp/tmp.R4DfmRPr45/llvm/include/clang-c
-- Installing: /tmp/tmp.R4DfmRPr45/llvm/include/clang-c/CXErrorCode.h
-- Installing: /tmp/tmp.R4DfmRPr45/llvm/include/clang-c/Platform.h
-- Installing: /tmp/tmp.R4DfmRPr45/llvm/include/clang-c/CXSourceLocation.h
-- Installing: /tmp/tmp.R4DfmRPr45/llvm/include/clang-c/BuildSystem.h
-- Installing: /tmp/tmp.R4DfmRPr45/llvm/include/clang-c/CXCompilationDatabase.h
-- Installing: /tmp/tmp.R4DfmRPr45/llvm/include/clang-c/CXFile.h
-- Installing: /tmp/tmp.R4DfmRPr45/llvm/include/clang-c/Rewrite.h
-- Installing: /tmp/tmp.R4DfmRPr45/llvm/include/clang-c/FatalErrorHandler.h
-- Installing: /tmp/tmp.R4DfmRPr45/llvm/include/clang-c/ExternC.h
-- Installing: /tmp/tmp.R4DfmRPr45/llvm/include/clang-c/Documentation.h
-- Installing: /tmp/tmp.R4DfmRPr45/llvm/include/clang-c/Index.h
-- Installing: /tmp/tmp.R4DfmRPr45/llvm/include/clang-c/CXString.h
-- Installing: /tmp/tmp.R4DfmRPr45/llvm/include/clang-c/CXDiagnostic.h
-- Up-to-date: /tmp/tmp.R4DfmRPr45/llvm/include/clang
-- Up-to-date: /tmp/tmp.R4DfmRPr45/llvm/include/clang/Parse
-- Installing: /tmp/tmp.R4DfmRPr45/llvm/include/clang/Parse/AttrSubMatchRulesParserStringSwitches.inc
-- Installing: /tmp/tmp.R4DfmRPr45/llvm/include/clang/Parse/AttrParserStringSwitches.inc
-- Up-to-date: /tmp/tmp.R4DfmRPr45/llvm/include/clang/Sema
-- Installing: /tmp/tmp.R4DfmRPr45/llvm/include/clang/Sema/AttrParsedAttrList.inc
-- Installing: /tmp/tmp.R4DfmRPr45/llvm/include/clang/Sema/AttrTemplateInstantiate.inc
-- Installing: /tmp/tmp.R4DfmRPr45/llvm/include/clang/Sema/AttrParsedAttrKinds.inc
-- Installing: /tmp/tmp.R4DfmRPr45/llvm/include/clang/Sema/AttrParsedAttrImpl.inc
-- Installing: /tmp/tmp.R4DfmRPr45/llvm/include/clang/Sema/AttrSpellingListIndex.inc
-- Up-to-date: /tmp/tmp.R4DfmRPr45/llvm/include/clang/Config
-- Installing: /tmp/tmp.R4DfmRPr45/llvm/include/clang/Config/config.h
-- Up-to-date: /tmp/tmp.R4DfmRPr45/llvm/include/clang/Serialization
-- Installing: /tmp/tmp.R4DfmRPr45/llvm/include/clang/Serialization/AttrPCHWrite.inc
-- Installing: /tmp/tmp.R4DfmRPr45/llvm/include/clang/Serialization/AttrPCHRead.inc
-- Up-to-date: /tmp/tmp.R4DfmRPr45/llvm/include/clang/AST
-- Installing: /tmp/tmp.R4DfmRPr45/llvm/include/clang/AST/Attrs.inc
-- Installing: /tmp/tmp.R4DfmRPr45/llvm/include/clang/AST/AttrNodeTraverse.inc
-- Installing: /tmp/tmp.R4DfmRPr45/llvm/include/clang/AST/CommentCommandInfo.inc
-- Installing: /tmp/tmp.R4DfmRPr45/llvm/include/clang/AST/DeclNodes.inc
-- Installing: /tmp/tmp.R4DfmRPr45/llvm/include/clang/AST/AbstractTypeReader.inc
-- Installing: /tmp/tmp.R4DfmRPr45/llvm/include/clang/AST/CommentCommandList.inc
-- Installing: /tmp/tmp.R4DfmRPr45/llvm/include/clang/AST/StmtDataCollectors.inc
-- Installing: /tmp/tmp.R4DfmRPr45/llvm/include/clang/AST/CommentHTMLTags.inc
-- Installing: /tmp/tmp.R4DfmRPr45/llvm/include/clang/AST/StmtNodes.inc
-- Installing: /tmp/tmp.R4DfmRPr45/llvm/include/clang/AST/AbstractBasicReader.inc
-- Installing: /tmp/tmp.R4DfmRPr45/llvm/include/clang/AST/CommentNodes.inc
-- Installing: /tmp/tmp.R4DfmRPr45/llvm/include/clang/AST/CommentHTMLNamedCharacterReferences.inc
-- Installing: /tmp/tmp.R4DfmRPr45/llvm/include/clang/AST/CommentHTMLTagsProperties.inc
-- Installing: /tmp/tmp.R4DfmRPr45/llvm/include/clang/AST/AbstractTypeWriter.inc
-- Installing: /tmp/tmp.R4DfmRPr45/llvm/include/clang/AST/TypeNodes.inc
-- Installing: /tmp/tmp.R4DfmRPr45/llvm/include/clang/AST/AttrImpl.inc
-- Installing: /tmp/tmp.R4DfmRPr45/llvm/include/clang/AST/AbstractBasicWriter.inc
-- Installing: /tmp/tmp.R4DfmRPr45/llvm/include/clang/AST/AttrVisitor.inc
-- Installing: /tmp/tmp.R4DfmRPr45/llvm/include/clang/AST/AttrTextNodeDump.inc
-- Up-to-date: /tmp/tmp.R4DfmRPr45/llvm/include/clang/Driver
-- Installing: /tmp/tmp.R4DfmRPr45/llvm/include/clang/Driver/Options.inc
-- Up-to-date: /tmp/tmp.R4DfmRPr45/llvm/include/clang/StaticAnalyzer
-- Up-to-date: /tmp/tmp.R4DfmRPr45/llvm/include/clang/StaticAnalyzer/Checkers
-- Installing: /tmp/tmp.R4DfmRPr45/llvm/include/clang/StaticAnalyzer/Checkers/Checkers.inc
-- Up-to-date: /tmp/tmp.R4DfmRPr45/llvm/include/clang/Basic
-- Installing: /tmp/tmp.R4DfmRPr45/llvm/include/clang/Basic/arm_cde_builtin_cg.inc
-- Installing: /tmp/tmp.R4DfmRPr45/llvm/include/clang/Basic/arm_fp16.inc
-- Installing: /tmp/tmp.R4DfmRPr45/llvm/include/clang/Basic/AttrList.inc
-- Installing: /tmp/tmp.R4DfmRPr45/llvm/include/clang/Basic/DiagnosticCommonKinds.inc
-- Installing: /tmp/tmp.R4DfmRPr45/llvm/include/clang/Basic/arm_sve_sema_rangechecks.inc
-- Installing: /tmp/tmp.R4DfmRPr45/llvm/include/clang/Basic/DiagnosticLexKinds.inc
-- Installing: /tmp/tmp.R4DfmRPr45/llvm/include/clang/Basic/riscv_vector_builtin_cg.inc
-- Installing: /tmp/tmp.R4DfmRPr45/llvm/include/clang/Basic/DiagnosticSerializationKinds.inc
-- Installing: /tmp/tmp.R4DfmRPr45/llvm/include/clang/Basic/arm_sve_builtins.inc
-- Installing: /tmp/tmp.R4DfmRPr45/llvm/include/clang/Basic/riscv_vector_builtins.inc
-- Installing: /tmp/tmp.R4DfmRPr45/llvm/include/clang/Basic/arm_mve_builtin_cg.inc
-- Installing: /tmp/tmp.R4DfmRPr45/llvm/include/clang/Basic/DiagnosticRefactoringKinds.inc
-- Installing: /tmp/tmp.R4DfmRPr45/llvm/include/clang/Basic/arm_cde_builtins.inc
-- Installing: /tmp/tmp.R4DfmRPr45/llvm/include/clang/Basic/DiagnosticDriverKinds.inc
-- Installing: /tmp/tmp.R4DfmRPr45/llvm/include/clang/Basic/DiagnosticAnalysisKinds.inc
-- Installing: /tmp/tmp.R4DfmRPr45/llvm/include/clang/Basic/DiagnosticIndexName.inc
-- Installing: /tmp/tmp.R4DfmRPr45/llvm/include/clang/Basic/arm_sve_typeflags.inc
-- Installing: /tmp/tmp.R4DfmRPr45/llvm/include/clang/Basic/arm_mve_builtins.inc
-- Installing: /tmp/tmp.R4DfmRPr45/llvm/include/clang/Basic/arm_cde_builtin_aliases.inc
-- Installing: /tmp/tmp.R4DfmRPr45/llvm/include/clang/Basic/AttrSubMatchRulesList.inc
-- Installing: /tmp/tmp.R4DfmRPr45/llvm/include/clang/Basic/AttrHasAttributeImpl.inc
-- Installing: /tmp/tmp.R4DfmRPr45/llvm/include/clang/Basic/arm_sve_builtin_cg.inc
-- Installing: /tmp/tmp.R4DfmRPr45/llvm/include/clang/Basic/DiagnosticCommentKinds.inc
-- Installing: /tmp/tmp.R4DfmRPr45/llvm/include/clang/Basic/arm_cde_builtin_sema.inc
-- Installing: /tmp/tmp.R4DfmRPr45/llvm/include/clang/Basic/riscv_vector_builtin_sema.inc
-- Installing: /tmp/tmp.R4DfmRPr45/llvm/include/clang/Basic/arm_neon.inc
-- Installing: /tmp/tmp.R4DfmRPr45/llvm/include/clang/Basic/Version.inc
-- Installing: /tmp/tmp.R4DfmRPr45/llvm/include/clang/Basic/DiagnosticSemaKinds.inc
-- Installing: /tmp/tmp.R4DfmRPr45/llvm/include/clang/Basic/DiagnosticASTKinds.inc
-- Installing: /tmp/tmp.R4DfmRPr45/llvm/include/clang/Basic/arm_mve_builtin_aliases.inc
-- Installing: /tmp/tmp.R4DfmRPr45/llvm/include/clang/Basic/DiagnosticCrossTUKinds.inc
-- Installing: /tmp/tmp.R4DfmRPr45/llvm/include/clang/Basic/arm_mve_builtin_sema.inc
-- Installing: /tmp/tmp.R4DfmRPr45/llvm/include/clang/Basic/DiagnosticParseKinds.inc
-- Installing: /tmp/tmp.R4DfmRPr45/llvm/include/clang/Basic/DiagnosticGroups.inc
-- Installing: /tmp/tmp.R4DfmRPr45/llvm/include/clang/Basic/DiagnosticFrontendKinds.inc
-- Up-to-date: /tmp/tmp.R4DfmRPr45/llvm/include/clang/Tooling
-- Installing: /tmp/tmp.R4DfmRPr45/llvm/include/clang/Tooling/NodeIntrospection.inc
-- Up-to-date: /tmp/tmp.R4DfmRPr45/llvm/include/clang/Tooling/Syntax
-- Installing: /tmp/tmp.R4DfmRPr45/llvm/include/clang/Tooling/Syntax/Nodes.inc
-- Installing: /tmp/tmp.R4DfmRPr45/llvm/include/clang/Tooling/Syntax/NodeClasses.inc
[4588/4598] cd /home/tim911004/.llvm-project/stage1_build/tools/clang && /home/tim911004/miniconda3/envs/cuda-quantum/lib/python3.10/site-packages/cmake/data/bin/cmake -DCMAKE_INSTALL_COMPONENT="clang-libraries" -DCMAKE_INSTALL_DO_STRIP=1 -P /home/tim911004/.llvm-project/stage1_build/cmake_install.cmake
-- Install configuration: "Release"
[4589/4598] cd /home/tim911004/.llvm-project/stage1_build/tools/clang/lib/Headers && /home/tim911004/miniconda3/envs/cuda-quantum/lib/python3.10/site-packages/cmake/data/bin/cmake -DCMAKE_INSTALL_COMPONENT="clang-resource-headers" -DCMAKE_INSTALL_DO_STRIP=1 -P /home/tim911004/.llvm-project/stage1_build/cmake_install.cmake
-- Install configuration: "Release"
-- Installing: /tmp/tmp.R4DfmRPr45/llvm/lib/clang/16/include/builtins.h
-- Installing: /tmp/tmp.R4DfmRPr45/llvm/lib/clang/16/include/float.h
-- Installing: /tmp/tmp.R4DfmRPr45/llvm/lib/clang/16/include/inttypes.h
-- Installing: /tmp/tmp.R4DfmRPr45/llvm/lib/clang/16/include/iso646.h
-- Installing: /tmp/tmp.R4DfmRPr45/llvm/lib/clang/16/include/limits.h
-- Installing: /tmp/tmp.R4DfmRPr45/llvm/lib/clang/16/include/module.modulemap
-- Installing: /tmp/tmp.R4DfmRPr45/llvm/lib/clang/16/include/stdalign.h
-- Installing: /tmp/tmp.R4DfmRPr45/llvm/lib/clang/16/include/stdarg.h
-- Installing: /tmp/tmp.R4DfmRPr45/llvm/lib/clang/16/include/stdatomic.h
-- Installing: /tmp/tmp.R4DfmRPr45/llvm/lib/clang/16/include/stdbool.h
-- Installing: /tmp/tmp.R4DfmRPr45/llvm/lib/clang/16/include/stddef.h
-- Installing: /tmp/tmp.R4DfmRPr45/llvm/lib/clang/16/include/__stddef_max_align_t.h
-- Installing: /tmp/tmp.R4DfmRPr45/llvm/lib/clang/16/include/stdint.h
-- Installing: /tmp/tmp.R4DfmRPr45/llvm/lib/clang/16/include/stdnoreturn.h
-- Installing: /tmp/tmp.R4DfmRPr45/llvm/lib/clang/16/include/tgmath.h
-- Installing: /tmp/tmp.R4DfmRPr45/llvm/lib/clang/16/include/unwind.h
-- Installing: /tmp/tmp.R4DfmRPr45/llvm/lib/clang/16/include/varargs.h
-- Installing: /tmp/tmp.R4DfmRPr45/llvm/lib/clang/16/include/arm_acle.h
-- Installing: /tmp/tmp.R4DfmRPr45/llvm/lib/clang/16/include/arm_cmse.h
-- Installing: /tmp/tmp.R4DfmRPr45/llvm/lib/clang/16/include/armintr.h
-- Installing: /tmp/tmp.R4DfmRPr45/llvm/lib/clang/16/include/arm64intr.h
-- Installing: /tmp/tmp.R4DfmRPr45/llvm/lib/clang/16/include/arm_neon_sve_bridge.h
-- Installing: /tmp/tmp.R4DfmRPr45/llvm/lib/clang/16/include/__clang_cuda_builtin_vars.h
-- Installing: /tmp/tmp.R4DfmRPr45/llvm/lib/clang/16/include/__clang_cuda_math.h
-- Installing: /tmp/tmp.R4DfmRPr45/llvm/lib/clang/16/include/__clang_cuda_cmath.h
-- Installing: /tmp/tmp.R4DfmRPr45/llvm/lib/clang/16/include/__clang_cuda_complex_builtins.h
-- Installing: /tmp/tmp.R4DfmRPr45/llvm/lib/clang/16/include/__clang_cuda_device_functions.h
-- Installing: /tmp/tmp.R4DfmRPr45/llvm/lib/clang/16/include/__clang_cuda_intrinsics.h
-- Installing: /tmp/tmp.R4DfmRPr45/llvm/lib/clang/16/include/__clang_cuda_texture_intrinsics.h
-- Installing: /tmp/tmp.R4DfmRPr45/llvm/lib/clang/16/include/__clang_cuda_libdevice_declares.h
-- Installing: /tmp/tmp.R4DfmRPr45/llvm/lib/clang/16/include/__clang_cuda_math_forward_declares.h
-- Installing: /tmp/tmp.R4DfmRPr45/llvm/lib/clang/16/include/__clang_cuda_runtime_wrapper.h
-- Installing: /tmp/tmp.R4DfmRPr45/llvm/lib/clang/16/include/hexagon_circ_brev_intrinsics.h
-- Installing: /tmp/tmp.R4DfmRPr45/llvm/lib/clang/16/include/hexagon_protos.h
-- Installing: /tmp/tmp.R4DfmRPr45/llvm/lib/clang/16/include/hexagon_types.h
-- Installing: /tmp/tmp.R4DfmRPr45/llvm/lib/clang/16/include/hvx_hexagon_protos.h
-- Installing: /tmp/tmp.R4DfmRPr45/llvm/lib/clang/16/include/__clang_hip_libdevice_declares.h
-- Installing: /tmp/tmp.R4DfmRPr45/llvm/lib/clang/16/include/__clang_hip_cmath.h
-- Installing: /tmp/tmp.R4DfmRPr45/llvm/lib/clang/16/include/__clang_hip_math.h
-- Installing: /tmp/tmp.R4DfmRPr45/llvm/lib/clang/16/include/__clang_hip_stdlib.h
-- Installing: /tmp/tmp.R4DfmRPr45/llvm/lib/clang/16/include/__clang_hip_runtime_wrapper.h
-- Installing: /tmp/tmp.R4DfmRPr45/llvm/lib/clang/16/include/larchintrin.h
-- Installing: /tmp/tmp.R4DfmRPr45/llvm/lib/clang/16/include/msa.h
-- Installing: /tmp/tmp.R4DfmRPr45/llvm/lib/clang/16/include/opencl-c.h
-- Installing: /tmp/tmp.R4DfmRPr45/llvm/lib/clang/16/include/opencl-c-base.h
-- Installing: /tmp/tmp.R4DfmRPr45/llvm/lib/clang/16/include/altivec.h
-- Installing: /tmp/tmp.R4DfmRPr45/llvm/lib/clang/16/include/htmintrin.h
-- Installing: /tmp/tmp.R4DfmRPr45/llvm/lib/clang/16/include/htmxlintrin.h
-- Installing: /tmp/tmp.R4DfmRPr45/llvm/lib/clang/16/include/s390intrin.h
-- Installing: /tmp/tmp.R4DfmRPr45/llvm/lib/clang/16/include/vecintrin.h
-- Installing: /tmp/tmp.R4DfmRPr45/llvm/lib/clang/16/include/velintrin.h
-- Installing: /tmp/tmp.R4DfmRPr45/llvm/lib/clang/16/include/velintrin_gen.h
-- Installing: /tmp/tmp.R4DfmRPr45/llvm/lib/clang/16/include/velintrin_approx.h
-- Installing: /tmp/tmp.R4DfmRPr45/llvm/lib/clang/16/include/adxintrin.h
-- Installing: /tmp/tmp.R4DfmRPr45/llvm/lib/clang/16/include/ammintrin.h
-- Installing: /tmp/tmp.R4DfmRPr45/llvm/lib/clang/16/include/amxfp16intrin.h
-- Installing: /tmp/tmp.R4DfmRPr45/llvm/lib/clang/16/include/amxintrin.h
-- Installing: /tmp/tmp.R4DfmRPr45/llvm/lib/clang/16/include/avx2intrin.h
-- Installing: /tmp/tmp.R4DfmRPr45/llvm/lib/clang/16/include/avx512bf16intrin.h
-- Installing: /tmp/tmp.R4DfmRPr45/llvm/lib/clang/16/include/avx512bitalgintrin.h
-- Installing: /tmp/tmp.R4DfmRPr45/llvm/lib/clang/16/include/avx512bwintrin.h
-- Installing: /tmp/tmp.R4DfmRPr45/llvm/lib/clang/16/include/avx512cdintrin.h
-- Installing: /tmp/tmp.R4DfmRPr45/llvm/lib/clang/16/include/avx512dqintrin.h
-- Installing: /tmp/tmp.R4DfmRPr45/llvm/lib/clang/16/include/avx512erintrin.h
-- Installing: /tmp/tmp.R4DfmRPr45/llvm/lib/clang/16/include/avx512fintrin.h
-- Installing: /tmp/tmp.R4DfmRPr45/llvm/lib/clang/16/include/avx512fp16intrin.h
-- Installing: /tmp/tmp.R4DfmRPr45/llvm/lib/clang/16/include/avx512ifmaintrin.h
-- Installing: /tmp/tmp.R4DfmRPr45/llvm/lib/clang/16/include/avx512ifmavlintrin.h
-- Installing: /tmp/tmp.R4DfmRPr45/llvm/lib/clang/16/include/avx512pfintrin.h
-- Installing: /tmp/tmp.R4DfmRPr45/llvm/lib/clang/16/include/avx512vbmi2intrin.h
-- Installing: /tmp/tmp.R4DfmRPr45/llvm/lib/clang/16/include/avx512vbmiintrin.h
-- Installing: /tmp/tmp.R4DfmRPr45/llvm/lib/clang/16/include/avx512vbmivlintrin.h
-- Installing: /tmp/tmp.R4DfmRPr45/llvm/lib/clang/16/include/avx512vlbf16intrin.h
-- Installing: /tmp/tmp.R4DfmRPr45/llvm/lib/clang/16/include/avx512vlbitalgintrin.h
-- Installing: /tmp/tmp.R4DfmRPr45/llvm/lib/clang/16/include/avx512vlbwintrin.h
-- Installing: /tmp/tmp.R4DfmRPr45/llvm/lib/clang/16/include/avx512vlcdintrin.h
-- Installing: /tmp/tmp.R4DfmRPr45/llvm/lib/clang/16/include/avx512vldqintrin.h
-- Installing: /tmp/tmp.R4DfmRPr45/llvm/lib/clang/16/include/avx512vlfp16intrin.h
-- Installing: /tmp/tmp.R4DfmRPr45/llvm/lib/clang/16/include/avx512vlintrin.h
-- Installing: /tmp/tmp.R4DfmRPr45/llvm/lib/clang/16/include/avx512vlvbmi2intrin.h
-- Installing: /tmp/tmp.R4DfmRPr45/llvm/lib/clang/16/include/avx512vlvnniintrin.h
-- Installing: /tmp/tmp.R4DfmRPr45/llvm/lib/clang/16/include/avx512vlvp2intersectintrin.h
-- Installing: /tmp/tmp.R4DfmRPr45/llvm/lib/clang/16/include/avx512vnniintrin.h
-- Installing: /tmp/tmp.R4DfmRPr45/llvm/lib/clang/16/include/avx512vp2intersectintrin.h
-- Installing: /tmp/tmp.R4DfmRPr45/llvm/lib/clang/16/include/avx512vpopcntdqintrin.h
-- Installing: /tmp/tmp.R4DfmRPr45/llvm/lib/clang/16/include/avx512vpopcntdqvlintrin.h
-- Installing: /tmp/tmp.R4DfmRPr45/llvm/lib/clang/16/include/avxifmaintrin.h
-- Installing: /tmp/tmp.R4DfmRPr45/llvm/lib/clang/16/include/avxintrin.h
-- Installing: /tmp/tmp.R4DfmRPr45/llvm/lib/clang/16/include/avxneconvertintrin.h
-- Installing: /tmp/tmp.R4DfmRPr45/llvm/lib/clang/16/include/avxvnniint8intrin.h
-- Installing: /tmp/tmp.R4DfmRPr45/llvm/lib/clang/16/include/avxvnniintrin.h
-- Installing: /tmp/tmp.R4DfmRPr45/llvm/lib/clang/16/include/bmi2intrin.h
-- Installing: /tmp/tmp.R4DfmRPr45/llvm/lib/clang/16/include/bmiintrin.h
-- Installing: /tmp/tmp.R4DfmRPr45/llvm/lib/clang/16/include/cetintrin.h
-- Installing: /tmp/tmp.R4DfmRPr45/llvm/lib/clang/16/include/cldemoteintrin.h
-- Installing: /tmp/tmp.R4DfmRPr45/llvm/lib/clang/16/include/clflushoptintrin.h
-- Installing: /tmp/tmp.R4DfmRPr45/llvm/lib/clang/16/include/clwbintrin.h
-- Installing: /tmp/tmp.R4DfmRPr45/llvm/lib/clang/16/include/clzerointrin.h
-- Installing: /tmp/tmp.R4DfmRPr45/llvm/lib/clang/16/include/cmpccxaddintrin.h
-- Installing: /tmp/tmp.R4DfmRPr45/llvm/lib/clang/16/include/crc32intrin.h
-- Installing: /tmp/tmp.R4DfmRPr45/llvm/lib/clang/16/include/emmintrin.h
-- Installing: /tmp/tmp.R4DfmRPr45/llvm/lib/clang/16/include/enqcmdintrin.h
-- Installing: /tmp/tmp.R4DfmRPr45/llvm/lib/clang/16/include/f16cintrin.h
-- Installing: /tmp/tmp.R4DfmRPr45/llvm/lib/clang/16/include/fma4intrin.h
-- Installing: /tmp/tmp.R4DfmRPr45/llvm/lib/clang/16/include/fmaintrin.h
-- Installing: /tmp/tmp.R4DfmRPr45/llvm/lib/clang/16/include/fxsrintrin.h
-- Installing: /tmp/tmp.R4DfmRPr45/llvm/lib/clang/16/include/gfniintrin.h
-- Installing: /tmp/tmp.R4DfmRPr45/llvm/lib/clang/16/include/hresetintrin.h
-- Installing: /tmp/tmp.R4DfmRPr45/llvm/lib/clang/16/include/ia32intrin.h
-- Installing: /tmp/tmp.R4DfmRPr45/llvm/lib/clang/16/include/immintrin.h
-- Installing: /tmp/tmp.R4DfmRPr45/llvm/lib/clang/16/include/invpcidintrin.h
-- Installing: /tmp/tmp.R4DfmRPr45/llvm/lib/clang/16/include/keylockerintrin.h
-- Installing: /tmp/tmp.R4DfmRPr45/llvm/lib/clang/16/include/lwpintrin.h
-- Installing: /tmp/tmp.R4DfmRPr45/llvm/lib/clang/16/include/lzcntintrin.h
-- Installing: /tmp/tmp.R4DfmRPr45/llvm/lib/clang/16/include/mm3dnow.h
-- Installing: /tmp/tmp.R4DfmRPr45/llvm/lib/clang/16/include/mmintrin.h
-- Installing: /tmp/tmp.R4DfmRPr45/llvm/lib/clang/16/include/movdirintrin.h
-- Installing: /tmp/tmp.R4DfmRPr45/llvm/lib/clang/16/include/mwaitxintrin.h
-- Installing: /tmp/tmp.R4DfmRPr45/llvm/lib/clang/16/include/nmmintrin.h
-- Installing: /tmp/tmp.R4DfmRPr45/llvm/lib/clang/16/include/pconfigintrin.h
-- Installing: /tmp/tmp.R4DfmRPr45/llvm/lib/clang/16/include/pkuintrin.h
-- Installing: /tmp/tmp.R4DfmRPr45/llvm/lib/clang/16/include/pmmintrin.h
-- Installing: /tmp/tmp.R4DfmRPr45/llvm/lib/clang/16/include/popcntintrin.h
-- Installing: /tmp/tmp.R4DfmRPr45/llvm/lib/clang/16/include/prfchiintrin.h
-- Installing: /tmp/tmp.R4DfmRPr45/llvm/lib/clang/16/include/prfchwintrin.h
-- Installing: /tmp/tmp.R4DfmRPr45/llvm/lib/clang/16/include/ptwriteintrin.h
-- Installing: /tmp/tmp.R4DfmRPr45/llvm/lib/clang/16/include/raointintrin.h
-- Installing: /tmp/tmp.R4DfmRPr45/llvm/lib/clang/16/include/rdpruintrin.h
-- Installing: /tmp/tmp.R4DfmRPr45/llvm/lib/clang/16/include/rdseedintrin.h
-- Installing: /tmp/tmp.R4DfmRPr45/llvm/lib/clang/16/include/rtmintrin.h
-- Installing: /tmp/tmp.R4DfmRPr45/llvm/lib/clang/16/include/serializeintrin.h
-- Installing: /tmp/tmp.R4DfmRPr45/llvm/lib/clang/16/include/sgxintrin.h
-- Installing: /tmp/tmp.R4DfmRPr45/llvm/lib/clang/16/include/shaintrin.h
-- Installing: /tmp/tmp.R4DfmRPr45/llvm/lib/clang/16/include/smmintrin.h
-- Installing: /tmp/tmp.R4DfmRPr45/llvm/lib/clang/16/include/tbmintrin.h
-- Installing: /tmp/tmp.R4DfmRPr45/llvm/lib/clang/16/include/tmmintrin.h
-- Installing: /tmp/tmp.R4DfmRPr45/llvm/lib/clang/16/include/tsxldtrkintrin.h
-- Installing: /tmp/tmp.R4DfmRPr45/llvm/lib/clang/16/include/uintrintrin.h
-- Installing: /tmp/tmp.R4DfmRPr45/llvm/lib/clang/16/include/vaesintrin.h
-- Installing: /tmp/tmp.R4DfmRPr45/llvm/lib/clang/16/include/vpclmulqdqintrin.h
-- Installing: /tmp/tmp.R4DfmRPr45/llvm/lib/clang/16/include/waitpkgintrin.h
-- Installing: /tmp/tmp.R4DfmRPr45/llvm/lib/clang/16/include/wbnoinvdintrin.h
-- Installing: /tmp/tmp.R4DfmRPr45/llvm/lib/clang/16/include/__wmmintrin_aes.h
-- Installing: /tmp/tmp.R4DfmRPr45/llvm/lib/clang/16/include/wmmintrin.h
-- Installing: /tmp/tmp.R4DfmRPr45/llvm/lib/clang/16/include/__wmmintrin_pclmul.h
-- Installing: /tmp/tmp.R4DfmRPr45/llvm/lib/clang/16/include/x86gprintrin.h
-- Installing: /tmp/tmp.R4DfmRPr45/llvm/lib/clang/16/include/x86intrin.h
-- Installing: /tmp/tmp.R4DfmRPr45/llvm/lib/clang/16/include/xmmintrin.h
-- Installing: /tmp/tmp.R4DfmRPr45/llvm/lib/clang/16/include/xopintrin.h
-- Installing: /tmp/tmp.R4DfmRPr45/llvm/lib/clang/16/include/xsavecintrin.h
-- Installing: /tmp/tmp.R4DfmRPr45/llvm/lib/clang/16/include/xsaveintrin.h
-- Installing: /tmp/tmp.R4DfmRPr45/llvm/lib/clang/16/include/xsaveoptintrin.h
-- Installing: /tmp/tmp.R4DfmRPr45/llvm/lib/clang/16/include/xsavesintrin.h
-- Installing: /tmp/tmp.R4DfmRPr45/llvm/lib/clang/16/include/xtestintrin.h
-- Installing: /tmp/tmp.R4DfmRPr45/llvm/lib/clang/16/include/cet.h
-- Installing: /tmp/tmp.R4DfmRPr45/llvm/lib/clang/16/include/cpuid.h
-- Installing: /tmp/tmp.R4DfmRPr45/llvm/lib/clang/16/include/wasm_simd128.h
-- Installing: /tmp/tmp.R4DfmRPr45/llvm/lib/clang/16/include/intrin.h
-- Installing: /tmp/tmp.R4DfmRPr45/llvm/lib/clang/16/include/vadefs.h
-- Installing: /tmp/tmp.R4DfmRPr45/llvm/lib/clang/16/include/mm_malloc.h
-- Installing: /tmp/tmp.R4DfmRPr45/llvm/lib/clang/16/include/arm_neon.h
-- Installing: /tmp/tmp.R4DfmRPr45/llvm/lib/clang/16/include/arm_fp16.h
-- Installing: /tmp/tmp.R4DfmRPr45/llvm/lib/clang/16/include/arm_sve.h
-- Installing: /tmp/tmp.R4DfmRPr45/llvm/lib/clang/16/include/arm_bf16.h
-- Installing: /tmp/tmp.R4DfmRPr45/llvm/lib/clang/16/include/arm_mve.h
-- Installing: /tmp/tmp.R4DfmRPr45/llvm/lib/clang/16/include/arm_cde.h
-- Installing: /tmp/tmp.R4DfmRPr45/llvm/lib/clang/16/include/riscv_vector.h
-- Installing: /tmp/tmp.R4DfmRPr45/llvm/lib/clang/16/include/cuda_wrappers/algorithm
-- Installing: /tmp/tmp.R4DfmRPr45/llvm/lib/clang/16/include/cuda_wrappers/cmath
-- Installing: /tmp/tmp.R4DfmRPr45/llvm/lib/clang/16/include/cuda_wrappers/complex
-- Installing: /tmp/tmp.R4DfmRPr45/llvm/lib/clang/16/include/cuda_wrappers/new
-- Installing: /tmp/tmp.R4DfmRPr45/llvm/lib/clang/16/include/ppc_wrappers/mmintrin.h
-- Installing: /tmp/tmp.R4DfmRPr45/llvm/lib/clang/16/include/ppc_wrappers/xmmintrin.h
-- Installing: /tmp/tmp.R4DfmRPr45/llvm/lib/clang/16/include/ppc_wrappers/mm_malloc.h
-- Installing: /tmp/tmp.R4DfmRPr45/llvm/lib/clang/16/include/ppc_wrappers/emmintrin.h
-- Installing: /tmp/tmp.R4DfmRPr45/llvm/lib/clang/16/include/ppc_wrappers/pmmintrin.h
-- Installing: /tmp/tmp.R4DfmRPr45/llvm/lib/clang/16/include/ppc_wrappers/tmmintrin.h
-- Installing: /tmp/tmp.R4DfmRPr45/llvm/lib/clang/16/include/ppc_wrappers/smmintrin.h
-- Installing: /tmp/tmp.R4DfmRPr45/llvm/lib/clang/16/include/ppc_wrappers/bmiintrin.h
-- Installing: /tmp/tmp.R4DfmRPr45/llvm/lib/clang/16/include/ppc_wrappers/bmi2intrin.h
-- Installing: /tmp/tmp.R4DfmRPr45/llvm/lib/clang/16/include/ppc_wrappers/immintrin.h
-- Installing: /tmp/tmp.R4DfmRPr45/llvm/lib/clang/16/include/ppc_wrappers/x86intrin.h
-- Installing: /tmp/tmp.R4DfmRPr45/llvm/lib/clang/16/include/ppc_wrappers/x86gprintrin.h
-- Installing: /tmp/tmp.R4DfmRPr45/llvm/lib/clang/16/include/openmp_wrappers/math.h
-- Installing: /tmp/tmp.R4DfmRPr45/llvm/lib/clang/16/include/openmp_wrappers/cmath
-- Installing: /tmp/tmp.R4DfmRPr45/llvm/lib/clang/16/include/openmp_wrappers/complex.h
-- Installing: /tmp/tmp.R4DfmRPr45/llvm/lib/clang/16/include/openmp_wrappers/complex
-- Installing: /tmp/tmp.R4DfmRPr45/llvm/lib/clang/16/include/openmp_wrappers/__clang_openmp_device_functions.h
-- Installing: /tmp/tmp.R4DfmRPr45/llvm/lib/clang/16/include/openmp_wrappers/complex_cmath.h
-- Installing: /tmp/tmp.R4DfmRPr45/llvm/lib/clang/16/include/openmp_wrappers/new
[4590/4598] cd /home/tim911004/.llvm-project/stage1_build/tools/clang/tools/driver && /home/tim911004/miniconda3/envs/cuda-quantum/lib/python3.10/site-packages/cmake/data/bin/cmake -DCMAKE_INSTALL_COMPONENT="clang" -DCMAKE_INSTALL_DO_STRIP=1 -P /home/tim911004/.llvm-project/stage1_build/cmake_install.cmake
-- Install configuration: "Release"
-- Installing: /tmp/tmp.R4DfmRPr45/llvm/bin/clang-16
-- Installing: /tmp/tmp.R4DfmRPr45/llvm/bin/clang
-- Set non-toolchain portion of runtime path of "/tmp/tmp.R4DfmRPr45/llvm/bin/clang-16" to "$ORIGIN:$ORIGIN/../lib:$ORIGIN/x86_64-unknown-linux-gnu:$ORIGIN/lib/x86_64-unknown-linux-gnu:$ORIGIN/../lib/x86_64-unknown-linux-gnu"
-- Creating clang++
-- Creating clang-cl
-- Creating clang-cpp
[4591/4598] cd /home/tim911004/.llvm-project/stage1_build/tools/clang/tools/clang-format && /home/tim911004/miniconda3/envs/cuda-quantum/lib/python3.10/site-packages/cmake/data/bin/cmake -DCMAKE_INSTALL_COMPONENT="clang-format" -DCMAKE_INSTALL_DO_STRIP=1 -P /home/tim911004/.llvm-project/stage1_build/cmake_install.cmake
-- Install configuration: "Release"
-- Installing: /tmp/tmp.R4DfmRPr45/llvm/bin/clang-format
-- Set non-toolchain portion of runtime path of "/tmp/tmp.R4DfmRPr45/llvm/bin/clang-format" to "$ORIGIN:$ORIGIN/../lib:$ORIGIN/x86_64-unknown-linux-gnu:$ORIGIN/lib/x86_64-unknown-linux-gnu:$ORIGIN/../lib/x86_64-unknown-linux-gnu"
-- Installing: /tmp/tmp.R4DfmRPr45/llvm/share/clang/clang-format-bbedit.applescript
-- Installing: /tmp/tmp.R4DfmRPr45/llvm/share/clang/clang-format-diff.py
-- Installing: /tmp/tmp.R4DfmRPr45/llvm/share/clang/clang-format-sublime.py
-- Installing: /tmp/tmp.R4DfmRPr45/llvm/share/clang/clang-format.el
-- Installing: /tmp/tmp.R4DfmRPr45/llvm/share/clang/clang-format.py
-- Installing: /tmp/tmp.R4DfmRPr45/llvm/bin/git-clang-format
[4592/4598] cd /home/tim911004/.llvm-project/stage1_build/tools/lld/tools/lld && /home/tim911004/miniconda3/envs/cuda-quantum/lib/python3.10/site-packages/cmake/data/bin/cmake -DCMAKE_INSTALL_COMPONENT="lld" -DCMAKE_INSTALL_DO_STRIP=1 -P /home/tim911004/.llvm-project/stage1_build/cmake_install.cmake
-- Install configuration: "Release"
-- Installing: /tmp/tmp.R4DfmRPr45/llvm/bin/lld
-- Set non-toolchain portion of runtime path of "/tmp/tmp.R4DfmRPr45/llvm/bin/lld" to "$ORIGIN:$ORIGIN/../lib:$ORIGIN/x86_64-unknown-linux-gnu:$ORIGIN/lib/x86_64-unknown-linux-gnu:$ORIGIN/../lib/x86_64-unknown-linux-gnu"
-- Creating lld-link
-- Creating ld.lld
-- Creating ld64.lld
-- Creating wasm-ld
[4593/4598] cd /home/tim911004/.llvm-project/stage1_build/tools/llc && /home/tim911004/miniconda3/envs/cuda-quantum/lib/python3.10/site-packages/cmake/data/bin/cmake -DCMAKE_INSTALL_COMPONENT="llc" -DCMAKE_INSTALL_DO_STRIP=1 -P /home/tim911004/.llvm-project/stage1_build/cmake_install.cmake
-- Install configuration: "Release"
-- Installing: /tmp/tmp.R4DfmRPr45/llvm/bin/llc
-- Set non-toolchain portion of runtime path of "/tmp/tmp.R4DfmRPr45/llvm/bin/llc" to "$ORIGIN:$ORIGIN/../lib:$ORIGIN/x86_64-unknown-linux-gnu:$ORIGIN/lib/x86_64-unknown-linux-gnu:$ORIGIN/../lib/x86_64-unknown-linux-gnu"
[4594/4598] cd /home/tim911004/.llvm-project/stage1_build/tools/llvm-as && /home/tim911004/miniconda3/envs/cuda-quantum/lib/python3.10/site-packages/cmake/data/bin/cmake -DCMAKE_INSTALL_COMPONENT="llvm-as" -DCMAKE_INSTALL_DO_STRIP=1 -P /home/tim911004/.llvm-project/stage1_build/cmake_install.cmake
-- Install configuration: "Release"
-- Installing: /tmp/tmp.R4DfmRPr45/llvm/bin/llvm-as
-- Set non-toolchain portion of runtime path of "/tmp/tmp.R4DfmRPr45/llvm/bin/llvm-as" to "$ORIGIN:$ORIGIN/../lib:$ORIGIN/x86_64-unknown-linux-gnu:$ORIGIN/lib/x86_64-unknown-linux-gnu:$ORIGIN/../lib/x86_64-unknown-linux-gnu"
[4595/4598] cd /home/tim911004/.llvm-project/stage1_build/tools/llvm-cov && /home/tim911004/miniconda3/envs/cuda-quantum/lib/python3.10/site-packages/cmake/data/bin/cmake -DCMAKE_INSTALL_COMPONENT="llvm-cov" -DCMAKE_INSTALL_DO_STRIP=1 -P /home/tim911004/.llvm-project/stage1_build/cmake_install.cmake
-- Install configuration: "Release"
-- Installing: /tmp/tmp.R4DfmRPr45/llvm/bin/llvm-cov
-- Set non-toolchain portion of runtime path of "/tmp/tmp.R4DfmRPr45/llvm/bin/llvm-cov" to "$ORIGIN:$ORIGIN/../lib:$ORIGIN/x86_64-unknown-linux-gnu:$ORIGIN/lib/x86_64-unknown-linux-gnu:$ORIGIN/../lib/x86_64-unknown-linux-gnu"
[4596/4598] cd /home/tim911004/.llvm-project/stage1_build/tools/llvm-nm && /home/tim911004/miniconda3/envs/cuda-quantum/lib/python3.10/site-packages/cmake/data/bin/cmake -DCMAKE_INSTALL_COMPONENT="llvm-nm" -DCMAKE_INSTALL_DO_STRIP=1 -P /home/tim911004/.llvm-project/stage1_build/cmake_install.cmake
-- Install configuration: "Release"
-- Installing: /tmp/tmp.R4DfmRPr45/llvm/bin/llvm-nm
-- Set non-toolchain portion of runtime path of "/tmp/tmp.R4DfmRPr45/llvm/bin/llvm-nm" to "$ORIGIN:$ORIGIN/../lib:$ORIGIN/x86_64-unknown-linux-gnu:$ORIGIN/lib/x86_64-unknown-linux-gnu:$ORIGIN/../lib/x86_64-unknown-linux-gnu"
[4597/4598] cd /home/tim911004/.llvm-project/stage1_build/tools/llvm-symbolizer && /home/tim911004/miniconda3/envs/cuda-quantum/lib/python3.10/site-packages/cmake/data/bin/cmake -DCMAKE_INSTALL_COMPONENT="llvm-symbolizer" -DCMAKE_INSTALL_DO_STRIP=1 -P /home/tim911004/.llvm-project/stage1_build/cmake_install.cmake
-- Install configuration: "Release"
-- Installing: /tmp/tmp.R4DfmRPr45/llvm/bin/llvm-symbolizer
-- Set non-toolchain portion of runtime path of "/tmp/tmp.R4DfmRPr45/llvm/bin/llvm-symbolizer" to "$ORIGIN:$ORIGIN/../lib:$ORIGIN/x86_64-unknown-linux-gnu:$ORIGIN/lib/x86_64-unknown-linux-gnu:$ORIGIN/../lib/x86_64-unknown-linux-gnu"
Building runtime components...
[1/55] Generating ../../bin/llvm-ranlib
[2/55] Building ObjcopyOpts.inc...
[3/55] Building Opts.inc...
[4/55] Building InstallNameToolOpts.inc...
[5/55] Building ObjdumpOpts.inc...
[6/55] Building BitcodeStripOpts.inc...
[7/55] Building OtoolOpts.inc...
[8/55] Building StripOpts.inc...
[9/55] Building CXX object tools/llvm-readobj/CMakeFiles/llvm-readobj.dir/COFFImportDumper.cpp.o
[10/55] Building CXX object tools/llvm-readobj/CMakeFiles/llvm-readobj.dir/WasmDumper.cpp.o
[11/55] Building CXX object tools/llvm-objcopy/CMakeFiles/llvm-objcopy.dir/llvm-objcopy-driver.cpp.o
[12/55] Building CXX object tools/llvm-readobj/CMakeFiles/llvm-readobj.dir/ObjDumper.cpp.o
[13/55] Building CXX object tools/llvm-readobj/CMakeFiles/llvm-readobj.dir/ARMWinEHPrinter.cpp.o
[14/55] Building CXX object tools/llvm-readobj/CMakeFiles/llvm-readobj.dir/llvm-readobj-driver.cpp.o
[15/55] Building CXX object tools/llvm-readobj/CMakeFiles/llvm-readobj.dir/Win64EHDumper.cpp.o
[16/55] Building CXX object tools/llvm-objcopy/CMakeFiles/llvm-objcopy.dir/llvm-objcopy.cpp.o
[17/55] Building CXX object tools/llvm-readobj/CMakeFiles/llvm-readobj.dir/llvm-readobj.cpp.o
[18/55] Building CXX object tools/llvm-readobj/CMakeFiles/llvm-readobj.dir/WindowsResourceDumper.cpp.o
[19/55] Building CXX object tools/llvm-objcopy/CMakeFiles/llvm-objcopy.dir/ObjcopyOptions.cpp.o
[20/55] Building CXX object tools/llvm-readobj/CMakeFiles/llvm-readobj.dir/MachODumper.cpp.o
[21/55] Building CXX object tools/llvm-readobj/CMakeFiles/llvm-readobj.dir/XCOFFDumper.cpp.o
[22/55] Linking CXX executable bin/llvm-objcopy
[23/55] Building CXX object tools/llvm-objdump/CMakeFiles/llvm-objdump.dir/SourcePrinter.cpp.o
[24/55] Generating ../../bin/llvm-strip
[25/55] Building CXX object tools/llvm-objdump/CMakeFiles/llvm-objdump.dir/COFFDump.cpp.o
[26/55] Building CXX object tools/llvm-objdump/CMakeFiles/llvm-objdump.dir/WasmDump.cpp.o
[27/55] Building CXX object tools/llvm-objdump/CMakeFiles/llvm-objdump.dir/OffloadDump.cpp.o
[28/55] Building CXX object tools/llvm-objdump/CMakeFiles/llvm-objdump.dir/XCOFFDump.cpp.o
[29/55] Building CXX object tools/llvm-readobj/CMakeFiles/llvm-readobj.dir/COFFDumper.cpp.o
[30/55] Building CXX object tools/llvm-objdump/CMakeFiles/llvm-objdump.dir/ELFDump.cpp.o
[31/55] Building CXX object tools/llvm-objdump/CMakeFiles/llvm-objdump.dir/llvm-objdump.cpp.o
[32/55] Building CXX object tools/llvm-objdump/CMakeFiles/llvm-objdump.dir/MachODump.cpp.o
[33/55] Linking CXX executable bin/llvm-objdump
[34/55] Building CXX object tools/llvm-readobj/CMakeFiles/llvm-readobj.dir/ELFDumper.cpp.o
[35/55] Linking CXX executable bin/llvm-readobj
[36/55] Generating ../../bin/llvm-readelf
[37/55] Clobbering bootstrap build and stamp directories
[38/55] Creating directories for 'builtins'
[39/55] No download step for 'builtins'
[40/55] No update step for 'builtins'
[41/55] No patch step for 'builtins'
[41/55] Performing configure step for 'builtins'
-- The C compiler identification is Clang 16.0.6
-- The ASM compiler identification is Clang with GNU-like command-line
-- Found assembler: /home/tim911004/.llvm-project/stage1_build/./bin/clang
-- Detecting C compiler ABI info
-- Detecting C compiler ABI info - done
-- Check for working C compiler: /home/tim911004/.llvm-project/stage1_build/./bin/clang - skipped
-- Detecting C compile features
-- Detecting C compile features - done
-- Looking for unwind.h
-- Looking for unwind.h - found
-- Looking for rpc/xdr.h
-- Looking for rpc/xdr.h - not found
CMake Warning at /home/tim911004/.llvm-project/compiler-rt/cmake/Modules/CompilerRTUtils.cmake:281 (message):
  LLVM_CONFIG_PATH is deprecated, please use LLVM_CMAKE_DIR instead
Call Stack (most recent call first):
  CMakeLists.txt:36 (load_llvm_config)


-- Found ZLIB: /home/tim911004/miniconda3/envs/cuda-quantum/lib/libz.so (found version "1.3.1")  
-- Found zstd: /home/tim911004/miniconda3/envs/cuda-quantum/lib/libzstd.so  
-- Found LibXml2: /home/tim911004/miniconda3/envs/cuda-quantum/lib/libxml2.so (found version "2.13.5") 
CMake Warning at /home/tim911004/.llvm-project/compiler-rt/cmake/Modules/CompilerRTUtils.cmake:326 (message):
  LLVMTestingSupport not found in LLVM_AVAILABLE_LIBS
Call Stack (most recent call first):
  CMakeLists.txt:36 (load_llvm_config)


-- LLVM_MAIN_SRC_DIR: "/home/tim911004/.llvm-project/llvm"
CMake Deprecation Warning at /home/tim911004/.llvm-project/compiler-rt/cmake/Modules/AddCompilerRT.cmake:8 (cmake_policy):
  The OLD behavior for policy CMP0114 will be removed from a future version
  of CMake.

  The cmake-policies(7) manual explains that the OLD behaviors of all
  policies are deprecated and that a policy should be set to OLD only under
  specific short-term circumstances.  Projects should be ported to the NEW
  behavior and not rely on setting a policy to OLD.
Call Stack (most recent call first):
  CMakeLists.txt:47 (include)


-- Performing Test COMPILER_RT_HAS_FPIC_FLAG
-- Performing Test COMPILER_RT_HAS_FPIC_FLAG - Success
-- Performing Test COMPILER_RT_HAS_FPIE_FLAG
-- Performing Test COMPILER_RT_HAS_FPIE_FLAG - Success
-- Performing Test COMPILER_RT_HAS_FNO_BUILTIN_FLAG
-- Performing Test COMPILER_RT_HAS_FNO_BUILTIN_FLAG - Success
-- Performing Test COMPILER_RT_HAS_STD_C11_FLAG
-- Performing Test COMPILER_RT_HAS_STD_C11_FLAG - Success
-- Performing Test COMPILER_RT_HAS_VISIBILITY_HIDDEN_FLAG
-- Performing Test COMPILER_RT_HAS_VISIBILITY_HIDDEN_FLAG - Success
-- Performing Test COMPILER_RT_HAS_OMIT_FRAME_POINTER_FLAG
-- Performing Test COMPILER_RT_HAS_OMIT_FRAME_POINTER_FLAG - Success
-- Performing Test COMPILER_RT_HAS_FFREESTANDING_FLAG
-- Performing Test COMPILER_RT_HAS_FFREESTANDING_FLAG - Success
-- Performing Test COMPILER_RT_HAS_XRAY_COMPILER_FLAG
-- Performing Test COMPILER_RT_HAS_XRAY_COMPILER_FLAG - Success
-- Performing Test COMPILER_RT_HAS_ATOMIC_KEYWORD
-- Performing Test COMPILER_RT_HAS_ATOMIC_KEYWORD - Success
-- Performing Test COMPILER_RT_HAS_ASM_LSE
-- Performing Test COMPILER_RT_HAS_ASM_LSE - Failed
-- Looking for __i386__
-- Looking for __i386__ - found
-- Builtin supported architectures: x86_64
-- Performing additional configure checks with target flags: -m64
-- Performing Test COMPILER_RT_HAS_x86_64_FLOAT16
-- Performing Test COMPILER_RT_HAS_x86_64_FLOAT16 - Success
-- Performing Test COMPILER_RT_HAS_x86_64_BFLOAT16
-- Performing Test COMPILER_RT_HAS_x86_64_BFLOAT16 - Success
-- For x86_64 builtins preferring i386/fp_mode.c to fp_mode.c
-- For x86_64 builtins preferring x86_64/floatdidf.c to floatdidf.c
-- For x86_64 builtins preferring x86_64/floatdisf.c to floatdisf.c
-- For x86_64 builtins preferring x86_64/floatundidf.S to floatundidf.c
-- For x86_64 builtins preferring x86_64/floatundisf.S to floatundisf.c
-- For x86_64 builtins preferring x86_64/floatdixf.c to floatdixf.c
-- For x86_64 builtins preferring x86_64/floatundixf.S to floatundixf.c
-- Configuring done (1.6s)
-- Generating done (0.0s)
CMake Warning:
  Manually-specified variables were not used by the project:

    CMAKE_CXX_COMPILER
    COMPILER_RT_BUILD_BUILTINS
    COMPILER_RT_BUILD_CRT
    COMPILER_RT_BUILD_CTX_PROFILE
    COMPILER_RT_BUILD_LIBFUZZER
    COMPILER_RT_BUILD_MEMPROF
    COMPILER_RT_BUILD_ORC
    COMPILER_RT_BUILD_PROFILE
    COMPILER_RT_BUILD_SANITIZERS
    COMPILER_RT_BUILD_XRAY
    COMPILER_RT_CRT_STANDALONE_BUILD
    COMPILER_RT_ENABLE_STATIC_UNWINDER
    COMPILER_RT_HAS_GCC_LIB
    COMPILER_RT_HAS_GCC_S_LIB
    COMPILER_RT_USE_LIBCXX
    COMPILER_RT_USE_LLVM_UNWINDER
    HAVE_LLVM_LIT
    LLVM_DEFAULT_TARGET_TRIPLE
    LLVM_HAVE_LINK_VERSION_SCRIPT
    LLVM_SOURCE_PREFIX
    LLVM_USE_RELATIVE_PATHS_IN_DEBUG_INFO
    LLVM_USE_RELATIVE_PATHS_IN_FILES


-- Build files have been written to: /home/tim911004/.llvm-project/stage1_build/runtimes/builtins-bins
[42/55] Performing build step for 'builtins'
[1/166] Building C object CMakeFiles/clang_rt.builtins-x86_64.dir/absvsi2.c.o
[2/166] Building C object CMakeFiles/clang_rt.builtins-x86_64.dir/absvdi2.c.o
[3/166] Building C object CMakeFiles/clang_rt.builtins-x86_64.dir/absvti2.c.o
[4/166] Building C object CMakeFiles/clang_rt.builtins-x86_64.dir/adddf3.c.o
[5/166] Building C object CMakeFiles/clang_rt.builtins-x86_64.dir/addvdi3.c.o
[6/166] Building C object CMakeFiles/clang_rt.builtins-x86_64.dir/addvsi3.c.o
[7/166] Building C object CMakeFiles/clang_rt.builtins-x86_64.dir/addvti3.c.o
[8/166] Building C object CMakeFiles/clang_rt.builtins-x86_64.dir/addsf3.c.o
[9/166] Building C object CMakeFiles/clang_rt.builtins-x86_64.dir/apple_versioning.c.o
[10/166] Building C object CMakeFiles/clang_rt.builtins-x86_64.dir/ashldi3.c.o
[11/166] Building C object CMakeFiles/clang_rt.builtins-x86_64.dir/ashlti3.c.o
[12/166] Building C object CMakeFiles/clang_rt.builtins-x86_64.dir/ashrdi3.c.o
[13/166] Building C object CMakeFiles/clang_rt.builtins-x86_64.dir/ashrti3.c.o
[14/166] Building C object CMakeFiles/clang_rt.builtins-x86_64.dir/bswapdi2.c.o
[15/166] Building C object CMakeFiles/clang_rt.builtins-x86_64.dir/bswapsi2.c.o
[16/166] Building C object CMakeFiles/clang_rt.builtins-x86_64.dir/clzdi2.c.o
[17/166] Building C object CMakeFiles/clang_rt.builtins-x86_64.dir/clzsi2.c.o
[18/166] Building C object CMakeFiles/clang_rt.builtins-x86_64.dir/clzti2.c.o
[19/166] Building C object CMakeFiles/clang_rt.builtins-x86_64.dir/cmpdi2.c.o
[20/166] Building C object CMakeFiles/clang_rt.builtins-x86_64.dir/cmpti2.c.o
[21/166] Building C object CMakeFiles/clang_rt.builtins-x86_64.dir/comparedf2.c.o
[22/166] Building C object CMakeFiles/clang_rt.builtins-x86_64.dir/comparesf2.c.o
[23/166] Building C object CMakeFiles/clang_rt.builtins-x86_64.dir/ctzdi2.c.o
[24/166] Building C object CMakeFiles/clang_rt.builtins-x86_64.dir/ctzsi2.c.o
[25/166] Building C object CMakeFiles/clang_rt.builtins-x86_64.dir/ctzti2.c.o
[26/166] Building C object CMakeFiles/clang_rt.builtins-x86_64.dir/divdi3.c.o
[27/166] Building C object CMakeFiles/clang_rt.builtins-x86_64.dir/divmoddi4.c.o
[28/166] Building C object CMakeFiles/clang_rt.builtins-x86_64.dir/divdc3.c.o
[29/166] Building C object CMakeFiles/clang_rt.builtins-x86_64.dir/divdf3.c.o
[30/166] Building C object CMakeFiles/clang_rt.builtins-x86_64.dir/divmodsi4.c.o
[31/166] Building C object CMakeFiles/clang_rt.builtins-x86_64.dir/divmodti4.c.o
[32/166] Building C object CMakeFiles/clang_rt.builtins-x86_64.dir/divsi3.c.o
[33/166] Building C object CMakeFiles/clang_rt.builtins-x86_64.dir/divsc3.c.o
[34/166] Building C object CMakeFiles/clang_rt.builtins-x86_64.dir/divsf3.c.o
[35/166] Building C object CMakeFiles/clang_rt.builtins-x86_64.dir/divti3.c.o
[36/166] Building C object CMakeFiles/clang_rt.builtins-x86_64.dir/ffsdi2.c.o
[37/166] Building C object CMakeFiles/clang_rt.builtins-x86_64.dir/extendsfdf2.c.o
[38/166] Building C object CMakeFiles/clang_rt.builtins-x86_64.dir/extendhfsf2.c.o
[39/166] Building C object CMakeFiles/clang_rt.builtins-x86_64.dir/ffssi2.c.o
[40/166] Building C object CMakeFiles/clang_rt.builtins-x86_64.dir/ffsti2.c.o
[41/166] Building C object CMakeFiles/clang_rt.builtins-x86_64.dir/fixdfdi.c.o
[42/166] Building C object CMakeFiles/clang_rt.builtins-x86_64.dir/fixdfsi.c.o
[43/166] Building C object CMakeFiles/clang_rt.builtins-x86_64.dir/fixdfti.c.o
[44/166] Building C object CMakeFiles/clang_rt.builtins-x86_64.dir/fixsfdi.c.o
[45/166] Building C object CMakeFiles/clang_rt.builtins-x86_64.dir/fixsfsi.c.o
[46/166] Building C object CMakeFiles/clang_rt.builtins-x86_64.dir/fixsfti.c.o
[47/166] Building C object CMakeFiles/clang_rt.builtins-x86_64.dir/fixunsdfdi.c.o
[48/166] Building C object CMakeFiles/clang_rt.builtins-x86_64.dir/fixunsdfsi.c.o
[49/166] Building C object CMakeFiles/clang_rt.builtins-x86_64.dir/fixunsdfti.c.o
[50/166] Building C object CMakeFiles/clang_rt.builtins-x86_64.dir/fixunssfdi.c.o
[51/166] Building C object CMakeFiles/clang_rt.builtins-x86_64.dir/fixunssfsi.c.o
[52/166] Building C object CMakeFiles/clang_rt.builtins-x86_64.dir/floatsidf.c.o
[53/166] Building C object CMakeFiles/clang_rt.builtins-x86_64.dir/fixunssfti.c.o
[54/166] Building C object CMakeFiles/clang_rt.builtins-x86_64.dir/floatsisf.c.o
[55/166] Building C object CMakeFiles/clang_rt.builtins-x86_64.dir/floattidf.c.o
[56/166] Building C object CMakeFiles/clang_rt.builtins-x86_64.dir/floatunsidf.c.o
[57/166] Building C object CMakeFiles/clang_rt.builtins-x86_64.dir/floatunsisf.c.o
[58/166] Building C object CMakeFiles/clang_rt.builtins-x86_64.dir/floattisf.c.o
[59/166] Building C object CMakeFiles/clang_rt.builtins-x86_64.dir/floatuntidf.c.o
[60/166] Building C object CMakeFiles/clang_rt.builtins-x86_64.dir/int_util.c.o
[61/166] Building C object CMakeFiles/clang_rt.builtins-x86_64.dir/floatuntisf.c.o
[62/166] Building C object CMakeFiles/clang_rt.builtins-x86_64.dir/lshrdi3.c.o
[63/166] Building C object CMakeFiles/clang_rt.builtins-x86_64.dir/lshrti3.c.o
[64/166] Building C object CMakeFiles/clang_rt.builtins-x86_64.dir/modsi3.c.o
[65/166] Building C object CMakeFiles/clang_rt.builtins-x86_64.dir/moddi3.c.o
[66/166] Building C object CMakeFiles/clang_rt.builtins-x86_64.dir/modti3.c.o
[67/166] Building C object CMakeFiles/clang_rt.builtins-x86_64.dir/muldc3.c.o
[68/166] Building C object CMakeFiles/clang_rt.builtins-x86_64.dir/muldi3.c.o
[69/166] Building C object CMakeFiles/clang_rt.builtins-x86_64.dir/mulodi4.c.o
[70/166] Building C object CMakeFiles/clang_rt.builtins-x86_64.dir/muldf3.c.o
[71/166] Building C object CMakeFiles/clang_rt.builtins-x86_64.dir/mulosi4.c.o
[72/166] Building C object CMakeFiles/clang_rt.builtins-x86_64.dir/muloti4.c.o
[73/166] Building C object CMakeFiles/clang_rt.builtins-x86_64.dir/mulsc3.c.o
[74/166] Building C object CMakeFiles/clang_rt.builtins-x86_64.dir/multi3.c.o
[75/166] Building C object CMakeFiles/clang_rt.builtins-x86_64.dir/mulvdi3.c.o
[76/166] Building C object CMakeFiles/clang_rt.builtins-x86_64.dir/mulsf3.c.o
[77/166] Building C object CMakeFiles/clang_rt.builtins-x86_64.dir/mulvsi3.c.o
[78/166] Building C object CMakeFiles/clang_rt.builtins-x86_64.dir/mulvti3.c.o
[79/166] Building C object CMakeFiles/clang_rt.builtins-x86_64.dir/negdf2.c.o
[80/166] Building C object CMakeFiles/clang_rt.builtins-x86_64.dir/negdi2.c.o
[81/166] Building C object CMakeFiles/clang_rt.builtins-x86_64.dir/negsf2.c.o
[82/166] Building C object CMakeFiles/clang_rt.builtins-x86_64.dir/negti2.c.o
[83/166] Building C object CMakeFiles/clang_rt.builtins-x86_64.dir/negvdi2.c.o
[84/166] Building C object CMakeFiles/clang_rt.builtins-x86_64.dir/negvsi2.c.o
[85/166] Building C object CMakeFiles/clang_rt.builtins-x86_64.dir/negvti2.c.o
[86/166] Building C object CMakeFiles/clang_rt.builtins-x86_64.dir/os_version_check.c.o
[87/166] Building C object CMakeFiles/clang_rt.builtins-x86_64.dir/paritydi2.c.o
[88/166] Building C object CMakeFiles/clang_rt.builtins-x86_64.dir/paritysi2.c.o
[89/166] Building C object CMakeFiles/clang_rt.builtins-x86_64.dir/parityti2.c.o
[90/166] Building C object CMakeFiles/clang_rt.builtins-x86_64.dir/popcountdi2.c.o
[91/166] Building C object CMakeFiles/clang_rt.builtins-x86_64.dir/popcountsi2.c.o
[92/166] Building C object CMakeFiles/clang_rt.builtins-x86_64.dir/popcountti2.c.o
[93/166] Building C object CMakeFiles/clang_rt.builtins-x86_64.dir/powidf2.c.o
[94/166] Building C object CMakeFiles/clang_rt.builtins-x86_64.dir/powisf2.c.o
[95/166] Building C object CMakeFiles/clang_rt.builtins-x86_64.dir/subdf3.c.o
[96/166] Building C object CMakeFiles/clang_rt.builtins-x86_64.dir/subsf3.c.o
[97/166] Building C object CMakeFiles/clang_rt.builtins-x86_64.dir/subvdi3.c.o
[98/166] Building C object CMakeFiles/clang_rt.builtins-x86_64.dir/subvsi3.c.o
[99/166] Building C object CMakeFiles/clang_rt.builtins-x86_64.dir/subvti3.c.o
[100/166] Building C object CMakeFiles/clang_rt.builtins-x86_64.dir/trampoline_setup.c.o
[101/166] Building C object CMakeFiles/clang_rt.builtins-x86_64.dir/truncdfhf2.c.o
[102/166] Building C object CMakeFiles/clang_rt.builtins-x86_64.dir/ucmpdi2.c.o
[103/166] Building C object CMakeFiles/clang_rt.builtins-x86_64.dir/truncdfsf2.c.o
[104/166] Building C object CMakeFiles/clang_rt.builtins-x86_64.dir/truncsfhf2.c.o
[105/166] Building C object CMakeFiles/clang_rt.builtins-x86_64.dir/ucmpti2.c.o
[106/166] Building C object CMakeFiles/clang_rt.builtins-x86_64.dir/udivdi3.c.o
[107/166] Building C object CMakeFiles/clang_rt.builtins-x86_64.dir/udivmodsi4.c.o
[108/166] Building C object CMakeFiles/clang_rt.builtins-x86_64.dir/udivmoddi4.c.o
[109/166] Building C object CMakeFiles/clang_rt.builtins-x86_64.dir/udivmodti4.c.o
[110/166] Building C object CMakeFiles/clang_rt.builtins-x86_64.dir/udivti3.c.o
[111/166] Building C object CMakeFiles/clang_rt.builtins-x86_64.dir/udivsi3.c.o
[112/166] Building C object CMakeFiles/clang_rt.builtins-x86_64.dir/umoddi3.c.o
[113/166] Building C object CMakeFiles/clang_rt.builtins-x86_64.dir/umodti3.c.o
[114/166] Building C object CMakeFiles/clang_rt.builtins-x86_64.dir/umodsi3.c.o
[115/166] Building C object CMakeFiles/clang_rt.builtins-x86_64.dir/enable_execute_stack.c.o
[116/166] Building C object CMakeFiles/clang_rt.builtins-x86_64.dir/emutls.c.o
[117/166] Building C object CMakeFiles/clang_rt.builtins-x86_64.dir/eprintf.c.o
[118/166] Building C object CMakeFiles/clang_rt.builtins-x86_64.dir/gcc_personality_v0.c.o
[119/166] Building C object CMakeFiles/clang_rt.builtins-x86_64.dir/clear_cache.c.o
[120/166] Building C object CMakeFiles/clang_rt.builtins-x86_64.dir/addtf3.c.o
[121/166] Building C object CMakeFiles/clang_rt.builtins-x86_64.dir/comparetf2.c.o
[122/166] Building C object CMakeFiles/clang_rt.builtins-x86_64.dir/divtf3.c.o
[123/166] Building C object CMakeFiles/clang_rt.builtins-x86_64.dir/extenddftf2.c.o
[124/166] Building C object CMakeFiles/clang_rt.builtins-x86_64.dir/extendhftf2.c.o
[125/166] Building C object CMakeFiles/clang_rt.builtins-x86_64.dir/divtc3.c.o
[126/166] Building C object CMakeFiles/clang_rt.builtins-x86_64.dir/extendsftf2.c.o
[127/166] Building C object CMakeFiles/clang_rt.builtins-x86_64.dir/fixtfdi.c.o
[128/166] Building C object CMakeFiles/clang_rt.builtins-x86_64.dir/fixtfsi.c.o
[129/166] Building C object CMakeFiles/clang_rt.builtins-x86_64.dir/fixtfti.c.o
[130/166] Building C object CMakeFiles/clang_rt.builtins-x86_64.dir/fixunstfdi.c.o
[131/166] Building C object CMakeFiles/clang_rt.builtins-x86_64.dir/fixunstfsi.c.o
[132/166] Building C object CMakeFiles/clang_rt.builtins-x86_64.dir/fixunstfti.c.o
[133/166] Building C object CMakeFiles/clang_rt.builtins-x86_64.dir/floatditf.c.o
[134/166] Building C object CMakeFiles/clang_rt.builtins-x86_64.dir/floatsitf.c.o
[135/166] Building C object CMakeFiles/clang_rt.builtins-x86_64.dir/floattitf.c.o
[136/166] Building C object CMakeFiles/clang_rt.builtins-x86_64.dir/floatunditf.c.o
[137/166] Building C object CMakeFiles/clang_rt.builtins-x86_64.dir/floatunsitf.c.o
[138/166] Building C object CMakeFiles/clang_rt.builtins-x86_64.dir/floatuntitf.c.o
[139/166] Building C object CMakeFiles/clang_rt.builtins-x86_64.dir/multf3.c.o
[140/166] Building C object CMakeFiles/clang_rt.builtins-x86_64.dir/powitf2.c.o
[141/166] Building C object CMakeFiles/clang_rt.builtins-x86_64.dir/multc3.c.o
[142/166] Building C object CMakeFiles/clang_rt.builtins-x86_64.dir/subtf3.c.o
[143/166] Building C object CMakeFiles/clang_rt.builtins-x86_64.dir/trunctfdf2.c.o
[144/166] Building C object CMakeFiles/clang_rt.builtins-x86_64.dir/trunctfhf2.c.o
[145/166] Building C object CMakeFiles/clang_rt.builtins-x86_64.dir/trunctfsf2.c.o
[146/166] Building C object CMakeFiles/clang_rt.builtins-x86_64.dir/i386/fp_mode.c.o
[147/166] Building C object CMakeFiles/clang_rt.builtins-x86_64.dir/x86_64/floatdidf.c.o
[148/166] Building C object CMakeFiles/clang_rt.builtins-x86_64.dir/x86_64/floatdisf.c.o
[149/166] Building C object CMakeFiles/clang_rt.builtins-x86_64.dir/cpu_model.c.o
[150/166] Building C object CMakeFiles/clang_rt.builtins-x86_64.dir/divxc3.c.o
[151/166] Building ASM object CMakeFiles/clang_rt.builtins-x86_64.dir/x86_64/floatundidf.S.o
[152/166] Building ASM object CMakeFiles/clang_rt.builtins-x86_64.dir/x86_64/floatundisf.S.o
[153/166] Building C object CMakeFiles/clang_rt.builtins-x86_64.dir/fixxfdi.c.o
[154/166] Building C object CMakeFiles/clang_rt.builtins-x86_64.dir/fixxfti.c.o
[155/166] Building C object CMakeFiles/clang_rt.builtins-x86_64.dir/fixunsxfdi.c.o
[156/166] Building C object CMakeFiles/clang_rt.builtins-x86_64.dir/fixunsxfsi.c.o
[157/166] Building C object CMakeFiles/clang_rt.builtins-x86_64.dir/fixunsxfti.c.o
[158/166] Building C object CMakeFiles/clang_rt.builtins-x86_64.dir/floattixf.c.o
[159/166] Building C object CMakeFiles/clang_rt.builtins-x86_64.dir/floatuntixf.c.o
[160/166] Building C object CMakeFiles/clang_rt.builtins-x86_64.dir/mulxc3.c.o
[161/166] Building C object CMakeFiles/clang_rt.builtins-x86_64.dir/x86_64/floatdixf.c.o
[162/166] Building C object CMakeFiles/clang_rt.builtins-x86_64.dir/powixf2.c.o
[163/166] Building C object CMakeFiles/clang_rt.builtins-x86_64.dir/truncdfbf2.c.o
[164/166] Building ASM object CMakeFiles/clang_rt.builtins-x86_64.dir/x86_64/floatundixf.S.o
[165/166] Building C object CMakeFiles/clang_rt.builtins-x86_64.dir/truncsfbf2.c.o
[166/166] Linking C static library /home/tim911004/.llvm-project/stage1_build/lib/clang/16/lib/x86_64-conda-linux-gnu/libclang_rt.builtins.a
[43/55] No install step for 'builtins'
[45/55] Completed 'builtins'
[46/55] Clobbering bootstrap build and stamp directories
[47/55] Creating directories for 'runtimes'
[48/55] No download step for 'runtimes'
[49/55] No update step for 'runtimes'
[50/55] No patch step for 'runtimes'
[50/55] Performing configure step for 'runtimes'
-- The C compiler identification is Clang 16.0.6
-- The CXX compiler identification is Clang 16.0.6
-- The ASM compiler identification is Clang with GNU-like command-line
-- Found assembler: /home/tim911004/.llvm-project/stage1_build/./bin/clang
-- Detecting C compiler ABI info
-- Detecting C compiler ABI info - failed
-- Detecting C compile features
-- Detecting C compile features - done
-- Detecting CXX compiler ABI info
-- Detecting CXX compiler ABI info - failed
-- Detecting CXX compile features
-- Detecting CXX compile features - done
-- Performing Test Terminfo_LINKABLE
-- Performing Test Terminfo_LINKABLE - Failed
-- Could NOT find Terminfo (missing: Terminfo_LINKABLE) 
-- Found ZLIB: /home/tim911004/miniconda3/envs/cuda-quantum/lib/libz.so (found version "1.3.1")  
-- Found LibXml2: /home/tim911004/miniconda3/envs/cuda-quantum/lib/libxml2.so (found version "2.13.5") 
-- Could NOT find Terminfo (missing: Terminfo_LINKABLE) 
-- Performing Test LLVM_RUNTIMES_LINKING_WORKS
-- Performing Test LLVM_RUNTIMES_LINKING_WORKS - Failed
-- Performing Test CXX_SUPPORTS_UNWINDLIB_EQ_NONE_FLAG
-- Performing Test CXX_SUPPORTS_UNWINDLIB_EQ_NONE_FLAG - Failed
-- Performing Test CXX_SUPPORTS_NOSTDLIBXX_FLAG
-- Performing Test CXX_SUPPORTS_NOSTDLIBXX_FLAG - Failed
-- Performing Test CXX_SUPPORTS_NOSTDINCXX_FLAG
-- Performing Test CXX_SUPPORTS_NOSTDINCXX_FLAG - Failed
CMake Warning (dev) at /home/tim911004/miniconda3/envs/cuda-quantum/lib/python3.10/site-packages/cmake/data/share/cmake-3.28/Modules/GNUInstallDirs.cmake:243 (message):
  Unable to determine default CMAKE_INSTALL_LIBDIR directory because no
  target architecture is known.  Please enable at least one language before
  including GNUInstallDirs.
Call Stack (most recent call first):
  /home/tim911004/.llvm-project/llvm/cmake/modules/AddLLVM.cmake:1 (include)
  CMakeLists.txt:156 (include)
This warning is for project developers.  Use -Wno-dev to suppress it.

-- Linker detection: LLD
-- Performing Test C_SUPPORTS_FPIC
-- Performing Test C_SUPPORTS_FPIC - Failed
-- Performing Test CXX_SUPPORTS_FPIC
-- Performing Test CXX_SUPPORTS_FPIC - Failed
CMake Warning at /home/tim911004/.llvm-project/llvm/cmake/modules/HandleLLVMOptions.cmake:275 (message):
  -fPIC is not supported.
Call Stack (most recent call first):
  /home/tim911004/.llvm-project/llvm/cmake/modules/HandleLLVMOptions.cmake:332 (add_flag_or_print_warning)
  CMakeLists.txt:157 (include)


-- Performing Test C_SUPPORTS_FNO_SEMANTIC_INTERPOSITION
-- Performing Test C_SUPPORTS_FNO_SEMANTIC_INTERPOSITION - Failed
-- Performing Test CXX_SUPPORTS_FNO_SEMANTIC_INTERPOSITION
-- Performing Test CXX_SUPPORTS_FNO_SEMANTIC_INTERPOSITION - Failed
-- Performing Test SUPPORTS_FVISIBILITY_INLINES_HIDDEN_FLAG
-- Performing Test SUPPORTS_FVISIBILITY_INLINES_HIDDEN_FLAG - Failed
-- Performing Test C_SUPPORTS_WERROR_DATE_TIME
-- Performing Test C_SUPPORTS_WERROR_DATE_TIME - Failed
-- Performing Test CXX_SUPPORTS_WERROR_DATE_TIME
-- Performing Test CXX_SUPPORTS_WERROR_DATE_TIME - Failed
-- Performing Test C_SUPPORTS_WERROR_UNGUARDED_AVAILABILITY_NEW
-- Performing Test C_SUPPORTS_WERROR_UNGUARDED_AVAILABILITY_NEW - Failed
-- Performing Test CXX_SUPPORTS_WERROR_UNGUARDED_AVAILABILITY_NEW
-- Performing Test CXX_SUPPORTS_WERROR_UNGUARDED_AVAILABILITY_NEW - Failed
-- Performing Test CXX_SUPPORTS_MISSING_FIELD_INITIALIZERS_FLAG
-- Performing Test CXX_SUPPORTS_MISSING_FIELD_INITIALIZERS_FLAG - Failed
-- Performing Test C_SUPPORTS_IMPLICIT_FALLTHROUGH_FLAG
-- Performing Test C_SUPPORTS_IMPLICIT_FALLTHROUGH_FLAG - Failed
-- Performing Test CXX_SUPPORTS_IMPLICIT_FALLTHROUGH_FLAG
-- Performing Test CXX_SUPPORTS_IMPLICIT_FALLTHROUGH_FLAG - Failed
-- Performing Test C_SUPPORTS_COVERED_SWITCH_DEFAULT_FLAG
-- Performing Test C_SUPPORTS_COVERED_SWITCH_DEFAULT_FLAG - Failed
-- Performing Test CXX_SUPPORTS_COVERED_SWITCH_DEFAULT_FLAG
-- Performing Test CXX_SUPPORTS_COVERED_SWITCH_DEFAULT_FLAG - Failed
-- Performing Test CXX_SUPPORTS_CLASS_MEMACCESS_FLAG
-- Performing Test CXX_SUPPORTS_CLASS_MEMACCESS_FLAG - Failed
-- Performing Test CXX_SUPPORTS_NOEXCEPT_TYPE_FLAG
-- Performing Test CXX_SUPPORTS_NOEXCEPT_TYPE_FLAG - Failed
-- Performing Test CXX_WONT_WARN_ON_FINAL_NONVIRTUALDTOR
-- Performing Test CXX_WONT_WARN_ON_FINAL_NONVIRTUALDTOR - Failed
-- Performing Test CXX_SUPPORTS_SUGGEST_OVERRIDE_FLAG
-- Performing Test CXX_SUPPORTS_SUGGEST_OVERRIDE_FLAG - Failed
-- Performing Test C_WCOMMENT_ALLOWS_LINE_WRAP
-- Performing Test C_WCOMMENT_ALLOWS_LINE_WRAP - Failed
-- Performing Test C_SUPPORTS_STRING_CONVERSION_FLAG
-- Performing Test C_SUPPORTS_STRING_CONVERSION_FLAG - Failed
-- Performing Test CXX_SUPPORTS_STRING_CONVERSION_FLAG
-- Performing Test CXX_SUPPORTS_STRING_CONVERSION_FLAG - Failed
-- Performing Test C_SUPPORTS_MISLEADING_INDENTATION_FLAG
-- Performing Test C_SUPPORTS_MISLEADING_INDENTATION_FLAG - Failed
-- Performing Test CXX_SUPPORTS_MISLEADING_INDENTATION_FLAG
-- Performing Test CXX_SUPPORTS_MISLEADING_INDENTATION_FLAG - Failed
-- Performing Test C_SUPPORTS_CTAD_MAYBE_UNSPPORTED_FLAG
-- Performing Test C_SUPPORTS_CTAD_MAYBE_UNSPPORTED_FLAG - Failed
-- Performing Test CXX_SUPPORTS_CTAD_MAYBE_UNSPPORTED_FLAG
-- Performing Test CXX_SUPPORTS_CTAD_MAYBE_UNSPPORTED_FLAG - Failed
-- Performing Test LINKER_SUPPORTS_COLOR_DIAGNOSTICS
-- Performing Test LINKER_SUPPORTS_COLOR_DIAGNOSTICS - Failed
-- Performing Test C_SUPPORTS_FNO_FUNCTION_SECTIONS
-- Performing Test C_SUPPORTS_FNO_FUNCTION_SECTIONS - Failed
-- Performing Test C_SUPPORTS_FDATA_SECTIONS
-- Performing Test C_SUPPORTS_FDATA_SECTIONS - Failed
-- Performing Test CXX_SUPPORTS_FDATA_SECTIONS
-- Performing Test CXX_SUPPORTS_FDATA_SECTIONS - Failed
-- Looking for os_signpost_interval_begin
-- Looking for os_signpost_interval_begin - not found
-- Found Python3: /home/tim911004/miniconda3/bin/python3.12 (found version "3.12.7") found components: Interpreter 
-- LLVM host triple: x86_64-unknown-linux-gnu
-- LLVM default target triple: x86_64-unknown-linux-gnu
-- Using libunwind testing configuration: /home/tim911004/.llvm-project/libunwind/test/configs/llvm-libunwind-shared.cfg.in
-- Looking for fopen in c
-- Looking for fopen in c - not found
-- Performing Test C_SUPPORTS_NODEFAULTLIBS_FLAG
-- Performing Test C_SUPPORTS_NODEFAULTLIBS_FLAG - Failed
-- Performing Test C_SUPPORTS_COMMENT_LIB_PRAGMA
-- Performing Test C_SUPPORTS_COMMENT_LIB_PRAGMA - Failed
-- Looking for __arm__
-- Looking for __arm__ - not found
-- Looking for __USING_SJLJ_EXCEPTIONS__
-- Looking for __USING_SJLJ_EXCEPTIONS__ - not found
-- Looking for __ARM_DWARF_EH__
-- Looking for __ARM_DWARF_EH__ - not found
-- Looking for dladdr in dl
-- Looking for dladdr in dl - not found
-- Looking for pthread_once in pthread
-- Looking for pthread_once in pthread - not found
-- Performing Test CXX_SUPPORTS_WERROR_EQ_RETURN_TYPE_FLAG
-- Performing Test CXX_SUPPORTS_WERROR_EQ_RETURN_TYPE_FLAG - Failed
-- Performing Test CXX_SUPPORTS_W_FLAG
-- Performing Test CXX_SUPPORTS_W_FLAG - Failed
-- Performing Test CXX_SUPPORTS_WALL_FLAG
-- Performing Test CXX_SUPPORTS_WALL_FLAG - Failed
-- Performing Test CXX_SUPPORTS_WCHAR_SUBSCRIPTS_FLAG
-- Performing Test CXX_SUPPORTS_WCHAR_SUBSCRIPTS_FLAG - Failed
-- Performing Test CXX_SUPPORTS_WCONVERSION_FLAG
-- Performing Test CXX_SUPPORTS_WCONVERSION_FLAG - Failed
-- Performing Test CXX_SUPPORTS_WMISMATCHED_TAGS_FLAG
-- Performing Test CXX_SUPPORTS_WMISMATCHED_TAGS_FLAG - Failed
-- Performing Test CXX_SUPPORTS_WMISSING_BRACES_FLAG
-- Performing Test CXX_SUPPORTS_WMISSING_BRACES_FLAG - Failed
-- Performing Test CXX_SUPPORTS_WNEWLINE_EOF_FLAG
-- Performing Test CXX_SUPPORTS_WNEWLINE_EOF_FLAG - Failed
-- Performing Test CXX_SUPPORTS_WNO_UNUSED_FUNCTION_FLAG
-- Performing Test CXX_SUPPORTS_WNO_UNUSED_FUNCTION_FLAG - Failed
-- Performing Test CXX_SUPPORTS_WSHADOW_FLAG
-- Performing Test CXX_SUPPORTS_WSHADOW_FLAG - Failed
-- Performing Test CXX_SUPPORTS_WSHORTEN_64_TO_32_FLAG
-- Performing Test CXX_SUPPORTS_WSHORTEN_64_TO_32_FLAG - Failed
-- Performing Test CXX_SUPPORTS_WSIGN_COMPARE_FLAG
-- Performing Test CXX_SUPPORTS_WSIGN_COMPARE_FLAG - Failed
-- Performing Test CXX_SUPPORTS_WSIGN_CONVERSION_FLAG
-- Performing Test CXX_SUPPORTS_WSIGN_CONVERSION_FLAG - Failed
-- Performing Test CXX_SUPPORTS_WSTRICT_ALIASING_EQ_2_FLAG
-- Performing Test CXX_SUPPORTS_WSTRICT_ALIASING_EQ_2_FLAG - Failed
-- Performing Test CXX_SUPPORTS_WSTRICT_OVERFLOW_EQ_4_FLAG
-- Performing Test CXX_SUPPORTS_WSTRICT_OVERFLOW_EQ_4_FLAG - Failed
-- Performing Test CXX_SUPPORTS_WUNUSED_PARAMETER_FLAG
-- Performing Test CXX_SUPPORTS_WUNUSED_PARAMETER_FLAG - Failed
-- Performing Test CXX_SUPPORTS_WUNUSED_VARIABLE_FLAG
-- Performing Test CXX_SUPPORTS_WUNUSED_VARIABLE_FLAG - Failed
-- Performing Test CXX_SUPPORTS_WWRITE_STRINGS_FLAG
-- Performing Test CXX_SUPPORTS_WWRITE_STRINGS_FLAG - Failed
-- Performing Test CXX_SUPPORTS_WUNDEF_FLAG
-- Performing Test CXX_SUPPORTS_WUNDEF_FLAG - Failed
-- Performing Test CXX_SUPPORTS_WNO_SUGGEST_OVERRIDE_FLAG
-- Performing Test CXX_SUPPORTS_WNO_SUGGEST_OVERRIDE_FLAG - Failed
-- Performing Test CXX_SUPPORTS_WNO_ERROR_FLAG
-- Performing Test CXX_SUPPORTS_WNO_ERROR_FLAG - Failed
-- Performing Test CXX_SUPPORTS_WX_FLAG
-- Performing Test CXX_SUPPORTS_WX_FLAG - Failed
-- Performing Test CXX_SUPPORTS_PEDANTIC_FLAG
-- Performing Test CXX_SUPPORTS_PEDANTIC_FLAG - Failed
-- Performing Test CXX_SUPPORTS_FSTRICT_ALIASING_FLAG
-- Performing Test CXX_SUPPORTS_FSTRICT_ALIASING_FLAG - Failed
-- Performing Test CXX_SUPPORTS_EHSC_FLAG
-- Performing Test CXX_SUPPORTS_EHSC_FLAG - Failed
-- Performing Test CXX_SUPPORTS_FUNWIND_TABLES_FLAG
-- Performing Test CXX_SUPPORTS_FUNWIND_TABLES_FLAG - Success
-- Performing Test CXX_SUPPORTS_FNO_EXCEPTIONS_FLAG
-- Performing Test CXX_SUPPORTS_FNO_EXCEPTIONS_FLAG - Failed
-- Performing Test CXX_SUPPORTS_FNO_RTTI_FLAG
-- Performing Test CXX_SUPPORTS_FNO_RTTI_FLAG - Failed
-- Performing Test CXX_SUPPORTS_NODEFAULTLIBS_FLAG
-- Performing Test CXX_SUPPORTS_NODEFAULTLIBS_FLAG - Failed
CMake Error at /home/tim911004/.llvm-project/libunwind/src/CMakeLists.txt:109 (message):
  Compiler doesn't support generation of unwind tables if exception support
  is disabled.  Building libunwind DSO with runtime dependency on C++ ABI
  library is not supported.


-- Configuring incomplete, errors occurred!
FAILED: [code=1] runtimes/runtimes-stamps/runtimes-configure /home/tim911004/.llvm-project/stage1_build/runtimes/runtimes-stamps/runtimes-configure 
cd /home/tim911004/.llvm-project/stage1_build/runtimes/runtimes-bins && /home/tim911004/miniconda3/envs/cuda-quantum/lib/python3.10/site-packages/cmake/data/bin/cmake -DCMAKE_C_COMPILER=/home/tim911004/.llvm-project/stage1_build/./bin/clang -DCMAKE_CXX_COMPILER=/home/tim911004/.llvm-project/stage1_build/./bin/clang++ -DCMAKE_ASM_COMPILER=/home/tim911004/.llvm-project/stage1_build/./bin/clang -DCMAKE_LINKER=/home/tim911004/.llvm-project/stage1_build/./bin/ld.lld -DCMAKE_AR=/home/tim911004/.llvm-project/stage1_build/./bin/llvm-ar -DCMAKE_RANLIB=/home/tim911004/.llvm-project/stage1_build/./bin/llvm-ranlib -DCMAKE_NM=/home/tim911004/.llvm-project/stage1_build/./bin/llvm-nm -DCMAKE_OBJDUMP=/home/tim911004/.llvm-project/stage1_build/./bin/llvm-objdump -DCMAKE_OBJCOPY=/home/tim911004/.llvm-project/stage1_build/./bin/llvm-objcopy -DCMAKE_STRIP=/home/tim911004/.llvm-project/stage1_build/./bin/llvm-strip -DCMAKE_READELF=/home/tim911004/.llvm-project/stage1_build/./bin/llvm-readelf -DCMAKE_C_COMPILER_TARGET=x86_64-unknown-linux-gnu -DCMAKE_CXX_COMPILER_TARGET=x86_64-unknown-linux-gnu -DCMAKE_ASM_COMPILER_TARGET=x86_64-unknown-linux-gnu -DCMAKE_INSTALL_PREFIX=/tmp/tmp.R4DfmRPr45/llvm -DLLVM_BINARY_DIR=/home/tim911004/.llvm-project/stage1_build -DLLVM_CONFIG_PATH=/home/tim911004/.llvm-project/stage1_build/bin/llvm-config -DLLVM_ENABLE_WERROR=OFF -DLLVM_HOST_TRIPLE=x86_64-unknown-linux-gnu -DLLVM_HAVE_LINK_VERSION_SCRIPT=1 -DLLVM_USE_RELATIVE_PATHS_IN_DEBUG_INFO=OFF -DLLVM_USE_RELATIVE_PATHS_IN_FILES=OFF -DLLVM_LIT_ARGS=-sv -DLLVM_SOURCE_PREFIX= -DPACKAGE_VERSION=16.0.6 -DCMAKE_BUILD_TYPE=Release -DCMAKE_MAKE_PROGRAM=/home/tim911004/miniconda3/envs/cuda-quantum/bin/ninja -DCMAKE_C_COMPILER_LAUNCHER= -DCMAKE_CXX_COMPILER_LAUNCHER= -DCMAKE_EXPORT_COMPILE_COMMANDS=1 -DCOMPILER_RT_BUILD_BUILTINS=Off -DLLVM_INCLUDE_TESTS=ON -DLLVM_DEFAULT_TARGET_TRIPLE=x86_64-unknown-linux-gnu -DLLVM_ENABLE_PROJECTS_USED=ON -DLLVM_ENABLE_PER_TARGET_RUNTIME_DIR=ON -DLLVM_BUILD_TOOLS=ON -DCMAKE_C_COMPILER_WORKS=ON -DCMAKE_CXX_COMPILER_WORKS=ON -DCMAKE_ASM_COMPILER_WORKS=ON -DHAVE_LLVM_LIT=ON "-DLLVM_ENABLE_RUNTIMES=libcxx;libcxxabi;libunwind;compiler-rt" -DLIBCXXABI_ENABLE_EXCEPTIONS=ON -DLIBCXXABI_ENABLE_FORGIVING_DYNAMIC_CAST=ON -DLIBCXXABI_ENABLE_STATIC_UNWINDER=ON -DLIBCXXABI_HAS_GCC_LIB=OFF -DLIBCXXABI_HAS_GCC_S_LIB=OFF -DLIBCXXABI_HERMETIC_STATIC_LIBRARY=ON -DLIBCXXABI_STATICALLY_LINK_UNWINDER_IN_STATIC_LIBRARY=ON -DLIBCXXABI_USE_COMPILER_RT=ON -DLIBCXXABI_USE_LLVM_UNWINDER=ON -DLIBCXX_CXX_ABI=libcxxabi -DLIBCXX_ENABLE_EXCEPTIONS=ON -DLIBCXX_HAS_GCC_LIB=OFF -DLIBCXX_HAS_GCC_S_LIB=OFF -DLIBCXX_HERMETIC_STATIC_LIBRARY=ON -DLIBCXX_STATICALLY_LINK_ABI_IN_STATIC_LIBRARY=ON -DLIBCXX_USE_COMPILER_RT=ON -DLIBCXXABI_ENABLE_EXCEPTIONS=ON -DLIBCXXABI_ENABLE_FORGIVING_DYNAMIC_CAST=ON -DLIBCXXABI_ENABLE_STATIC_UNWINDER=ON -DLIBCXXABI_HAS_GCC_LIB=OFF -DLIBCXXABI_HAS_GCC_S_LIB=OFF -DLIBCXXABI_HERMETIC_STATIC_LIBRARY=ON -DLIBCXXABI_STATICALLY_LINK_UNWINDER_IN_STATIC_LIBRARY=ON -DLIBCXXABI_USE_COMPILER_RT=ON -DLIBCXXABI_USE_LLVM_UNWINDER=ON -DLIBUNWIND_HAS_GCC_LIB=OFF -DLIBUNWIND_HAS_GCC_S_LIB=OFF -DLIBUNWIND_USE_COMPILER_RT=ON -DCOMPILER_RT_BUILD_BUILTINS=ON -DCOMPILER_RT_BUILD_CRT=ON -DCOMPILER_RT_BUILD_CTX_PROFILE=OFF -DCOMPILER_RT_BUILD_LIBFUZZER=OFF -DCOMPILER_RT_BUILD_MEMPROF=OFF -DCOMPILER_RT_BUILD_ORC=ON -DCOMPILER_RT_BUILD_PROFILE=OFF -DCOMPILER_RT_BUILD_SANITIZERS=OFF -DCOMPILER_RT_BUILD_XRAY=OFF -DCOMPILER_RT_CRT_STANDALONE_BUILD=ON -DCOMPILER_RT_ENABLE_STATIC_UNWINDER=ON -DCOMPILER_RT_HAS_GCC_LIB=OFF -DCOMPILER_RT_HAS_GCC_S_LIB=OFF -DCOMPILER_RT_USE_BUILTINS_LIBRARY=ON -DCOMPILER_RT_USE_LIBCXX=ON -DCOMPILER_RT_USE_LLVM_UNWINDER=ON -GNinja -S /home/tim911004/.llvm-project/llvm/runtimes/../../runtimes -B /home/tim911004/.llvm-project/stage1_build/runtimes/runtimes-bins && /home/tim911004/miniconda3/envs/cuda-quantum/lib/python3.10/site-packages/cmake/data/bin/cmake -E touch /home/tim911004/.llvm-project/stage1_build/runtimes/runtimes-stamps/runtimes-configure
ninja: build stopped: subcommand failed.
Failed to build runtime components. Please check the files in the /home/tim911004/.llvm-project/stage1_build/logs/logs directory.
