Installing toolchain llvm...
Installing LLVM stage-1 build in /tmp/tmp.7tNycvupL6/llvm.
Configured C compiler: /home/tim911004/miniconda3/envs/cuda-quantum/bin/x86_64-conda-linux-gnu-cc
Configured C++ compiler: /home/tim911004/miniconda3/envs/cuda-quantum/bin/x86_64-conda-linux-gnu-c++
Cloning LLVM submodule...
fatal: destination path '/home/tim911004/.llvm-project' already exists and is not an empty directory.
HEAD is now at 7cbf1a2591 [lld][WebAssembly] Fix stub library parsing with windows line endings
M	compiler-rt/cmake/Modules/CompilerRTUtils.cmake
M	llvm/include/llvm/ExecutionEngine/SectionMemoryManager.h
M	llvm/lib/ExecutionEngine/SectionMemoryManager.cpp
M	llvm/unittests/ExecutionEngine/MCJIT/MCJITMemoryManagerTest.cpp
M	mlir/cmake/modules/AddMLIRPython.cmake
M	mlir/lib/Transforms/Utils/RegionUtils.cpp
M	mlir/python/CMakeLists.txt
Applying LLVM patches in /home/tim911004/cuda-quantum/scripts/../tpls/customizations/llvm...
Skipping /home/tim911004/cuda-quantum/scripts/../tpls/customizations/llvm/CompilerRTUtils.cmake.diff because it has already been applied.
Skipping /home/tim911004/cuda-quantum/scripts/../tpls/customizations/llvm/fix_region_simplification.diff because it has already been applied.
Skipping /home/tim911004/cuda-quantum/scripts/../tpls/customizations/llvm/llvm_pr71968_mod.diff because it has already been applied.
DEBUG: projects array: clang lld
DEBUG: llvm_projects string: clang;lld;
- including Clang components
- including LLD components
- including general tools and components
Using CMake cache in /home/tim911004/cuda-quantum/scripts/../cmake/caches/LLVM.cmake.
loading initial cache file custom_toolchain.cmake
CMake Deprecation Warning at /home/tim911004/.llvm-project/cmake/Modules/CMakePolicy.cmake:6 (cmake_policy):
  The OLD behavior for policy CMP0114 will be removed from a future version
  of CMake.

  The cmake-policies(7) manual explains that the OLD behaviors of all
  policies are deprecated and that a policy should be set to OLD only under
  specific short-term circumstances.  Projects should be ported to the NEW
  behavior and not rely on setting a policy to OLD.
Call Stack (most recent call first):
  CMakeLists.txt:13 (include)


CMake Deprecation Warning at /home/tim911004/.llvm-project/cmake/Modules/CMakePolicy.cmake:11 (cmake_policy):
  The OLD behavior for policy CMP0116 will be removed from a future version
  of CMake.

  The cmake-policies(7) manual explains that the OLD behaviors of all
  policies are deprecated and that a policy should be set to OLD only under
  specific short-term circumstances.  Projects should be ported to the NEW
  behavior and not rely on setting a policy to OLD.
Call Stack (most recent call first):
  CMakeLists.txt:13 (include)


-- bolt project is disabled
-- clang project is enabled
-- clang-tools-extra project is disabled
-- compiler-rt project is disabled
-- cross-project-tests project is disabled
-- libc project is disabled
-- libclc project is disabled
-- lld project is enabled
-- lldb project is disabled
-- mlir project is disabled
-- openmp project is disabled
-- polly project is disabled
-- pstl project is disabled
-- flang project is disabled
-- Could NOT find LibEdit (missing: LibEdit_INCLUDE_DIRS LibEdit_LIBRARIES) 
-- Native target architecture is X86
-- Threads enabled.
-- Doxygen disabled.
-- Ninja version: 1.13.1
-- Could NOT find OCaml (missing: OCAMLFIND OCAML_VERSION OCAML_STDLIB_PATH) 
-- OCaml bindings disabled.
-- LLVM host triple: x86_64-unknown-linux-gnu
-- LLVM default target triple: x86_64-unknown-linux-gnu
-- Building with -fPIC
-- Setting native build dir to /home/tim911004/.llvm-project/stage1_build/NATIVE
-- Targeting AArch64
-- Targeting AMDGPU
-- Targeting ARM
-- Targeting AVR
-- Targeting BPF
-- Targeting Hexagon
-- Targeting Lanai
-- Targeting LoongArch
-- Targeting Mips
-- Targeting MSP430
-- Targeting NVPTX
-- Targeting PowerPC
-- Targeting RISCV
-- Targeting Sparc
-- Targeting SystemZ
-- Targeting VE
-- Targeting WebAssembly
-- Targeting X86
-- Targeting XCore
CMake Deprecation Warning at /home/tim911004/.llvm-project/cmake/Modules/CMakePolicy.cmake:6 (cmake_policy):
  The OLD behavior for policy CMP0114 will be removed from a future version
  of CMake.

  The cmake-policies(7) manual explains that the OLD behaviors of all
  policies are deprecated and that a policy should be set to OLD only under
  specific short-term circumstances.  Projects should be ported to the NEW
  behavior and not rely on setting a policy to OLD.
Call Stack (most recent call first):
  /home/tim911004/.llvm-project/clang/CMakeLists.txt:6 (include)


CMake Deprecation Warning at /home/tim911004/.llvm-project/cmake/Modules/CMakePolicy.cmake:11 (cmake_policy):
  The OLD behavior for policy CMP0116 will be removed from a future version
  of CMake.

  The cmake-policies(7) manual explains that the OLD behaviors of all
  policies are deprecated and that a policy should be set to OLD only under
  specific short-term circumstances.  Projects should be ported to the NEW
  behavior and not rely on setting a policy to OLD.
Call Stack (most recent call first):
  /home/tim911004/.llvm-project/clang/CMakeLists.txt:6 (include)


-- Clang version: 16.0.6
CMake Warning (dev) at /home/tim911004/.llvm-project/clang/tools/nvptx-arch/CMakeLists.txt:13 (find_package):
  Policy CMP0146 is not set: The FindCUDA module is removed.  Run "cmake
  --help-policy CMP0146" for policy details.  Use the cmake_policy command to
  set the policy and suppress this warning.

This warning is for project developers.  Use -Wno-dev to suppress it.

CMake Deprecation Warning at /home/tim911004/.llvm-project/cmake/Modules/CMakePolicy.cmake:6 (cmake_policy):
  The OLD behavior for policy CMP0114 will be removed from a future version
  of CMake.

  The cmake-policies(7) manual explains that the OLD behaviors of all
  policies are deprecated and that a policy should be set to OLD only under
  specific short-term circumstances.  Projects should be ported to the NEW
  behavior and not rely on setting a policy to OLD.
Call Stack (most recent call first):
  /home/tim911004/.llvm-project/lld/CMakeLists.txt:6 (include)


CMake Deprecation Warning at /home/tim911004/.llvm-project/cmake/Modules/CMakePolicy.cmake:11 (cmake_policy):
  The OLD behavior for policy CMP0116 will be removed from a future version
  of CMake.

  The cmake-policies(7) manual explains that the OLD behaviors of all
  policies are deprecated and that a policy should be set to OLD only under
  specific short-term circumstances.  Projects should be ported to the NEW
  behavior and not rely on setting a policy to OLD.
Call Stack (most recent call first):
  /home/tim911004/.llvm-project/lld/CMakeLists.txt:6 (include)


-- LLD version: 16.0.6
-- Registering ExampleIRTransforms as a pass plugin (static build: OFF)
-- Registering Bye as a pass plugin (static build: OFF)
-- LLVM FileCheck Found: /usr/bin/FileCheck
-- git version: v0.0.0-dirty normalized to 0.0.0
-- Version: 1.6.0
-- Performing Test HAVE_GNU_POSIX_REGEX -- failed to compile
-- Performing Test HAVE_POSIX_REGEX -- success
-- Performing Test HAVE_STEADY_CLOCK -- success
-- Configuring done (7.8s)
-- Generating done (4.2s)
-- Build files have been written to: /home/tim911004/.llvm-project/stage1_build
Building LLVM with configuration Release...
[0/253] cd /home/tim911004/.llvm-project/stage1_build/lib/Demangle && /home/tim911004/miniconda3/envs/cuda-quantum/lib/python3.10/site-packages/cmake/data/bin/cmake -DCMAKE_INSTALL_COMPONENT="LLVMDemangle" -DCMAKE_INSTALL_DO_STRIP=1 -P /home/tim911004/.llvm-project/stage1_build/cmake_install.cmake
-- Install configuration: "Release"
-- Installing: /tmp/tmp.7tNycvupL6/llvm/lib/libLLVMDemangle.a
[1/253] cd /home/tim911004/.llvm-project/stage1_build/lib/Support && /home/tim911004/miniconda3/envs/cuda-quantum/lib/python3.10/site-packages/cmake/data/bin/cmake -DCMAKE_INSTALL_COMPONENT="LLVMSupport" -DCMAKE_INSTALL_DO_STRIP=1 -P /home/tim911004/.llvm-project/stage1_build/cmake_install.cmake
-- Install configuration: "Release"
-- Installing: /tmp/tmp.7tNycvupL6/llvm/lib/libLLVMSupport.a
[2/253] cd /home/tim911004/.llvm-project/stage1_build/lib/TableGen && /home/tim911004/miniconda3/envs/cuda-quantum/lib/python3.10/site-packages/cmake/data/bin/cmake -DCMAKE_INSTALL_COMPONENT="LLVMTableGen" -DCMAKE_INSTALL_DO_STRIP=1 -P /home/tim911004/.llvm-project/stage1_build/cmake_install.cmake
-- Install configuration: "Release"
-- Installing: /tmp/tmp.7tNycvupL6/llvm/lib/libLLVMTableGen.a
[3/253] cd /home/tim911004/.llvm-project/stage1_build/utils/TableGen/GlobalISel && /home/tim911004/miniconda3/envs/cuda-quantum/lib/python3.10/site-packages/cmake/data/bin/cmake -DCMAKE_INSTALL_COMPONENT="LLVMTableGenGlobalISel" -DCMAKE_INSTALL_DO_STRIP=1 -P /home/tim911004/.llvm-project/stage1_build/cmake_install.cmake
-- Install configuration: "Release"
-- Installing: /tmp/tmp.7tNycvupL6/llvm/lib/libLLVMTableGenGlobalISel.a
[4/253] cd /home/tim911004/.llvm-project/stage1_build/lib/IR && /home/tim911004/miniconda3/envs/cuda-quantum/lib/python3.10/site-packages/cmake/data/bin/cmake -DCMAKE_INSTALL_COMPONENT="LLVMCore" -DCMAKE_INSTALL_DO_STRIP=1 -P /home/tim911004/.llvm-project/stage1_build/cmake_install.cmake
-- Install configuration: "Release"
-- Installing: /tmp/tmp.7tNycvupL6/llvm/lib/libLLVMCore.a
[5/253] cd /home/tim911004/.llvm-project/stage1_build/lib/FuzzMutate && /home/tim911004/miniconda3/envs/cuda-quantum/lib/python3.10/site-packages/cmake/data/bin/cmake -DCMAKE_INSTALL_COMPONENT="LLVMFuzzerCLI" -DCMAKE_INSTALL_DO_STRIP=1 -P /home/tim911004/.llvm-project/stage1_build/cmake_install.cmake
-- Install configuration: "Release"
-- Installing: /tmp/tmp.7tNycvupL6/llvm/lib/libLLVMFuzzerCLI.a
[6/253] cd /home/tim911004/.llvm-project/stage1_build/lib/FuzzMutate && /home/tim911004/miniconda3/envs/cuda-quantum/lib/python3.10/site-packages/cmake/data/bin/cmake -DCMAKE_INSTALL_COMPONENT="LLVMFuzzMutate" -DCMAKE_INSTALL_DO_STRIP=1 -P /home/tim911004/.llvm-project/stage1_build/cmake_install.cmake
-- Install configuration: "Release"
-- Installing: /tmp/tmp.7tNycvupL6/llvm/lib/libLLVMFuzzMutate.a
[7/253] cd /home/tim911004/.llvm-project/stage1_build/lib/FileCheck && /home/tim911004/miniconda3/envs/cuda-quantum/lib/python3.10/site-packages/cmake/data/bin/cmake -DCMAKE_INSTALL_COMPONENT="LLVMFileCheck" -DCMAKE_INSTALL_DO_STRIP=1 -P /home/tim911004/.llvm-project/stage1_build/cmake_install.cmake
-- Install configuration: "Release"
-- Installing: /tmp/tmp.7tNycvupL6/llvm/lib/libLLVMFileCheck.a
[8/253] cd /home/tim911004/.llvm-project/stage1_build/lib/InterfaceStub && /home/tim911004/miniconda3/envs/cuda-quantum/lib/python3.10/site-packages/cmake/data/bin/cmake -DCMAKE_INSTALL_COMPONENT="LLVMInterfaceStub" -DCMAKE_INSTALL_DO_STRIP=1 -P /home/tim911004/.llvm-project/stage1_build/cmake_install.cmake
-- Install configuration: "Release"
-- Installing: /tmp/tmp.7tNycvupL6/llvm/lib/libLLVMInterfaceStub.a
[9/253] cd /home/tim911004/.llvm-project/stage1_build/lib/IRPrinter && /home/tim911004/miniconda3/envs/cuda-quantum/lib/python3.10/site-packages/cmake/data/bin/cmake -DCMAKE_INSTALL_COMPONENT="LLVMIRPrinter" -DCMAKE_INSTALL_DO_STRIP=1 -P /home/tim911004/.llvm-project/stage1_build/cmake_install.cmake
-- Install configuration: "Release"
-- Installing: /tmp/tmp.7tNycvupL6/llvm/lib/libLLVMIRPrinter.a
[10/253] cd /home/tim911004/.llvm-project/stage1_build/lib/IRReader && /home/tim911004/miniconda3/envs/cuda-quantum/lib/python3.10/site-packages/cmake/data/bin/cmake -DCMAKE_INSTALL_COMPONENT="LLVMIRReader" -DCMAKE_INSTALL_DO_STRIP=1 -P /home/tim911004/.llvm-project/stage1_build/cmake_install.cmake
-- Install configuration: "Release"
-- Installing: /tmp/tmp.7tNycvupL6/llvm/lib/libLLVMIRReader.a
[11/253] cd /home/tim911004/.llvm-project/stage1_build/lib/CodeGen && /home/tim911004/miniconda3/envs/cuda-quantum/lib/python3.10/site-packages/cmake/data/bin/cmake -DCMAKE_INSTALL_COMPONENT="LLVMCodeGen" -DCMAKE_INSTALL_DO_STRIP=1 -P /home/tim911004/.llvm-project/stage1_build/cmake_install.cmake
-- Install configuration: "Release"
-- Installing: /tmp/tmp.7tNycvupL6/llvm/lib/libLLVMCodeGen.a
[12/253] cd /home/tim911004/.llvm-project/stage1_build/lib/CodeGen/SelectionDAG && /home/tim911004/miniconda3/envs/cuda-quantum/lib/python3.10/site-packages/cmake/data/bin/cmake -DCMAKE_INSTALL_COMPONENT="LLVMSelectionDAG" -DCMAKE_INSTALL_DO_STRIP=1 -P /home/tim911004/.llvm-project/stage1_build/cmake_install.cmake
-- Install configuration: "Release"
-- Installing: /tmp/tmp.7tNycvupL6/llvm/lib/libLLVMSelectionDAG.a
[13/253] cd /home/tim911004/.llvm-project/stage1_build/lib/CodeGen/AsmPrinter && /home/tim911004/miniconda3/envs/cuda-quantum/lib/python3.10/site-packages/cmake/data/bin/cmake -DCMAKE_INSTALL_COMPONENT="LLVMAsmPrinter" -DCMAKE_INSTALL_DO_STRIP=1 -P /home/tim911004/.llvm-project/stage1_build/cmake_install.cmake
-- Install configuration: "Release"
-- Installing: /tmp/tmp.7tNycvupL6/llvm/lib/libLLVMAsmPrinter.a
[14/253] cd /home/tim911004/.llvm-project/stage1_build/lib/CodeGen/MIRParser && /home/tim911004/miniconda3/envs/cuda-quantum/lib/python3.10/site-packages/cmake/data/bin/cmake -DCMAKE_INSTALL_COMPONENT="LLVMMIRParser" -DCMAKE_INSTALL_DO_STRIP=1 -P /home/tim911004/.llvm-project/stage1_build/cmake_install.cmake
-- Install configuration: "Release"
-- Installing: /tmp/tmp.7tNycvupL6/llvm/lib/libLLVMMIRParser.a
[15/253] cd /home/tim911004/.llvm-project/stage1_build/lib/CodeGen/GlobalISel && /home/tim911004/miniconda3/envs/cuda-quantum/lib/python3.10/site-packages/cmake/data/bin/cmake -DCMAKE_INSTALL_COMPONENT="LLVMGlobalISel" -DCMAKE_INSTALL_DO_STRIP=1 -P /home/tim911004/.llvm-project/stage1_build/cmake_install.cmake
-- Install configuration: "Release"
-- Installing: /tmp/tmp.7tNycvupL6/llvm/lib/libLLVMGlobalISel.a
[16/253] cd /home/tim911004/.llvm-project/stage1_build/lib/BinaryFormat && /home/tim911004/miniconda3/envs/cuda-quantum/lib/python3.10/site-packages/cmake/data/bin/cmake -DCMAKE_INSTALL_COMPONENT="LLVMBinaryFormat" -DCMAKE_INSTALL_DO_STRIP=1 -P /home/tim911004/.llvm-project/stage1_build/cmake_install.cmake
-- Install configuration: "Release"
-- Installing: /tmp/tmp.7tNycvupL6/llvm/lib/libLLVMBinaryFormat.a
[17/253] cd /home/tim911004/.llvm-project/stage1_build/lib/Bitcode/Reader && /home/tim911004/miniconda3/envs/cuda-quantum/lib/python3.10/site-packages/cmake/data/bin/cmake -DCMAKE_INSTALL_COMPONENT="LLVMBitReader" -DCMAKE_INSTALL_DO_STRIP=1 -P /home/tim911004/.llvm-project/stage1_build/cmake_install.cmake
-- Install configuration: "Release"
-- Installing: /tmp/tmp.7tNycvupL6/llvm/lib/libLLVMBitReader.a
[18/253] cd /home/tim911004/.llvm-project/stage1_build/lib/Bitcode/Writer && /home/tim911004/miniconda3/envs/cuda-quantum/lib/python3.10/site-packages/cmake/data/bin/cmake -DCMAKE_INSTALL_COMPONENT="LLVMBitWriter" -DCMAKE_INSTALL_DO_STRIP=1 -P /home/tim911004/.llvm-project/stage1_build/cmake_install.cmake
-- Install configuration: "Release"
-- Installing: /tmp/tmp.7tNycvupL6/llvm/lib/libLLVMBitWriter.a
[19/253] cd /home/tim911004/.llvm-project/stage1_build/lib/Bitstream/Reader && /home/tim911004/miniconda3/envs/cuda-quantum/lib/python3.10/site-packages/cmake/data/bin/cmake -DCMAKE_INSTALL_COMPONENT="LLVMBitstreamReader" -DCMAKE_INSTALL_DO_STRIP=1 -P /home/tim911004/.llvm-project/stage1_build/cmake_install.cmake
-- Install configuration: "Release"
-- Installing: /tmp/tmp.7tNycvupL6/llvm/lib/libLLVMBitstreamReader.a
[20/253] Building CXX object tools/llvm-config/CMakeFiles/llvm-config.dir/llvm-config.cpp.o
[21/253] cd /home/tim911004/.llvm-project/stage1_build/lib/DWARFLinker && /home/tim911004/miniconda3/envs/cuda-quantum/lib/python3.10/site-packages/cmake/data/bin/cmake -DCMAKE_INSTALL_COMPONENT="LLVMDWARFLinker" -DCMAKE_INSTALL_DO_STRIP=1 -P /home/tim911004/.llvm-project/stage1_build/cmake_install.cmake
-- Install configuration: "Release"
-- Installing: /tmp/tmp.7tNycvupL6/llvm/lib/libLLVMDWARFLinker.a
[22/253] cd /home/tim911004/.llvm-project/stage1_build/lib/DWARFLinkerParallel && /home/tim911004/miniconda3/envs/cuda-quantum/lib/python3.10/site-packages/cmake/data/bin/cmake -DCMAKE_INSTALL_COMPONENT="LLVMDWARFLinkerParallel" -DCMAKE_INSTALL_DO_STRIP=1 -P /home/tim911004/.llvm-project/stage1_build/cmake_install.cmake
-- Install configuration: "Release"
-- Installing: /tmp/tmp.7tNycvupL6/llvm/lib/libLLVMDWARFLinkerParallel.a
[23/253] Linking CXX executable bin/llvm-config
[24/253] cd /home/tim911004/.llvm-project/stage1_build/lib/Extensions && /home/tim911004/miniconda3/envs/cuda-quantum/lib/python3.10/site-packages/cmake/data/bin/cmake -DCMAKE_INSTALL_COMPONENT="LLVMExtensions" -DCMAKE_INSTALL_DO_STRIP=1 -P /home/tim911004/.llvm-project/stage1_build/cmake_install.cmake
-- Install configuration: "Release"
-- Installing: /tmp/tmp.7tNycvupL6/llvm/lib/libLLVMExtensions.a
[25/253] cd /home/tim911004/.llvm-project/stage1_build/lib/Frontend/HLSL && /home/tim911004/miniconda3/envs/cuda-quantum/lib/python3.10/site-packages/cmake/data/bin/cmake -DCMAKE_INSTALL_COMPONENT="LLVMFrontendHLSL" -DCMAKE_INSTALL_DO_STRIP=1 -P /home/tim911004/.llvm-project/stage1_build/cmake_install.cmake
-- Install configuration: "Release"
-- Installing: /tmp/tmp.7tNycvupL6/llvm/lib/libLLVMFrontendHLSL.a
[26/253] cd /home/tim911004/.llvm-project/stage1_build/lib/Frontend/OpenACC && /home/tim911004/miniconda3/envs/cuda-quantum/lib/python3.10/site-packages/cmake/data/bin/cmake -DCMAKE_INSTALL_COMPONENT="LLVMFrontendOpenACC" -DCMAKE_INSTALL_DO_STRIP=1 -P /home/tim911004/.llvm-project/stage1_build/cmake_install.cmake
-- Install configuration: "Release"
-- Installing: /tmp/tmp.7tNycvupL6/llvm/lib/libLLVMFrontendOpenACC.a
[27/253] cd /home/tim911004/.llvm-project/stage1_build/lib/Frontend/OpenMP && /home/tim911004/miniconda3/envs/cuda-quantum/lib/python3.10/site-packages/cmake/data/bin/cmake -DCMAKE_INSTALL_COMPONENT="LLVMFrontendOpenMP" -DCMAKE_INSTALL_DO_STRIP=1 -P /home/tim911004/.llvm-project/stage1_build/cmake_install.cmake
-- Install configuration: "Release"
-- Installing: /tmp/tmp.7tNycvupL6/llvm/lib/libLLVMFrontendOpenMP.a
[28/253] cd /home/tim911004/.llvm-project/stage1_build/lib/Transforms/Utils && /home/tim911004/miniconda3/envs/cuda-quantum/lib/python3.10/site-packages/cmake/data/bin/cmake -DCMAKE_INSTALL_COMPONENT="LLVMTransformUtils" -DCMAKE_INSTALL_DO_STRIP=1 -P /home/tim911004/.llvm-project/stage1_build/cmake_install.cmake
-- Install configuration: "Release"
-- Installing: /tmp/tmp.7tNycvupL6/llvm/lib/libLLVMTransformUtils.a
[29/253] cd /home/tim911004/.llvm-project/stage1_build/lib/Transforms/Instrumentation && /home/tim911004/miniconda3/envs/cuda-quantum/lib/python3.10/site-packages/cmake/data/bin/cmake -DCMAKE_INSTALL_COMPONENT="LLVMInstrumentation" -DCMAKE_INSTALL_DO_STRIP=1 -P /home/tim911004/.llvm-project/stage1_build/cmake_install.cmake
-- Install configuration: "Release"
-- Installing: /tmp/tmp.7tNycvupL6/llvm/lib/libLLVMInstrumentation.a
[30/253] cd /home/tim911004/.llvm-project/stage1_build/lib/Transforms/AggressiveInstCombine && /home/tim911004/miniconda3/envs/cuda-quantum/lib/python3.10/site-packages/cmake/data/bin/cmake -DCMAKE_INSTALL_COMPONENT="LLVMAggressiveInstCombine" -DCMAKE_INSTALL_DO_STRIP=1 -P /home/tim911004/.llvm-project/stage1_build/cmake_install.cmake
-- Install configuration: "Release"
-- Installing: /tmp/tmp.7tNycvupL6/llvm/lib/libLLVMAggressiveInstCombine.a
[31/253] cd /home/tim911004/.llvm-project/stage1_build/lib/Transforms/InstCombine && /home/tim911004/miniconda3/envs/cuda-quantum/lib/python3.10/site-packages/cmake/data/bin/cmake -DCMAKE_INSTALL_COMPONENT="LLVMInstCombine" -DCMAKE_INSTALL_DO_STRIP=1 -P /home/tim911004/.llvm-project/stage1_build/cmake_install.cmake
-- Install configuration: "Release"
-- Installing: /tmp/tmp.7tNycvupL6/llvm/lib/libLLVMInstCombine.a
[32/253] cd /home/tim911004/.llvm-project/stage1_build/lib/Transforms/Scalar && /home/tim911004/miniconda3/envs/cuda-quantum/lib/python3.10/site-packages/cmake/data/bin/cmake -DCMAKE_INSTALL_COMPONENT="LLVMScalarOpts" -DCMAKE_INSTALL_DO_STRIP=1 -P /home/tim911004/.llvm-project/stage1_build/cmake_install.cmake
-- Install configuration: "Release"
-- Installing: /tmp/tmp.7tNycvupL6/llvm/lib/libLLVMScalarOpts.a
[33/253] cd /home/tim911004/.llvm-project/stage1_build/lib/Transforms/IPO && /home/tim911004/miniconda3/envs/cuda-quantum/lib/python3.10/site-packages/cmake/data/bin/cmake -DCMAKE_INSTALL_COMPONENT="LLVMipo" -DCMAKE_INSTALL_DO_STRIP=1 -P /home/tim911004/.llvm-project/stage1_build/cmake_install.cmake
-- Install configuration: "Release"
-- Installing: /tmp/tmp.7tNycvupL6/llvm/lib/libLLVMipo.a
[34/253] cd /home/tim911004/.llvm-project/stage1_build/lib/Transforms/Vectorize && /home/tim911004/miniconda3/envs/cuda-quantum/lib/python3.10/site-packages/cmake/data/bin/cmake -DCMAKE_INSTALL_COMPONENT="LLVMVectorize" -DCMAKE_INSTALL_DO_STRIP=1 -P /home/tim911004/.llvm-project/stage1_build/cmake_install.cmake
-- Install configuration: "Release"
-- Installing: /tmp/tmp.7tNycvupL6/llvm/lib/libLLVMVectorize.a
[35/253] cd /home/tim911004/.llvm-project/stage1_build/lib/Transforms/ObjCARC && /home/tim911004/miniconda3/envs/cuda-quantum/lib/python3.10/site-packages/cmake/data/bin/cmake -DCMAKE_INSTALL_COMPONENT="LLVMObjCARCOpts" -DCMAKE_INSTALL_DO_STRIP=1 -P /home/tim911004/.llvm-project/stage1_build/cmake_install.cmake
-- Install configuration: "Release"
-- Installing: /tmp/tmp.7tNycvupL6/llvm/lib/libLLVMObjCARCOpts.a
[36/253] cd /home/tim911004/.llvm-project/stage1_build/lib/Transforms/Coroutines && /home/tim911004/miniconda3/envs/cuda-quantum/lib/python3.10/site-packages/cmake/data/bin/cmake -DCMAKE_INSTALL_COMPONENT="LLVMCoroutines" -DCMAKE_INSTALL_DO_STRIP=1 -P /home/tim911004/.llvm-project/stage1_build/cmake_install.cmake
-- Install configuration: "Release"
-- Installing: /tmp/tmp.7tNycvupL6/llvm/lib/libLLVMCoroutines.a
[37/253] cd /home/tim911004/.llvm-project/stage1_build/lib/Transforms/CFGuard && /home/tim911004/miniconda3/envs/cuda-quantum/lib/python3.10/site-packages/cmake/data/bin/cmake -DCMAKE_INSTALL_COMPONENT="LLVMCFGuard" -DCMAKE_INSTALL_DO_STRIP=1 -P /home/tim911004/.llvm-project/stage1_build/cmake_install.cmake
-- Install configuration: "Release"
-- Installing: /tmp/tmp.7tNycvupL6/llvm/lib/libLLVMCFGuard.a
[38/253] cd /home/tim911004/.llvm-project/stage1_build/lib/Linker && /home/tim911004/miniconda3/envs/cuda-quantum/lib/python3.10/site-packages/cmake/data/bin/cmake -DCMAKE_INSTALL_COMPONENT="LLVMLinker" -DCMAKE_INSTALL_DO_STRIP=1 -P /home/tim911004/.llvm-project/stage1_build/cmake_install.cmake
-- Install configuration: "Release"
-- Installing: /tmp/tmp.7tNycvupL6/llvm/lib/libLLVMLinker.a
[39/253] cd /home/tim911004/.llvm-project/stage1_build/lib/Analysis && /home/tim911004/miniconda3/envs/cuda-quantum/lib/python3.10/site-packages/cmake/data/bin/cmake -DCMAKE_INSTALL_COMPONENT="LLVMAnalysis" -DCMAKE_INSTALL_DO_STRIP=1 -P /home/tim911004/.llvm-project/stage1_build/cmake_install.cmake
-- Install configuration: "Release"
-- Installing: /tmp/tmp.7tNycvupL6/llvm/lib/libLLVMAnalysis.a
[40/253] cd /home/tim911004/.llvm-project/stage1_build/lib/LTO && /home/tim911004/miniconda3/envs/cuda-quantum/lib/python3.10/site-packages/cmake/data/bin/cmake -DCMAKE_INSTALL_COMPONENT="LLVMLTO" -DCMAKE_INSTALL_DO_STRIP=1 -P /home/tim911004/.llvm-project/stage1_build/cmake_install.cmake
-- Install configuration: "Release"
-- Installing: /tmp/tmp.7tNycvupL6/llvm/lib/libLLVMLTO.a
[41/253] cd /home/tim911004/.llvm-project/stage1_build/lib/MC && /home/tim911004/miniconda3/envs/cuda-quantum/lib/python3.10/site-packages/cmake/data/bin/cmake -DCMAKE_INSTALL_COMPONENT="LLVMMC" -DCMAKE_INSTALL_DO_STRIP=1 -P /home/tim911004/.llvm-project/stage1_build/cmake_install.cmake
-- Install configuration: "Release"
-- Installing: /tmp/tmp.7tNycvupL6/llvm/lib/libLLVMMC.a
[42/253] cd /home/tim911004/.llvm-project/stage1_build/lib/MC/MCParser && /home/tim911004/miniconda3/envs/cuda-quantum/lib/python3.10/site-packages/cmake/data/bin/cmake -DCMAKE_INSTALL_COMPONENT="LLVMMCParser" -DCMAKE_INSTALL_DO_STRIP=1 -P /home/tim911004/.llvm-project/stage1_build/cmake_install.cmake
-- Install configuration: "Release"
-- Installing: /tmp/tmp.7tNycvupL6/llvm/lib/libLLVMMCParser.a
[43/253] cd /home/tim911004/.llvm-project/stage1_build/lib/MC/MCDisassembler && /home/tim911004/miniconda3/envs/cuda-quantum/lib/python3.10/site-packages/cmake/data/bin/cmake -DCMAKE_INSTALL_COMPONENT="LLVMMCDisassembler" -DCMAKE_INSTALL_DO_STRIP=1 -P /home/tim911004/.llvm-project/stage1_build/cmake_install.cmake
-- Install configuration: "Release"
-- Installing: /tmp/tmp.7tNycvupL6/llvm/lib/libLLVMMCDisassembler.a
[44/253] cd /home/tim911004/.llvm-project/stage1_build/lib/MCA && /home/tim911004/miniconda3/envs/cuda-quantum/lib/python3.10/site-packages/cmake/data/bin/cmake -DCMAKE_INSTALL_COMPONENT="LLVMMCA" -DCMAKE_INSTALL_DO_STRIP=1 -P /home/tim911004/.llvm-project/stage1_build/cmake_install.cmake
-- Install configuration: "Release"
-- Installing: /tmp/tmp.7tNycvupL6/llvm/lib/libLLVMMCA.a
[45/253] cd /home/tim911004/.llvm-project/stage1_build/lib/ObjCopy && /home/tim911004/miniconda3/envs/cuda-quantum/lib/python3.10/site-packages/cmake/data/bin/cmake -DCMAKE_INSTALL_COMPONENT="LLVMObjCopy" -DCMAKE_INSTALL_DO_STRIP=1 -P /home/tim911004/.llvm-project/stage1_build/cmake_install.cmake
-- Install configuration: "Release"
-- Installing: /tmp/tmp.7tNycvupL6/llvm/lib/libLLVMObjCopy.a
[46/253] cd /home/tim911004/.llvm-project/stage1_build/lib/Object && /home/tim911004/miniconda3/envs/cuda-quantum/lib/python3.10/site-packages/cmake/data/bin/cmake -DCMAKE_INSTALL_COMPONENT="LLVMObject" -DCMAKE_INSTALL_DO_STRIP=1 -P /home/tim911004/.llvm-project/stage1_build/cmake_install.cmake
-- Install configuration: "Release"
-- Installing: /tmp/tmp.7tNycvupL6/llvm/lib/libLLVMObject.a
[47/253] cd /home/tim911004/.llvm-project/stage1_build/lib/ObjectYAML && /home/tim911004/miniconda3/envs/cuda-quantum/lib/python3.10/site-packages/cmake/data/bin/cmake -DCMAKE_INSTALL_COMPONENT="LLVMObjectYAML" -DCMAKE_INSTALL_DO_STRIP=1 -P /home/tim911004/.llvm-project/stage1_build/cmake_install.cmake
-- Install configuration: "Release"
-- Installing: /tmp/tmp.7tNycvupL6/llvm/lib/libLLVMObjectYAML.a
[48/253] cd /home/tim911004/.llvm-project/stage1_build/lib/Option && /home/tim911004/miniconda3/envs/cuda-quantum/lib/python3.10/site-packages/cmake/data/bin/cmake -DCMAKE_INSTALL_COMPONENT="LLVMOption" -DCMAKE_INSTALL_DO_STRIP=1 -P /home/tim911004/.llvm-project/stage1_build/cmake_install.cmake
-- Install configuration: "Release"
-- Installing: /tmp/tmp.7tNycvupL6/llvm/lib/libLLVMOption.a
[49/253] cd /home/tim911004/.llvm-project/stage1_build/lib/Remarks && /home/tim911004/miniconda3/envs/cuda-quantum/lib/python3.10/site-packages/cmake/data/bin/cmake -DCMAKE_INSTALL_COMPONENT="LLVMRemarks" -DCMAKE_INSTALL_DO_STRIP=1 -P /home/tim911004/.llvm-project/stage1_build/cmake_install.cmake
-- Install configuration: "Release"
-- Installing: /tmp/tmp.7tNycvupL6/llvm/lib/libLLVMRemarks.a
[50/253] cd /home/tim911004/.llvm-project/stage1_build/lib/Debuginfod && /home/tim911004/miniconda3/envs/cuda-quantum/lib/python3.10/site-packages/cmake/data/bin/cmake -DCMAKE_INSTALL_COMPONENT="LLVMDebuginfod" -DCMAKE_INSTALL_DO_STRIP=1 -P /home/tim911004/.llvm-project/stage1_build/cmake_install.cmake
-- Install configuration: "Release"
-- Installing: /tmp/tmp.7tNycvupL6/llvm/lib/libLLVMDebuginfod.a
[51/253] cd /home/tim911004/.llvm-project/stage1_build/lib/DebugInfo/DWARF && /home/tim911004/miniconda3/envs/cuda-quantum/lib/python3.10/site-packages/cmake/data/bin/cmake -DCMAKE_INSTALL_COMPONENT="LLVMDebugInfoDWARF" -DCMAKE_INSTALL_DO_STRIP=1 -P /home/tim911004/.llvm-project/stage1_build/cmake_install.cmake
-- Install configuration: "Release"
-- Installing: /tmp/tmp.7tNycvupL6/llvm/lib/libLLVMDebugInfoDWARF.a
[52/253] cd /home/tim911004/.llvm-project/stage1_build/lib/DebugInfo/GSYM && /home/tim911004/miniconda3/envs/cuda-quantum/lib/python3.10/site-packages/cmake/data/bin/cmake -DCMAKE_INSTALL_COMPONENT="LLVMDebugInfoGSYM" -DCMAKE_INSTALL_DO_STRIP=1 -P /home/tim911004/.llvm-project/stage1_build/cmake_install.cmake
-- Install configuration: "Release"
-- Installing: /tmp/tmp.7tNycvupL6/llvm/lib/libLLVMDebugInfoGSYM.a
[53/253] cd /home/tim911004/.llvm-project/stage1_build/lib/DebugInfo/LogicalView && /home/tim911004/miniconda3/envs/cuda-quantum/lib/python3.10/site-packages/cmake/data/bin/cmake -DCMAKE_INSTALL_COMPONENT="LLVMDebugInfoLogicalView" -DCMAKE_INSTALL_DO_STRIP=1 -P /home/tim911004/.llvm-project/stage1_build/cmake_install.cmake
-- Install configuration: "Release"
-- Installing: /tmp/tmp.7tNycvupL6/llvm/lib/libLLVMDebugInfoLogicalView.a
[54/253] cd /home/tim911004/.llvm-project/stage1_build/lib/DebugInfo/MSF && /home/tim911004/miniconda3/envs/cuda-quantum/lib/python3.10/site-packages/cmake/data/bin/cmake -DCMAKE_INSTALL_COMPONENT="LLVMDebugInfoMSF" -DCMAKE_INSTALL_DO_STRIP=1 -P /home/tim911004/.llvm-project/stage1_build/cmake_install.cmake
-- Install configuration: "Release"
-- Installing: /tmp/tmp.7tNycvupL6/llvm/lib/libLLVMDebugInfoMSF.a
[55/253] cd /home/tim911004/.llvm-project/stage1_build/lib/DebugInfo/CodeView && /home/tim911004/miniconda3/envs/cuda-quantum/lib/python3.10/site-packages/cmake/data/bin/cmake -DCMAKE_INSTALL_COMPONENT="LLVMDebugInfoCodeView" -DCMAKE_INSTALL_DO_STRIP=1 -P /home/tim911004/.llvm-project/stage1_build/cmake_install.cmake
-- Install configuration: "Release"
-- Installing: /tmp/tmp.7tNycvupL6/llvm/lib/libLLVMDebugInfoCodeView.a
[56/253] cd /home/tim911004/.llvm-project/stage1_build/lib/DebugInfo/PDB && /home/tim911004/miniconda3/envs/cuda-quantum/lib/python3.10/site-packages/cmake/data/bin/cmake -DCMAKE_INSTALL_COMPONENT="LLVMDebugInfoPDB" -DCMAKE_INSTALL_DO_STRIP=1 -P /home/tim911004/.llvm-project/stage1_build/cmake_install.cmake
-- Install configuration: "Release"
-- Installing: /tmp/tmp.7tNycvupL6/llvm/lib/libLLVMDebugInfoPDB.a
[57/253] cd /home/tim911004/.llvm-project/stage1_build/lib/DebugInfo/Symbolize && /home/tim911004/miniconda3/envs/cuda-quantum/lib/python3.10/site-packages/cmake/data/bin/cmake -DCMAKE_INSTALL_COMPONENT="LLVMSymbolize" -DCMAKE_INSTALL_DO_STRIP=1 -P /home/tim911004/.llvm-project/stage1_build/cmake_install.cmake
-- Install configuration: "Release"
-- Installing: /tmp/tmp.7tNycvupL6/llvm/lib/libLLVMSymbolize.a
[58/253] cd /home/tim911004/.llvm-project/stage1_build/lib/DWP && /home/tim911004/miniconda3/envs/cuda-quantum/lib/python3.10/site-packages/cmake/data/bin/cmake -DCMAKE_INSTALL_COMPONENT="LLVMDWP" -DCMAKE_INSTALL_DO_STRIP=1 -P /home/tim911004/.llvm-project/stage1_build/cmake_install.cmake
-- Install configuration: "Release"
-- Installing: /tmp/tmp.7tNycvupL6/llvm/lib/libLLVMDWP.a
[59/253] cd /home/tim911004/.llvm-project/stage1_build/lib/ExecutionEngine && /home/tim911004/miniconda3/envs/cuda-quantum/lib/python3.10/site-packages/cmake/data/bin/cmake -DCMAKE_INSTALL_COMPONENT="LLVMExecutionEngine" -DCMAKE_INSTALL_DO_STRIP=1 -P /home/tim911004/.llvm-project/stage1_build/cmake_install.cmake
-- Install configuration: "Release"
-- Installing: /tmp/tmp.7tNycvupL6/llvm/lib/libLLVMExecutionEngine.a
[60/253] cd /home/tim911004/.llvm-project/stage1_build/lib/ExecutionEngine/Interpreter && /home/tim911004/miniconda3/envs/cuda-quantum/lib/python3.10/site-packages/cmake/data/bin/cmake -DCMAKE_INSTALL_COMPONENT="LLVMInterpreter" -DCMAKE_INSTALL_DO_STRIP=1 -P /home/tim911004/.llvm-project/stage1_build/cmake_install.cmake
-- Install configuration: "Release"
-- Installing: /tmp/tmp.7tNycvupL6/llvm/lib/libLLVMInterpreter.a
[61/253] cd /home/tim911004/.llvm-project/stage1_build/lib/ExecutionEngine/JITLink && /home/tim911004/miniconda3/envs/cuda-quantum/lib/python3.10/site-packages/cmake/data/bin/cmake -DCMAKE_INSTALL_COMPONENT="LLVMJITLink" -DCMAKE_INSTALL_DO_STRIP=1 -P /home/tim911004/.llvm-project/stage1_build/cmake_install.cmake
-- Install configuration: "Release"
-- Installing: /tmp/tmp.7tNycvupL6/llvm/lib/libLLVMJITLink.a
[62/253] cd /home/tim911004/.llvm-project/stage1_build/lib/ExecutionEngine/MCJIT && /home/tim911004/miniconda3/envs/cuda-quantum/lib/python3.10/site-packages/cmake/data/bin/cmake -DCMAKE_INSTALL_COMPONENT="LLVMMCJIT" -DCMAKE_INSTALL_DO_STRIP=1 -P /home/tim911004/.llvm-project/stage1_build/cmake_install.cmake
-- Install configuration: "Release"
-- Installing: /tmp/tmp.7tNycvupL6/llvm/lib/libLLVMMCJIT.a
[63/253] cd /home/tim911004/.llvm-project/stage1_build/lib/ExecutionEngine/Orc && /home/tim911004/miniconda3/envs/cuda-quantum/lib/python3.10/site-packages/cmake/data/bin/cmake -DCMAKE_INSTALL_COMPONENT="LLVMOrcJIT" -DCMAKE_INSTALL_DO_STRIP=1 -P /home/tim911004/.llvm-project/stage1_build/cmake_install.cmake
-- Install configuration: "Release"
-- Installing: /tmp/tmp.7tNycvupL6/llvm/lib/libLLVMOrcJIT.a
[64/253] cd /home/tim911004/.llvm-project/stage1_build/lib/ExecutionEngine/Orc/Shared && /home/tim911004/miniconda3/envs/cuda-quantum/lib/python3.10/site-packages/cmake/data/bin/cmake -DCMAKE_INSTALL_COMPONENT="LLVMOrcShared" -DCMAKE_INSTALL_DO_STRIP=1 -P /home/tim911004/.llvm-project/stage1_build/cmake_install.cmake
-- Install configuration: "Release"
-- Installing: /tmp/tmp.7tNycvupL6/llvm/lib/libLLVMOrcShared.a
[65/253] cd /home/tim911004/.llvm-project/stage1_build/lib/ExecutionEngine/Orc/TargetProcess && /home/tim911004/miniconda3/envs/cuda-quantum/lib/python3.10/site-packages/cmake/data/bin/cmake -DCMAKE_INSTALL_COMPONENT="LLVMOrcTargetProcess" -DCMAKE_INSTALL_DO_STRIP=1 -P /home/tim911004/.llvm-project/stage1_build/cmake_install.cmake
-- Install configuration: "Release"
-- Installing: /tmp/tmp.7tNycvupL6/llvm/lib/libLLVMOrcTargetProcess.a
[66/253] cd /home/tim911004/.llvm-project/stage1_build/lib/ExecutionEngine/RuntimeDyld && /home/tim911004/miniconda3/envs/cuda-quantum/lib/python3.10/site-packages/cmake/data/bin/cmake -DCMAKE_INSTALL_COMPONENT="LLVMRuntimeDyld" -DCMAKE_INSTALL_DO_STRIP=1 -P /home/tim911004/.llvm-project/stage1_build/cmake_install.cmake
-- Install configuration: "Release"
-- Installing: /tmp/tmp.7tNycvupL6/llvm/lib/libLLVMRuntimeDyld.a
[67/253] cd /home/tim911004/.llvm-project/stage1_build/lib/Target && /home/tim911004/miniconda3/envs/cuda-quantum/lib/python3.10/site-packages/cmake/data/bin/cmake -DCMAKE_INSTALL_COMPONENT="LLVMTarget" -DCMAKE_INSTALL_DO_STRIP=1 -P /home/tim911004/.llvm-project/stage1_build/cmake_install.cmake
-- Install configuration: "Release"
-- Installing: /tmp/tmp.7tNycvupL6/llvm/lib/libLLVMTarget.a
[68/253] cd /home/tim911004/.llvm-project/stage1_build/lib/Target/AArch64 && /home/tim911004/miniconda3/envs/cuda-quantum/lib/python3.10/site-packages/cmake/data/bin/cmake -DCMAKE_INSTALL_COMPONENT="LLVMAArch64CodeGen" -DCMAKE_INSTALL_DO_STRIP=1 -P /home/tim911004/.llvm-project/stage1_build/cmake_install.cmake
-- Install configuration: "Release"
-- Installing: /tmp/tmp.7tNycvupL6/llvm/lib/libLLVMAArch64CodeGen.a
[69/253] cd /home/tim911004/.llvm-project/stage1_build/lib/Target/AArch64/AsmParser && /home/tim911004/miniconda3/envs/cuda-quantum/lib/python3.10/site-packages/cmake/data/bin/cmake -DCMAKE_INSTALL_COMPONENT="LLVMAArch64AsmParser" -DCMAKE_INSTALL_DO_STRIP=1 -P /home/tim911004/.llvm-project/stage1_build/cmake_install.cmake
-- Install configuration: "Release"
-- Installing: /tmp/tmp.7tNycvupL6/llvm/lib/libLLVMAArch64AsmParser.a
[70/253] cd /home/tim911004/.llvm-project/stage1_build/lib/Target/AArch64/Disassembler && /home/tim911004/miniconda3/envs/cuda-quantum/lib/python3.10/site-packages/cmake/data/bin/cmake -DCMAKE_INSTALL_COMPONENT="LLVMAArch64Disassembler" -DCMAKE_INSTALL_DO_STRIP=1 -P /home/tim911004/.llvm-project/stage1_build/cmake_install.cmake
-- Install configuration: "Release"
-- Installing: /tmp/tmp.7tNycvupL6/llvm/lib/libLLVMAArch64Disassembler.a
[71/253] cd /home/tim911004/.llvm-project/stage1_build/lib/Target/AArch64/MCTargetDesc && /home/tim911004/miniconda3/envs/cuda-quantum/lib/python3.10/site-packages/cmake/data/bin/cmake -DCMAKE_INSTALL_COMPONENT="LLVMAArch64Desc" -DCMAKE_INSTALL_DO_STRIP=1 -P /home/tim911004/.llvm-project/stage1_build/cmake_install.cmake
-- Install configuration: "Release"
-- Installing: /tmp/tmp.7tNycvupL6/llvm/lib/libLLVMAArch64Desc.a
[72/253] cd /home/tim911004/.llvm-project/stage1_build/lib/Target/AArch64/TargetInfo && /home/tim911004/miniconda3/envs/cuda-quantum/lib/python3.10/site-packages/cmake/data/bin/cmake -DCMAKE_INSTALL_COMPONENT="LLVMAArch64Info" -DCMAKE_INSTALL_DO_STRIP=1 -P /home/tim911004/.llvm-project/stage1_build/cmake_install.cmake
-- Install configuration: "Release"
-- Installing: /tmp/tmp.7tNycvupL6/llvm/lib/libLLVMAArch64Info.a
[73/253] cd /home/tim911004/.llvm-project/stage1_build/lib/Target/AArch64/Utils && /home/tim911004/miniconda3/envs/cuda-quantum/lib/python3.10/site-packages/cmake/data/bin/cmake -DCMAKE_INSTALL_COMPONENT="LLVMAArch64Utils" -DCMAKE_INSTALL_DO_STRIP=1 -P /home/tim911004/.llvm-project/stage1_build/cmake_install.cmake
-- Install configuration: "Release"
-- Installing: /tmp/tmp.7tNycvupL6/llvm/lib/libLLVMAArch64Utils.a
[74/253] cd /home/tim911004/.llvm-project/stage1_build/lib/Target/AMDGPU && /home/tim911004/miniconda3/envs/cuda-quantum/lib/python3.10/site-packages/cmake/data/bin/cmake -DCMAKE_INSTALL_COMPONENT="LLVMAMDGPUCodeGen" -DCMAKE_INSTALL_DO_STRIP=1 -P /home/tim911004/.llvm-project/stage1_build/cmake_install.cmake
-- Install configuration: "Release"
-- Installing: /tmp/tmp.7tNycvupL6/llvm/lib/libLLVMAMDGPUCodeGen.a
[75/253] cd /home/tim911004/.llvm-project/stage1_build/lib/Target/AMDGPU/AsmParser && /home/tim911004/miniconda3/envs/cuda-quantum/lib/python3.10/site-packages/cmake/data/bin/cmake -DCMAKE_INSTALL_COMPONENT="LLVMAMDGPUAsmParser" -DCMAKE_INSTALL_DO_STRIP=1 -P /home/tim911004/.llvm-project/stage1_build/cmake_install.cmake
-- Install configuration: "Release"
-- Installing: /tmp/tmp.7tNycvupL6/llvm/lib/libLLVMAMDGPUAsmParser.a
[76/253] cd /home/tim911004/.llvm-project/stage1_build/lib/Target/AMDGPU/Disassembler && /home/tim911004/miniconda3/envs/cuda-quantum/lib/python3.10/site-packages/cmake/data/bin/cmake -DCMAKE_INSTALL_COMPONENT="LLVMAMDGPUDisassembler" -DCMAKE_INSTALL_DO_STRIP=1 -P /home/tim911004/.llvm-project/stage1_build/cmake_install.cmake
-- Install configuration: "Release"
-- Installing: /tmp/tmp.7tNycvupL6/llvm/lib/libLLVMAMDGPUDisassembler.a
[77/253] cd /home/tim911004/.llvm-project/stage1_build/lib/Target/AMDGPU/MCA && /home/tim911004/miniconda3/envs/cuda-quantum/lib/python3.10/site-packages/cmake/data/bin/cmake -DCMAKE_INSTALL_COMPONENT="LLVMAMDGPUTargetMCA" -DCMAKE_INSTALL_DO_STRIP=1 -P /home/tim911004/.llvm-project/stage1_build/cmake_install.cmake
-- Install configuration: "Release"
-- Installing: /tmp/tmp.7tNycvupL6/llvm/lib/libLLVMAMDGPUTargetMCA.a
[78/253] cd /home/tim911004/.llvm-project/stage1_build/lib/Target/AMDGPU/MCTargetDesc && /home/tim911004/miniconda3/envs/cuda-quantum/lib/python3.10/site-packages/cmake/data/bin/cmake -DCMAKE_INSTALL_COMPONENT="LLVMAMDGPUDesc" -DCMAKE_INSTALL_DO_STRIP=1 -P /home/tim911004/.llvm-project/stage1_build/cmake_install.cmake
-- Install configuration: "Release"
-- Installing: /tmp/tmp.7tNycvupL6/llvm/lib/libLLVMAMDGPUDesc.a
[79/253] cd /home/tim911004/.llvm-project/stage1_build/lib/Target/AMDGPU/TargetInfo && /home/tim911004/miniconda3/envs/cuda-quantum/lib/python3.10/site-packages/cmake/data/bin/cmake -DCMAKE_INSTALL_COMPONENT="LLVMAMDGPUInfo" -DCMAKE_INSTALL_DO_STRIP=1 -P /home/tim911004/.llvm-project/stage1_build/cmake_install.cmake
-- Install configuration: "Release"
-- Installing: /tmp/tmp.7tNycvupL6/llvm/lib/libLLVMAMDGPUInfo.a
[80/253] cd /home/tim911004/.llvm-project/stage1_build/lib/Target/AMDGPU/Utils && /home/tim911004/miniconda3/envs/cuda-quantum/lib/python3.10/site-packages/cmake/data/bin/cmake -DCMAKE_INSTALL_COMPONENT="LLVMAMDGPUUtils" -DCMAKE_INSTALL_DO_STRIP=1 -P /home/tim911004/.llvm-project/stage1_build/cmake_install.cmake
-- Install configuration: "Release"
-- Installing: /tmp/tmp.7tNycvupL6/llvm/lib/libLLVMAMDGPUUtils.a
[81/253] cd /home/tim911004/.llvm-project/stage1_build/lib/Target/ARM && /home/tim911004/miniconda3/envs/cuda-quantum/lib/python3.10/site-packages/cmake/data/bin/cmake -DCMAKE_INSTALL_COMPONENT="LLVMARMCodeGen" -DCMAKE_INSTALL_DO_STRIP=1 -P /home/tim911004/.llvm-project/stage1_build/cmake_install.cmake
-- Install configuration: "Release"
-- Installing: /tmp/tmp.7tNycvupL6/llvm/lib/libLLVMARMCodeGen.a
[82/253] cd /home/tim911004/.llvm-project/stage1_build/lib/Target/ARM/AsmParser && /home/tim911004/miniconda3/envs/cuda-quantum/lib/python3.10/site-packages/cmake/data/bin/cmake -DCMAKE_INSTALL_COMPONENT="LLVMARMAsmParser" -DCMAKE_INSTALL_DO_STRIP=1 -P /home/tim911004/.llvm-project/stage1_build/cmake_install.cmake
-- Install configuration: "Release"
-- Installing: /tmp/tmp.7tNycvupL6/llvm/lib/libLLVMARMAsmParser.a
[83/253] cd /home/tim911004/.llvm-project/stage1_build/lib/Target/ARM/Disassembler && /home/tim911004/miniconda3/envs/cuda-quantum/lib/python3.10/site-packages/cmake/data/bin/cmake -DCMAKE_INSTALL_COMPONENT="LLVMARMDisassembler" -DCMAKE_INSTALL_DO_STRIP=1 -P /home/tim911004/.llvm-project/stage1_build/cmake_install.cmake
-- Install configuration: "Release"
-- Installing: /tmp/tmp.7tNycvupL6/llvm/lib/libLLVMARMDisassembler.a
[84/253] cd /home/tim911004/.llvm-project/stage1_build/lib/Target/ARM/MCTargetDesc && /home/tim911004/miniconda3/envs/cuda-quantum/lib/python3.10/site-packages/cmake/data/bin/cmake -DCMAKE_INSTALL_COMPONENT="LLVMARMDesc" -DCMAKE_INSTALL_DO_STRIP=1 -P /home/tim911004/.llvm-project/stage1_build/cmake_install.cmake
-- Install configuration: "Release"
-- Installing: /tmp/tmp.7tNycvupL6/llvm/lib/libLLVMARMDesc.a
[85/253] cd /home/tim911004/.llvm-project/stage1_build/lib/Target/ARM/TargetInfo && /home/tim911004/miniconda3/envs/cuda-quantum/lib/python3.10/site-packages/cmake/data/bin/cmake -DCMAKE_INSTALL_COMPONENT="LLVMARMInfo" -DCMAKE_INSTALL_DO_STRIP=1 -P /home/tim911004/.llvm-project/stage1_build/cmake_install.cmake
-- Install configuration: "Release"
-- Installing: /tmp/tmp.7tNycvupL6/llvm/lib/libLLVMARMInfo.a
[86/253] cd /home/tim911004/.llvm-project/stage1_build/lib/Target/ARM/Utils && /home/tim911004/miniconda3/envs/cuda-quantum/lib/python3.10/site-packages/cmake/data/bin/cmake -DCMAKE_INSTALL_COMPONENT="LLVMARMUtils" -DCMAKE_INSTALL_DO_STRIP=1 -P /home/tim911004/.llvm-project/stage1_build/cmake_install.cmake
-- Install configuration: "Release"
-- Installing: /tmp/tmp.7tNycvupL6/llvm/lib/libLLVMARMUtils.a
[87/253] cd /home/tim911004/.llvm-project/stage1_build/lib/Target/AVR && /home/tim911004/miniconda3/envs/cuda-quantum/lib/python3.10/site-packages/cmake/data/bin/cmake -DCMAKE_INSTALL_COMPONENT="LLVMAVRCodeGen" -DCMAKE_INSTALL_DO_STRIP=1 -P /home/tim911004/.llvm-project/stage1_build/cmake_install.cmake
-- Install configuration: "Release"
-- Installing: /tmp/tmp.7tNycvupL6/llvm/lib/libLLVMAVRCodeGen.a
[88/253] cd /home/tim911004/.llvm-project/stage1_build/lib/Target/AVR/AsmParser && /home/tim911004/miniconda3/envs/cuda-quantum/lib/python3.10/site-packages/cmake/data/bin/cmake -DCMAKE_INSTALL_COMPONENT="LLVMAVRAsmParser" -DCMAKE_INSTALL_DO_STRIP=1 -P /home/tim911004/.llvm-project/stage1_build/cmake_install.cmake
-- Install configuration: "Release"
-- Installing: /tmp/tmp.7tNycvupL6/llvm/lib/libLLVMAVRAsmParser.a
[89/253] cd /home/tim911004/.llvm-project/stage1_build/lib/Target/AVR/Disassembler && /home/tim911004/miniconda3/envs/cuda-quantum/lib/python3.10/site-packages/cmake/data/bin/cmake -DCMAKE_INSTALL_COMPONENT="LLVMAVRDisassembler" -DCMAKE_INSTALL_DO_STRIP=1 -P /home/tim911004/.llvm-project/stage1_build/cmake_install.cmake
-- Install configuration: "Release"
-- Installing: /tmp/tmp.7tNycvupL6/llvm/lib/libLLVMAVRDisassembler.a
[90/253] cd /home/tim911004/.llvm-project/stage1_build/lib/Target/AVR/MCTargetDesc && /home/tim911004/miniconda3/envs/cuda-quantum/lib/python3.10/site-packages/cmake/data/bin/cmake -DCMAKE_INSTALL_COMPONENT="LLVMAVRDesc" -DCMAKE_INSTALL_DO_STRIP=1 -P /home/tim911004/.llvm-project/stage1_build/cmake_install.cmake
-- Install configuration: "Release"
-- Installing: /tmp/tmp.7tNycvupL6/llvm/lib/libLLVMAVRDesc.a
[91/253] cd /home/tim911004/.llvm-project/stage1_build/lib/Target/AVR/TargetInfo && /home/tim911004/miniconda3/envs/cuda-quantum/lib/python3.10/site-packages/cmake/data/bin/cmake -DCMAKE_INSTALL_COMPONENT="LLVMAVRInfo" -DCMAKE_INSTALL_DO_STRIP=1 -P /home/tim911004/.llvm-project/stage1_build/cmake_install.cmake
-- Install configuration: "Release"
-- Installing: /tmp/tmp.7tNycvupL6/llvm/lib/libLLVMAVRInfo.a
[92/253] cd /home/tim911004/.llvm-project/stage1_build/lib/Target/BPF && /home/tim911004/miniconda3/envs/cuda-quantum/lib/python3.10/site-packages/cmake/data/bin/cmake -DCMAKE_INSTALL_COMPONENT="LLVMBPFCodeGen" -DCMAKE_INSTALL_DO_STRIP=1 -P /home/tim911004/.llvm-project/stage1_build/cmake_install.cmake
-- Install configuration: "Release"
-- Installing: /tmp/tmp.7tNycvupL6/llvm/lib/libLLVMBPFCodeGen.a
[93/253] cd /home/tim911004/.llvm-project/stage1_build/lib/Target/BPF/AsmParser && /home/tim911004/miniconda3/envs/cuda-quantum/lib/python3.10/site-packages/cmake/data/bin/cmake -DCMAKE_INSTALL_COMPONENT="LLVMBPFAsmParser" -DCMAKE_INSTALL_DO_STRIP=1 -P /home/tim911004/.llvm-project/stage1_build/cmake_install.cmake
-- Install configuration: "Release"
-- Installing: /tmp/tmp.7tNycvupL6/llvm/lib/libLLVMBPFAsmParser.a
[94/253] cd /home/tim911004/.llvm-project/stage1_build/lib/Target/BPF/Disassembler && /home/tim911004/miniconda3/envs/cuda-quantum/lib/python3.10/site-packages/cmake/data/bin/cmake -DCMAKE_INSTALL_COMPONENT="LLVMBPFDisassembler" -DCMAKE_INSTALL_DO_STRIP=1 -P /home/tim911004/.llvm-project/stage1_build/cmake_install.cmake
-- Install configuration: "Release"
-- Installing: /tmp/tmp.7tNycvupL6/llvm/lib/libLLVMBPFDisassembler.a
[95/253] cd /home/tim911004/.llvm-project/stage1_build/lib/Target/BPF/MCTargetDesc && /home/tim911004/miniconda3/envs/cuda-quantum/lib/python3.10/site-packages/cmake/data/bin/cmake -DCMAKE_INSTALL_COMPONENT="LLVMBPFDesc" -DCMAKE_INSTALL_DO_STRIP=1 -P /home/tim911004/.llvm-project/stage1_build/cmake_install.cmake
-- Install configuration: "Release"
-- Installing: /tmp/tmp.7tNycvupL6/llvm/lib/libLLVMBPFDesc.a
[96/253] cd /home/tim911004/.llvm-project/stage1_build/lib/Target/BPF/TargetInfo && /home/tim911004/miniconda3/envs/cuda-quantum/lib/python3.10/site-packages/cmake/data/bin/cmake -DCMAKE_INSTALL_COMPONENT="LLVMBPFInfo" -DCMAKE_INSTALL_DO_STRIP=1 -P /home/tim911004/.llvm-project/stage1_build/cmake_install.cmake
-- Install configuration: "Release"
-- Installing: /tmp/tmp.7tNycvupL6/llvm/lib/libLLVMBPFInfo.a
[97/253] cd /home/tim911004/.llvm-project/stage1_build/lib/Target/Hexagon && /home/tim911004/miniconda3/envs/cuda-quantum/lib/python3.10/site-packages/cmake/data/bin/cmake -DCMAKE_INSTALL_COMPONENT="LLVMHexagonCodeGen" -DCMAKE_INSTALL_DO_STRIP=1 -P /home/tim911004/.llvm-project/stage1_build/cmake_install.cmake
-- Install configuration: "Release"
-- Installing: /tmp/tmp.7tNycvupL6/llvm/lib/libLLVMHexagonCodeGen.a
[98/253] cd /home/tim911004/.llvm-project/stage1_build/lib/Target/Hexagon/AsmParser && /home/tim911004/miniconda3/envs/cuda-quantum/lib/python3.10/site-packages/cmake/data/bin/cmake -DCMAKE_INSTALL_COMPONENT="LLVMHexagonAsmParser" -DCMAKE_INSTALL_DO_STRIP=1 -P /home/tim911004/.llvm-project/stage1_build/cmake_install.cmake
-- Install configuration: "Release"
-- Installing: /tmp/tmp.7tNycvupL6/llvm/lib/libLLVMHexagonAsmParser.a
[99/253] cd /home/tim911004/.llvm-project/stage1_build/lib/Target/Hexagon/Disassembler && /home/tim911004/miniconda3/envs/cuda-quantum/lib/python3.10/site-packages/cmake/data/bin/cmake -DCMAKE_INSTALL_COMPONENT="LLVMHexagonDisassembler" -DCMAKE_INSTALL_DO_STRIP=1 -P /home/tim911004/.llvm-project/stage1_build/cmake_install.cmake
-- Install configuration: "Release"
-- Installing: /tmp/tmp.7tNycvupL6/llvm/lib/libLLVMHexagonDisassembler.a
[100/253] cd /home/tim911004/.llvm-project/stage1_build/lib/Target/Hexagon/MCTargetDesc && /home/tim911004/miniconda3/envs/cuda-quantum/lib/python3.10/site-packages/cmake/data/bin/cmake -DCMAKE_INSTALL_COMPONENT="LLVMHexagonDesc" -DCMAKE_INSTALL_DO_STRIP=1 -P /home/tim911004/.llvm-project/stage1_build/cmake_install.cmake
-- Install configuration: "Release"
-- Installing: /tmp/tmp.7tNycvupL6/llvm/lib/libLLVMHexagonDesc.a
[101/253] cd /home/tim911004/.llvm-project/stage1_build/lib/Target/Hexagon/TargetInfo && /home/tim911004/miniconda3/envs/cuda-quantum/lib/python3.10/site-packages/cmake/data/bin/cmake -DCMAKE_INSTALL_COMPONENT="LLVMHexagonInfo" -DCMAKE_INSTALL_DO_STRIP=1 -P /home/tim911004/.llvm-project/stage1_build/cmake_install.cmake
-- Install configuration: "Release"
-- Installing: /tmp/tmp.7tNycvupL6/llvm/lib/libLLVMHexagonInfo.a
[102/253] cd /home/tim911004/.llvm-project/stage1_build/lib/Target/Lanai && /home/tim911004/miniconda3/envs/cuda-quantum/lib/python3.10/site-packages/cmake/data/bin/cmake -DCMAKE_INSTALL_COMPONENT="LLVMLanaiCodeGen" -DCMAKE_INSTALL_DO_STRIP=1 -P /home/tim911004/.llvm-project/stage1_build/cmake_install.cmake
-- Install configuration: "Release"
-- Installing: /tmp/tmp.7tNycvupL6/llvm/lib/libLLVMLanaiCodeGen.a
[103/253] cd /home/tim911004/.llvm-project/stage1_build/lib/Target/Lanai/AsmParser && /home/tim911004/miniconda3/envs/cuda-quantum/lib/python3.10/site-packages/cmake/data/bin/cmake -DCMAKE_INSTALL_COMPONENT="LLVMLanaiAsmParser" -DCMAKE_INSTALL_DO_STRIP=1 -P /home/tim911004/.llvm-project/stage1_build/cmake_install.cmake
-- Install configuration: "Release"
-- Installing: /tmp/tmp.7tNycvupL6/llvm/lib/libLLVMLanaiAsmParser.a
[104/253] cd /home/tim911004/.llvm-project/stage1_build/lib/Target/Lanai/Disassembler && /home/tim911004/miniconda3/envs/cuda-quantum/lib/python3.10/site-packages/cmake/data/bin/cmake -DCMAKE_INSTALL_COMPONENT="LLVMLanaiDisassembler" -DCMAKE_INSTALL_DO_STRIP=1 -P /home/tim911004/.llvm-project/stage1_build/cmake_install.cmake
-- Install configuration: "Release"
-- Installing: /tmp/tmp.7tNycvupL6/llvm/lib/libLLVMLanaiDisassembler.a
[105/253] cd /home/tim911004/.llvm-project/stage1_build/lib/Target/Lanai/MCTargetDesc && /home/tim911004/miniconda3/envs/cuda-quantum/lib/python3.10/site-packages/cmake/data/bin/cmake -DCMAKE_INSTALL_COMPONENT="LLVMLanaiDesc" -DCMAKE_INSTALL_DO_STRIP=1 -P /home/tim911004/.llvm-project/stage1_build/cmake_install.cmake
-- Install configuration: "Release"
-- Installing: /tmp/tmp.7tNycvupL6/llvm/lib/libLLVMLanaiDesc.a
[106/253] cd /home/tim911004/.llvm-project/stage1_build/lib/Target/Lanai/TargetInfo && /home/tim911004/miniconda3/envs/cuda-quantum/lib/python3.10/site-packages/cmake/data/bin/cmake -DCMAKE_INSTALL_COMPONENT="LLVMLanaiInfo" -DCMAKE_INSTALL_DO_STRIP=1 -P /home/tim911004/.llvm-project/stage1_build/cmake_install.cmake
-- Install configuration: "Release"
-- Installing: /tmp/tmp.7tNycvupL6/llvm/lib/libLLVMLanaiInfo.a
[107/253] cd /home/tim911004/.llvm-project/stage1_build/lib/Target/LoongArch && /home/tim911004/miniconda3/envs/cuda-quantum/lib/python3.10/site-packages/cmake/data/bin/cmake -DCMAKE_INSTALL_COMPONENT="LLVMLoongArchCodeGen" -DCMAKE_INSTALL_DO_STRIP=1 -P /home/tim911004/.llvm-project/stage1_build/cmake_install.cmake
-- Install configuration: "Release"
-- Installing: /tmp/tmp.7tNycvupL6/llvm/lib/libLLVMLoongArchCodeGen.a
[108/253] cd /home/tim911004/.llvm-project/stage1_build/lib/Target/LoongArch/AsmParser && /home/tim911004/miniconda3/envs/cuda-quantum/lib/python3.10/site-packages/cmake/data/bin/cmake -DCMAKE_INSTALL_COMPONENT="LLVMLoongArchAsmParser" -DCMAKE_INSTALL_DO_STRIP=1 -P /home/tim911004/.llvm-project/stage1_build/cmake_install.cmake
-- Install configuration: "Release"
-- Installing: /tmp/tmp.7tNycvupL6/llvm/lib/libLLVMLoongArchAsmParser.a
[109/253] cd /home/tim911004/.llvm-project/stage1_build/lib/Target/LoongArch/Disassembler && /home/tim911004/miniconda3/envs/cuda-quantum/lib/python3.10/site-packages/cmake/data/bin/cmake -DCMAKE_INSTALL_COMPONENT="LLVMLoongArchDisassembler" -DCMAKE_INSTALL_DO_STRIP=1 -P /home/tim911004/.llvm-project/stage1_build/cmake_install.cmake
-- Install configuration: "Release"
-- Installing: /tmp/tmp.7tNycvupL6/llvm/lib/libLLVMLoongArchDisassembler.a
[110/253] cd /home/tim911004/.llvm-project/stage1_build/lib/Target/LoongArch/MCTargetDesc && /home/tim911004/miniconda3/envs/cuda-quantum/lib/python3.10/site-packages/cmake/data/bin/cmake -DCMAKE_INSTALL_COMPONENT="LLVMLoongArchDesc" -DCMAKE_INSTALL_DO_STRIP=1 -P /home/tim911004/.llvm-project/stage1_build/cmake_install.cmake
-- Install configuration: "Release"
-- Installing: /tmp/tmp.7tNycvupL6/llvm/lib/libLLVMLoongArchDesc.a
[111/253] cd /home/tim911004/.llvm-project/stage1_build/lib/Target/LoongArch/TargetInfo && /home/tim911004/miniconda3/envs/cuda-quantum/lib/python3.10/site-packages/cmake/data/bin/cmake -DCMAKE_INSTALL_COMPONENT="LLVMLoongArchInfo" -DCMAKE_INSTALL_DO_STRIP=1 -P /home/tim911004/.llvm-project/stage1_build/cmake_install.cmake
-- Install configuration: "Release"
-- Installing: /tmp/tmp.7tNycvupL6/llvm/lib/libLLVMLoongArchInfo.a
[112/253] cd /home/tim911004/.llvm-project/stage1_build/lib/Target/Mips && /home/tim911004/miniconda3/envs/cuda-quantum/lib/python3.10/site-packages/cmake/data/bin/cmake -DCMAKE_INSTALL_COMPONENT="LLVMMipsCodeGen" -DCMAKE_INSTALL_DO_STRIP=1 -P /home/tim911004/.llvm-project/stage1_build/cmake_install.cmake
-- Install configuration: "Release"
-- Installing: /tmp/tmp.7tNycvupL6/llvm/lib/libLLVMMipsCodeGen.a
[113/253] cd /home/tim911004/.llvm-project/stage1_build/lib/Target/Mips/AsmParser && /home/tim911004/miniconda3/envs/cuda-quantum/lib/python3.10/site-packages/cmake/data/bin/cmake -DCMAKE_INSTALL_COMPONENT="LLVMMipsAsmParser" -DCMAKE_INSTALL_DO_STRIP=1 -P /home/tim911004/.llvm-project/stage1_build/cmake_install.cmake
-- Install configuration: "Release"
-- Installing: /tmp/tmp.7tNycvupL6/llvm/lib/libLLVMMipsAsmParser.a
[114/253] cd /home/tim911004/.llvm-project/stage1_build/lib/Target/Mips/Disassembler && /home/tim911004/miniconda3/envs/cuda-quantum/lib/python3.10/site-packages/cmake/data/bin/cmake -DCMAKE_INSTALL_COMPONENT="LLVMMipsDisassembler" -DCMAKE_INSTALL_DO_STRIP=1 -P /home/tim911004/.llvm-project/stage1_build/cmake_install.cmake
-- Install configuration: "Release"
-- Installing: /tmp/tmp.7tNycvupL6/llvm/lib/libLLVMMipsDisassembler.a
[115/253] cd /home/tim911004/.llvm-project/stage1_build/lib/Target/Mips/MCTargetDesc && /home/tim911004/miniconda3/envs/cuda-quantum/lib/python3.10/site-packages/cmake/data/bin/cmake -DCMAKE_INSTALL_COMPONENT="LLVMMipsDesc" -DCMAKE_INSTALL_DO_STRIP=1 -P /home/tim911004/.llvm-project/stage1_build/cmake_install.cmake
-- Install configuration: "Release"
-- Installing: /tmp/tmp.7tNycvupL6/llvm/lib/libLLVMMipsDesc.a
[116/253] cd /home/tim911004/.llvm-project/stage1_build/lib/Target/Mips/TargetInfo && /home/tim911004/miniconda3/envs/cuda-quantum/lib/python3.10/site-packages/cmake/data/bin/cmake -DCMAKE_INSTALL_COMPONENT="LLVMMipsInfo" -DCMAKE_INSTALL_DO_STRIP=1 -P /home/tim911004/.llvm-project/stage1_build/cmake_install.cmake
-- Install configuration: "Release"
-- Installing: /tmp/tmp.7tNycvupL6/llvm/lib/libLLVMMipsInfo.a
[117/253] cd /home/tim911004/.llvm-project/stage1_build/lib/Target/MSP430 && /home/tim911004/miniconda3/envs/cuda-quantum/lib/python3.10/site-packages/cmake/data/bin/cmake -DCMAKE_INSTALL_COMPONENT="LLVMMSP430CodeGen" -DCMAKE_INSTALL_DO_STRIP=1 -P /home/tim911004/.llvm-project/stage1_build/cmake_install.cmake
-- Install configuration: "Release"
-- Installing: /tmp/tmp.7tNycvupL6/llvm/lib/libLLVMMSP430CodeGen.a
[118/253] cd /home/tim911004/.llvm-project/stage1_build/lib/Target/MSP430/MCTargetDesc && /home/tim911004/miniconda3/envs/cuda-quantum/lib/python3.10/site-packages/cmake/data/bin/cmake -DCMAKE_INSTALL_COMPONENT="LLVMMSP430Desc" -DCMAKE_INSTALL_DO_STRIP=1 -P /home/tim911004/.llvm-project/stage1_build/cmake_install.cmake
-- Install configuration: "Release"
-- Installing: /tmp/tmp.7tNycvupL6/llvm/lib/libLLVMMSP430Desc.a
[119/253] cd /home/tim911004/.llvm-project/stage1_build/lib/Target/MSP430/TargetInfo && /home/tim911004/miniconda3/envs/cuda-quantum/lib/python3.10/site-packages/cmake/data/bin/cmake -DCMAKE_INSTALL_COMPONENT="LLVMMSP430Info" -DCMAKE_INSTALL_DO_STRIP=1 -P /home/tim911004/.llvm-project/stage1_build/cmake_install.cmake
-- Install configuration: "Release"
-- Installing: /tmp/tmp.7tNycvupL6/llvm/lib/libLLVMMSP430Info.a
[120/253] cd /home/tim911004/.llvm-project/stage1_build/lib/Target/MSP430/AsmParser && /home/tim911004/miniconda3/envs/cuda-quantum/lib/python3.10/site-packages/cmake/data/bin/cmake -DCMAKE_INSTALL_COMPONENT="LLVMMSP430AsmParser" -DCMAKE_INSTALL_DO_STRIP=1 -P /home/tim911004/.llvm-project/stage1_build/cmake_install.cmake
-- Install configuration: "Release"
-- Installing: /tmp/tmp.7tNycvupL6/llvm/lib/libLLVMMSP430AsmParser.a
[121/253] cd /home/tim911004/.llvm-project/stage1_build/lib/Target/MSP430/Disassembler && /home/tim911004/miniconda3/envs/cuda-quantum/lib/python3.10/site-packages/cmake/data/bin/cmake -DCMAKE_INSTALL_COMPONENT="LLVMMSP430Disassembler" -DCMAKE_INSTALL_DO_STRIP=1 -P /home/tim911004/.llvm-project/stage1_build/cmake_install.cmake
-- Install configuration: "Release"
-- Installing: /tmp/tmp.7tNycvupL6/llvm/lib/libLLVMMSP430Disassembler.a
[122/253] cd /home/tim911004/.llvm-project/stage1_build/lib/Target/NVPTX && /home/tim911004/miniconda3/envs/cuda-quantum/lib/python3.10/site-packages/cmake/data/bin/cmake -DCMAKE_INSTALL_COMPONENT="LLVMNVPTXCodeGen" -DCMAKE_INSTALL_DO_STRIP=1 -P /home/tim911004/.llvm-project/stage1_build/cmake_install.cmake
-- Install configuration: "Release"
-- Installing: /tmp/tmp.7tNycvupL6/llvm/lib/libLLVMNVPTXCodeGen.a
[123/253] cd /home/tim911004/.llvm-project/stage1_build/lib/Target/NVPTX/MCTargetDesc && /home/tim911004/miniconda3/envs/cuda-quantum/lib/python3.10/site-packages/cmake/data/bin/cmake -DCMAKE_INSTALL_COMPONENT="LLVMNVPTXDesc" -DCMAKE_INSTALL_DO_STRIP=1 -P /home/tim911004/.llvm-project/stage1_build/cmake_install.cmake
-- Install configuration: "Release"
-- Installing: /tmp/tmp.7tNycvupL6/llvm/lib/libLLVMNVPTXDesc.a
[124/253] cd /home/tim911004/.llvm-project/stage1_build/lib/Target/NVPTX/TargetInfo && /home/tim911004/miniconda3/envs/cuda-quantum/lib/python3.10/site-packages/cmake/data/bin/cmake -DCMAKE_INSTALL_COMPONENT="LLVMNVPTXInfo" -DCMAKE_INSTALL_DO_STRIP=1 -P /home/tim911004/.llvm-project/stage1_build/cmake_install.cmake
-- Install configuration: "Release"
-- Installing: /tmp/tmp.7tNycvupL6/llvm/lib/libLLVMNVPTXInfo.a
[125/253] cd /home/tim911004/.llvm-project/stage1_build/lib/Target/PowerPC && /home/tim911004/miniconda3/envs/cuda-quantum/lib/python3.10/site-packages/cmake/data/bin/cmake -DCMAKE_INSTALL_COMPONENT="LLVMPowerPCCodeGen" -DCMAKE_INSTALL_DO_STRIP=1 -P /home/tim911004/.llvm-project/stage1_build/cmake_install.cmake
-- Install configuration: "Release"
-- Installing: /tmp/tmp.7tNycvupL6/llvm/lib/libLLVMPowerPCCodeGen.a
[126/253] cd /home/tim911004/.llvm-project/stage1_build/lib/Target/PowerPC/AsmParser && /home/tim911004/miniconda3/envs/cuda-quantum/lib/python3.10/site-packages/cmake/data/bin/cmake -DCMAKE_INSTALL_COMPONENT="LLVMPowerPCAsmParser" -DCMAKE_INSTALL_DO_STRIP=1 -P /home/tim911004/.llvm-project/stage1_build/cmake_install.cmake
-- Install configuration: "Release"
-- Installing: /tmp/tmp.7tNycvupL6/llvm/lib/libLLVMPowerPCAsmParser.a
[127/253] cd /home/tim911004/.llvm-project/stage1_build/lib/Target/PowerPC/Disassembler && /home/tim911004/miniconda3/envs/cuda-quantum/lib/python3.10/site-packages/cmake/data/bin/cmake -DCMAKE_INSTALL_COMPONENT="LLVMPowerPCDisassembler" -DCMAKE_INSTALL_DO_STRIP=1 -P /home/tim911004/.llvm-project/stage1_build/cmake_install.cmake
-- Install configuration: "Release"
-- Installing: /tmp/tmp.7tNycvupL6/llvm/lib/libLLVMPowerPCDisassembler.a
[128/253] cd /home/tim911004/.llvm-project/stage1_build/lib/Target/PowerPC/MCTargetDesc && /home/tim911004/miniconda3/envs/cuda-quantum/lib/python3.10/site-packages/cmake/data/bin/cmake -DCMAKE_INSTALL_COMPONENT="LLVMPowerPCDesc" -DCMAKE_INSTALL_DO_STRIP=1 -P /home/tim911004/.llvm-project/stage1_build/cmake_install.cmake
-- Install configuration: "Release"
-- Installing: /tmp/tmp.7tNycvupL6/llvm/lib/libLLVMPowerPCDesc.a
[129/253] cd /home/tim911004/.llvm-project/stage1_build/lib/Target/PowerPC/TargetInfo && /home/tim911004/miniconda3/envs/cuda-quantum/lib/python3.10/site-packages/cmake/data/bin/cmake -DCMAKE_INSTALL_COMPONENT="LLVMPowerPCInfo" -DCMAKE_INSTALL_DO_STRIP=1 -P /home/tim911004/.llvm-project/stage1_build/cmake_install.cmake
-- Install configuration: "Release"
-- Installing: /tmp/tmp.7tNycvupL6/llvm/lib/libLLVMPowerPCInfo.a
[130/253] cd /home/tim911004/.llvm-project/stage1_build/lib/Target/RISCV && /home/tim911004/miniconda3/envs/cuda-quantum/lib/python3.10/site-packages/cmake/data/bin/cmake -DCMAKE_INSTALL_COMPONENT="LLVMRISCVCodeGen" -DCMAKE_INSTALL_DO_STRIP=1 -P /home/tim911004/.llvm-project/stage1_build/cmake_install.cmake
-- Install configuration: "Release"
-- Installing: /tmp/tmp.7tNycvupL6/llvm/lib/libLLVMRISCVCodeGen.a
[131/253] cd /home/tim911004/.llvm-project/stage1_build/lib/Target/RISCV/AsmParser && /home/tim911004/miniconda3/envs/cuda-quantum/lib/python3.10/site-packages/cmake/data/bin/cmake -DCMAKE_INSTALL_COMPONENT="LLVMRISCVAsmParser" -DCMAKE_INSTALL_DO_STRIP=1 -P /home/tim911004/.llvm-project/stage1_build/cmake_install.cmake
-- Install configuration: "Release"
-- Installing: /tmp/tmp.7tNycvupL6/llvm/lib/libLLVMRISCVAsmParser.a
[132/253] cd /home/tim911004/.llvm-project/stage1_build/lib/Target/RISCV/Disassembler && /home/tim911004/miniconda3/envs/cuda-quantum/lib/python3.10/site-packages/cmake/data/bin/cmake -DCMAKE_INSTALL_COMPONENT="LLVMRISCVDisassembler" -DCMAKE_INSTALL_DO_STRIP=1 -P /home/tim911004/.llvm-project/stage1_build/cmake_install.cmake
-- Install configuration: "Release"
-- Installing: /tmp/tmp.7tNycvupL6/llvm/lib/libLLVMRISCVDisassembler.a
[133/253] cd /home/tim911004/.llvm-project/stage1_build/lib/Target/RISCV/MCTargetDesc && /home/tim911004/miniconda3/envs/cuda-quantum/lib/python3.10/site-packages/cmake/data/bin/cmake -DCMAKE_INSTALL_COMPONENT="LLVMRISCVDesc" -DCMAKE_INSTALL_DO_STRIP=1 -P /home/tim911004/.llvm-project/stage1_build/cmake_install.cmake
-- Install configuration: "Release"
-- Installing: /tmp/tmp.7tNycvupL6/llvm/lib/libLLVMRISCVDesc.a
[134/253] cd /home/tim911004/.llvm-project/stage1_build/lib/Target/RISCV/MCA && /home/tim911004/miniconda3/envs/cuda-quantum/lib/python3.10/site-packages/cmake/data/bin/cmake -DCMAKE_INSTALL_COMPONENT="LLVMRISCVTargetMCA" -DCMAKE_INSTALL_DO_STRIP=1 -P /home/tim911004/.llvm-project/stage1_build/cmake_install.cmake
-- Install configuration: "Release"
-- Installing: /tmp/tmp.7tNycvupL6/llvm/lib/libLLVMRISCVTargetMCA.a
[135/253] cd /home/tim911004/.llvm-project/stage1_build/lib/Target/RISCV/TargetInfo && /home/tim911004/miniconda3/envs/cuda-quantum/lib/python3.10/site-packages/cmake/data/bin/cmake -DCMAKE_INSTALL_COMPONENT="LLVMRISCVInfo" -DCMAKE_INSTALL_DO_STRIP=1 -P /home/tim911004/.llvm-project/stage1_build/cmake_install.cmake
-- Install configuration: "Release"
-- Installing: /tmp/tmp.7tNycvupL6/llvm/lib/libLLVMRISCVInfo.a
[136/253] cd /home/tim911004/.llvm-project/stage1_build/lib/Target/Sparc && /home/tim911004/miniconda3/envs/cuda-quantum/lib/python3.10/site-packages/cmake/data/bin/cmake -DCMAKE_INSTALL_COMPONENT="LLVMSparcCodeGen" -DCMAKE_INSTALL_DO_STRIP=1 -P /home/tim911004/.llvm-project/stage1_build/cmake_install.cmake
-- Install configuration: "Release"
-- Installing: /tmp/tmp.7tNycvupL6/llvm/lib/libLLVMSparcCodeGen.a
[137/253] cd /home/tim911004/.llvm-project/stage1_build/lib/Target/Sparc/AsmParser && /home/tim911004/miniconda3/envs/cuda-quantum/lib/python3.10/site-packages/cmake/data/bin/cmake -DCMAKE_INSTALL_COMPONENT="LLVMSparcAsmParser" -DCMAKE_INSTALL_DO_STRIP=1 -P /home/tim911004/.llvm-project/stage1_build/cmake_install.cmake
-- Install configuration: "Release"
-- Installing: /tmp/tmp.7tNycvupL6/llvm/lib/libLLVMSparcAsmParser.a
[138/253] cd /home/tim911004/.llvm-project/stage1_build/lib/Target/Sparc/Disassembler && /home/tim911004/miniconda3/envs/cuda-quantum/lib/python3.10/site-packages/cmake/data/bin/cmake -DCMAKE_INSTALL_COMPONENT="LLVMSparcDisassembler" -DCMAKE_INSTALL_DO_STRIP=1 -P /home/tim911004/.llvm-project/stage1_build/cmake_install.cmake
-- Install configuration: "Release"
-- Installing: /tmp/tmp.7tNycvupL6/llvm/lib/libLLVMSparcDisassembler.a
[139/253] cd /home/tim911004/.llvm-project/stage1_build/lib/Target/Sparc/MCTargetDesc && /home/tim911004/miniconda3/envs/cuda-quantum/lib/python3.10/site-packages/cmake/data/bin/cmake -DCMAKE_INSTALL_COMPONENT="LLVMSparcDesc" -DCMAKE_INSTALL_DO_STRIP=1 -P /home/tim911004/.llvm-project/stage1_build/cmake_install.cmake
-- Install configuration: "Release"
-- Installing: /tmp/tmp.7tNycvupL6/llvm/lib/libLLVMSparcDesc.a
[140/253] cd /home/tim911004/.llvm-project/stage1_build/lib/Target/Sparc/TargetInfo && /home/tim911004/miniconda3/envs/cuda-quantum/lib/python3.10/site-packages/cmake/data/bin/cmake -DCMAKE_INSTALL_COMPONENT="LLVMSparcInfo" -DCMAKE_INSTALL_DO_STRIP=1 -P /home/tim911004/.llvm-project/stage1_build/cmake_install.cmake
-- Install configuration: "Release"
-- Installing: /tmp/tmp.7tNycvupL6/llvm/lib/libLLVMSparcInfo.a
[141/253] cd /home/tim911004/.llvm-project/stage1_build/lib/Target/SystemZ && /home/tim911004/miniconda3/envs/cuda-quantum/lib/python3.10/site-packages/cmake/data/bin/cmake -DCMAKE_INSTALL_COMPONENT="LLVMSystemZCodeGen" -DCMAKE_INSTALL_DO_STRIP=1 -P /home/tim911004/.llvm-project/stage1_build/cmake_install.cmake
-- Install configuration: "Release"
-- Installing: /tmp/tmp.7tNycvupL6/llvm/lib/libLLVMSystemZCodeGen.a
[142/253] cd /home/tim911004/.llvm-project/stage1_build/lib/Target/SystemZ/AsmParser && /home/tim911004/miniconda3/envs/cuda-quantum/lib/python3.10/site-packages/cmake/data/bin/cmake -DCMAKE_INSTALL_COMPONENT="LLVMSystemZAsmParser" -DCMAKE_INSTALL_DO_STRIP=1 -P /home/tim911004/.llvm-project/stage1_build/cmake_install.cmake
-- Install configuration: "Release"
-- Installing: /tmp/tmp.7tNycvupL6/llvm/lib/libLLVMSystemZAsmParser.a
[143/253] cd /home/tim911004/.llvm-project/stage1_build/lib/Target/SystemZ/Disassembler && /home/tim911004/miniconda3/envs/cuda-quantum/lib/python3.10/site-packages/cmake/data/bin/cmake -DCMAKE_INSTALL_COMPONENT="LLVMSystemZDisassembler" -DCMAKE_INSTALL_DO_STRIP=1 -P /home/tim911004/.llvm-project/stage1_build/cmake_install.cmake
-- Install configuration: "Release"
-- Installing: /tmp/tmp.7tNycvupL6/llvm/lib/libLLVMSystemZDisassembler.a
[144/253] cd /home/tim911004/.llvm-project/stage1_build/lib/Target/SystemZ/MCTargetDesc && /home/tim911004/miniconda3/envs/cuda-quantum/lib/python3.10/site-packages/cmake/data/bin/cmake -DCMAKE_INSTALL_COMPONENT="LLVMSystemZDesc" -DCMAKE_INSTALL_DO_STRIP=1 -P /home/tim911004/.llvm-project/stage1_build/cmake_install.cmake
-- Install configuration: "Release"
-- Installing: /tmp/tmp.7tNycvupL6/llvm/lib/libLLVMSystemZDesc.a
[145/253] cd /home/tim911004/.llvm-project/stage1_build/lib/Target/SystemZ/TargetInfo && /home/tim911004/miniconda3/envs/cuda-quantum/lib/python3.10/site-packages/cmake/data/bin/cmake -DCMAKE_INSTALL_COMPONENT="LLVMSystemZInfo" -DCMAKE_INSTALL_DO_STRIP=1 -P /home/tim911004/.llvm-project/stage1_build/cmake_install.cmake
-- Install configuration: "Release"
-- Installing: /tmp/tmp.7tNycvupL6/llvm/lib/libLLVMSystemZInfo.a
[146/253] cd /home/tim911004/.llvm-project/stage1_build/lib/Target/VE && /home/tim911004/miniconda3/envs/cuda-quantum/lib/python3.10/site-packages/cmake/data/bin/cmake -DCMAKE_INSTALL_COMPONENT="LLVMVECodeGen" -DCMAKE_INSTALL_DO_STRIP=1 -P /home/tim911004/.llvm-project/stage1_build/cmake_install.cmake
-- Install configuration: "Release"
-- Installing: /tmp/tmp.7tNycvupL6/llvm/lib/libLLVMVECodeGen.a
[147/253] cd /home/tim911004/.llvm-project/stage1_build/lib/Target/VE/AsmParser && /home/tim911004/miniconda3/envs/cuda-quantum/lib/python3.10/site-packages/cmake/data/bin/cmake -DCMAKE_INSTALL_COMPONENT="LLVMVEAsmParser" -DCMAKE_INSTALL_DO_STRIP=1 -P /home/tim911004/.llvm-project/stage1_build/cmake_install.cmake
-- Install configuration: "Release"
-- Installing: /tmp/tmp.7tNycvupL6/llvm/lib/libLLVMVEAsmParser.a
[148/253] cd /home/tim911004/.llvm-project/stage1_build/lib/Target/VE/Disassembler && /home/tim911004/miniconda3/envs/cuda-quantum/lib/python3.10/site-packages/cmake/data/bin/cmake -DCMAKE_INSTALL_COMPONENT="LLVMVEDisassembler" -DCMAKE_INSTALL_DO_STRIP=1 -P /home/tim911004/.llvm-project/stage1_build/cmake_install.cmake
-- Install configuration: "Release"
-- Installing: /tmp/tmp.7tNycvupL6/llvm/lib/libLLVMVEDisassembler.a
[149/253] cd /home/tim911004/.llvm-project/stage1_build/lib/Target/VE/TargetInfo && /home/tim911004/miniconda3/envs/cuda-quantum/lib/python3.10/site-packages/cmake/data/bin/cmake -DCMAKE_INSTALL_COMPONENT="LLVMVEInfo" -DCMAKE_INSTALL_DO_STRIP=1 -P /home/tim911004/.llvm-project/stage1_build/cmake_install.cmake
-- Install configuration: "Release"
-- Installing: /tmp/tmp.7tNycvupL6/llvm/lib/libLLVMVEInfo.a
[150/253] cd /home/tim911004/.llvm-project/stage1_build/lib/Target/VE/MCTargetDesc && /home/tim911004/miniconda3/envs/cuda-quantum/lib/python3.10/site-packages/cmake/data/bin/cmake -DCMAKE_INSTALL_COMPONENT="LLVMVEDesc" -DCMAKE_INSTALL_DO_STRIP=1 -P /home/tim911004/.llvm-project/stage1_build/cmake_install.cmake
-- Install configuration: "Release"
-- Installing: /tmp/tmp.7tNycvupL6/llvm/lib/libLLVMVEDesc.a
[151/253] cd /home/tim911004/.llvm-project/stage1_build/lib/Target/WebAssembly && /home/tim911004/miniconda3/envs/cuda-quantum/lib/python3.10/site-packages/cmake/data/bin/cmake -DCMAKE_INSTALL_COMPONENT="LLVMWebAssemblyCodeGen" -DCMAKE_INSTALL_DO_STRIP=1 -P /home/tim911004/.llvm-project/stage1_build/cmake_install.cmake
-- Install configuration: "Release"
-- Installing: /tmp/tmp.7tNycvupL6/llvm/lib/libLLVMWebAssemblyCodeGen.a
[152/253] cd /home/tim911004/.llvm-project/stage1_build/lib/Target/WebAssembly/AsmParser && /home/tim911004/miniconda3/envs/cuda-quantum/lib/python3.10/site-packages/cmake/data/bin/cmake -DCMAKE_INSTALL_COMPONENT="LLVMWebAssemblyAsmParser" -DCMAKE_INSTALL_DO_STRIP=1 -P /home/tim911004/.llvm-project/stage1_build/cmake_install.cmake
-- Install configuration: "Release"
-- Installing: /tmp/tmp.7tNycvupL6/llvm/lib/libLLVMWebAssemblyAsmParser.a
[153/253] cd /home/tim911004/.llvm-project/stage1_build/lib/Target/WebAssembly/Disassembler && /home/tim911004/miniconda3/envs/cuda-quantum/lib/python3.10/site-packages/cmake/data/bin/cmake -DCMAKE_INSTALL_COMPONENT="LLVMWebAssemblyDisassembler" -DCMAKE_INSTALL_DO_STRIP=1 -P /home/tim911004/.llvm-project/stage1_build/cmake_install.cmake
-- Install configuration: "Release"
-- Installing: /tmp/tmp.7tNycvupL6/llvm/lib/libLLVMWebAssemblyDisassembler.a
[154/253] cd /home/tim911004/.llvm-project/stage1_build/lib/Target/WebAssembly/MCTargetDesc && /home/tim911004/miniconda3/envs/cuda-quantum/lib/python3.10/site-packages/cmake/data/bin/cmake -DCMAKE_INSTALL_COMPONENT="LLVMWebAssemblyDesc" -DCMAKE_INSTALL_DO_STRIP=1 -P /home/tim911004/.llvm-project/stage1_build/cmake_install.cmake
-- Install configuration: "Release"
-- Installing: /tmp/tmp.7tNycvupL6/llvm/lib/libLLVMWebAssemblyDesc.a
[155/253] cd /home/tim911004/.llvm-project/stage1_build/lib/Target/WebAssembly/TargetInfo && /home/tim911004/miniconda3/envs/cuda-quantum/lib/python3.10/site-packages/cmake/data/bin/cmake -DCMAKE_INSTALL_COMPONENT="LLVMWebAssemblyInfo" -DCMAKE_INSTALL_DO_STRIP=1 -P /home/tim911004/.llvm-project/stage1_build/cmake_install.cmake
-- Install configuration: "Release"
-- Installing: /tmp/tmp.7tNycvupL6/llvm/lib/libLLVMWebAssemblyInfo.a
[156/253] cd /home/tim911004/.llvm-project/stage1_build/lib/Target/WebAssembly/Utils && /home/tim911004/miniconda3/envs/cuda-quantum/lib/python3.10/site-packages/cmake/data/bin/cmake -DCMAKE_INSTALL_COMPONENT="LLVMWebAssemblyUtils" -DCMAKE_INSTALL_DO_STRIP=1 -P /home/tim911004/.llvm-project/stage1_build/cmake_install.cmake
-- Install configuration: "Release"
-- Installing: /tmp/tmp.7tNycvupL6/llvm/lib/libLLVMWebAssemblyUtils.a
[157/253] cd /home/tim911004/.llvm-project/stage1_build/lib/Target/X86 && /home/tim911004/miniconda3/envs/cuda-quantum/lib/python3.10/site-packages/cmake/data/bin/cmake -DCMAKE_INSTALL_COMPONENT="LLVMX86CodeGen" -DCMAKE_INSTALL_DO_STRIP=1 -P /home/tim911004/.llvm-project/stage1_build/cmake_install.cmake
-- Install configuration: "Release"
-- Installing: /tmp/tmp.7tNycvupL6/llvm/lib/libLLVMX86CodeGen.a
[158/253] cd /home/tim911004/.llvm-project/stage1_build/lib/Target/X86/AsmParser && /home/tim911004/miniconda3/envs/cuda-quantum/lib/python3.10/site-packages/cmake/data/bin/cmake -DCMAKE_INSTALL_COMPONENT="LLVMX86AsmParser" -DCMAKE_INSTALL_DO_STRIP=1 -P /home/tim911004/.llvm-project/stage1_build/cmake_install.cmake
-- Install configuration: "Release"
-- Installing: /tmp/tmp.7tNycvupL6/llvm/lib/libLLVMX86AsmParser.a
[159/253] cd /home/tim911004/.llvm-project/stage1_build/lib/Target/X86/Disassembler && /home/tim911004/miniconda3/envs/cuda-quantum/lib/python3.10/site-packages/cmake/data/bin/cmake -DCMAKE_INSTALL_COMPONENT="LLVMX86Disassembler" -DCMAKE_INSTALL_DO_STRIP=1 -P /home/tim911004/.llvm-project/stage1_build/cmake_install.cmake
-- Install configuration: "Release"
-- Installing: /tmp/tmp.7tNycvupL6/llvm/lib/libLLVMX86Disassembler.a
[160/253] cd /home/tim911004/.llvm-project/stage1_build/lib/Target/X86/MCA && /home/tim911004/miniconda3/envs/cuda-quantum/lib/python3.10/site-packages/cmake/data/bin/cmake -DCMAKE_INSTALL_COMPONENT="LLVMX86TargetMCA" -DCMAKE_INSTALL_DO_STRIP=1 -P /home/tim911004/.llvm-project/stage1_build/cmake_install.cmake
-- Install configuration: "Release"
-- Installing: /tmp/tmp.7tNycvupL6/llvm/lib/libLLVMX86TargetMCA.a
[161/253] cd /home/tim911004/.llvm-project/stage1_build/lib/Target/X86/MCTargetDesc && /home/tim911004/miniconda3/envs/cuda-quantum/lib/python3.10/site-packages/cmake/data/bin/cmake -DCMAKE_INSTALL_COMPONENT="LLVMX86Desc" -DCMAKE_INSTALL_DO_STRIP=1 -P /home/tim911004/.llvm-project/stage1_build/cmake_install.cmake
-- Install configuration: "Release"
-- Installing: /tmp/tmp.7tNycvupL6/llvm/lib/libLLVMX86Desc.a
[162/253] cd /home/tim911004/.llvm-project/stage1_build/lib/Target/X86/TargetInfo && /home/tim911004/miniconda3/envs/cuda-quantum/lib/python3.10/site-packages/cmake/data/bin/cmake -DCMAKE_INSTALL_COMPONENT="LLVMX86Info" -DCMAKE_INSTALL_DO_STRIP=1 -P /home/tim911004/.llvm-project/stage1_build/cmake_install.cmake
-- Install configuration: "Release"
-- Installing: /tmp/tmp.7tNycvupL6/llvm/lib/libLLVMX86Info.a
[163/253] cd /home/tim911004/.llvm-project/stage1_build/lib/Target/XCore && /home/tim911004/miniconda3/envs/cuda-quantum/lib/python3.10/site-packages/cmake/data/bin/cmake -DCMAKE_INSTALL_COMPONENT="LLVMXCoreCodeGen" -DCMAKE_INSTALL_DO_STRIP=1 -P /home/tim911004/.llvm-project/stage1_build/cmake_install.cmake
-- Install configuration: "Release"
-- Installing: /tmp/tmp.7tNycvupL6/llvm/lib/libLLVMXCoreCodeGen.a
[164/253] cd /home/tim911004/.llvm-project/stage1_build/lib/Target/XCore/Disassembler && /home/tim911004/miniconda3/envs/cuda-quantum/lib/python3.10/site-packages/cmake/data/bin/cmake -DCMAKE_INSTALL_COMPONENT="LLVMXCoreDisassembler" -DCMAKE_INSTALL_DO_STRIP=1 -P /home/tim911004/.llvm-project/stage1_build/cmake_install.cmake
-- Install configuration: "Release"
-- Installing: /tmp/tmp.7tNycvupL6/llvm/lib/libLLVMXCoreDisassembler.a
[165/253] cd /home/tim911004/.llvm-project/stage1_build/lib/Target/XCore/MCTargetDesc && /home/tim911004/miniconda3/envs/cuda-quantum/lib/python3.10/site-packages/cmake/data/bin/cmake -DCMAKE_INSTALL_COMPONENT="LLVMXCoreDesc" -DCMAKE_INSTALL_DO_STRIP=1 -P /home/tim911004/.llvm-project/stage1_build/cmake_install.cmake
-- Install configuration: "Release"
-- Installing: /tmp/tmp.7tNycvupL6/llvm/lib/libLLVMXCoreDesc.a
[166/253] cd /home/tim911004/.llvm-project/stage1_build/lib/Target/XCore/TargetInfo && /home/tim911004/miniconda3/envs/cuda-quantum/lib/python3.10/site-packages/cmake/data/bin/cmake -DCMAKE_INSTALL_COMPONENT="LLVMXCoreInfo" -DCMAKE_INSTALL_DO_STRIP=1 -P /home/tim911004/.llvm-project/stage1_build/cmake_install.cmake
-- Install configuration: "Release"
-- Installing: /tmp/tmp.7tNycvupL6/llvm/lib/libLLVMXCoreInfo.a
[167/253] cd /home/tim911004/.llvm-project/stage1_build/lib/AsmParser && /home/tim911004/miniconda3/envs/cuda-quantum/lib/python3.10/site-packages/cmake/data/bin/cmake -DCMAKE_INSTALL_COMPONENT="LLVMAsmParser" -DCMAKE_INSTALL_DO_STRIP=1 -P /home/tim911004/.llvm-project/stage1_build/cmake_install.cmake
-- Install configuration: "Release"
-- Installing: /tmp/tmp.7tNycvupL6/llvm/lib/libLLVMAsmParser.a
[168/253] cd /home/tim911004/.llvm-project/stage1_build/lib/LineEditor && /home/tim911004/miniconda3/envs/cuda-quantum/lib/python3.10/site-packages/cmake/data/bin/cmake -DCMAKE_INSTALL_COMPONENT="LLVMLineEditor" -DCMAKE_INSTALL_DO_STRIP=1 -P /home/tim911004/.llvm-project/stage1_build/cmake_install.cmake
-- Install configuration: "Release"
-- Installing: /tmp/tmp.7tNycvupL6/llvm/lib/libLLVMLineEditor.a
[169/253] cd /home/tim911004/.llvm-project/stage1_build/lib/ProfileData && /home/tim911004/miniconda3/envs/cuda-quantum/lib/python3.10/site-packages/cmake/data/bin/cmake -DCMAKE_INSTALL_COMPONENT="LLVMProfileData" -DCMAKE_INSTALL_DO_STRIP=1 -P /home/tim911004/.llvm-project/stage1_build/cmake_install.cmake
-- Install configuration: "Release"
-- Installing: /tmp/tmp.7tNycvupL6/llvm/lib/libLLVMProfileData.a
[170/253] cd /home/tim911004/.llvm-project/stage1_build/lib/ProfileData/Coverage && /home/tim911004/miniconda3/envs/cuda-quantum/lib/python3.10/site-packages/cmake/data/bin/cmake -DCMAKE_INSTALL_COMPONENT="LLVMCoverage" -DCMAKE_INSTALL_DO_STRIP=1 -P /home/tim911004/.llvm-project/stage1_build/cmake_install.cmake
-- Install configuration: "Release"
-- Installing: /tmp/tmp.7tNycvupL6/llvm/lib/libLLVMCoverage.a
[171/253] cd /home/tim911004/.llvm-project/stage1_build/lib/Passes && /home/tim911004/miniconda3/envs/cuda-quantum/lib/python3.10/site-packages/cmake/data/bin/cmake -DCMAKE_INSTALL_COMPONENT="LLVMPasses" -DCMAKE_INSTALL_DO_STRIP=1 -P /home/tim911004/.llvm-project/stage1_build/cmake_install.cmake
-- Install configuration: "Release"
-- Installing: /tmp/tmp.7tNycvupL6/llvm/lib/libLLVMPasses.a
[172/253] cd /home/tim911004/.llvm-project/stage1_build/lib/TargetParser && /home/tim911004/miniconda3/envs/cuda-quantum/lib/python3.10/site-packages/cmake/data/bin/cmake -DCMAKE_INSTALL_COMPONENT="LLVMTargetParser" -DCMAKE_INSTALL_DO_STRIP=1 -P /home/tim911004/.llvm-project/stage1_build/cmake_install.cmake
-- Install configuration: "Release"
-- Installing: /tmp/tmp.7tNycvupL6/llvm/lib/libLLVMTargetParser.a
[173/253] cd /home/tim911004/.llvm-project/stage1_build/lib/TextAPI && /home/tim911004/miniconda3/envs/cuda-quantum/lib/python3.10/site-packages/cmake/data/bin/cmake -DCMAKE_INSTALL_COMPONENT="LLVMTextAPI" -DCMAKE_INSTALL_DO_STRIP=1 -P /home/tim911004/.llvm-project/stage1_build/cmake_install.cmake
-- Install configuration: "Release"
-- Installing: /tmp/tmp.7tNycvupL6/llvm/lib/libLLVMTextAPI.a
[174/253] cd /home/tim911004/.llvm-project/stage1_build/lib/ToolDrivers/llvm-dlltool && /home/tim911004/miniconda3/envs/cuda-quantum/lib/python3.10/site-packages/cmake/data/bin/cmake -DCMAKE_INSTALL_COMPONENT="LLVMDlltoolDriver" -DCMAKE_INSTALL_DO_STRIP=1 -P /home/tim911004/.llvm-project/stage1_build/cmake_install.cmake
-- Install configuration: "Release"
-- Installing: /tmp/tmp.7tNycvupL6/llvm/lib/libLLVMDlltoolDriver.a
[175/253] cd /home/tim911004/.llvm-project/stage1_build/lib/ToolDrivers/llvm-lib && /home/tim911004/miniconda3/envs/cuda-quantum/lib/python3.10/site-packages/cmake/data/bin/cmake -DCMAKE_INSTALL_COMPONENT="LLVMLibDriver" -DCMAKE_INSTALL_DO_STRIP=1 -P /home/tim911004/.llvm-project/stage1_build/cmake_install.cmake
-- Install configuration: "Release"
-- Installing: /tmp/tmp.7tNycvupL6/llvm/lib/libLLVMLibDriver.a
[176/253] cd /home/tim911004/.llvm-project/stage1_build/lib/XRay && /home/tim911004/miniconda3/envs/cuda-quantum/lib/python3.10/site-packages/cmake/data/bin/cmake -DCMAKE_INSTALL_COMPONENT="LLVMXRay" -DCMAKE_INSTALL_DO_STRIP=1 -P /home/tim911004/.llvm-project/stage1_build/cmake_install.cmake
-- Install configuration: "Release"
-- Installing: /tmp/tmp.7tNycvupL6/llvm/lib/libLLVMXRay.a
[177/253] cd /home/tim911004/.llvm-project/stage1_build/lib/WindowsDriver && /home/tim911004/miniconda3/envs/cuda-quantum/lib/python3.10/site-packages/cmake/data/bin/cmake -DCMAKE_INSTALL_COMPONENT="LLVMWindowsDriver" -DCMAKE_INSTALL_DO_STRIP=1 -P /home/tim911004/.llvm-project/stage1_build/cmake_install.cmake
-- Install configuration: "Release"
-- Installing: /tmp/tmp.7tNycvupL6/llvm/lib/libLLVMWindowsDriver.a
[178/253] cd /home/tim911004/.llvm-project/stage1_build/lib/WindowsManifest && /home/tim911004/miniconda3/envs/cuda-quantum/lib/python3.10/site-packages/cmake/data/bin/cmake -DCMAKE_INSTALL_COMPONENT="LLVMWindowsManifest" -DCMAKE_INSTALL_DO_STRIP=1 -P /home/tim911004/.llvm-project/stage1_build/cmake_install.cmake
-- Install configuration: "Release"
-- Installing: /tmp/tmp.7tNycvupL6/llvm/lib/libLLVMWindowsManifest.a
[179/253] cd /home/tim911004/.llvm-project/stage1_build/tools/lto && /home/tim911004/miniconda3/envs/cuda-quantum/lib/python3.10/site-packages/cmake/data/bin/cmake -DCMAKE_INSTALL_COMPONENT="LTO" -DCMAKE_INSTALL_DO_STRIP=1 -P /home/tim911004/.llvm-project/stage1_build/cmake_install.cmake
-- Install configuration: "Release"
-- Installing: /tmp/tmp.7tNycvupL6/llvm/lib/libLTO.so.16
-- Set non-toolchain portion of runtime path of "/tmp/tmp.7tNycvupL6/llvm/lib/libLTO.so.16" to "$ORIGIN/../lib"
-- Installing: /tmp/tmp.7tNycvupL6/llvm/lib/libLTO.so
-- Installing: /tmp/tmp.7tNycvupL6/llvm/include/llvm-c/lto.h
[180/253] cd /home/tim911004/.llvm-project/stage1_build/tools/clang/lib/Basic && /home/tim911004/miniconda3/envs/cuda-quantum/lib/python3.10/site-packages/cmake/data/bin/cmake -DCMAKE_INSTALL_COMPONENT="clangBasic" -DCMAKE_INSTALL_DO_STRIP=1 -P /home/tim911004/.llvm-project/stage1_build/cmake_install.cmake
-- Install configuration: "Release"
-- Installing: /tmp/tmp.7tNycvupL6/llvm/lib/libclangBasic.a
[181/253] cd /home/tim911004/.llvm-project/stage1_build/tools/clang/lib/APINotes && /home/tim911004/miniconda3/envs/cuda-quantum/lib/python3.10/site-packages/cmake/data/bin/cmake -DCMAKE_INSTALL_COMPONENT="clangAPINotes" -DCMAKE_INSTALL_DO_STRIP=1 -P /home/tim911004/.llvm-project/stage1_build/cmake_install.cmake
-- Install configuration: "Release"
-- Installing: /tmp/tmp.7tNycvupL6/llvm/lib/libclangAPINotes.a
[182/253] cd /home/tim911004/.llvm-project/stage1_build/tools/clang/lib/Lex && /home/tim911004/miniconda3/envs/cuda-quantum/lib/python3.10/site-packages/cmake/data/bin/cmake -DCMAKE_INSTALL_COMPONENT="clangLex" -DCMAKE_INSTALL_DO_STRIP=1 -P /home/tim911004/.llvm-project/stage1_build/cmake_install.cmake
-- Install configuration: "Release"
-- Installing: /tmp/tmp.7tNycvupL6/llvm/lib/libclangLex.a
[183/253] cd /home/tim911004/.llvm-project/stage1_build/tools/clang/lib/Parse && /home/tim911004/miniconda3/envs/cuda-quantum/lib/python3.10/site-packages/cmake/data/bin/cmake -DCMAKE_INSTALL_COMPONENT="clangParse" -DCMAKE_INSTALL_DO_STRIP=1 -P /home/tim911004/.llvm-project/stage1_build/cmake_install.cmake
-- Install configuration: "Release"
-- Installing: /tmp/tmp.7tNycvupL6/llvm/lib/libclangParse.a
[184/253] cd /home/tim911004/.llvm-project/stage1_build/tools/clang/lib/AST && /home/tim911004/miniconda3/envs/cuda-quantum/lib/python3.10/site-packages/cmake/data/bin/cmake -DCMAKE_INSTALL_COMPONENT="clangAST" -DCMAKE_INSTALL_DO_STRIP=1 -P /home/tim911004/.llvm-project/stage1_build/cmake_install.cmake
-- Install configuration: "Release"
-- Installing: /tmp/tmp.7tNycvupL6/llvm/lib/libclangAST.a
[185/253] cd /home/tim911004/.llvm-project/stage1_build/tools/clang/lib/ASTMatchers && /home/tim911004/miniconda3/envs/cuda-quantum/lib/python3.10/site-packages/cmake/data/bin/cmake -DCMAKE_INSTALL_COMPONENT="clangASTMatchers" -DCMAKE_INSTALL_DO_STRIP=1 -P /home/tim911004/.llvm-project/stage1_build/cmake_install.cmake
-- Install configuration: "Release"
-- Installing: /tmp/tmp.7tNycvupL6/llvm/lib/libclangASTMatchers.a
[186/253] cd /home/tim911004/.llvm-project/stage1_build/tools/clang/lib/ASTMatchers/Dynamic && /home/tim911004/miniconda3/envs/cuda-quantum/lib/python3.10/site-packages/cmake/data/bin/cmake -DCMAKE_INSTALL_COMPONENT="clangDynamicASTMatchers" -DCMAKE_INSTALL_DO_STRIP=1 -P /home/tim911004/.llvm-project/stage1_build/cmake_install.cmake
-- Install configuration: "Release"
-- Installing: /tmp/tmp.7tNycvupL6/llvm/lib/libclangDynamicASTMatchers.a
[187/253] cd /home/tim911004/.llvm-project/stage1_build/tools/clang/lib/CrossTU && /home/tim911004/miniconda3/envs/cuda-quantum/lib/python3.10/site-packages/cmake/data/bin/cmake -DCMAKE_INSTALL_COMPONENT="clangCrossTU" -DCMAKE_INSTALL_DO_STRIP=1 -P /home/tim911004/.llvm-project/stage1_build/cmake_install.cmake
-- Install configuration: "Release"
-- Installing: /tmp/tmp.7tNycvupL6/llvm/lib/libclangCrossTU.a
[188/253] cd /home/tim911004/.llvm-project/stage1_build/tools/clang/lib/Sema && /home/tim911004/miniconda3/envs/cuda-quantum/lib/python3.10/site-packages/cmake/data/bin/cmake -DCMAKE_INSTALL_COMPONENT="clangSema" -DCMAKE_INSTALL_DO_STRIP=1 -P /home/tim911004/.llvm-project/stage1_build/cmake_install.cmake
-- Install configuration: "Release"
-- Installing: /tmp/tmp.7tNycvupL6/llvm/lib/libclangSema.a
[189/253] cd /home/tim911004/.llvm-project/stage1_build/tools/clang/lib/CodeGen && /home/tim911004/miniconda3/envs/cuda-quantum/lib/python3.10/site-packages/cmake/data/bin/cmake -DCMAKE_INSTALL_COMPONENT="clangCodeGen" -DCMAKE_INSTALL_DO_STRIP=1 -P /home/tim911004/.llvm-project/stage1_build/cmake_install.cmake
-- Install configuration: "Release"
-- Installing: /tmp/tmp.7tNycvupL6/llvm/lib/libclangCodeGen.a
[190/253] cd /home/tim911004/.llvm-project/stage1_build/tools/clang/lib/Analysis && /home/tim911004/miniconda3/envs/cuda-quantum/lib/python3.10/site-packages/cmake/data/bin/cmake -DCMAKE_INSTALL_COMPONENT="clangAnalysis" -DCMAKE_INSTALL_DO_STRIP=1 -P /home/tim911004/.llvm-project/stage1_build/cmake_install.cmake
-- Install configuration: "Release"
-- Installing: /tmp/tmp.7tNycvupL6/llvm/lib/libclangAnalysis.a
[191/253] cd /home/tim911004/.llvm-project/stage1_build/tools/clang/lib/Analysis/FlowSensitive && /home/tim911004/miniconda3/envs/cuda-quantum/lib/python3.10/site-packages/cmake/data/bin/cmake -DCMAKE_INSTALL_COMPONENT="clangAnalysisFlowSensitive" -DCMAKE_INSTALL_DO_STRIP=1 -P /home/tim911004/.llvm-project/stage1_build/cmake_install.cmake
-- Install configuration: "Release"
-- Installing: /tmp/tmp.7tNycvupL6/llvm/lib/libclangAnalysisFlowSensitive.a
[192/253] cd /home/tim911004/.llvm-project/stage1_build/tools/clang/lib/Analysis/FlowSensitive/Models && /home/tim911004/miniconda3/envs/cuda-quantum/lib/python3.10/site-packages/cmake/data/bin/cmake -DCMAKE_INSTALL_COMPONENT="clangAnalysisFlowSensitiveModels" -DCMAKE_INSTALL_DO_STRIP=1 -P /home/tim911004/.llvm-project/stage1_build/cmake_install.cmake
-- Install configuration: "Release"
-- Installing: /tmp/tmp.7tNycvupL6/llvm/lib/libclangAnalysisFlowSensitiveModels.a
[193/253] cd /home/tim911004/.llvm-project/stage1_build/tools/clang/lib/Edit && /home/tim911004/miniconda3/envs/cuda-quantum/lib/python3.10/site-packages/cmake/data/bin/cmake -DCMAKE_INSTALL_COMPONENT="clangEdit" -DCMAKE_INSTALL_DO_STRIP=1 -P /home/tim911004/.llvm-project/stage1_build/cmake_install.cmake
-- Install configuration: "Release"
-- Installing: /tmp/tmp.7tNycvupL6/llvm/lib/libclangEdit.a
[194/253] cd /home/tim911004/.llvm-project/stage1_build/tools/clang/lib/ExtractAPI && /home/tim911004/miniconda3/envs/cuda-quantum/lib/python3.10/site-packages/cmake/data/bin/cmake -DCMAKE_INSTALL_COMPONENT="clangExtractAPI" -DCMAKE_INSTALL_DO_STRIP=1 -P /home/tim911004/.llvm-project/stage1_build/cmake_install.cmake
-- Install configuration: "Release"
-- Installing: /tmp/tmp.7tNycvupL6/llvm/lib/libclangExtractAPI.a
[195/253] cd /home/tim911004/.llvm-project/stage1_build/tools/clang/lib/Rewrite && /home/tim911004/miniconda3/envs/cuda-quantum/lib/python3.10/site-packages/cmake/data/bin/cmake -DCMAKE_INSTALL_COMPONENT="clangRewrite" -DCMAKE_INSTALL_DO_STRIP=1 -P /home/tim911004/.llvm-project/stage1_build/cmake_install.cmake
-- Install configuration: "Release"
-- Installing: /tmp/tmp.7tNycvupL6/llvm/lib/libclangRewrite.a
[196/253] cd /home/tim911004/.llvm-project/stage1_build/tools/clang/lib/ARCMigrate && /home/tim911004/miniconda3/envs/cuda-quantum/lib/python3.10/site-packages/cmake/data/bin/cmake -DCMAKE_INSTALL_COMPONENT="clangARCMigrate" -DCMAKE_INSTALL_DO_STRIP=1 -P /home/tim911004/.llvm-project/stage1_build/cmake_install.cmake
-- Install configuration: "Release"
-- Installing: /tmp/tmp.7tNycvupL6/llvm/lib/libclangARCMigrate.a
[197/253] cd /home/tim911004/.llvm-project/stage1_build/tools/clang/lib/Driver && /home/tim911004/miniconda3/envs/cuda-quantum/lib/python3.10/site-packages/cmake/data/bin/cmake -DCMAKE_INSTALL_COMPONENT="clangDriver" -DCMAKE_INSTALL_DO_STRIP=1 -P /home/tim911004/.llvm-project/stage1_build/cmake_install.cmake
-- Install configuration: "Release"
-- Installing: /tmp/tmp.7tNycvupL6/llvm/lib/libclangDriver.a
[198/253] cd /home/tim911004/.llvm-project/stage1_build/tools/clang/lib/Serialization && /home/tim911004/miniconda3/envs/cuda-quantum/lib/python3.10/site-packages/cmake/data/bin/cmake -DCMAKE_INSTALL_COMPONENT="clangSerialization" -DCMAKE_INSTALL_DO_STRIP=1 -P /home/tim911004/.llvm-project/stage1_build/cmake_install.cmake
-- Install configuration: "Release"
-- Installing: /tmp/tmp.7tNycvupL6/llvm/lib/libclangSerialization.a
[199/253] cd /home/tim911004/.llvm-project/stage1_build/tools/clang/lib/Frontend && /home/tim911004/miniconda3/envs/cuda-quantum/lib/python3.10/site-packages/cmake/data/bin/cmake -DCMAKE_INSTALL_COMPONENT="clangFrontend" -DCMAKE_INSTALL_DO_STRIP=1 -P /home/tim911004/.llvm-project/stage1_build/cmake_install.cmake
-- Install configuration: "Release"
-- Installing: /tmp/tmp.7tNycvupL6/llvm/lib/libclangFrontend.a
[200/253] cd /home/tim911004/.llvm-project/stage1_build/tools/clang/lib/Frontend/Rewrite && /home/tim911004/miniconda3/envs/cuda-quantum/lib/python3.10/site-packages/cmake/data/bin/cmake -DCMAKE_INSTALL_COMPONENT="clangRewriteFrontend" -DCMAKE_INSTALL_DO_STRIP=1 -P /home/tim911004/.llvm-project/stage1_build/cmake_install.cmake
-- Install configuration: "Release"
-- Installing: /tmp/tmp.7tNycvupL6/llvm/lib/libclangRewriteFrontend.a
[201/253] cd /home/tim911004/.llvm-project/stage1_build/tools/clang/lib/FrontendTool && /home/tim911004/miniconda3/envs/cuda-quantum/lib/python3.10/site-packages/cmake/data/bin/cmake -DCMAKE_INSTALL_COMPONENT="clangFrontendTool" -DCMAKE_INSTALL_DO_STRIP=1 -P /home/tim911004/.llvm-project/stage1_build/cmake_install.cmake
-- Install configuration: "Release"
-- Installing: /tmp/tmp.7tNycvupL6/llvm/lib/libclangFrontendTool.a
[202/253] cd /home/tim911004/.llvm-project/stage1_build/tools/clang/lib/Tooling && /home/tim911004/miniconda3/envs/cuda-quantum/lib/python3.10/site-packages/cmake/data/bin/cmake -DCMAKE_INSTALL_COMPONENT="clangTooling" -DCMAKE_INSTALL_DO_STRIP=1 -P /home/tim911004/.llvm-project/stage1_build/cmake_install.cmake
-- Install configuration: "Release"
-- Installing: /tmp/tmp.7tNycvupL6/llvm/lib/libclangTooling.a
[203/253] cd /home/tim911004/.llvm-project/stage1_build/tools/clang/lib/Tooling/Core && /home/tim911004/miniconda3/envs/cuda-quantum/lib/python3.10/site-packages/cmake/data/bin/cmake -DCMAKE_INSTALL_COMPONENT="clangToolingCore" -DCMAKE_INSTALL_DO_STRIP=1 -P /home/tim911004/.llvm-project/stage1_build/cmake_install.cmake
-- Install configuration: "Release"
-- Installing: /tmp/tmp.7tNycvupL6/llvm/lib/libclangToolingCore.a
[204/253] cd /home/tim911004/.llvm-project/stage1_build/tools/clang/lib/Tooling/Inclusions && /home/tim911004/miniconda3/envs/cuda-quantum/lib/python3.10/site-packages/cmake/data/bin/cmake -DCMAKE_INSTALL_COMPONENT="clangToolingInclusions" -DCMAKE_INSTALL_DO_STRIP=1 -P /home/tim911004/.llvm-project/stage1_build/cmake_install.cmake
-- Install configuration: "Release"
-- Installing: /tmp/tmp.7tNycvupL6/llvm/lib/libclangToolingInclusions.a
[205/253] cd /home/tim911004/.llvm-project/stage1_build/tools/clang/lib/Tooling/Inclusions/Stdlib && /home/tim911004/miniconda3/envs/cuda-quantum/lib/python3.10/site-packages/cmake/data/bin/cmake -DCMAKE_INSTALL_COMPONENT="clangToolingInclusionsStdlib" -DCMAKE_INSTALL_DO_STRIP=1 -P /home/tim911004/.llvm-project/stage1_build/cmake_install.cmake
-- Install configuration: "Release"
-- Installing: /tmp/tmp.7tNycvupL6/llvm/lib/libclangToolingInclusionsStdlib.a
[206/253] cd /home/tim911004/.llvm-project/stage1_build/tools/clang/lib/Tooling/Refactoring && /home/tim911004/miniconda3/envs/cuda-quantum/lib/python3.10/site-packages/cmake/data/bin/cmake -DCMAKE_INSTALL_COMPONENT="clangToolingRefactoring" -DCMAKE_INSTALL_DO_STRIP=1 -P /home/tim911004/.llvm-project/stage1_build/cmake_install.cmake
-- Install configuration: "Release"
-- Installing: /tmp/tmp.7tNycvupL6/llvm/lib/libclangToolingRefactoring.a
[207/253] cd /home/tim911004/.llvm-project/stage1_build/tools/clang/lib/Tooling/ASTDiff && /home/tim911004/miniconda3/envs/cuda-quantum/lib/python3.10/site-packages/cmake/data/bin/cmake -DCMAKE_INSTALL_COMPONENT="clangToolingASTDiff" -DCMAKE_INSTALL_DO_STRIP=1 -P /home/tim911004/.llvm-project/stage1_build/cmake_install.cmake
-- Install configuration: "Release"
-- Installing: /tmp/tmp.7tNycvupL6/llvm/lib/libclangToolingASTDiff.a
[208/253] cd /home/tim911004/.llvm-project/stage1_build/tools/clang/lib/Tooling/Syntax && /home/tim911004/miniconda3/envs/cuda-quantum/lib/python3.10/site-packages/cmake/data/bin/cmake -DCMAKE_INSTALL_COMPONENT="clangToolingSyntax" -DCMAKE_INSTALL_DO_STRIP=1 -P /home/tim911004/.llvm-project/stage1_build/cmake_install.cmake
-- Install configuration: "Release"
-- Installing: /tmp/tmp.7tNycvupL6/llvm/lib/libclangToolingSyntax.a
[209/253] cd /home/tim911004/.llvm-project/stage1_build/tools/clang/lib/Tooling/DependencyScanning && /home/tim911004/miniconda3/envs/cuda-quantum/lib/python3.10/site-packages/cmake/data/bin/cmake -DCMAKE_INSTALL_COMPONENT="clangDependencyScanning" -DCMAKE_INSTALL_DO_STRIP=1 -P /home/tim911004/.llvm-project/stage1_build/cmake_install.cmake
-- Install configuration: "Release"
-- Installing: /tmp/tmp.7tNycvupL6/llvm/lib/libclangDependencyScanning.a
[210/253] cd /home/tim911004/.llvm-project/stage1_build/tools/clang/lib/Tooling/Transformer && /home/tim911004/miniconda3/envs/cuda-quantum/lib/python3.10/site-packages/cmake/data/bin/cmake -DCMAKE_INSTALL_COMPONENT="clangTransformer" -DCMAKE_INSTALL_DO_STRIP=1 -P /home/tim911004/.llvm-project/stage1_build/cmake_install.cmake
-- Install configuration: "Release"
-- Installing: /tmp/tmp.7tNycvupL6/llvm/lib/libclangTransformer.a
[211/253] cd /home/tim911004/.llvm-project/stage1_build/tools/clang/lib/DirectoryWatcher && /home/tim911004/miniconda3/envs/cuda-quantum/lib/python3.10/site-packages/cmake/data/bin/cmake -DCMAKE_INSTALL_COMPONENT="clangDirectoryWatcher" -DCMAKE_INSTALL_DO_STRIP=1 -P /home/tim911004/.llvm-project/stage1_build/cmake_install.cmake
-- Install configuration: "Release"
-- Installing: /tmp/tmp.7tNycvupL6/llvm/lib/libclangDirectoryWatcher.a
[212/253] cd /home/tim911004/.llvm-project/stage1_build/tools/clang/lib/Index && /home/tim911004/miniconda3/envs/cuda-quantum/lib/python3.10/site-packages/cmake/data/bin/cmake -DCMAKE_INSTALL_COMPONENT="clangIndex" -DCMAKE_INSTALL_DO_STRIP=1 -P /home/tim911004/.llvm-project/stage1_build/cmake_install.cmake
-- Install configuration: "Release"
-- Installing: /tmp/tmp.7tNycvupL6/llvm/lib/libclangIndex.a
[213/253] cd /home/tim911004/.llvm-project/stage1_build/tools/clang/lib/IndexSerialization && /home/tim911004/miniconda3/envs/cuda-quantum/lib/python3.10/site-packages/cmake/data/bin/cmake -DCMAKE_INSTALL_COMPONENT="clangIndexSerialization" -DCMAKE_INSTALL_DO_STRIP=1 -P /home/tim911004/.llvm-project/stage1_build/cmake_install.cmake
-- Install configuration: "Release"
-- Installing: /tmp/tmp.7tNycvupL6/llvm/lib/libclangIndexSerialization.a
[214/253] cd /home/tim911004/.llvm-project/stage1_build/tools/clang/lib/StaticAnalyzer/Core && /home/tim911004/miniconda3/envs/cuda-quantum/lib/python3.10/site-packages/cmake/data/bin/cmake -DCMAKE_INSTALL_COMPONENT="clangStaticAnalyzerCore" -DCMAKE_INSTALL_DO_STRIP=1 -P /home/tim911004/.llvm-project/stage1_build/cmake_install.cmake
-- Install configuration: "Release"
-- Installing: /tmp/tmp.7tNycvupL6/llvm/lib/libclangStaticAnalyzerCore.a
[215/253] cd /home/tim911004/.llvm-project/stage1_build/tools/clang/lib/StaticAnalyzer/Checkers && /home/tim911004/miniconda3/envs/cuda-quantum/lib/python3.10/site-packages/cmake/data/bin/cmake -DCMAKE_INSTALL_COMPONENT="clangStaticAnalyzerCheckers" -DCMAKE_INSTALL_DO_STRIP=1 -P /home/tim911004/.llvm-project/stage1_build/cmake_install.cmake
-- Install configuration: "Release"
-- Installing: /tmp/tmp.7tNycvupL6/llvm/lib/libclangStaticAnalyzerCheckers.a
[216/253] cd /home/tim911004/.llvm-project/stage1_build/tools/clang/lib/StaticAnalyzer/Frontend && /home/tim911004/miniconda3/envs/cuda-quantum/lib/python3.10/site-packages/cmake/data/bin/cmake -DCMAKE_INSTALL_COMPONENT="clangStaticAnalyzerFrontend" -DCMAKE_INSTALL_DO_STRIP=1 -P /home/tim911004/.llvm-project/stage1_build/cmake_install.cmake
-- Install configuration: "Release"
-- Installing: /tmp/tmp.7tNycvupL6/llvm/lib/libclangStaticAnalyzerFrontend.a
[217/253] cd /home/tim911004/.llvm-project/stage1_build/tools/clang/lib/Format && /home/tim911004/miniconda3/envs/cuda-quantum/lib/python3.10/site-packages/cmake/data/bin/cmake -DCMAKE_INSTALL_COMPONENT="clangFormat" -DCMAKE_INSTALL_DO_STRIP=1 -P /home/tim911004/.llvm-project/stage1_build/cmake_install.cmake
-- Install configuration: "Release"
-- Installing: /tmp/tmp.7tNycvupL6/llvm/lib/libclangFormat.a
[218/253] cd /home/tim911004/.llvm-project/stage1_build/tools/clang/lib/Interpreter && /home/tim911004/miniconda3/envs/cuda-quantum/lib/python3.10/site-packages/cmake/data/bin/cmake -DCMAKE_INSTALL_COMPONENT="clangInterpreter" -DCMAKE_INSTALL_DO_STRIP=1 -P /home/tim911004/.llvm-project/stage1_build/cmake_install.cmake
-- Install configuration: "Release"
-- Installing: /tmp/tmp.7tNycvupL6/llvm/lib/libclangInterpreter.a
[219/253] cd /home/tim911004/.llvm-project/stage1_build/tools/clang/lib/Support && /home/tim911004/miniconda3/envs/cuda-quantum/lib/python3.10/site-packages/cmake/data/bin/cmake -DCMAKE_INSTALL_COMPONENT="clangSupport" -DCMAKE_INSTALL_DO_STRIP=1 -P /home/tim911004/.llvm-project/stage1_build/cmake_install.cmake
-- Install configuration: "Release"
-- Installing: /tmp/tmp.7tNycvupL6/llvm/lib/libclangSupport.a
[220/253] cd /home/tim911004/.llvm-project/stage1_build/tools/clang/tools/clang-fuzzer/handle-cxx && /home/tim911004/miniconda3/envs/cuda-quantum/lib/python3.10/site-packages/cmake/data/bin/cmake -DCMAKE_INSTALL_COMPONENT="clangHandleCXX" -DCMAKE_INSTALL_DO_STRIP=1 -P /home/tim911004/.llvm-project/stage1_build/cmake_install.cmake
-- Install configuration: "Release"
-- Installing: /tmp/tmp.7tNycvupL6/llvm/lib/libclangHandleCXX.a
[221/253] cd /home/tim911004/.llvm-project/stage1_build/tools/clang/tools/clang-fuzzer/handle-llvm && /home/tim911004/miniconda3/envs/cuda-quantum/lib/python3.10/site-packages/cmake/data/bin/cmake -DCMAKE_INSTALL_COMPONENT="clangHandleLLVM" -DCMAKE_INSTALL_DO_STRIP=1 -P /home/tim911004/.llvm-project/stage1_build/cmake_install.cmake
-- Install configuration: "Release"
-- Installing: /tmp/tmp.7tNycvupL6/llvm/lib/libclangHandleLLVM.a
[222/253] cd /home/tim911004/.llvm-project/stage1_build/tools/clang/tools/clang-shlib && /home/tim911004/miniconda3/envs/cuda-quantum/lib/python3.10/site-packages/cmake/data/bin/cmake -DCMAKE_INSTALL_COMPONENT="clang-cpp" -DCMAKE_INSTALL_DO_STRIP=1 -P /home/tim911004/.llvm-project/stage1_build/cmake_install.cmake
-- Install configuration: "Release"
-- Installing: /tmp/tmp.7tNycvupL6/llvm/lib/libclang-cpp.so.16
-- Set non-toolchain portion of runtime path of "/tmp/tmp.7tNycvupL6/llvm/lib/libclang-cpp.so.16" to "$ORIGIN/../lib"
-- Installing: /tmp/tmp.7tNycvupL6/llvm/lib/libclang-cpp.so
[223/253] cd /home/tim911004/.llvm-project/stage1_build/tools/clang/tools/libclang && /home/tim911004/miniconda3/envs/cuda-quantum/lib/python3.10/site-packages/cmake/data/bin/cmake -DCMAKE_INSTALL_COMPONENT="libclang" -DCMAKE_INSTALL_DO_STRIP=1 -P /home/tim911004/.llvm-project/stage1_build/cmake_install.cmake
-- Install configuration: "Release"
-- Installing: /tmp/tmp.7tNycvupL6/llvm/lib/libclang.so.16.0.6
-- Installing: /tmp/tmp.7tNycvupL6/llvm/lib/libclang.so.16
-- Set non-toolchain portion of runtime path of "/tmp/tmp.7tNycvupL6/llvm/lib/libclang.so.16.0.6" to "$ORIGIN/../lib"
-- Installing: /tmp/tmp.7tNycvupL6/llvm/lib/libclang.so
[224/253] cd /home/tim911004/.llvm-project/stage1_build/tools/llvm-cfi-verify/lib && /home/tim911004/miniconda3/envs/cuda-quantum/lib/python3.10/site-packages/cmake/data/bin/cmake -DCMAKE_INSTALL_COMPONENT="LLVMCFIVerify" -DCMAKE_INSTALL_DO_STRIP=1 -P /home/tim911004/.llvm-project/stage1_build/cmake_install.cmake
-- Install configuration: "Release"
-- Installing: /tmp/tmp.7tNycvupL6/llvm/lib/libLLVMCFIVerify.a
[225/253] cd /home/tim911004/.llvm-project/stage1_build/tools/llvm-diff/lib && /home/tim911004/miniconda3/envs/cuda-quantum/lib/python3.10/site-packages/cmake/data/bin/cmake -DCMAKE_INSTALL_COMPONENT="LLVMDiff" -DCMAKE_INSTALL_DO_STRIP=1 -P /home/tim911004/.llvm-project/stage1_build/cmake_install.cmake
-- Install configuration: "Release"
-- Installing: /tmp/tmp.7tNycvupL6/llvm/lib/libLLVMDiff.a
[226/253] cd /home/tim911004/.llvm-project/stage1_build/tools/llvm-exegesis/lib && /home/tim911004/miniconda3/envs/cuda-quantum/lib/python3.10/site-packages/cmake/data/bin/cmake -DCMAKE_INSTALL_COMPONENT="LLVMExegesis" -DCMAKE_INSTALL_DO_STRIP=1 -P /home/tim911004/.llvm-project/stage1_build/cmake_install.cmake
-- Install configuration: "Release"
-- Installing: /tmp/tmp.7tNycvupL6/llvm/lib/libLLVMExegesis.a
[227/253] cd /home/tim911004/.llvm-project/stage1_build/tools/llvm-exegesis/lib/X86 && /home/tim911004/miniconda3/envs/cuda-quantum/lib/python3.10/site-packages/cmake/data/bin/cmake -DCMAKE_INSTALL_COMPONENT="LLVMExegesisX86" -DCMAKE_INSTALL_DO_STRIP=1 -P /home/tim911004/.llvm-project/stage1_build/cmake_install.cmake
-- Install configuration: "Release"
-- Installing: /tmp/tmp.7tNycvupL6/llvm/lib/libLLVMExegesisX86.a
[228/253] cd /home/tim911004/.llvm-project/stage1_build/tools/llvm-exegesis/lib/AArch64 && /home/tim911004/miniconda3/envs/cuda-quantum/lib/python3.10/site-packages/cmake/data/bin/cmake -DCMAKE_INSTALL_COMPONENT="LLVMExegesisAArch64" -DCMAKE_INSTALL_DO_STRIP=1 -P /home/tim911004/.llvm-project/stage1_build/cmake_install.cmake
-- Install configuration: "Release"
-- Installing: /tmp/tmp.7tNycvupL6/llvm/lib/libLLVMExegesisAArch64.a
[229/253] cd /home/tim911004/.llvm-project/stage1_build/tools/llvm-exegesis/lib/PowerPC && /home/tim911004/miniconda3/envs/cuda-quantum/lib/python3.10/site-packages/cmake/data/bin/cmake -DCMAKE_INSTALL_COMPONENT="LLVMExegesisPowerPC" -DCMAKE_INSTALL_DO_STRIP=1 -P /home/tim911004/.llvm-project/stage1_build/cmake_install.cmake
-- Install configuration: "Release"
-- Installing: /tmp/tmp.7tNycvupL6/llvm/lib/libLLVMExegesisPowerPC.a
[230/253] cd /home/tim911004/.llvm-project/stage1_build/tools/llvm-exegesis/lib/Mips && /home/tim911004/miniconda3/envs/cuda-quantum/lib/python3.10/site-packages/cmake/data/bin/cmake -DCMAKE_INSTALL_COMPONENT="LLVMExegesisMips" -DCMAKE_INSTALL_DO_STRIP=1 -P /home/tim911004/.llvm-project/stage1_build/cmake_install.cmake
-- Install configuration: "Release"
-- Installing: /tmp/tmp.7tNycvupL6/llvm/lib/libLLVMExegesisMips.a
[231/253] cd /home/tim911004/.llvm-project/stage1_build/tools/remarks-shlib && /home/tim911004/miniconda3/envs/cuda-quantum/lib/python3.10/site-packages/cmake/data/bin/cmake -DCMAKE_INSTALL_COMPONENT="Remarks" -DCMAKE_INSTALL_DO_STRIP=1 -P /home/tim911004/.llvm-project/stage1_build/cmake_install.cmake
-- Install configuration: "Release"
-- Installing: /tmp/tmp.7tNycvupL6/llvm/lib/libRemarks.so.16
-- Set non-toolchain portion of runtime path of "/tmp/tmp.7tNycvupL6/llvm/lib/libRemarks.so.16" to "$ORIGIN/../lib"
-- Installing: /tmp/tmp.7tNycvupL6/llvm/lib/libRemarks.so
-- Installing: /tmp/tmp.7tNycvupL6/llvm/include/llvm-c/Remarks.h
[232/253] cd /home/tim911004/.llvm-project/stage1_build && /home/tim911004/miniconda3/envs/cuda-quantum/lib/python3.10/site-packages/cmake/data/bin/cmake -DCMAKE_INSTALL_COMPONENT="llvm-headers" -DCMAKE_INSTALL_DO_STRIP=1 -P /home/tim911004/.llvm-project/stage1_build/cmake_install.cmake
-- Install configuration: "Release"
-- Installing: /tmp/tmp.7tNycvupL6/llvm/include/llvm
-- Installing: /tmp/tmp.7tNycvupL6/llvm/include/llvm/BinaryFormat
-- Installing: /tmp/tmp.7tNycvupL6/llvm/include/llvm/BinaryFormat/WasmTraits.h
-- Installing: /tmp/tmp.7tNycvupL6/llvm/include/llvm/BinaryFormat/GOFF.h
-- Installing: /tmp/tmp.7tNycvupL6/llvm/include/llvm/BinaryFormat/MsgPack.def
-- Installing: /tmp/tmp.7tNycvupL6/llvm/include/llvm/BinaryFormat/WasmRelocs.def
-- Installing: /tmp/tmp.7tNycvupL6/llvm/include/llvm/BinaryFormat/XCOFF.h
-- Installing: /tmp/tmp.7tNycvupL6/llvm/include/llvm/BinaryFormat/Dwarf.def
-- Installing: /tmp/tmp.7tNycvupL6/llvm/include/llvm/BinaryFormat/DynamicTags.def
-- Installing: /tmp/tmp.7tNycvupL6/llvm/include/llvm/BinaryFormat/MachO.h
-- Installing: /tmp/tmp.7tNycvupL6/llvm/include/llvm/BinaryFormat/DXContainer.h
-- Installing: /tmp/tmp.7tNycvupL6/llvm/include/llvm/BinaryFormat/MsgPackDocument.h
-- Installing: /tmp/tmp.7tNycvupL6/llvm/include/llvm/BinaryFormat/MsgPackReader.h
-- Installing: /tmp/tmp.7tNycvupL6/llvm/include/llvm/BinaryFormat/Wasm.h
-- Installing: /tmp/tmp.7tNycvupL6/llvm/include/llvm/BinaryFormat/Swift.h
-- Installing: /tmp/tmp.7tNycvupL6/llvm/include/llvm/BinaryFormat/MinidumpConstants.def
-- Installing: /tmp/tmp.7tNycvupL6/llvm/include/llvm/BinaryFormat/AMDGPUMetadataVerifier.h
-- Installing: /tmp/tmp.7tNycvupL6/llvm/include/llvm/BinaryFormat/Magic.h
-- Installing: /tmp/tmp.7tNycvupL6/llvm/include/llvm/BinaryFormat/MsgPack.h
-- Installing: /tmp/tmp.7tNycvupL6/llvm/include/llvm/BinaryFormat/DXContainerConstants.def
-- Installing: /tmp/tmp.7tNycvupL6/llvm/include/llvm/BinaryFormat/ELFRelocs
-- Installing: /tmp/tmp.7tNycvupL6/llvm/include/llvm/BinaryFormat/ELFRelocs/x86_64.def
-- Installing: /tmp/tmp.7tNycvupL6/llvm/include/llvm/BinaryFormat/ELFRelocs/RISCV.def
-- Installing: /tmp/tmp.7tNycvupL6/llvm/include/llvm/BinaryFormat/ELFRelocs/Mips.def
-- Installing: /tmp/tmp.7tNycvupL6/llvm/include/llvm/BinaryFormat/ELFRelocs/ARM.def
-- Installing: /tmp/tmp.7tNycvupL6/llvm/include/llvm/BinaryFormat/ELFRelocs/Hexagon.def
-- Installing: /tmp/tmp.7tNycvupL6/llvm/include/llvm/BinaryFormat/ELFRelocs/PowerPC.def
-- Installing: /tmp/tmp.7tNycvupL6/llvm/include/llvm/BinaryFormat/ELFRelocs/Sparc.def
-- Installing: /tmp/tmp.7tNycvupL6/llvm/include/llvm/BinaryFormat/ELFRelocs/VE.def
-- Installing: /tmp/tmp.7tNycvupL6/llvm/include/llvm/BinaryFormat/ELFRelocs/M68k.def
-- Installing: /tmp/tmp.7tNycvupL6/llvm/include/llvm/BinaryFormat/ELFRelocs/PowerPC64.def
-- Installing: /tmp/tmp.7tNycvupL6/llvm/include/llvm/BinaryFormat/ELFRelocs/CSKY.def
-- Installing: /tmp/tmp.7tNycvupL6/llvm/include/llvm/BinaryFormat/ELFRelocs/AVR.def
-- Installing: /tmp/tmp.7tNycvupL6/llvm/include/llvm/BinaryFormat/ELFRelocs/BPF.def
-- Installing: /tmp/tmp.7tNycvupL6/llvm/include/llvm/BinaryFormat/ELFRelocs/i386.def
-- Installing: /tmp/tmp.7tNycvupL6/llvm/include/llvm/BinaryFormat/ELFRelocs/Lanai.def
-- Installing: /tmp/tmp.7tNycvupL6/llvm/include/llvm/BinaryFormat/ELFRelocs/Xtensa.def
-- Installing: /tmp/tmp.7tNycvupL6/llvm/include/llvm/BinaryFormat/ELFRelocs/LoongArch.def
-- Installing: /tmp/tmp.7tNycvupL6/llvm/include/llvm/BinaryFormat/ELFRelocs/MSP430.def
-- Installing: /tmp/tmp.7tNycvupL6/llvm/include/llvm/BinaryFormat/ELFRelocs/AMDGPU.def
-- Installing: /tmp/tmp.7tNycvupL6/llvm/include/llvm/BinaryFormat/ELFRelocs/AArch64.def
-- Installing: /tmp/tmp.7tNycvupL6/llvm/include/llvm/BinaryFormat/ELFRelocs/SystemZ.def
-- Installing: /tmp/tmp.7tNycvupL6/llvm/include/llvm/BinaryFormat/ELFRelocs/ARC.def
-- Installing: /tmp/tmp.7tNycvupL6/llvm/include/llvm/BinaryFormat/MsgPackWriter.h
-- Installing: /tmp/tmp.7tNycvupL6/llvm/include/llvm/BinaryFormat/Swift.def
-- Installing: /tmp/tmp.7tNycvupL6/llvm/include/llvm/BinaryFormat/MachO.def
-- Installing: /tmp/tmp.7tNycvupL6/llvm/include/llvm/BinaryFormat/COFF.h
-- Installing: /tmp/tmp.7tNycvupL6/llvm/include/llvm/BinaryFormat/ELF.h
-- Installing: /tmp/tmp.7tNycvupL6/llvm/include/llvm/BinaryFormat/Dwarf.h
-- Installing: /tmp/tmp.7tNycvupL6/llvm/include/llvm/BinaryFormat/Minidump.h
-- Installing: /tmp/tmp.7tNycvupL6/llvm/include/llvm/Remarks
-- Installing: /tmp/tmp.7tNycvupL6/llvm/include/llvm/Remarks/Remark.h
-- Installing: /tmp/tmp.7tNycvupL6/llvm/include/llvm/Remarks/RemarkFormat.h
-- Installing: /tmp/tmp.7tNycvupL6/llvm/include/llvm/Remarks/RemarkLinker.h
-- Installing: /tmp/tmp.7tNycvupL6/llvm/include/llvm/Remarks/RemarkStringTable.h
-- Installing: /tmp/tmp.7tNycvupL6/llvm/include/llvm/Remarks/BitstreamRemarkContainer.h
-- Installing: /tmp/tmp.7tNycvupL6/llvm/include/llvm/Remarks/RemarkStreamer.h
-- Installing: /tmp/tmp.7tNycvupL6/llvm/include/llvm/Remarks/HotnessThresholdParser.h
-- Installing: /tmp/tmp.7tNycvupL6/llvm/include/llvm/Remarks/BitstreamRemarkSerializer.h
-- Installing: /tmp/tmp.7tNycvupL6/llvm/include/llvm/Remarks/YAMLRemarkSerializer.h
-- Installing: /tmp/tmp.7tNycvupL6/llvm/include/llvm/Remarks/RemarkSerializer.h
-- Installing: /tmp/tmp.7tNycvupL6/llvm/include/llvm/Remarks/BitstreamRemarkParser.h
-- Installing: /tmp/tmp.7tNycvupL6/llvm/include/llvm/Remarks/RemarkParser.h
-- Installing: /tmp/tmp.7tNycvupL6/llvm/include/llvm/Debuginfod
-- Installing: /tmp/tmp.7tNycvupL6/llvm/include/llvm/Debuginfod/Debuginfod.h
-- Installing: /tmp/tmp.7tNycvupL6/llvm/include/llvm/Debuginfod/HTTPServer.h
-- Installing: /tmp/tmp.7tNycvupL6/llvm/include/llvm/Debuginfod/BuildIDFetcher.h
-- Installing: /tmp/tmp.7tNycvupL6/llvm/include/llvm/Debuginfod/HTTPClient.h
-- Installing: /tmp/tmp.7tNycvupL6/llvm/include/llvm/WindowsManifest
-- Installing: /tmp/tmp.7tNycvupL6/llvm/include/llvm/WindowsManifest/WindowsManifestMerger.h
-- Installing: /tmp/tmp.7tNycvupL6/llvm/include/llvm/ProfileData
-- Installing: /tmp/tmp.7tNycvupL6/llvm/include/llvm/ProfileData/GCOV.h
-- Installing: /tmp/tmp.7tNycvupL6/llvm/include/llvm/ProfileData/InstrProfWriter.h
-- Installing: /tmp/tmp.7tNycvupL6/llvm/include/llvm/ProfileData/RawMemProfReader.h
-- Installing: /tmp/tmp.7tNycvupL6/llvm/include/llvm/ProfileData/InstrProfReader.h
-- Installing: /tmp/tmp.7tNycvupL6/llvm/include/llvm/ProfileData/InstrProfData.inc
-- Installing: /tmp/tmp.7tNycvupL6/llvm/include/llvm/ProfileData/ProfileCommon.h
-- Installing: /tmp/tmp.7tNycvupL6/llvm/include/llvm/ProfileData/SampleProfReader.h
-- Installing: /tmp/tmp.7tNycvupL6/llvm/include/llvm/ProfileData/SampleProf.h
-- Installing: /tmp/tmp.7tNycvupL6/llvm/include/llvm/ProfileData/SampleProfWriter.h
-- Installing: /tmp/tmp.7tNycvupL6/llvm/include/llvm/ProfileData/InstrProf.h
-- Installing: /tmp/tmp.7tNycvupL6/llvm/include/llvm/ProfileData/Coverage
-- Installing: /tmp/tmp.7tNycvupL6/llvm/include/llvm/ProfileData/Coverage/CoverageMapping.h
-- Installing: /tmp/tmp.7tNycvupL6/llvm/include/llvm/ProfileData/Coverage/CoverageMappingReader.h
-- Installing: /tmp/tmp.7tNycvupL6/llvm/include/llvm/ProfileData/Coverage/CoverageMappingWriter.h
-- Installing: /tmp/tmp.7tNycvupL6/llvm/include/llvm/ProfileData/MemProfData.inc
-- Installing: /tmp/tmp.7tNycvupL6/llvm/include/llvm/ProfileData/MIBEntryDef.inc
-- Installing: /tmp/tmp.7tNycvupL6/llvm/include/llvm/ProfileData/InstrProfCorrelator.h
-- Installing: /tmp/tmp.7tNycvupL6/llvm/include/llvm/ProfileData/MemProf.h
-- Installing: /tmp/tmp.7tNycvupL6/llvm/include/llvm/WindowsDriver
-- Installing: /tmp/tmp.7tNycvupL6/llvm/include/llvm/WindowsDriver/MSVCSetupApi.h
-- Installing: /tmp/tmp.7tNycvupL6/llvm/include/llvm/WindowsDriver/MSVCPaths.h
-- Installing: /tmp/tmp.7tNycvupL6/llvm/include/llvm/IRPrinter
-- Installing: /tmp/tmp.7tNycvupL6/llvm/include/llvm/IRPrinter/IRPrintingPasses.h
-- Installing: /tmp/tmp.7tNycvupL6/llvm/include/llvm/MC
-- Installing: /tmp/tmp.7tNycvupL6/llvm/include/llvm/MC/MCWin64EH.h
-- Installing: /tmp/tmp.7tNycvupL6/llvm/include/llvm/MC/MCDwarf.h
-- Installing: /tmp/tmp.7tNycvupL6/llvm/include/llvm/MC/MCSymbolXCOFF.h
-- Installing: /tmp/tmp.7tNycvupL6/llvm/include/llvm/MC/MCWasmStreamer.h
-- Installing: /tmp/tmp.7tNycvupL6/llvm/include/llvm/MC/MCInstrInfo.h
-- Installing: /tmp/tmp.7tNycvupL6/llvm/include/llvm/MC/MCDecoderOps.h
-- Installing: /tmp/tmp.7tNycvupL6/llvm/include/llvm/MC/SubtargetFeature.h
-- Installing: /tmp/tmp.7tNycvupL6/llvm/include/llvm/MC/MCTargetOptionsCommandFlags.h
-- Installing: /tmp/tmp.7tNycvupL6/llvm/include/llvm/MC/MCRegister.h
-- Installing: /tmp/tmp.7tNycvupL6/llvm/include/llvm/MC/MCPseudoProbe.h
-- Installing: /tmp/tmp.7tNycvupL6/llvm/include/llvm/MC/TargetRegistry.h
-- Installing: /tmp/tmp.7tNycvupL6/llvm/include/llvm/MC/MCExpr.h
-- Installing: /tmp/tmp.7tNycvupL6/llvm/include/llvm/MC/MCSymbolMachO.h
-- Installing: /tmp/tmp.7tNycvupL6/llvm/include/llvm/MC/MCDXContainerStreamer.h
-- Installing: /tmp/tmp.7tNycvupL6/llvm/include/llvm/MC/MCAsmBackend.h
-- Installing: /tmp/tmp.7tNycvupL6/llvm/include/llvm/MC/StringTableBuilder.h
-- Installing: /tmp/tmp.7tNycvupL6/llvm/include/llvm/MC/MCAsmInfoGOFF.h
-- Installing: /tmp/tmp.7tNycvupL6/llvm/include/llvm/MC/MCCodeView.h
-- Installing: /tmp/tmp.7tNycvupL6/llvm/include/llvm/MC/MCWinCOFFObjectWriter.h
-- Installing: /tmp/tmp.7tNycvupL6/llvm/include/llvm/MC/MCLinkerOptimizationHint.h
-- Installing: /tmp/tmp.7tNycvupL6/llvm/include/llvm/MC/MCRegisterInfo.h
-- Installing: /tmp/tmp.7tNycvupL6/llvm/include/llvm/MC/MCContext.h
-- Installing: /tmp/tmp.7tNycvupL6/llvm/include/llvm/MC/MCXCOFFObjectWriter.h
-- Installing: /tmp/tmp.7tNycvupL6/llvm/include/llvm/MC/MCSymbolGOFF.h
-- Installing: /tmp/tmp.7tNycvupL6/llvm/include/llvm/MC/MCSectionMachO.h
-- Installing: /tmp/tmp.7tNycvupL6/llvm/include/llvm/MC/MCAssembler.h
-- Installing: /tmp/tmp.7tNycvupL6/llvm/include/llvm/MC/MCSectionCOFF.h
-- Installing: /tmp/tmp.7tNycvupL6/llvm/include/llvm/MC/MCInstPrinter.h
-- Installing: /tmp/tmp.7tNycvupL6/llvm/include/llvm/MC/MCSymbolCOFF.h
-- Installing: /tmp/tmp.7tNycvupL6/llvm/include/llvm/MC/MCELFStreamer.h
-- Installing: /tmp/tmp.7tNycvupL6/llvm/include/llvm/MC/MCWinEH.h
-- Installing: /tmp/tmp.7tNycvupL6/llvm/include/llvm/MC/MCLabel.h
-- Installing: /tmp/tmp.7tNycvupL6/llvm/include/llvm/MC/MCInstBuilder.h
-- Installing: /tmp/tmp.7tNycvupL6/llvm/include/llvm/MC/MCAsmInfo.h
-- Installing: /tmp/tmp.7tNycvupL6/llvm/include/llvm/MC/MCAsmInfoDarwin.h
-- Installing: /tmp/tmp.7tNycvupL6/llvm/include/llvm/MC/MCInstrItineraries.h
-- Installing: /tmp/tmp.7tNycvupL6/llvm/include/llvm/MC/MCSchedule.h
-- Installing: /tmp/tmp.7tNycvupL6/llvm/include/llvm/MC/MCWinCOFFStreamer.h
-- Installing: /tmp/tmp.7tNycvupL6/llvm/include/llvm/MC/MCAsmLayout.h
-- Installing: /tmp/tmp.7tNycvupL6/llvm/include/llvm/MC/LaneBitmask.h
-- Installing: /tmp/tmp.7tNycvupL6/llvm/include/llvm/MC/MCSPIRVObjectWriter.h
-- Installing: /tmp/tmp.7tNycvupL6/llvm/include/llvm/MC/MCAsmInfoELF.h
-- Installing: /tmp/tmp.7tNycvupL6/llvm/include/llvm/MC/MCFixupKindInfo.h
-- Installing: /tmp/tmp.7tNycvupL6/llvm/include/llvm/MC/MCSectionXCOFF.h
-- Installing: /tmp/tmp.7tNycvupL6/llvm/include/llvm/MC/MCDisassembler
-- Installing: /tmp/tmp.7tNycvupL6/llvm/include/llvm/MC/MCDisassembler/MCSymbolizer.h
-- Installing: /tmp/tmp.7tNycvupL6/llvm/include/llvm/MC/MCDisassembler/MCRelocationInfo.h
-- Installing: /tmp/tmp.7tNycvupL6/llvm/include/llvm/MC/MCDisassembler/MCDisassembler.h
-- Installing: /tmp/tmp.7tNycvupL6/llvm/include/llvm/MC/MCDisassembler/MCExternalSymbolizer.h
-- Installing: /tmp/tmp.7tNycvupL6/llvm/include/llvm/MC/MCInst.h
-- Installing: /tmp/tmp.7tNycvupL6/llvm/include/llvm/MC/MCAsmMacro.h
-- Installing: /tmp/tmp.7tNycvupL6/llvm/include/llvm/MC/SectionKind.h
-- Installing: /tmp/tmp.7tNycvupL6/llvm/include/llvm/MC/MCAsmInfoCOFF.h
-- Installing: /tmp/tmp.7tNycvupL6/llvm/include/llvm/MC/MCFixup.h
-- Installing: /tmp/tmp.7tNycvupL6/llvm/include/llvm/MC/MCStreamer.h
-- Installing: /tmp/tmp.7tNycvupL6/llvm/include/llvm/MC/MCDirectives.h
-- Installing: /tmp/tmp.7tNycvupL6/llvm/include/llvm/MC/MCFragment.h
-- Installing: /tmp/tmp.7tNycvupL6/llvm/include/llvm/MC/MCMachObjectWriter.h
-- Installing: /tmp/tmp.7tNycvupL6/llvm/include/llvm/MC/MCWasmObjectWriter.h
-- Installing: /tmp/tmp.7tNycvupL6/llvm/include/llvm/MC/ConstantPools.h
-- Installing: /tmp/tmp.7tNycvupL6/llvm/include/llvm/MC/MCParser
-- Installing: /tmp/tmp.7tNycvupL6/llvm/include/llvm/MC/MCParser/MCAsmParserUtils.h
-- Installing: /tmp/tmp.7tNycvupL6/llvm/include/llvm/MC/MCParser/AsmCond.h
-- Installing: /tmp/tmp.7tNycvupL6/llvm/include/llvm/MC/MCParser/MCAsmLexer.h
-- Installing: /tmp/tmp.7tNycvupL6/llvm/include/llvm/MC/MCParser/MCAsmParserExtension.h
-- Installing: /tmp/tmp.7tNycvupL6/llvm/include/llvm/MC/MCParser/AsmLexer.h
-- Installing: /tmp/tmp.7tNycvupL6/llvm/include/llvm/MC/MCParser/MCAsmParser.h
-- Installing: /tmp/tmp.7tNycvupL6/llvm/include/llvm/MC/MCParser/MCTargetAsmParser.h
-- Installing: /tmp/tmp.7tNycvupL6/llvm/include/llvm/MC/MCParser/MCParsedAsmOperand.h
-- Installing: /tmp/tmp.7tNycvupL6/llvm/include/llvm/MC/MCSectionSPIRV.h
-- Installing: /tmp/tmp.7tNycvupL6/llvm/include/llvm/MC/MCELFObjectWriter.h
-- Installing: /tmp/tmp.7tNycvupL6/llvm/include/llvm/MC/MCSubtargetInfo.h
-- Installing: /tmp/tmp.7tNycvupL6/llvm/include/llvm/MC/MCValue.h
-- Installing: /tmp/tmp.7tNycvupL6/llvm/include/llvm/MC/MachineLocation.h
-- Installing: /tmp/tmp.7tNycvupL6/llvm/include/llvm/MC/MCSPIRVStreamer.h
-- Installing: /tmp/tmp.7tNycvupL6/llvm/include/llvm/MC/MCSectionGOFF.h
-- Installing: /tmp/tmp.7tNycvupL6/llvm/include/llvm/MC/MCObjectStreamer.h
-- Installing: /tmp/tmp.7tNycvupL6/llvm/include/llvm/MC/MCInstrAnalysis.h
-- Installing: /tmp/tmp.7tNycvupL6/llvm/include/llvm/MC/MCTargetOptions.h
-- Installing: /tmp/tmp.7tNycvupL6/llvm/include/llvm/MC/MCSymbolELF.h
-- Installing: /tmp/tmp.7tNycvupL6/llvm/include/llvm/MC/MCAsmInfoXCOFF.h
-- Installing: /tmp/tmp.7tNycvupL6/llvm/include/llvm/MC/MCInstrDesc.h
-- Installing: /tmp/tmp.7tNycvupL6/llvm/include/llvm/MC/MCSectionDXContainer.h
-- Installing: /tmp/tmp.7tNycvupL6/llvm/include/llvm/MC/MCDXContainerWriter.h
-- Installing: /tmp/tmp.7tNycvupL6/llvm/include/llvm/MC/MCCodeEmitter.h
-- Installing: /tmp/tmp.7tNycvupL6/llvm/include/llvm/MC/MCSection.h
-- Installing: /tmp/tmp.7tNycvupL6/llvm/include/llvm/MC/MCObjectFileInfo.h
-- Installing: /tmp/tmp.7tNycvupL6/llvm/include/llvm/MC/MCXCOFFStreamer.h
-- Installing: /tmp/tmp.7tNycvupL6/llvm/include/llvm/MC/MCAsmInfoWasm.h
-- Installing: /tmp/tmp.7tNycvupL6/llvm/include/llvm/MC/MCSectionELF.h
-- Installing: /tmp/tmp.7tNycvupL6/llvm/include/llvm/MC/MCSymbol.h
-- Installing: /tmp/tmp.7tNycvupL6/llvm/include/llvm/MC/MCSymbolWasm.h
-- Installing: /tmp/tmp.7tNycvupL6/llvm/include/llvm/MC/MCObjectWriter.h
-- Installing: /tmp/tmp.7tNycvupL6/llvm/include/llvm/MC/MCSectionWasm.h
-- Installing: /tmp/tmp.7tNycvupL6/llvm/include/llvm/Linker
-- Installing: /tmp/tmp.7tNycvupL6/llvm/include/llvm/Linker/IRMover.h
-- Installing: /tmp/tmp.7tNycvupL6/llvm/include/llvm/Linker/Linker.h
-- Installing: /tmp/tmp.7tNycvupL6/llvm/include/llvm/PassSupport.h
-- Installing: /tmp/tmp.7tNycvupL6/llvm/include/llvm/Frontend
-- Installing: /tmp/tmp.7tNycvupL6/llvm/include/llvm/Frontend/HLSL
-- Installing: /tmp/tmp.7tNycvupL6/llvm/include/llvm/Frontend/HLSL/HLSLResource.h
-- Installing: /tmp/tmp.7tNycvupL6/llvm/include/llvm/Frontend/OpenACC
-- Installing: /tmp/tmp.7tNycvupL6/llvm/include/llvm/Frontend/OpenACC/ACC.td
-- Installing: /tmp/tmp.7tNycvupL6/llvm/include/llvm/Frontend/OpenMP
-- Installing: /tmp/tmp.7tNycvupL6/llvm/include/llvm/Frontend/OpenMP/OMP.td
-- Installing: /tmp/tmp.7tNycvupL6/llvm/include/llvm/Frontend/OpenMP/OMPKinds.def
-- Installing: /tmp/tmp.7tNycvupL6/llvm/include/llvm/Frontend/OpenMP/OMPIRBuilder.h
-- Installing: /tmp/tmp.7tNycvupL6/llvm/include/llvm/Frontend/OpenMP/OMPGridValues.h
-- Installing: /tmp/tmp.7tNycvupL6/llvm/include/llvm/Frontend/OpenMP/OMPAssume.h
-- Installing: /tmp/tmp.7tNycvupL6/llvm/include/llvm/Frontend/OpenMP/OMPDeviceConstants.h
-- Installing: /tmp/tmp.7tNycvupL6/llvm/include/llvm/Frontend/OpenMP/OMPConstants.h
-- Installing: /tmp/tmp.7tNycvupL6/llvm/include/llvm/Frontend/OpenMP/OMPContext.h
-- Installing: /tmp/tmp.7tNycvupL6/llvm/include/llvm/Frontend/Directive
-- Installing: /tmp/tmp.7tNycvupL6/llvm/include/llvm/Frontend/Directive/DirectiveBase.td
-- Installing: /tmp/tmp.7tNycvupL6/llvm/include/llvm/Demangle
-- Installing: /tmp/tmp.7tNycvupL6/llvm/include/llvm/Demangle/ItaniumDemangle.h
-- Installing: /tmp/tmp.7tNycvupL6/llvm/include/llvm/Demangle/Demangle.h
-- Installing: /tmp/tmp.7tNycvupL6/llvm/include/llvm/Demangle/StringView.h
-- Installing: /tmp/tmp.7tNycvupL6/llvm/include/llvm/Demangle/Utility.h
-- Installing: /tmp/tmp.7tNycvupL6/llvm/include/llvm/Demangle/MicrosoftDemangleNodes.h
-- Installing: /tmp/tmp.7tNycvupL6/llvm/include/llvm/Demangle/DemangleConfig.h
-- Installing: /tmp/tmp.7tNycvupL6/llvm/include/llvm/Demangle/ItaniumNodes.def
-- Installing: /tmp/tmp.7tNycvupL6/llvm/include/llvm/Demangle/MicrosoftDemangle.h
-- Installing: /tmp/tmp.7tNycvupL6/llvm/include/llvm/AsmParser
-- Installing: /tmp/tmp.7tNycvupL6/llvm/include/llvm/AsmParser/Parser.h
-- Installing: /tmp/tmp.7tNycvupL6/llvm/include/llvm/AsmParser/SlotMapping.h
-- Installing: /tmp/tmp.7tNycvupL6/llvm/include/llvm/AsmParser/LLToken.h
-- Installing: /tmp/tmp.7tNycvupL6/llvm/include/llvm/AsmParser/LLParser.h
-- Installing: /tmp/tmp.7tNycvupL6/llvm/include/llvm/AsmParser/LLLexer.h
-- Installing: /tmp/tmp.7tNycvupL6/llvm/include/llvm/Target
-- Installing: /tmp/tmp.7tNycvupL6/llvm/include/llvm/Target/TargetCallingConv.td
-- Installing: /tmp/tmp.7tNycvupL6/llvm/include/llvm/Target/TargetLoweringObjectFile.h
-- Installing: /tmp/tmp.7tNycvupL6/llvm/include/llvm/Target/TargetSelectionDAG.td
-- Installing: /tmp/tmp.7tNycvupL6/llvm/include/llvm/Target/TargetItinerary.td
-- Installing: /tmp/tmp.7tNycvupL6/llvm/include/llvm/Target/GenericOpcodes.td
-- Installing: /tmp/tmp.7tNycvupL6/llvm/include/llvm/Target/TargetSchedule.td
-- Installing: /tmp/tmp.7tNycvupL6/llvm/include/llvm/Target/TargetMachine.h
-- Installing: /tmp/tmp.7tNycvupL6/llvm/include/llvm/Target/Target.td
-- Installing: /tmp/tmp.7tNycvupL6/llvm/include/llvm/Target/TargetInstrPredicate.td
-- Installing: /tmp/tmp.7tNycvupL6/llvm/include/llvm/Target/TargetOptions.h
-- Installing: /tmp/tmp.7tNycvupL6/llvm/include/llvm/Target/TargetPfmCounters.td
-- Installing: /tmp/tmp.7tNycvupL6/llvm/include/llvm/Target/CGPassBuilderOption.h
-- Installing: /tmp/tmp.7tNycvupL6/llvm/include/llvm/Target/CodeGenCWrappers.h
-- Installing: /tmp/tmp.7tNycvupL6/llvm/include/llvm/Target/TargetIntrinsicInfo.h
-- Installing: /tmp/tmp.7tNycvupL6/llvm/include/llvm/Target/GlobalISel
-- Installing: /tmp/tmp.7tNycvupL6/llvm/include/llvm/Target/GlobalISel/Combine.td
-- Installing: /tmp/tmp.7tNycvupL6/llvm/include/llvm/Target/GlobalISel/Target.td
-- Installing: /tmp/tmp.7tNycvupL6/llvm/include/llvm/Target/GlobalISel/SelectionDAGCompat.td
-- Installing: /tmp/tmp.7tNycvupL6/llvm/include/llvm/Target/GlobalISel/RegisterBank.td
-- Installing: /tmp/tmp.7tNycvupL6/llvm/include/llvm/DebugInfo
-- Installing: /tmp/tmp.7tNycvupL6/llvm/include/llvm/DebugInfo/MSF
-- Installing: /tmp/tmp.7tNycvupL6/llvm/include/llvm/DebugInfo/MSF/MSFBuilder.h
-- Installing: /tmp/tmp.7tNycvupL6/llvm/include/llvm/DebugInfo/MSF/IMSFFile.h
-- Installing: /tmp/tmp.7tNycvupL6/llvm/include/llvm/DebugInfo/MSF/MSFError.h
-- Installing: /tmp/tmp.7tNycvupL6/llvm/include/llvm/DebugInfo/MSF/MSFCommon.h
-- Installing: /tmp/tmp.7tNycvupL6/llvm/include/llvm/DebugInfo/MSF/MappedBlockStream.h
-- Installing: /tmp/tmp.7tNycvupL6/llvm/include/llvm/DebugInfo/DIContext.h
-- Installing: /tmp/tmp.7tNycvupL6/llvm/include/llvm/DebugInfo/LogicalView
-- Installing: /tmp/tmp.7tNycvupL6/llvm/include/llvm/DebugInfo/LogicalView/LVReaderHandler.h
-- Installing: /tmp/tmp.7tNycvupL6/llvm/include/llvm/DebugInfo/LogicalView/Core
-- Installing: /tmp/tmp.7tNycvupL6/llvm/include/llvm/DebugInfo/LogicalView/Core/LVElement.h
-- Installing: /tmp/tmp.7tNycvupL6/llvm/include/llvm/DebugInfo/LogicalView/Core/LVScope.h
-- Installing: /tmp/tmp.7tNycvupL6/llvm/include/llvm/DebugInfo/LogicalView/Core/LVLocation.h
-- Installing: /tmp/tmp.7tNycvupL6/llvm/include/llvm/DebugInfo/LogicalView/Core/LVSupport.h
-- Installing: /tmp/tmp.7tNycvupL6/llvm/include/llvm/DebugInfo/LogicalView/Core/LVCompare.h
-- Installing: /tmp/tmp.7tNycvupL6/llvm/include/llvm/DebugInfo/LogicalView/Core/LVSymbol.h
-- Installing: /tmp/tmp.7tNycvupL6/llvm/include/llvm/DebugInfo/LogicalView/Core/LVOptions.h
-- Installing: /tmp/tmp.7tNycvupL6/llvm/include/llvm/DebugInfo/LogicalView/Core/LVStringPool.h
-- Installing: /tmp/tmp.7tNycvupL6/llvm/include/llvm/DebugInfo/LogicalView/Core/LVRange.h
-- Installing: /tmp/tmp.7tNycvupL6/llvm/include/llvm/DebugInfo/LogicalView/Core/LVSort.h
-- Installing: /tmp/tmp.7tNycvupL6/llvm/include/llvm/DebugInfo/LogicalView/Core/LVType.h
-- Installing: /tmp/tmp.7tNycvupL6/llvm/include/llvm/DebugInfo/LogicalView/Core/LVLine.h
-- Installing: /tmp/tmp.7tNycvupL6/llvm/include/llvm/DebugInfo/LogicalView/Core/LVObject.h
-- Installing: /tmp/tmp.7tNycvupL6/llvm/include/llvm/DebugInfo/LogicalView/Core/LVReader.h
-- Installing: /tmp/tmp.7tNycvupL6/llvm/include/llvm/DebugInfo/LogicalView/Readers
-- Installing: /tmp/tmp.7tNycvupL6/llvm/include/llvm/DebugInfo/LogicalView/Readers/LVBinaryReader.h
-- Installing: /tmp/tmp.7tNycvupL6/llvm/include/llvm/DebugInfo/LogicalView/Readers/LVELFReader.h
-- Installing: /tmp/tmp.7tNycvupL6/llvm/include/llvm/DebugInfo/PDB
-- Installing: /tmp/tmp.7tNycvupL6/llvm/include/llvm/DebugInfo/PDB/PDBSymbolTypeDimension.h
-- Installing: /tmp/tmp.7tNycvupL6/llvm/include/llvm/DebugInfo/PDB/PDBSymbolTypeVTable.h
-- Installing: /tmp/tmp.7tNycvupL6/llvm/include/llvm/DebugInfo/PDB/IPDBSourceFile.h
-- Installing: /tmp/tmp.7tNycvupL6/llvm/include/llvm/DebugInfo/PDB/PDBSymbolAnnotation.h
-- Installing: /tmp/tmp.7tNycvupL6/llvm/include/llvm/DebugInfo/PDB/PDBSymbolTypePointer.h
-- Installing: /tmp/tmp.7tNycvupL6/llvm/include/llvm/DebugInfo/PDB/PDBSymbolCompilandDetails.h
-- Installing: /tmp/tmp.7tNycvupL6/llvm/include/llvm/DebugInfo/PDB/IPDBRawSymbol.h
-- Installing: /tmp/tmp.7tNycvupL6/llvm/include/llvm/DebugInfo/PDB/PDBSymbolCompilandEnv.h
-- Installing: /tmp/tmp.7tNycvupL6/llvm/include/llvm/DebugInfo/PDB/PDBSymbolCompiland.h
-- Installing: /tmp/tmp.7tNycvupL6/llvm/include/llvm/DebugInfo/PDB/PDBSymbolFuncDebugEnd.h
-- Installing: /tmp/tmp.7tNycvupL6/llvm/include/llvm/DebugInfo/PDB/PDBSymbolTypeBaseClass.h
-- Installing: /tmp/tmp.7tNycvupL6/llvm/include/llvm/DebugInfo/PDB/PDBSymbolTypeVTableShape.h
-- Installing: /tmp/tmp.7tNycvupL6/llvm/include/llvm/DebugInfo/PDB/PDBSymbolTypeArray.h
-- Installing: /tmp/tmp.7tNycvupL6/llvm/include/llvm/DebugInfo/PDB/PDBSymbolBlock.h
-- Installing: /tmp/tmp.7tNycvupL6/llvm/include/llvm/DebugInfo/PDB/IPDBLineNumber.h
-- Installing: /tmp/tmp.7tNycvupL6/llvm/include/llvm/DebugInfo/PDB/PDBContext.h
-- Installing: /tmp/tmp.7tNycvupL6/llvm/include/llvm/DebugInfo/PDB/PDBSymbolTypeFunctionArg.h
-- Installing: /tmp/tmp.7tNycvupL6/llvm/include/llvm/DebugInfo/PDB/DIA
-- Installing: /tmp/tmp.7tNycvupL6/llvm/include/llvm/DebugInfo/PDB/DIA/DIAEnumInjectedSources.h
-- Installing: /tmp/tmp.7tNycvupL6/llvm/include/llvm/DebugInfo/PDB/DIA/DIAEnumSourceFiles.h
-- Installing: /tmp/tmp.7tNycvupL6/llvm/include/llvm/DebugInfo/PDB/DIA/DIALineNumber.h
-- Installing: /tmp/tmp.7tNycvupL6/llvm/include/llvm/DebugInfo/PDB/DIA/DIAEnumDebugStreams.h
-- Installing: /tmp/tmp.7tNycvupL6/llvm/include/llvm/DebugInfo/PDB/DIA/DIASectionContrib.h
-- Installing: /tmp/tmp.7tNycvupL6/llvm/include/llvm/DebugInfo/PDB/DIA/DIAEnumSymbols.h
-- Installing: /tmp/tmp.7tNycvupL6/llvm/include/llvm/DebugInfo/PDB/DIA/DIASession.h
-- Installing: /tmp/tmp.7tNycvupL6/llvm/include/llvm/DebugInfo/PDB/DIA/DIADataStream.h
-- Installing: /tmp/tmp.7tNycvupL6/llvm/include/llvm/DebugInfo/PDB/DIA/DIAUtils.h
-- Installing: /tmp/tmp.7tNycvupL6/llvm/include/llvm/DebugInfo/PDB/DIA/DIARawSymbol.h
-- Installing: /tmp/tmp.7tNycvupL6/llvm/include/llvm/DebugInfo/PDB/DIA/DIAError.h
-- Installing: /tmp/tmp.7tNycvupL6/llvm/include/llvm/DebugInfo/PDB/DIA/DIASourceFile.h
-- Installing: /tmp/tmp.7tNycvupL6/llvm/include/llvm/DebugInfo/PDB/DIA/DIAFrameData.h
-- Installing: /tmp/tmp.7tNycvupL6/llvm/include/llvm/DebugInfo/PDB/DIA/DIAEnumSectionContribs.h
-- Installing: /tmp/tmp.7tNycvupL6/llvm/include/llvm/DebugInfo/PDB/DIA/DIAEnumLineNumbers.h
-- Installing: /tmp/tmp.7tNycvupL6/llvm/include/llvm/DebugInfo/PDB/DIA/DIAEnumFrameData.h
-- Installing: /tmp/tmp.7tNycvupL6/llvm/include/llvm/DebugInfo/PDB/DIA/DIASupport.h
-- Installing: /tmp/tmp.7tNycvupL6/llvm/include/llvm/DebugInfo/PDB/DIA/DIATable.h
-- Installing: /tmp/tmp.7tNycvupL6/llvm/include/llvm/DebugInfo/PDB/DIA/DIAInjectedSource.h
-- Installing: /tmp/tmp.7tNycvupL6/llvm/include/llvm/DebugInfo/PDB/DIA/DIAEnumTables.h
-- Installing: /tmp/tmp.7tNycvupL6/llvm/include/llvm/DebugInfo/PDB/PDBSymbolExe.h
-- Installing: /tmp/tmp.7tNycvupL6/llvm/include/llvm/DebugInfo/PDB/IPDBSectionContrib.h
-- Installing: /tmp/tmp.7tNycvupL6/llvm/include/llvm/DebugInfo/PDB/IPDBEnumChildren.h
-- Installing: /tmp/tmp.7tNycvupL6/llvm/include/llvm/DebugInfo/PDB/PDBSymbolPublicSymbol.h
-- Installing: /tmp/tmp.7tNycvupL6/llvm/include/llvm/DebugInfo/PDB/PDBSymbolUnknown.h
-- Installing: /tmp/tmp.7tNycvupL6/llvm/include/llvm/DebugInfo/PDB/PDB.h
-- Installing: /tmp/tmp.7tNycvupL6/llvm/include/llvm/DebugInfo/PDB/UDTLayout.h
-- Installing: /tmp/tmp.7tNycvupL6/llvm/include/llvm/DebugInfo/PDB/IPDBTable.h
-- Installing: /tmp/tmp.7tNycvupL6/llvm/include/llvm/DebugInfo/PDB/PDBSymbolUsingNamespace.h
-- Installing: /tmp/tmp.7tNycvupL6/llvm/include/llvm/DebugInfo/PDB/PDBSymbolThunk.h
-- Installing: /tmp/tmp.7tNycvupL6/llvm/include/llvm/DebugInfo/PDB/IPDBDataStream.h
-- Installing: /tmp/tmp.7tNycvupL6/llvm/include/llvm/DebugInfo/PDB/PDBSymbolCustom.h
-- Installing: /tmp/tmp.7tNycvupL6/llvm/include/llvm/DebugInfo/PDB/PDBSymbolTypeFunctionSig.h
-- Installing: /tmp/tmp.7tNycvupL6/llvm/include/llvm/DebugInfo/PDB/PDBTypes.h
-- Installing: /tmp/tmp.7tNycvupL6/llvm/include/llvm/DebugInfo/PDB/GenericError.h
-- Installing: /tmp/tmp.7tNycvupL6/llvm/include/llvm/DebugInfo/PDB/PDBSymbolFunc.h
-- Installing: /tmp/tmp.7tNycvupL6/llvm/include/llvm/DebugInfo/PDB/IPDBFrameData.h
-- Installing: /tmp/tmp.7tNycvupL6/llvm/include/llvm/DebugInfo/PDB/PDBSymbolFuncDebugStart.h
-- Installing: /tmp/tmp.7tNycvupL6/llvm/include/llvm/DebugInfo/PDB/PDBSymDumper.h
-- Installing: /tmp/tmp.7tNycvupL6/llvm/include/llvm/DebugInfo/PDB/PDBSymbolLabel.h
-- Installing: /tmp/tmp.7tNycvupL6/llvm/include/llvm/DebugInfo/PDB/Native
-- Installing: /tmp/tmp.7tNycvupL6/llvm/include/llvm/DebugInfo/PDB/Native/Hash.h
-- Installing: /tmp/tmp.7tNycvupL6/llvm/include/llvm/DebugInfo/PDB/Native/Formatters.h
-- Installing: /tmp/tmp.7tNycvupL6/llvm/include/llvm/DebugInfo/PDB/Native/HashTable.h
-- Installing: /tmp/tmp.7tNycvupL6/llvm/include/llvm/DebugInfo/PDB/Native/NativeEnumGlobals.h
-- Installing: /tmp/tmp.7tNycvupL6/llvm/include/llvm/DebugInfo/PDB/Native/NativeTypeFunctionSig.h
-- Installing: /tmp/tmp.7tNycvupL6/llvm/include/llvm/DebugInfo/PDB/Native/NativeTypeUDT.h
-- Installing: /tmp/tmp.7tNycvupL6/llvm/include/llvm/DebugInfo/PDB/Native/NativeEnumModules.h
-- Installing: /tmp/tmp.7tNycvupL6/llvm/include/llvm/DebugInfo/PDB/Native/RawConstants.h
-- Installing: /tmp/tmp.7tNycvupL6/llvm/include/llvm/DebugInfo/PDB/Native/TpiStream.h
-- Installing: /tmp/tmp.7tNycvupL6/llvm/include/llvm/DebugInfo/PDB/Native/NativeTypePointer.h
-- Installing: /tmp/tmp.7tNycvupL6/llvm/include/llvm/DebugInfo/PDB/Native/PDBStringTableBuilder.h
-- Installing: /tmp/tmp.7tNycvupL6/llvm/include/llvm/DebugInfo/PDB/Native/NativeTypeBuiltin.h
-- Installing: /tmp/tmp.7tNycvupL6/llvm/include/llvm/DebugInfo/PDB/Native/NativeSymbolEnumerator.h
-- Installing: /tmp/tmp.7tNycvupL6/llvm/include/llvm/DebugInfo/PDB/Native/NativeEnumInjectedSources.h
-- Installing: /tmp/tmp.7tNycvupL6/llvm/include/llvm/DebugInfo/PDB/Native/TpiStreamBuilder.h
-- Installing: /tmp/tmp.7tNycvupL6/llvm/include/llvm/DebugInfo/PDB/Native/DbiModuleDescriptorBuilder.h
-- Installing: /tmp/tmp.7tNycvupL6/llvm/include/llvm/DebugInfo/PDB/Native/InjectedSourceStream.h
-- Installing: /tmp/tmp.7tNycvupL6/llvm/include/llvm/DebugInfo/PDB/Native/SymbolCache.h
-- Installing: /tmp/tmp.7tNycvupL6/llvm/include/llvm/DebugInfo/PDB/Native/DbiStreamBuilder.h
-- Installing: /tmp/tmp.7tNycvupL6/llvm/include/llvm/DebugInfo/PDB/Native/NativeTypeTypedef.h
-- Installing: /tmp/tmp.7tNycvupL6/llvm/include/llvm/DebugInfo/PDB/Native/NativePublicSymbol.h
-- Installing: /tmp/tmp.7tNycvupL6/llvm/include/llvm/DebugInfo/PDB/Native/NativeLineNumber.h
-- Installing: /tmp/tmp.7tNycvupL6/llvm/include/llvm/DebugInfo/PDB/Native/SymbolStream.h
-- Installing: /tmp/tmp.7tNycvupL6/llvm/include/llvm/DebugInfo/PDB/Native/InfoStream.h
-- Installing: /tmp/tmp.7tNycvupL6/llvm/include/llvm/DebugInfo/PDB/Native/GlobalsStream.h
-- Installing: /tmp/tmp.7tNycvupL6/llvm/include/llvm/DebugInfo/PDB/Native/DbiModuleDescriptor.h
-- Installing: /tmp/tmp.7tNycvupL6/llvm/include/llvm/DebugInfo/PDB/Native/NativeRawSymbol.h
-- Installing: /tmp/tmp.7tNycvupL6/llvm/include/llvm/DebugInfo/PDB/Native/LinePrinter.h
-- Installing: /tmp/tmp.7tNycvupL6/llvm/include/llvm/DebugInfo/PDB/Native/TpiHashing.h
-- Installing: /tmp/tmp.7tNycvupL6/llvm/include/llvm/DebugInfo/PDB/Native/NativeTypeArray.h
-- Installing: /tmp/tmp.7tNycvupL6/llvm/include/llvm/DebugInfo/PDB/Native/NativeSourceFile.h
-- Installing: /tmp/tmp.7tNycvupL6/llvm/include/llvm/DebugInfo/PDB/Native/NativeExeSymbol.h
-- Installing: /tmp/tmp.7tNycvupL6/llvm/include/llvm/DebugInfo/PDB/Native/NativeSession.h
-- Installing: /tmp/tmp.7tNycvupL6/llvm/include/llvm/DebugInfo/PDB/Native/NativeCompilandSymbol.h
-- Installing: /tmp/tmp.7tNycvupL6/llvm/include/llvm/DebugInfo/PDB/Native/ISectionContribVisitor.h
-- Installing: /tmp/tmp.7tNycvupL6/llvm/include/llvm/DebugInfo/PDB/Native/NamedStreamMap.h
-- Installing: /tmp/tmp.7tNycvupL6/llvm/include/llvm/DebugInfo/PDB/Native/RawError.h
-- Installing: /tmp/tmp.7tNycvupL6/llvm/include/llvm/DebugInfo/PDB/Native/RawTypes.h
-- Installing: /tmp/tmp.7tNycvupL6/llvm/include/llvm/DebugInfo/PDB/Native/NativeTypeVTShape.h
-- Installing: /tmp/tmp.7tNycvupL6/llvm/include/llvm/DebugInfo/PDB/Native/InputFile.h
-- Installing: /tmp/tmp.7tNycvupL6/llvm/include/llvm/DebugInfo/PDB/Native/PDBFileBuilder.h
-- Installing: /tmp/tmp.7tNycvupL6/llvm/include/llvm/DebugInfo/PDB/Native/PDBStringTable.h
-- Installing: /tmp/tmp.7tNycvupL6/llvm/include/llvm/DebugInfo/PDB/Native/ModuleDebugStream.h
-- Installing: /tmp/tmp.7tNycvupL6/llvm/include/llvm/DebugInfo/PDB/Native/NativeInlineSiteSymbol.h
-- Installing: /tmp/tmp.7tNycvupL6/llvm/include/llvm/DebugInfo/PDB/Native/FormatUtil.h
-- Installing: /tmp/tmp.7tNycvupL6/llvm/include/llvm/DebugInfo/PDB/Native/NativeEnumSymbols.h
-- Installing: /tmp/tmp.7tNycvupL6/llvm/include/llvm/DebugInfo/PDB/Native/PDBFile.h
-- Installing: /tmp/tmp.7tNycvupL6/llvm/include/llvm/DebugInfo/PDB/Native/NativeEnumTypes.h
-- Installing: /tmp/tmp.7tNycvupL6/llvm/include/llvm/DebugInfo/PDB/Native/NativeEnumLineNumbers.h
-- Installing: /tmp/tmp.7tNycvupL6/llvm/include/llvm/DebugInfo/PDB/Native/NativeFunctionSymbol.h
-- Installing: /tmp/tmp.7tNycvupL6/llvm/include/llvm/DebugInfo/PDB/Native/NativeTypeEnum.h
-- Installing: /tmp/tmp.7tNycvupL6/llvm/include/llvm/DebugInfo/PDB/Native/InfoStreamBuilder.h
-- Installing: /tmp/tmp.7tNycvupL6/llvm/include/llvm/DebugInfo/PDB/Native/DbiModuleList.h
-- Installing: /tmp/tmp.7tNycvupL6/llvm/include/llvm/DebugInfo/PDB/Native/GSIStreamBuilder.h
-- Installing: /tmp/tmp.7tNycvupL6/llvm/include/llvm/DebugInfo/PDB/Native/DbiStream.h
-- Installing: /tmp/tmp.7tNycvupL6/llvm/include/llvm/DebugInfo/PDB/Native/EnumTables.h
-- Installing: /tmp/tmp.7tNycvupL6/llvm/include/llvm/DebugInfo/PDB/Native/PublicsStream.h
-- Installing: /tmp/tmp.7tNycvupL6/llvm/include/llvm/DebugInfo/PDB/PDBSymbolTypeTypedef.h
-- Installing: /tmp/tmp.7tNycvupL6/llvm/include/llvm/DebugInfo/PDB/PDBSymbolTypeBuiltin.h
-- Installing: /tmp/tmp.7tNycvupL6/llvm/include/llvm/DebugInfo/PDB/IPDBSession.h
-- Installing: /tmp/tmp.7tNycvupL6/llvm/include/llvm/DebugInfo/PDB/PDBSymbolData.h
-- Installing: /tmp/tmp.7tNycvupL6/llvm/include/llvm/DebugInfo/PDB/PDBSymbolTypeEnum.h
-- Installing: /tmp/tmp.7tNycvupL6/llvm/include/llvm/DebugInfo/PDB/ConcreteSymbolEnumerator.h
-- Installing: /tmp/tmp.7tNycvupL6/llvm/include/llvm/DebugInfo/PDB/PDBSymbolTypeCustom.h
-- Installing: /tmp/tmp.7tNycvupL6/llvm/include/llvm/DebugInfo/PDB/PDBExtras.h
-- Installing: /tmp/tmp.7tNycvupL6/llvm/include/llvm/DebugInfo/PDB/PDBSymbolTypeManaged.h
-- Installing: /tmp/tmp.7tNycvupL6/llvm/include/llvm/DebugInfo/PDB/PDBSymbolTypeUDT.h
-- Installing: /tmp/tmp.7tNycvupL6/llvm/include/llvm/DebugInfo/PDB/PDBSymbol.h
-- Installing: /tmp/tmp.7tNycvupL6/llvm/include/llvm/DebugInfo/PDB/PDBSymbolTypeFriend.h
-- Installing: /tmp/tmp.7tNycvupL6/llvm/include/llvm/DebugInfo/PDB/IPDBInjectedSource.h
-- Installing: /tmp/tmp.7tNycvupL6/llvm/include/llvm/DebugInfo/CodeView
-- Installing: /tmp/tmp.7tNycvupL6/llvm/include/llvm/DebugInfo/CodeView/TypeIndex.h
-- Installing: /tmp/tmp.7tNycvupL6/llvm/include/llvm/DebugInfo/CodeView/CVTypeVisitor.h
-- Installing: /tmp/tmp.7tNycvupL6/llvm/include/llvm/DebugInfo/CodeView/CVRecord.h
-- Installing: /tmp/tmp.7tNycvupL6/llvm/include/llvm/DebugInfo/CodeView/SymbolSerializer.h
-- Installing: /tmp/tmp.7tNycvupL6/llvm/include/llvm/DebugInfo/CodeView/DebugSubsectionRecord.h
-- Installing: /tmp/tmp.7tNycvupL6/llvm/include/llvm/DebugInfo/CodeView/CodeViewRecordIO.h
-- Installing: /tmp/tmp.7tNycvupL6/llvm/include/llvm/DebugInfo/CodeView/TypeVisitorCallbackPipeline.h
-- Installing: /tmp/tmp.7tNycvupL6/llvm/include/llvm/DebugInfo/CodeView/GUID.h
-- Installing: /tmp/tmp.7tNycvupL6/llvm/include/llvm/DebugInfo/CodeView/EnumTables.h
-- Installing: /tmp/tmp.7tNycvupL6/llvm/include/llvm/DebugInfo/CodeView/RecordName.h
-- Installing: /tmp/tmp.7tNycvupL6/llvm/include/llvm/DebugInfo/CodeView/CVSymbolVisitor.h
-- Installing: /tmp/tmp.7tNycvupL6/llvm/include/llvm/DebugInfo/CodeView/GlobalTypeTableBuilder.h
-- Installing: /tmp/tmp.7tNycvupL6/llvm/include/llvm/DebugInfo/CodeView/CodeViewTypes.def
-- Installing: /tmp/tmp.7tNycvupL6/llvm/include/llvm/DebugInfo/CodeView/TypeRecordHelpers.h
-- Installing: /tmp/tmp.7tNycvupL6/llvm/include/llvm/DebugInfo/CodeView/TypeRecord.h
-- Installing: /tmp/tmp.7tNycvupL6/llvm/include/llvm/DebugInfo/CodeView/DebugCrossImpSubsection.h
-- Installing: /tmp/tmp.7tNycvupL6/llvm/include/llvm/DebugInfo/CodeView/ContinuationRecordBuilder.h
-- Installing: /tmp/tmp.7tNycvupL6/llvm/include/llvm/DebugInfo/CodeView/SymbolRecordHelpers.h
-- Installing: /tmp/tmp.7tNycvupL6/llvm/include/llvm/DebugInfo/CodeView/DebugInlineeLinesSubsection.h
-- Installing: /tmp/tmp.7tNycvupL6/llvm/include/llvm/DebugInfo/CodeView/DebugSymbolsSubsection.h
-- Installing: /tmp/tmp.7tNycvupL6/llvm/include/llvm/DebugInfo/CodeView/FunctionId.h
-- Installing: /tmp/tmp.7tNycvupL6/llvm/include/llvm/DebugInfo/CodeView/TypeIndexDiscovery.h
-- Installing: /tmp/tmp.7tNycvupL6/llvm/include/llvm/DebugInfo/CodeView/DebugStringTableSubsection.h
-- Installing: /tmp/tmp.7tNycvupL6/llvm/include/llvm/DebugInfo/CodeView/SimpleTypeSerializer.h
-- Installing: /tmp/tmp.7tNycvupL6/llvm/include/llvm/DebugInfo/CodeView/SymbolRecord.h
-- Installing: /tmp/tmp.7tNycvupL6/llvm/include/llvm/DebugInfo/CodeView/MergingTypeTableBuilder.h
-- Installing: /tmp/tmp.7tNycvupL6/llvm/include/llvm/DebugInfo/CodeView/SymbolDumper.h
-- Installing: /tmp/tmp.7tNycvupL6/llvm/include/llvm/DebugInfo/CodeView/DebugSubsectionVisitor.h
-- Installing: /tmp/tmp.7tNycvupL6/llvm/include/llvm/DebugInfo/CodeView/TypeStreamMerger.h
-- Installing: /tmp/tmp.7tNycvupL6/llvm/include/llvm/DebugInfo/CodeView/SymbolDumpDelegate.h
-- Installing: /tmp/tmp.7tNycvupL6/llvm/include/llvm/DebugInfo/CodeView/TypeHashing.h
-- Installing: /tmp/tmp.7tNycvupL6/llvm/include/llvm/DebugInfo/CodeView/SymbolVisitorCallbacks.h
-- Installing: /tmp/tmp.7tNycvupL6/llvm/include/llvm/DebugInfo/CodeView/DebugCrossExSubsection.h
-- Installing: /tmp/tmp.7tNycvupL6/llvm/include/llvm/DebugInfo/CodeView/TypeRecordMapping.h
-- Installing: /tmp/tmp.7tNycvupL6/llvm/include/llvm/DebugInfo/CodeView/DebugSubsection.h
-- Installing: /tmp/tmp.7tNycvupL6/llvm/include/llvm/DebugInfo/CodeView/DebugSymbolRVASubsection.h
-- Installing: /tmp/tmp.7tNycvupL6/llvm/include/llvm/DebugInfo/CodeView/CodeViewSymbols.def
-- Installing: /tmp/tmp.7tNycvupL6/llvm/include/llvm/DebugInfo/CodeView/SymbolDeserializer.h
-- Installing: /tmp/tmp.7tNycvupL6/llvm/include/llvm/DebugInfo/CodeView/TypeCollection.h
-- Installing: /tmp/tmp.7tNycvupL6/llvm/include/llvm/DebugInfo/CodeView/DebugLinesSubsection.h
-- Installing: /tmp/tmp.7tNycvupL6/llvm/include/llvm/DebugInfo/CodeView/DebugFrameDataSubsection.h
-- Installing: /tmp/tmp.7tNycvupL6/llvm/include/llvm/DebugInfo/CodeView/StringsAndChecksums.h
-- Installing: /tmp/tmp.7tNycvupL6/llvm/include/llvm/DebugInfo/CodeView/Formatters.h
-- Installing: /tmp/tmp.7tNycvupL6/llvm/include/llvm/DebugInfo/CodeView/SymbolVisitorDelegate.h
-- Installing: /tmp/tmp.7tNycvupL6/llvm/include/llvm/DebugInfo/CodeView/TypeSymbolEmitter.h
-- Installing: /tmp/tmp.7tNycvupL6/llvm/include/llvm/DebugInfo/CodeView/RecordSerialization.h
-- Installing: /tmp/tmp.7tNycvupL6/llvm/include/llvm/DebugInfo/CodeView/CodeViewRegisters.def
-- Installing: /tmp/tmp.7tNycvupL6/llvm/include/llvm/DebugInfo/CodeView/SymbolVisitorCallbackPipeline.h
-- Installing: /tmp/tmp.7tNycvupL6/llvm/include/llvm/DebugInfo/CodeView/DebugChecksumsSubsection.h
-- Installing: /tmp/tmp.7tNycvupL6/llvm/include/llvm/DebugInfo/CodeView/DebugUnknownSubsection.h
-- Installing: /tmp/tmp.7tNycvupL6/llvm/include/llvm/DebugInfo/CodeView/CodeView.h
-- Installing: /tmp/tmp.7tNycvupL6/llvm/include/llvm/DebugInfo/CodeView/TypeDeserializer.h
-- Installing: /tmp/tmp.7tNycvupL6/llvm/include/llvm/DebugInfo/CodeView/CodeViewError.h
-- Installing: /tmp/tmp.7tNycvupL6/llvm/include/llvm/DebugInfo/CodeView/AppendingTypeTableBuilder.h
-- Installing: /tmp/tmp.7tNycvupL6/llvm/include/llvm/DebugInfo/CodeView/Line.h
-- Installing: /tmp/tmp.7tNycvupL6/llvm/include/llvm/DebugInfo/CodeView/SymbolRecordMapping.h
-- Installing: /tmp/tmp.7tNycvupL6/llvm/include/llvm/DebugInfo/CodeView/TypeTableCollection.h
-- Installing: /tmp/tmp.7tNycvupL6/llvm/include/llvm/DebugInfo/CodeView/TypeVisitorCallbacks.h
-- Installing: /tmp/tmp.7tNycvupL6/llvm/include/llvm/DebugInfo/CodeView/LazyRandomTypeCollection.h
-- Installing: /tmp/tmp.7tNycvupL6/llvm/include/llvm/DebugInfo/CodeView/TypeDumpVisitor.h
-- Installing: /tmp/tmp.7tNycvupL6/llvm/include/llvm/DebugInfo/DWARF
-- Installing: /tmp/tmp.7tNycvupL6/llvm/include/llvm/DebugInfo/DWARF/DWARFDebugAbbrev.h
-- Installing: /tmp/tmp.7tNycvupL6/llvm/include/llvm/DebugInfo/DWARF/DWARFDie.h
-- Installing: /tmp/tmp.7tNycvupL6/llvm/include/llvm/DebugInfo/DWARF/DWARFUnit.h
-- Installing: /tmp/tmp.7tNycvupL6/llvm/include/llvm/DebugInfo/DWARF/DWARFVerifier.h
-- Installing: /tmp/tmp.7tNycvupL6/llvm/include/llvm/DebugInfo/DWARF/DWARFDebugArangeSet.h
-- Installing: /tmp/tmp.7tNycvupL6/llvm/include/llvm/DebugInfo/DWARF/DWARFDebugMacro.h
-- Installing: /tmp/tmp.7tNycvupL6/llvm/include/llvm/DebugInfo/DWARF/DWARFDebugLoc.h
-- Installing: /tmp/tmp.7tNycvupL6/llvm/include/llvm/DebugInfo/DWARF/DWARFListTable.h
-- Installing: /tmp/tmp.7tNycvupL6/llvm/include/llvm/DebugInfo/DWARF/DWARFDebugAddr.h
-- Installing: /tmp/tmp.7tNycvupL6/llvm/include/llvm/DebugInfo/DWARF/DWARFDebugRangeList.h
-- Installing: /tmp/tmp.7tNycvupL6/llvm/include/llvm/DebugInfo/DWARF/DWARFDebugPubTable.h
-- Installing: /tmp/tmp.7tNycvupL6/llvm/include/llvm/DebugInfo/DWARF/DWARFExpression.h
-- Installing: /tmp/tmp.7tNycvupL6/llvm/include/llvm/DebugInfo/DWARF/DWARFObject.h
-- Installing: /tmp/tmp.7tNycvupL6/llvm/include/llvm/DebugInfo/DWARF/DWARFTypePrinter.h
-- Installing: /tmp/tmp.7tNycvupL6/llvm/include/llvm/DebugInfo/DWARF/DWARFAddressRange.h
-- Installing: /tmp/tmp.7tNycvupL6/llvm/include/llvm/DebugInfo/DWARF/DWARFSection.h
-- Installing: /tmp/tmp.7tNycvupL6/llvm/include/llvm/DebugInfo/DWARF/DWARFRelocMap.h
-- Installing: /tmp/tmp.7tNycvupL6/llvm/include/llvm/DebugInfo/DWARF/DWARFAcceleratorTable.h
-- Installing: /tmp/tmp.7tNycvupL6/llvm/include/llvm/DebugInfo/DWARF/DWARFGdbIndex.h
-- Installing: /tmp/tmp.7tNycvupL6/llvm/include/llvm/DebugInfo/DWARF/DWARFDataExtractor.h
-- Installing: /tmp/tmp.7tNycvupL6/llvm/include/llvm/DebugInfo/DWARF/DWARFFormValue.h
-- Installing: /tmp/tmp.7tNycvupL6/llvm/include/llvm/DebugInfo/DWARF/DWARFAbbreviationDeclaration.h
-- Installing: /tmp/tmp.7tNycvupL6/llvm/include/llvm/DebugInfo/DWARF/DWARFLocationExpression.h
-- Installing: /tmp/tmp.7tNycvupL6/llvm/include/llvm/DebugInfo/DWARF/DWARFAttribute.h
-- Installing: /tmp/tmp.7tNycvupL6/llvm/include/llvm/DebugInfo/DWARF/DWARFCompileUnit.h
-- Installing: /tmp/tmp.7tNycvupL6/llvm/include/llvm/DebugInfo/DWARF/DWARFUnitIndex.h
-- Installing: /tmp/tmp.7tNycvupL6/llvm/include/llvm/DebugInfo/DWARF/DWARFDebugRnglists.h
-- Installing: /tmp/tmp.7tNycvupL6/llvm/include/llvm/DebugInfo/DWARF/DWARFDebugFrame.h
-- Installing: /tmp/tmp.7tNycvupL6/llvm/include/llvm/DebugInfo/DWARF/DWARFDebugLine.h
-- Installing: /tmp/tmp.7tNycvupL6/llvm/include/llvm/DebugInfo/DWARF/DWARFContext.h
-- Installing: /tmp/tmp.7tNycvupL6/llvm/include/llvm/DebugInfo/DWARF/DWARFTypeUnit.h
-- Installing: /tmp/tmp.7tNycvupL6/llvm/include/llvm/DebugInfo/DWARF/DWARFDebugAranges.h
-- Installing: /tmp/tmp.7tNycvupL6/llvm/include/llvm/DebugInfo/DWARF/DWARFDebugInfoEntry.h
-- Installing: /tmp/tmp.7tNycvupL6/llvm/include/llvm/DebugInfo/Symbolize
-- Installing: /tmp/tmp.7tNycvupL6/llvm/include/llvm/DebugInfo/Symbolize/MarkupFilter.h
-- Installing: /tmp/tmp.7tNycvupL6/llvm/include/llvm/DebugInfo/Symbolize/SymbolizableModule.h
-- Installing: /tmp/tmp.7tNycvupL6/llvm/include/llvm/DebugInfo/Symbolize/DIPrinter.h
-- Installing: /tmp/tmp.7tNycvupL6/llvm/include/llvm/DebugInfo/Symbolize/Symbolize.h
-- Installing: /tmp/tmp.7tNycvupL6/llvm/include/llvm/DebugInfo/Symbolize/Markup.h
-- Installing: /tmp/tmp.7tNycvupL6/llvm/include/llvm/DebugInfo/Symbolize/SymbolizableObjectFile.h
-- Installing: /tmp/tmp.7tNycvupL6/llvm/include/llvm/DebugInfo/GSYM
-- Installing: /tmp/tmp.7tNycvupL6/llvm/include/llvm/DebugInfo/GSYM/Header.h
-- Installing: /tmp/tmp.7tNycvupL6/llvm/include/llvm/DebugInfo/GSYM/GsymReader.h
-- Installing: /tmp/tmp.7tNycvupL6/llvm/include/llvm/DebugInfo/GSYM/FileEntry.h
-- Installing: /tmp/tmp.7tNycvupL6/llvm/include/llvm/DebugInfo/GSYM/FunctionInfo.h
-- Installing: /tmp/tmp.7tNycvupL6/llvm/include/llvm/DebugInfo/GSYM/GsymCreator.h
-- Installing: /tmp/tmp.7tNycvupL6/llvm/include/llvm/DebugInfo/GSYM/LookupResult.h
-- Installing: /tmp/tmp.7tNycvupL6/llvm/include/llvm/DebugInfo/GSYM/FileWriter.h
-- Installing: /tmp/tmp.7tNycvupL6/llvm/include/llvm/DebugInfo/GSYM/LineEntry.h
-- Installing: /tmp/tmp.7tNycvupL6/llvm/include/llvm/DebugInfo/GSYM/ObjectFileTransformer.h
-- Installing: /tmp/tmp.7tNycvupL6/llvm/include/llvm/DebugInfo/GSYM/ExtractRanges.h
-- Installing: /tmp/tmp.7tNycvupL6/llvm/include/llvm/DebugInfo/GSYM/InlineInfo.h
-- Installing: /tmp/tmp.7tNycvupL6/llvm/include/llvm/DebugInfo/GSYM/LineTable.h
-- Installing: /tmp/tmp.7tNycvupL6/llvm/include/llvm/DebugInfo/GSYM/DwarfTransformer.h
-- Installing: /tmp/tmp.7tNycvupL6/llvm/include/llvm/DebugInfo/GSYM/StringTable.h
-- Installing: /tmp/tmp.7tNycvupL6/llvm/include/llvm/ExecutionEngine
-- Installing: /tmp/tmp.7tNycvupL6/llvm/include/llvm/ExecutionEngine/GenericValue.h
-- Installing: /tmp/tmp.7tNycvupL6/llvm/include/llvm/ExecutionEngine/JITSymbol.h
-- Installing: /tmp/tmp.7tNycvupL6/llvm/include/llvm/ExecutionEngine/JITEventListener.h
-- Installing: /tmp/tmp.7tNycvupL6/llvm/include/llvm/ExecutionEngine/RTDyldMemoryManager.h
-- Installing: /tmp/tmp.7tNycvupL6/llvm/include/llvm/ExecutionEngine/SectionMemoryManager.h
-- Installing: /tmp/tmp.7tNycvupL6/llvm/include/llvm/ExecutionEngine/Orc
-- Installing: /tmp/tmp.7tNycvupL6/llvm/include/llvm/ExecutionEngine/Orc/MapperJITLinkMemoryManager.h
-- Installing: /tmp/tmp.7tNycvupL6/llvm/include/llvm/ExecutionEngine/Orc/EPCEHFrameRegistrar.h
-- Installing: /tmp/tmp.7tNycvupL6/llvm/include/llvm/ExecutionEngine/Orc/MemoryMapper.h
-- Installing: /tmp/tmp.7tNycvupL6/llvm/include/llvm/ExecutionEngine/Orc/Layer.h
-- Installing: /tmp/tmp.7tNycvupL6/llvm/include/llvm/ExecutionEngine/Orc/DebuggerSupportPlugin.h
-- Installing: /tmp/tmp.7tNycvupL6/llvm/include/llvm/ExecutionEngine/Orc/ELFNixPlatform.h
-- Installing: /tmp/tmp.7tNycvupL6/llvm/include/llvm/ExecutionEngine/Orc/DebugObjectManagerPlugin.h
-- Installing: /tmp/tmp.7tNycvupL6/llvm/include/llvm/ExecutionEngine/Orc/ObjectTransformLayer.h
-- Installing: /tmp/tmp.7tNycvupL6/llvm/include/llvm/ExecutionEngine/Orc/TaskDispatch.h
-- Installing: /tmp/tmp.7tNycvupL6/llvm/include/llvm/ExecutionEngine/Orc/SpeculateAnalyses.h
-- Installing: /tmp/tmp.7tNycvupL6/llvm/include/llvm/ExecutionEngine/Orc/SymbolStringPool.h
-- Installing: /tmp/tmp.7tNycvupL6/llvm/include/llvm/ExecutionEngine/Orc/IndirectionUtils.h
-- Installing: /tmp/tmp.7tNycvupL6/llvm/include/llvm/ExecutionEngine/Orc/EPCDebugObjectRegistrar.h
-- Installing: /tmp/tmp.7tNycvupL6/llvm/include/llvm/ExecutionEngine/Orc/ObjectFileInterface.h
-- Installing: /tmp/tmp.7tNycvupL6/llvm/include/llvm/ExecutionEngine/Orc/EPCIndirectionUtils.h
-- Installing: /tmp/tmp.7tNycvupL6/llvm/include/llvm/ExecutionEngine/Orc/IRTransformLayer.h
-- Installing: /tmp/tmp.7tNycvupL6/llvm/include/llvm/ExecutionEngine/Orc/JITTargetMachineBuilder.h
-- Installing: /tmp/tmp.7tNycvupL6/llvm/include/llvm/ExecutionEngine/Orc/CompileUtils.h
-- Installing: /tmp/tmp.7tNycvupL6/llvm/include/llvm/ExecutionEngine/Orc/DebugUtils.h
-- Installing: /tmp/tmp.7tNycvupL6/llvm/include/llvm/ExecutionEngine/Orc/SimpleRemoteEPC.h
-- Installing: /tmp/tmp.7tNycvupL6/llvm/include/llvm/ExecutionEngine/Orc/Core.h
-- Installing: /tmp/tmp.7tNycvupL6/llvm/include/llvm/ExecutionEngine/Orc/LLJIT.h
-- Installing: /tmp/tmp.7tNycvupL6/llvm/include/llvm/ExecutionEngine/Orc/COFFPlatform.h
-- Installing: /tmp/tmp.7tNycvupL6/llvm/include/llvm/ExecutionEngine/Orc/RTDyldObjectLinkingLayer.h
-- Installing: /tmp/tmp.7tNycvupL6/llvm/include/llvm/ExecutionEngine/Orc/Speculation.h
-- Installing: /tmp/tmp.7tNycvupL6/llvm/include/llvm/ExecutionEngine/Orc/EPCGenericRTDyldMemoryManager.h
-- Installing: /tmp/tmp.7tNycvupL6/llvm/include/llvm/ExecutionEngine/Orc/ObjectLinkingLayer.h
-- Installing: /tmp/tmp.7tNycvupL6/llvm/include/llvm/ExecutionEngine/Orc/ThreadSafeModule.h
-- Installing: /tmp/tmp.7tNycvupL6/llvm/include/llvm/ExecutionEngine/Orc/LazyReexports.h
-- Installing: /tmp/tmp.7tNycvupL6/llvm/include/llvm/ExecutionEngine/Orc/EPCGenericMemoryAccess.h
-- Installing: /tmp/tmp.7tNycvupL6/llvm/include/llvm/ExecutionEngine/Orc/MachOPlatform.h
-- Installing: /tmp/tmp.7tNycvupL6/llvm/include/llvm/ExecutionEngine/Orc/OrcABISupport.h
-- Installing: /tmp/tmp.7tNycvupL6/llvm/include/llvm/ExecutionEngine/Orc/EPCGenericDylibManager.h
-- Installing: /tmp/tmp.7tNycvupL6/llvm/include/llvm/ExecutionEngine/Orc/Shared
-- Installing: /tmp/tmp.7tNycvupL6/llvm/include/llvm/ExecutionEngine/Orc/Shared/ExecutorAddress.h
-- Installing: /tmp/tmp.7tNycvupL6/llvm/include/llvm/ExecutionEngine/Orc/Shared/MemoryFlags.h
-- Installing: /tmp/tmp.7tNycvupL6/llvm/include/llvm/ExecutionEngine/Orc/Shared/OrcError.h
-- Installing: /tmp/tmp.7tNycvupL6/llvm/include/llvm/ExecutionEngine/Orc/Shared/WrapperFunctionUtils.h
-- Installing: /tmp/tmp.7tNycvupL6/llvm/include/llvm/ExecutionEngine/Orc/Shared/TargetProcessControlTypes.h
-- Installing: /tmp/tmp.7tNycvupL6/llvm/include/llvm/ExecutionEngine/Orc/Shared/AllocationActions.h
-- Installing: /tmp/tmp.7tNycvupL6/llvm/include/llvm/ExecutionEngine/Orc/Shared/OrcRTBridge.h
-- Installing: /tmp/tmp.7tNycvupL6/llvm/include/llvm/ExecutionEngine/Orc/Shared/SimpleRemoteEPCUtils.h
-- Installing: /tmp/tmp.7tNycvupL6/llvm/include/llvm/ExecutionEngine/Orc/Shared/SimplePackedSerialization.h
-- Installing: /tmp/tmp.7tNycvupL6/llvm/include/llvm/ExecutionEngine/Orc/EPCGenericJITLinkMemoryManager.h
-- Installing: /tmp/tmp.7tNycvupL6/llvm/include/llvm/ExecutionEngine/Orc/Mangling.h
-- Installing: /tmp/tmp.7tNycvupL6/llvm/include/llvm/ExecutionEngine/Orc/ExecutionUtils.h
-- Installing: /tmp/tmp.7tNycvupL6/llvm/include/llvm/ExecutionEngine/Orc/ExecutorProcessControl.h
-- Installing: /tmp/tmp.7tNycvupL6/llvm/include/llvm/ExecutionEngine/Orc/CompileOnDemandLayer.h
-- Installing: /tmp/tmp.7tNycvupL6/llvm/include/llvm/ExecutionEngine/Orc/EPCDynamicLibrarySearchGenerator.h
-- Installing: /tmp/tmp.7tNycvupL6/llvm/include/llvm/ExecutionEngine/Orc/TargetProcess
-- Installing: /tmp/tmp.7tNycvupL6/llvm/include/llvm/ExecutionEngine/Orc/TargetProcess/JITLoaderGDB.h
-- Installing: /tmp/tmp.7tNycvupL6/llvm/include/llvm/ExecutionEngine/Orc/TargetProcess/SimpleExecutorMemoryManager.h
-- Installing: /tmp/tmp.7tNycvupL6/llvm/include/llvm/ExecutionEngine/Orc/TargetProcess/TargetExecutionUtils.h
-- Installing: /tmp/tmp.7tNycvupL6/llvm/include/llvm/ExecutionEngine/Orc/TargetProcess/RegisterEHFrames.h
-- Installing: /tmp/tmp.7tNycvupL6/llvm/include/llvm/ExecutionEngine/Orc/TargetProcess/SimpleRemoteEPCServer.h
-- Installing: /tmp/tmp.7tNycvupL6/llvm/include/llvm/ExecutionEngine/Orc/TargetProcess/ExecutorBootstrapService.h
-- Installing: /tmp/tmp.7tNycvupL6/llvm/include/llvm/ExecutionEngine/Orc/TargetProcess/SimpleExecutorDylibManager.h
-- Installing: /tmp/tmp.7tNycvupL6/llvm/include/llvm/ExecutionEngine/Orc/TargetProcess/ExecutorSharedMemoryMapperService.h
-- Installing: /tmp/tmp.7tNycvupL6/llvm/include/llvm/ExecutionEngine/Orc/COFFVCRuntimeSupport.h
-- Installing: /tmp/tmp.7tNycvupL6/llvm/include/llvm/ExecutionEngine/Orc/IRCompileLayer.h
-- Installing: /tmp/tmp.7tNycvupL6/llvm/include/llvm/ExecutionEngine/Orc/LookupAndRecordAddrs.h
-- Installing: /tmp/tmp.7tNycvupL6/llvm/include/llvm/ExecutionEngine/OProfileWrapper.h
-- Installing: /tmp/tmp.7tNycvupL6/llvm/include/llvm/ExecutionEngine/JITLink
-- Installing: /tmp/tmp.7tNycvupL6/llvm/include/llvm/ExecutionEngine/JITLink/JITLinkDylib.h
-- Installing: /tmp/tmp.7tNycvupL6/llvm/include/llvm/ExecutionEngine/JITLink/TableManager.h
-- Installing: /tmp/tmp.7tNycvupL6/llvm/include/llvm/ExecutionEngine/JITLink/i386.h
-- Installing: /tmp/tmp.7tNycvupL6/llvm/include/llvm/ExecutionEngine/JITLink/ELF_x86_64.h
-- Installing: /tmp/tmp.7tNycvupL6/llvm/include/llvm/ExecutionEngine/JITLink/riscv.h
-- Installing: /tmp/tmp.7tNycvupL6/llvm/include/llvm/ExecutionEngine/JITLink/ELF_i386.h
-- Installing: /tmp/tmp.7tNycvupL6/llvm/include/llvm/ExecutionEngine/JITLink/DWARFRecordSectionSplitter.h
-- Installing: /tmp/tmp.7tNycvupL6/llvm/include/llvm/ExecutionEngine/JITLink/MachO.h
-- Installing: /tmp/tmp.7tNycvupL6/llvm/include/llvm/ExecutionEngine/JITLink/MachO_x86_64.h
-- Installing: /tmp/tmp.7tNycvupL6/llvm/include/llvm/ExecutionEngine/JITLink/JITLink.h
-- Installing: /tmp/tmp.7tNycvupL6/llvm/include/llvm/ExecutionEngine/JITLink/COFF_x86_64.h
-- Installing: /tmp/tmp.7tNycvupL6/llvm/include/llvm/ExecutionEngine/JITLink/JITLinkMemoryManager.h
-- Installing: /tmp/tmp.7tNycvupL6/llvm/include/llvm/ExecutionEngine/JITLink/ELF.h
-- Installing: /tmp/tmp.7tNycvupL6/llvm/include/llvm/ExecutionEngine/JITLink/ELF_loongarch.h
-- Installing: /tmp/tmp.7tNycvupL6/llvm/include/llvm/ExecutionEngine/JITLink/COFF.h
-- Installing: /tmp/tmp.7tNycvupL6/llvm/include/llvm/ExecutionEngine/JITLink/ELF_riscv.h
-- Installing: /tmp/tmp.7tNycvupL6/llvm/include/llvm/ExecutionEngine/JITLink/loongarch.h
-- Installing: /tmp/tmp.7tNycvupL6/llvm/include/llvm/ExecutionEngine/JITLink/EHFrameSupport.h
-- Installing: /tmp/tmp.7tNycvupL6/llvm/include/llvm/ExecutionEngine/JITLink/aarch64.h
-- Installing: /tmp/tmp.7tNycvupL6/llvm/include/llvm/ExecutionEngine/JITLink/MachO_arm64.h
-- Installing: /tmp/tmp.7tNycvupL6/llvm/include/llvm/ExecutionEngine/JITLink/ELF_aarch64.h
-- Installing: /tmp/tmp.7tNycvupL6/llvm/include/llvm/ExecutionEngine/JITLink/x86_64.h
-- Installing: /tmp/tmp.7tNycvupL6/llvm/include/llvm/ExecutionEngine/RuntimeDyld.h
-- Installing: /tmp/tmp.7tNycvupL6/llvm/include/llvm/ExecutionEngine/RuntimeDyldChecker.h
-- Installing: /tmp/tmp.7tNycvupL6/llvm/include/llvm/ExecutionEngine/ObjectCache.h
-- Installing: /tmp/tmp.7tNycvupL6/llvm/include/llvm/ExecutionEngine/ExecutionEngine.h
-- Installing: /tmp/tmp.7tNycvupL6/llvm/include/llvm/ExecutionEngine/Interpreter.h
-- Installing: /tmp/tmp.7tNycvupL6/llvm/include/llvm/ExecutionEngine/MCJIT.h
-- Installing: /tmp/tmp.7tNycvupL6/llvm/include/llvm/Pass.h
-- Installing: /tmp/tmp.7tNycvupL6/llvm/include/llvm/FileCheck
-- Installing: /tmp/tmp.7tNycvupL6/llvm/include/llvm/FileCheck/FileCheck.h
-- Installing: /tmp/tmp.7tNycvupL6/llvm/include/llvm/FuzzMutate
-- Installing: /tmp/tmp.7tNycvupL6/llvm/include/llvm/FuzzMutate/RandomIRBuilder.h
-- Installing: /tmp/tmp.7tNycvupL6/llvm/include/llvm/FuzzMutate/Random.h
-- Installing: /tmp/tmp.7tNycvupL6/llvm/include/llvm/FuzzMutate/IRMutator.h
-- Installing: /tmp/tmp.7tNycvupL6/llvm/include/llvm/FuzzMutate/OpDescriptor.h
-- Installing: /tmp/tmp.7tNycvupL6/llvm/include/llvm/FuzzMutate/FuzzerCLI.h
-- Installing: /tmp/tmp.7tNycvupL6/llvm/include/llvm/FuzzMutate/Operations.h
-- Installing: /tmp/tmp.7tNycvupL6/llvm/include/llvm/IR
-- Installing: /tmp/tmp.7tNycvupL6/llvm/include/llvm/IR/PassManagerImpl.h
-- Installing: /tmp/tmp.7tNycvupL6/llvm/include/llvm/IR/Metadata.h
-- Installing: /tmp/tmp.7tNycvupL6/llvm/include/llvm/IR/ValueMap.h
-- Installing: /tmp/tmp.7tNycvupL6/llvm/include/llvm/IR/BuiltinGCs.h
-- Installing: /tmp/tmp.7tNycvupL6/llvm/include/llvm/IR/IntrinsicsAMDGPU.td
-- Installing: /tmp/tmp.7tNycvupL6/llvm/include/llvm/IR/IntrinsicsVE.td
-- Installing: /tmp/tmp.7tNycvupL6/llvm/include/llvm/IR/DiagnosticInfo.h
-- Installing: /tmp/tmp.7tNycvupL6/llvm/include/llvm/IR/IntrinsicsHexagon.td
-- Installing: /tmp/tmp.7tNycvupL6/llvm/include/llvm/IR/GlobalValue.h
-- Installing: /tmp/tmp.7tNycvupL6/llvm/include/llvm/IR/GCStrategy.h
-- Installing: /tmp/tmp.7tNycvupL6/llvm/include/llvm/IR/Attributes.td
-- Installing: /tmp/tmp.7tNycvupL6/llvm/include/llvm/IR/GVMaterializer.h
-- Installing: /tmp/tmp.7tNycvupL6/llvm/include/llvm/IR/BasicBlock.h
-- Installing: /tmp/tmp.7tNycvupL6/llvm/include/llvm/IR/ModuleSummaryIndexYAML.h
-- Installing: /tmp/tmp.7tNycvupL6/llvm/include/llvm/IR/Comdat.h
-- Installing: /tmp/tmp.7tNycvupL6/llvm/include/llvm/IR/DebugInfoMetadata.h
-- Installing: /tmp/tmp.7tNycvupL6/llvm/include/llvm/IR/LegacyPassNameParser.h
-- Installing: /tmp/tmp.7tNycvupL6/llvm/include/llvm/IR/OperandTraits.h
-- Installing: /tmp/tmp.7tNycvupL6/llvm/include/llvm/IR/Instruction.h
-- Installing: /tmp/tmp.7tNycvupL6/llvm/include/llvm/IR/Instruction.def
-- Installing: /tmp/tmp.7tNycvupL6/llvm/include/llvm/IR/DebugLoc.h
-- Installing: /tmp/tmp.7tNycvupL6/llvm/include/llvm/IR/Function.h
-- Installing: /tmp/tmp.7tNycvupL6/llvm/include/llvm/IR/RuntimeLibcalls.def
-- Installing: /tmp/tmp.7tNycvupL6/llvm/include/llvm/IR/Type.h
-- Installing: /tmp/tmp.7tNycvupL6/llvm/include/llvm/IR/StructuralHash.h
-- Installing: /tmp/tmp.7tNycvupL6/llvm/include/llvm/IR/PassInstrumentation.h
-- Installing: /tmp/tmp.7tNycvupL6/llvm/include/llvm/IR/ValueSymbolTable.h
-- Installing: /tmp/tmp.7tNycvupL6/llvm/include/llvm/IR/GlobalObject.h
-- Installing: /tmp/tmp.7tNycvupL6/llvm/include/llvm/IR/Metadata.def
-- Installing: /tmp/tmp.7tNycvupL6/llvm/include/llvm/IR/ConstantFolder.h
-- Installing: /tmp/tmp.7tNycvupL6/llvm/include/llvm/IR/GlobalAlias.h
-- Installing: /tmp/tmp.7tNycvupL6/llvm/include/llvm/IR/VPIntrinsics.def
-- Installing: /tmp/tmp.7tNycvupL6/llvm/include/llvm/IR/PrintPasses.h
-- Installing: /tmp/tmp.7tNycvupL6/llvm/include/llvm/IR/Constant.h
-- Installing: /tmp/tmp.7tNycvupL6/llvm/include/llvm/IR/Constants.h
-- Installing: /tmp/tmp.7tNycvupL6/llvm/include/llvm/IR/Argument.h
-- Installing: /tmp/tmp.7tNycvupL6/llvm/include/llvm/IR/IntrinsicsBPF.td
-- Installing: /tmp/tmp.7tNycvupL6/llvm/include/llvm/IR/FPEnv.h
-- Installing: /tmp/tmp.7tNycvupL6/llvm/include/llvm/IR/IntrinsicsVEVL.gen.td
-- Installing: /tmp/tmp.7tNycvupL6/llvm/include/llvm/IR/Intrinsics.h
-- Installing: /tmp/tmp.7tNycvupL6/llvm/include/llvm/IR/IRPrintingPasses.h
-- Installing: /tmp/tmp.7tNycvupL6/llvm/include/llvm/IR/IntrinsicsNVVM.td
-- Installing: /tmp/tmp.7tNycvupL6/llvm/include/llvm/IR/IntrinsicInst.h
-- Installing: /tmp/tmp.7tNycvupL6/llvm/include/llvm/IR/FixedMetadataKinds.def
-- Installing: /tmp/tmp.7tNycvupL6/llvm/include/llvm/IR/CFG.h
-- Installing: /tmp/tmp.7tNycvupL6/llvm/include/llvm/IR/PassManagerInternal.h
-- Installing: /tmp/tmp.7tNycvupL6/llvm/include/llvm/IR/IntrinsicsSystemZ.td
-- Installing: /tmp/tmp.7tNycvupL6/llvm/include/llvm/IR/AutoUpgrade.h
-- Installing: /tmp/tmp.7tNycvupL6/llvm/include/llvm/IR/User.h
-- Installing: /tmp/tmp.7tNycvupL6/llvm/include/llvm/IR/ConstantFold.h
-- Installing: /tmp/tmp.7tNycvupL6/llvm/include/llvm/IR/AbstractCallSite.h
-- Installing: /tmp/tmp.7tNycvupL6/llvm/include/llvm/IR/PassManager.h
-- Installing: /tmp/tmp.7tNycvupL6/llvm/include/llvm/IR/IntrinsicsRISCVXTHead.td
-- Installing: /tmp/tmp.7tNycvupL6/llvm/include/llvm/IR/FixedPointBuilder.h
-- Installing: /tmp/tmp.7tNycvupL6/llvm/include/llvm/IR/DiagnosticPrinter.h
-- Installing: /tmp/tmp.7tNycvupL6/llvm/include/llvm/IR/PassTimingInfo.h
-- Installing: /tmp/tmp.7tNycvupL6/llvm/include/llvm/IR/PseudoProbe.h
-- Installing: /tmp/tmp.7tNycvupL6/llvm/include/llvm/IR/LegacyPassManager.h
-- Installing: /tmp/tmp.7tNycvupL6/llvm/include/llvm/IR/ValueHandle.h
-- Installing: /tmp/tmp.7tNycvupL6/llvm/include/llvm/IR/IntrinsicsPowerPC.td
-- Installing: /tmp/tmp.7tNycvupL6/llvm/include/llvm/IR/IntrinsicsLoongArch.td
-- Installing: /tmp/tmp.7tNycvupL6/llvm/include/llvm/IR/SymbolTableListTraits.h
-- Installing: /tmp/tmp.7tNycvupL6/llvm/include/llvm/IR/TrackingMDRef.h
-- Installing: /tmp/tmp.7tNycvupL6/llvm/include/llvm/IR/NoFolder.h
-- Installing: /tmp/tmp.7tNycvupL6/llvm/include/llvm/IR/InlineAsm.h
-- Installing: /tmp/tmp.7tNycvupL6/llvm/include/llvm/IR/Statepoint.h
-- Installing: /tmp/tmp.7tNycvupL6/llvm/include/llvm/IR/DerivedUser.h
-- Installing: /tmp/tmp.7tNycvupL6/llvm/include/llvm/IR/IntrinsicsAArch64.td
-- Installing: /tmp/tmp.7tNycvupL6/llvm/include/llvm/IR/Verifier.h
-- Installing: /tmp/tmp.7tNycvupL6/llvm/include/llvm/IR/Value.h
-- Installing: /tmp/tmp.7tNycvupL6/llvm/include/llvm/IR/ReplaceConstant.h
-- Installing: /tmp/tmp.7tNycvupL6/llvm/include/llvm/IR/IntrinsicsARM.td
-- Installing: /tmp/tmp.7tNycvupL6/llvm/include/llvm/IR/InstrTypes.h
-- Installing: /tmp/tmp.7tNycvupL6/llvm/include/llvm/IR/InstIterator.h
-- Installing: /tmp/tmp.7tNycvupL6/llvm/include/llvm/IR/IntrinsicsXCore.td
-- Installing: /tmp/tmp.7tNycvupL6/llvm/include/llvm/IR/Module.h
-- Installing: /tmp/tmp.7tNycvupL6/llvm/include/llvm/IR/Intrinsics.td
-- Installing: /tmp/tmp.7tNycvupL6/llvm/include/llvm/IR/Operator.h
-- Installing: /tmp/tmp.7tNycvupL6/llvm/include/llvm/IR/SSAContext.h
-- Installing: /tmp/tmp.7tNycvupL6/llvm/include/llvm/IR/ConstrainedOps.def
-- Installing: /tmp/tmp.7tNycvupL6/llvm/include/llvm/IR/OptBisect.h
-- Installing: /tmp/tmp.7tNycvupL6/llvm/include/llvm/IR/Value.def
-- Installing: /tmp/tmp.7tNycvupL6/llvm/include/llvm/IR/IntrinsicsSPIRV.td
-- Installing: /tmp/tmp.7tNycvupL6/llvm/include/llvm/IR/LLVMContext.h
-- Installing: /tmp/tmp.7tNycvupL6/llvm/include/llvm/IR/DebugInfo.h
-- Installing: /tmp/tmp.7tNycvupL6/llvm/include/llvm/IR/DIBuilder.h
-- Installing: /tmp/tmp.7tNycvupL6/llvm/include/llvm/IR/Use.h
-- Installing: /tmp/tmp.7tNycvupL6/llvm/include/llvm/IR/GetElementPtrTypeIterator.h
-- Installing: /tmp/tmp.7tNycvupL6/llvm/include/llvm/IR/InstVisitor.h
-- Installing: /tmp/tmp.7tNycvupL6/llvm/include/llvm/IR/IntrinsicsHexagonDep.td
-- Installing: /tmp/tmp.7tNycvupL6/llvm/include/llvm/IR/IRBuilderFolder.h
-- Installing: /tmp/tmp.7tNycvupL6/llvm/include/llvm/IR/FMF.h
-- Installing: /tmp/tmp.7tNycvupL6/llvm/include/llvm/IR/MatrixBuilder.h
-- Installing: /tmp/tmp.7tNycvupL6/llvm/include/llvm/IR/IntrinsicsX86.td
-- Installing: /tmp/tmp.7tNycvupL6/llvm/include/llvm/IR/ConstantRange.h
-- Installing: /tmp/tmp.7tNycvupL6/llvm/include/llvm/IR/GlobalIFunc.h
-- Installing: /tmp/tmp.7tNycvupL6/llvm/include/llvm/IR/SafepointIRVerifier.h
-- Installing: /tmp/tmp.7tNycvupL6/llvm/include/llvm/IR/Assumptions.h
-- Installing: /tmp/tmp.7tNycvupL6/llvm/include/llvm/IR/TypeFinder.h
-- Installing: /tmp/tmp.7tNycvupL6/llvm/include/llvm/IR/Attributes.h
-- Installing: /tmp/tmp.7tNycvupL6/llvm/include/llvm/IR/DataLayout.h
-- Installing: /tmp/tmp.7tNycvupL6/llvm/include/llvm/IR/MDBuilder.h
-- Installing: /tmp/tmp.7tNycvupL6/llvm/include/llvm/IR/LegacyPassManagers.h
-- Installing: /tmp/tmp.7tNycvupL6/llvm/include/llvm/IR/DiagnosticHandler.h
-- Installing: /tmp/tmp.7tNycvupL6/llvm/include/llvm/IR/DebugInfoFlags.def
-- Installing: /tmp/tmp.7tNycvupL6/llvm/include/llvm/IR/GlobalVariable.h
-- Installing: /tmp/tmp.7tNycvupL6/llvm/include/llvm/IR/UseListOrder.h
-- Installing: /tmp/tmp.7tNycvupL6/llvm/include/llvm/IR/ProfDataUtils.h
-- Installing: /tmp/tmp.7tNycvupL6/llvm/include/llvm/IR/IntrinsicsRISCV.td
-- Installing: /tmp/tmp.7tNycvupL6/llvm/include/llvm/IR/Instructions.h
-- Installing: /tmp/tmp.7tNycvupL6/llvm/include/llvm/IR/CallingConv.h
-- Installing: /tmp/tmp.7tNycvupL6/llvm/include/llvm/IR/DerivedTypes.h
-- Installing: /tmp/tmp.7tNycvupL6/llvm/include/llvm/IR/IntrinsicsWebAssembly.td
-- Installing: /tmp/tmp.7tNycvupL6/llvm/include/llvm/IR/ProfileSummary.h
-- Installing: /tmp/tmp.7tNycvupL6/llvm/include/llvm/IR/IntrinsicsDirectX.td
-- Installing: /tmp/tmp.7tNycvupL6/llvm/include/llvm/IR/VectorBuilder.h
-- Installing: /tmp/tmp.7tNycvupL6/llvm/include/llvm/IR/IntrinsicsMips.td
-- Installing: /tmp/tmp.7tNycvupL6/llvm/include/llvm/IR/Dominators.h
-- Installing: /tmp/tmp.7tNycvupL6/llvm/include/llvm/IR/AssemblyAnnotationWriter.h
-- Installing: /tmp/tmp.7tNycvupL6/llvm/include/llvm/IR/PredIteratorCache.h
-- Installing: /tmp/tmp.7tNycvupL6/llvm/include/llvm/IR/PatternMatch.h
-- Installing: /tmp/tmp.7tNycvupL6/llvm/include/llvm/IR/LLVMRemarkStreamer.h
-- Installing: /tmp/tmp.7tNycvupL6/llvm/include/llvm/IR/ModuleSummaryIndex.h
-- Installing: /tmp/tmp.7tNycvupL6/llvm/include/llvm/IR/ModuleSlotTracker.h
-- Installing: /tmp/tmp.7tNycvupL6/llvm/include/llvm/IR/IRBuilder.h
-- Installing: /tmp/tmp.7tNycvupL6/llvm/include/llvm/IR/TypedPointerType.h
-- Installing: /tmp/tmp.7tNycvupL6/llvm/include/llvm/IR/Mangler.h
-- Installing: /tmp/tmp.7tNycvupL6/llvm/include/llvm/LinkAllPasses.h
-- Installing: /tmp/tmp.7tNycvupL6/llvm/include/llvm/PassInfo.h
-- Installing: /tmp/tmp.7tNycvupL6/llvm/include/llvm/DWP
-- Installing: /tmp/tmp.7tNycvupL6/llvm/include/llvm/DWP/DWP.h
-- Installing: /tmp/tmp.7tNycvupL6/llvm/include/llvm/DWP/DWPStringPool.h
-- Installing: /tmp/tmp.7tNycvupL6/llvm/include/llvm/DWP/DWPError.h
-- Installing: /tmp/tmp.7tNycvupL6/llvm/include/llvm/Config
-- Installing: /tmp/tmp.7tNycvupL6/llvm/include/llvm/Bitstream
-- Installing: /tmp/tmp.7tNycvupL6/llvm/include/llvm/Bitstream/BitCodes.h
-- Installing: /tmp/tmp.7tNycvupL6/llvm/include/llvm/Bitstream/BitstreamReader.h
-- Installing: /tmp/tmp.7tNycvupL6/llvm/include/llvm/Bitstream/BitstreamWriter.h
-- Installing: /tmp/tmp.7tNycvupL6/llvm/include/llvm/Bitstream/BitCodeEnums.h
-- Installing: /tmp/tmp.7tNycvupL6/llvm/include/llvm/Analysis
-- Installing: /tmp/tmp.7tNycvupL6/llvm/include/llvm/Analysis/InstructionSimplify.h
-- Installing: /tmp/tmp.7tNycvupL6/llvm/include/llvm/Analysis/ConstantFolding.h
-- Installing: /tmp/tmp.7tNycvupL6/llvm/include/llvm/Analysis/GuardUtils.h
-- Installing: /tmp/tmp.7tNycvupL6/llvm/include/llvm/Analysis/CallPrinter.h
-- Installing: /tmp/tmp.7tNycvupL6/llvm/include/llvm/Analysis/DDG.h
-- Installing: /tmp/tmp.7tNycvupL6/llvm/include/llvm/Analysis/DivergenceAnalysis.h
-- Installing: /tmp/tmp.7tNycvupL6/llvm/include/llvm/Analysis/CostModel.h
-- Installing: /tmp/tmp.7tNycvupL6/llvm/include/llvm/Analysis/DominanceFrontier.h
-- Installing: /tmp/tmp.7tNycvupL6/llvm/include/llvm/Analysis/ModuleDebugInfoPrinter.h
-- Installing: /tmp/tmp.7tNycvupL6/llvm/include/llvm/Analysis/AssumptionCache.h
-- Installing: /tmp/tmp.7tNycvupL6/llvm/include/llvm/Analysis/InlineSizeEstimatorAnalysis.h
-- Installing: /tmp/tmp.7tNycvupL6/llvm/include/llvm/Analysis/LoopInfoImpl.h
-- Installing: /tmp/tmp.7tNycvupL6/llvm/include/llvm/Analysis/MLInlineAdvisor.h
-- Installing: /tmp/tmp.7tNycvupL6/llvm/include/llvm/Analysis/MemoryBuiltins.h
-- Installing: /tmp/tmp.7tNycvupL6/llvm/include/llvm/Analysis/BlockFrequencyInfoImpl.h
-- Installing: /tmp/tmp.7tNycvupL6/llvm/include/llvm/Analysis/CodeMetrics.h
-- Installing: /tmp/tmp.7tNycvupL6/llvm/include/llvm/Analysis/PhiValues.h
-- Installing: /tmp/tmp.7tNycvupL6/llvm/include/llvm/Analysis/TargetTransformInfoImpl.h
-- Installing: /tmp/tmp.7tNycvupL6/llvm/include/llvm/Analysis/LoopAnalysisManager.h
-- Installing: /tmp/tmp.7tNycvupL6/llvm/include/llvm/Analysis/DDGPrinter.h
-- Installing: /tmp/tmp.7tNycvupL6/llvm/include/llvm/Analysis/ReplayInlineAdvisor.h
-- Installing: /tmp/tmp.7tNycvupL6/llvm/include/llvm/Analysis/CFGPrinter.h
-- Installing: /tmp/tmp.7tNycvupL6/llvm/include/llvm/Analysis/BlockFrequencyInfo.h
-- Installing: /tmp/tmp.7tNycvupL6/llvm/include/llvm/Analysis/ScalarEvolutionNormalization.h
-- Installing: /tmp/tmp.7tNycvupL6/llvm/include/llvm/Analysis/Utils
-- Installing: /tmp/tmp.7tNycvupL6/llvm/include/llvm/Analysis/Utils/ImportedFunctionsInliningStatistics.h
-- Installing: /tmp/tmp.7tNycvupL6/llvm/include/llvm/Analysis/Utils/Local.h
-- Installing: /tmp/tmp.7tNycvupL6/llvm/include/llvm/Analysis/Utils/TrainingLogger.h
-- Installing: /tmp/tmp.7tNycvupL6/llvm/include/llvm/Analysis/Utils/TFUtils.h
-- Installing: /tmp/tmp.7tNycvupL6/llvm/include/llvm/Analysis/ObjCARCInstKind.h
-- Installing: /tmp/tmp.7tNycvupL6/llvm/include/llvm/Analysis/LegacyDivergenceAnalysis.h
-- Installing: /tmp/tmp.7tNycvupL6/llvm/include/llvm/Analysis/TargetFolder.h
-- Installing: /tmp/tmp.7tNycvupL6/llvm/include/llvm/Analysis/SyncDependenceAnalysis.h
-- Installing: /tmp/tmp.7tNycvupL6/llvm/include/llvm/Analysis/TensorSpec.h
-- Installing: /tmp/tmp.7tNycvupL6/llvm/include/llvm/Analysis/RegionPass.h
-- Installing: /tmp/tmp.7tNycvupL6/llvm/include/llvm/Analysis/LazyBlockFrequencyInfo.h
-- Installing: /tmp/tmp.7tNycvupL6/llvm/include/llvm/Analysis/TypeMetadataUtils.h
-- Installing: /tmp/tmp.7tNycvupL6/llvm/include/llvm/Analysis/ModuleSummaryAnalysis.h
-- Installing: /tmp/tmp.7tNycvupL6/llvm/include/llvm/Analysis/ScalarFuncs.def
-- Installing: /tmp/tmp.7tNycvupL6/llvm/include/llvm/Analysis/ScalarEvolutionExpressions.h
-- Installing: /tmp/tmp.7tNycvupL6/llvm/include/llvm/Analysis/PostDominators.h
-- Installing: /tmp/tmp.7tNycvupL6/llvm/include/llvm/Analysis/LoopPass.h
-- Installing: /tmp/tmp.7tNycvupL6/llvm/include/llvm/Analysis/ScalarEvolution.h
-- Installing: /tmp/tmp.7tNycvupL6/llvm/include/llvm/Analysis/CaptureTracking.h
-- Installing: /tmp/tmp.7tNycvupL6/llvm/include/llvm/Analysis/SparsePropagation.h
-- Installing: /tmp/tmp.7tNycvupL6/llvm/include/llvm/Analysis/RegionInfoImpl.h
-- Installing: /tmp/tmp.7tNycvupL6/llvm/include/llvm/Analysis/ObjCARCAliasAnalysis.h
-- Installing: /tmp/tmp.7tNycvupL6/llvm/include/llvm/Analysis/InlineCost.h
-- Installing: /tmp/tmp.7tNycvupL6/llvm/include/llvm/Analysis/SyntheticCountsUtils.h
-- Installing: /tmp/tmp.7tNycvupL6/llvm/include/llvm/Analysis/MemoryDependenceAnalysis.h
-- Installing: /tmp/tmp.7tNycvupL6/llvm/include/llvm/Analysis/Interval.h
-- Installing: /tmp/tmp.7tNycvupL6/llvm/include/llvm/Analysis/AssumeBundleQueries.h
-- Installing: /tmp/tmp.7tNycvupL6/llvm/include/llvm/Analysis/MustExecute.h
-- Installing: /tmp/tmp.7tNycvupL6/llvm/include/llvm/Analysis/DomTreeUpdater.h
-- Installing: /tmp/tmp.7tNycvupL6/llvm/include/llvm/Analysis/Delinearization.h
-- Installing: /tmp/tmp.7tNycvupL6/llvm/include/llvm/Analysis/InstructionPrecedenceTracking.h
-- Installing: /tmp/tmp.7tNycvupL6/llvm/include/llvm/Analysis/ScopedNoAliasAA.h
-- Installing: /tmp/tmp.7tNycvupL6/llvm/include/llvm/Analysis/CmpInstAnalysis.h
-- Installing: /tmp/tmp.7tNycvupL6/llvm/include/llvm/Analysis/ScalarEvolutionDivision.h
-- Installing: /tmp/tmp.7tNycvupL6/llvm/include/llvm/Analysis/CFGSCCPrinter.h
-- Installing: /tmp/tmp.7tNycvupL6/llvm/include/llvm/Analysis/BasicAliasAnalysis.h
-- Installing: /tmp/tmp.7tNycvupL6/llvm/include/llvm/Analysis/LazyCallGraph.h
-- Installing: /tmp/tmp.7tNycvupL6/llvm/include/llvm/Analysis/IntervalIterator.h
-- Installing: /tmp/tmp.7tNycvupL6/llvm/include/llvm/Analysis/LoopInfo.h
-- Installing: /tmp/tmp.7tNycvupL6/llvm/include/llvm/Analysis/IndirectCallPromotionAnalysis.h
-- Installing: /tmp/tmp.7tNycvupL6/llvm/include/llvm/Analysis/Passes.h
-- Installing: /tmp/tmp.7tNycvupL6/llvm/include/llvm/Analysis/DomPrinter.h
-- Installing: /tmp/tmp.7tNycvupL6/llvm/include/llvm/Analysis/LoopIterator.h
-- Installing: /tmp/tmp.7tNycvupL6/llvm/include/llvm/Analysis/ModelUnderTrainingRunner.h
-- Installing: /tmp/tmp.7tNycvupL6/llvm/include/llvm/Analysis/ConstraintSystem.h
-- Installing: /tmp/tmp.7tNycvupL6/llvm/include/llvm/Analysis/MemDerefPrinter.h
-- Installing: /tmp/tmp.7tNycvupL6/llvm/include/llvm/Analysis/LoopAccessAnalysis.h
-- Installing: /tmp/tmp.7tNycvupL6/llvm/include/llvm/Analysis/MemorySSAUpdater.h
-- Installing: /tmp/tmp.7tNycvupL6/llvm/include/llvm/Analysis/PHITransAddr.h
-- Installing: /tmp/tmp.7tNycvupL6/llvm/include/llvm/Analysis/RegionPrinter.h
-- Installing: /tmp/tmp.7tNycvupL6/llvm/include/llvm/Analysis/LoopNestAnalysis.h
-- Installing: /tmp/tmp.7tNycvupL6/llvm/include/llvm/Analysis/FunctionPropertiesAnalysis.h
-- Installing: /tmp/tmp.7tNycvupL6/llvm/include/llvm/Analysis/DominanceFrontierImpl.h
-- Installing: /tmp/tmp.7tNycvupL6/llvm/include/llvm/Analysis/LazyBranchProbabilityInfo.h
-- Installing: /tmp/tmp.7tNycvupL6/llvm/include/llvm/Analysis/AliasAnalysisEvaluator.h
-- Installing: /tmp/tmp.7tNycvupL6/llvm/include/llvm/Analysis/Trace.h
-- Installing: /tmp/tmp.7tNycvupL6/llvm/include/llvm/Analysis/ObjCARCAnalysisUtils.h
-- Installing: /tmp/tmp.7tNycvupL6/llvm/include/llvm/Analysis/VectorUtils.h
-- Installing: /tmp/tmp.7tNycvupL6/llvm/include/llvm/Analysis/ObjCARCUtil.h
-- Installing: /tmp/tmp.7tNycvupL6/llvm/include/llvm/Analysis/IVDescriptors.h
-- Installing: /tmp/tmp.7tNycvupL6/llvm/include/llvm/Analysis/TargetLibraryInfo.def
-- Installing: /tmp/tmp.7tNycvupL6/llvm/include/llvm/Analysis/CycleAnalysis.h
-- Installing: /tmp/tmp.7tNycvupL6/llvm/include/llvm/Analysis/ValueLatticeUtils.h
-- Installing: /tmp/tmp.7tNycvupL6/llvm/include/llvm/Analysis/DependenceAnalysis.h
-- Installing: /tmp/tmp.7tNycvupL6/llvm/include/llvm/Analysis/DependenceGraphBuilder.h
-- Installing: /tmp/tmp.7tNycvupL6/llvm/include/llvm/Analysis/StackLifetime.h
-- Installing: /tmp/tmp.7tNycvupL6/llvm/include/llvm/Analysis/LoopCacheAnalysis.h
-- Installing: /tmp/tmp.7tNycvupL6/llvm/include/llvm/Analysis/Loads.h
-- Installing: /tmp/tmp.7tNycvupL6/llvm/include/llvm/Analysis/OptimizationRemarkEmitter.h
-- Installing: /tmp/tmp.7tNycvupL6/llvm/include/llvm/Analysis/IVUsers.h
-- Installing: /tmp/tmp.7tNycvupL6/llvm/include/llvm/Analysis/IndirectCallVisitor.h
-- Installing: /tmp/tmp.7tNycvupL6/llvm/include/llvm/Analysis/MLModelRunner.h
-- Installing: /tmp/tmp.7tNycvupL6/llvm/include/llvm/Analysis/TargetTransformInfo.h
-- Installing: /tmp/tmp.7tNycvupL6/llvm/include/llvm/Analysis/InlineOrder.h
-- Installing: /tmp/tmp.7tNycvupL6/llvm/include/llvm/Analysis/RegionIterator.h
-- Installing: /tmp/tmp.7tNycvupL6/llvm/include/llvm/Analysis/IteratedDominanceFrontier.h
-- Installing: /tmp/tmp.7tNycvupL6/llvm/include/llvm/Analysis/MemoryProfileInfo.h
-- Installing: /tmp/tmp.7tNycvupL6/llvm/include/llvm/Analysis/MemorySSA.h
-- Installing: /tmp/tmp.7tNycvupL6/llvm/include/llvm/Analysis/CFG.h
-- Installing: /tmp/tmp.7tNycvupL6/llvm/include/llvm/Analysis/InstSimplifyFolder.h
-- Installing: /tmp/tmp.7tNycvupL6/llvm/include/llvm/Analysis/LazyValueInfo.h
-- Installing: /tmp/tmp.7tNycvupL6/llvm/include/llvm/Analysis/HeatUtils.h
-- Installing: /tmp/tmp.7tNycvupL6/llvm/include/llvm/Analysis/IntervalPartition.h
-- Installing: /tmp/tmp.7tNycvupL6/llvm/include/llvm/Analysis/DOTGraphTraitsPass.h
-- Installing: /tmp/tmp.7tNycvupL6/llvm/include/llvm/Analysis/ProfileSummaryInfo.h
-- Installing: /tmp/tmp.7tNycvupL6/llvm/include/llvm/Analysis/BranchProbabilityInfo.h
-- Installing: /tmp/tmp.7tNycvupL6/llvm/include/llvm/Analysis/CGSCCPassManager.h
-- Installing: /tmp/tmp.7tNycvupL6/llvm/include/llvm/Analysis/ValueTracking.h
-- Installing: /tmp/tmp.7tNycvupL6/llvm/include/llvm/Analysis/AliasSetTracker.h
-- Installing: /tmp/tmp.7tNycvupL6/llvm/include/llvm/Analysis/DemandedBits.h
-- Installing: /tmp/tmp.7tNycvupL6/llvm/include/llvm/Analysis/InstCount.h
-- Installing: /tmp/tmp.7tNycvupL6/llvm/include/llvm/Analysis/ValueLattice.h
-- Installing: /tmp/tmp.7tNycvupL6/llvm/include/llvm/Analysis/InlineAdvisor.h
-- Installing: /tmp/tmp.7tNycvupL6/llvm/include/llvm/Analysis/StackSafetyAnalysis.h
-- Installing: /tmp/tmp.7tNycvupL6/llvm/include/llvm/Analysis/EHPersonalities.h
-- Installing: /tmp/tmp.7tNycvupL6/llvm/include/llvm/Analysis/AliasAnalysis.h
-- Installing: /tmp/tmp.7tNycvupL6/llvm/include/llvm/Analysis/NoInferenceModelRunner.h
-- Installing: /tmp/tmp.7tNycvupL6/llvm/include/llvm/Analysis/TargetLibraryInfo.h
-- Installing: /tmp/tmp.7tNycvupL6/llvm/include/llvm/Analysis/IRSimilarityIdentifier.h
-- Installing: /tmp/tmp.7tNycvupL6/llvm/include/llvm/Analysis/CallGraph.h
-- Installing: /tmp/tmp.7tNycvupL6/llvm/include/llvm/Analysis/MemoryLocation.h
-- Installing: /tmp/tmp.7tNycvupL6/llvm/include/llvm/Analysis/PtrUseVisitor.h
-- Installing: /tmp/tmp.7tNycvupL6/llvm/include/llvm/Analysis/TypeBasedAliasAnalysis.h
-- Installing: /tmp/tmp.7tNycvupL6/llvm/include/llvm/Analysis/UniformityAnalysis.h
-- Installing: /tmp/tmp.7tNycvupL6/llvm/include/llvm/Analysis/ReleaseModeModelRunner.h
-- Installing: /tmp/tmp.7tNycvupL6/llvm/include/llvm/Analysis/RegionInfo.h
-- Installing: /tmp/tmp.7tNycvupL6/llvm/include/llvm/Analysis/GlobalsModRef.h
-- Installing: /tmp/tmp.7tNycvupL6/llvm/include/llvm/Analysis/CallGraphSCCPass.h
-- Installing: /tmp/tmp.7tNycvupL6/llvm/include/llvm/Analysis/ScalarEvolutionAliasAnalysis.h
-- Installing: /tmp/tmp.7tNycvupL6/llvm/include/llvm/Analysis/VecFuncs.def
-- Installing: /tmp/tmp.7tNycvupL6/llvm/include/llvm/Analysis/InlineModelFeatureMaps.h
-- Installing: /tmp/tmp.7tNycvupL6/llvm/include/llvm/Analysis/OverflowInstAnalysis.h
-- Installing: /tmp/tmp.7tNycvupL6/llvm/include/llvm/Analysis/Lint.h
-- Installing: /tmp/tmp.7tNycvupL6/llvm/include/llvm/Analysis/LoopUnrollAnalyzer.h
-- Installing: /tmp/tmp.7tNycvupL6/llvm/include/llvm/InitializePasses.h
-- Installing: /tmp/tmp.7tNycvupL6/llvm/include/llvm/Object
-- Installing: /tmp/tmp.7tNycvupL6/llvm/include/llvm/Object/TapiFile.h
-- Installing: /tmp/tmp.7tNycvupL6/llvm/include/llvm/Object/TapiUniversal.h
-- Installing: /tmp/tmp.7tNycvupL6/llvm/include/llvm/Object/RelocationResolver.h
-- Installing: /tmp/tmp.7tNycvupL6/llvm/include/llvm/Object/COFFModuleDefinition.h
-- Installing: /tmp/tmp.7tNycvupL6/llvm/include/llvm/Object/BuildID.h
-- Installing: /tmp/tmp.7tNycvupL6/llvm/include/llvm/Object/COFFImportFile.h
-- Installing: /tmp/tmp.7tNycvupL6/llvm/include/llvm/Object/MachOUniversal.h
-- Installing: /tmp/tmp.7tNycvupL6/llvm/include/llvm/Object/WindowsResource.h
-- Installing: /tmp/tmp.7tNycvupL6/llvm/include/llvm/Object/XCOFFObjectFile.h
-- Installing: /tmp/tmp.7tNycvupL6/llvm/include/llvm/Object/ELFObjectFile.h
-- Installing: /tmp/tmp.7tNycvupL6/llvm/include/llvm/Object/OffloadBinary.h
-- Installing: /tmp/tmp.7tNycvupL6/llvm/include/llvm/Object/SymbolSize.h
-- Installing: /tmp/tmp.7tNycvupL6/llvm/include/llvm/Object/MachOUniversalWriter.h
-- Installing: /tmp/tmp.7tNycvupL6/llvm/include/llvm/Object/SymbolicFile.h
-- Installing: /tmp/tmp.7tNycvupL6/llvm/include/llvm/Object/ArchiveWriter.h
-- Installing: /tmp/tmp.7tNycvupL6/llvm/include/llvm/Object/ObjectFile.h
-- Installing: /tmp/tmp.7tNycvupL6/llvm/include/llvm/Object/CVDebugRecord.h
-- Installing: /tmp/tmp.7tNycvupL6/llvm/include/llvm/Object/Error.h
-- Installing: /tmp/tmp.7tNycvupL6/llvm/include/llvm/Object/ELF.h
-- Installing: /tmp/tmp.7tNycvupL6/llvm/include/llvm/Object/DXContainer.h
-- Installing: /tmp/tmp.7tNycvupL6/llvm/include/llvm/Object/Decompressor.h
-- Installing: /tmp/tmp.7tNycvupL6/llvm/include/llvm/Object/ELFTypes.h
-- Installing: /tmp/tmp.7tNycvupL6/llvm/include/llvm/Object/MachO.h
-- Installing: /tmp/tmp.7tNycvupL6/llvm/include/llvm/Object/StackMapParser.h
-- Installing: /tmp/tmp.7tNycvupL6/llvm/include/llvm/Object/Wasm.h
-- Installing: /tmp/tmp.7tNycvupL6/llvm/include/llvm/Object/Minidump.h
-- Installing: /tmp/tmp.7tNycvupL6/llvm/include/llvm/Object/FaultMapParser.h
-- Installing: /tmp/tmp.7tNycvupL6/llvm/include/llvm/Object/Binary.h
-- Installing: /tmp/tmp.7tNycvupL6/llvm/include/llvm/Object/IRObjectFile.h
-- Installing: /tmp/tmp.7tNycvupL6/llvm/include/llvm/Object/COFF.h
-- Installing: /tmp/tmp.7tNycvupL6/llvm/include/llvm/Object/ModuleSymbolTable.h
-- Installing: /tmp/tmp.7tNycvupL6/llvm/include/llvm/Object/IRSymtab.h
-- Installing: /tmp/tmp.7tNycvupL6/llvm/include/llvm/Object/WindowsMachineFlag.h
-- Installing: /tmp/tmp.7tNycvupL6/llvm/include/llvm/Object/Archive.h
-- Installing: /tmp/tmp.7tNycvupL6/llvm/include/llvm/DWARFLinker
-- Installing: /tmp/tmp.7tNycvupL6/llvm/include/llvm/DWARFLinker/DWARFLinker.h
-- Installing: /tmp/tmp.7tNycvupL6/llvm/include/llvm/DWARFLinker/DWARFStreamer.h
-- Installing: /tmp/tmp.7tNycvupL6/llvm/include/llvm/DWARFLinker/DWARFLinkerDeclContext.h
-- Installing: /tmp/tmp.7tNycvupL6/llvm/include/llvm/DWARFLinker/DWARFLinkerCompileUnit.h
-- Installing: /tmp/tmp.7tNycvupL6/llvm/include/llvm/XRay
-- Installing: /tmp/tmp.7tNycvupL6/llvm/include/llvm/XRay/FDRLogBuilder.h
-- Installing: /tmp/tmp.7tNycvupL6/llvm/include/llvm/XRay/BlockVerifier.h
-- Installing: /tmp/tmp.7tNycvupL6/llvm/include/llvm/XRay/FDRRecordProducer.h
-- Installing: /tmp/tmp.7tNycvupL6/llvm/include/llvm/XRay/Profile.h
-- Installing: /tmp/tmp.7tNycvupL6/llvm/include/llvm/XRay/FileHeaderReader.h
-- Installing: /tmp/tmp.7tNycvupL6/llvm/include/llvm/XRay/InstrumentationMap.h
-- Installing: /tmp/tmp.7tNycvupL6/llvm/include/llvm/XRay/FDRTraceExpander.h
-- Installing: /tmp/tmp.7tNycvupL6/llvm/include/llvm/XRay/XRayRecord.h
-- Installing: /tmp/tmp.7tNycvupL6/llvm/include/llvm/XRay/RecordPrinter.h
-- Installing: /tmp/tmp.7tNycvupL6/llvm/include/llvm/XRay/Graph.h
-- Installing: /tmp/tmp.7tNycvupL6/llvm/include/llvm/XRay/FDRTraceWriter.h
-- Installing: /tmp/tmp.7tNycvupL6/llvm/include/llvm/XRay/Trace.h
-- Installing: /tmp/tmp.7tNycvupL6/llvm/include/llvm/XRay/BlockIndexer.h
-- Installing: /tmp/tmp.7tNycvupL6/llvm/include/llvm/XRay/BlockPrinter.h
-- Installing: /tmp/tmp.7tNycvupL6/llvm/include/llvm/XRay/YAMLXRayRecord.h
-- Installing: /tmp/tmp.7tNycvupL6/llvm/include/llvm/XRay/FDRRecordConsumer.h
-- Installing: /tmp/tmp.7tNycvupL6/llvm/include/llvm/XRay/FDRRecords.h
-- Installing: /tmp/tmp.7tNycvupL6/llvm/include/llvm/Testing
-- Installing: /tmp/tmp.7tNycvupL6/llvm/include/llvm/Testing/Support
-- Installing: /tmp/tmp.7tNycvupL6/llvm/include/llvm/Testing/Support/SupportHelpers.h
-- Installing: /tmp/tmp.7tNycvupL6/llvm/include/llvm/Testing/Support/Error.h
-- Installing: /tmp/tmp.7tNycvupL6/llvm/include/llvm/Testing/ADT
-- Installing: /tmp/tmp.7tNycvupL6/llvm/include/llvm/Testing/ADT/StringMapEntry.h
-- Installing: /tmp/tmp.7tNycvupL6/llvm/include/llvm/Testing/ADT/StringMap.h
-- Installing: /tmp/tmp.7tNycvupL6/llvm/include/llvm/Testing/Annotations
-- Installing: /tmp/tmp.7tNycvupL6/llvm/include/llvm/Testing/Annotations/Annotations.h
-- Installing: /tmp/tmp.7tNycvupL6/llvm/include/llvm/WindowsResource
-- Installing: /tmp/tmp.7tNycvupL6/llvm/include/llvm/WindowsResource/ResourceProcessor.h
-- Installing: /tmp/tmp.7tNycvupL6/llvm/include/llvm/WindowsResource/ResourceScriptToken.h
-- Installing: /tmp/tmp.7tNycvupL6/llvm/include/llvm/WindowsResource/ResourceScriptTokenList.h
-- Installing: /tmp/tmp.7tNycvupL6/llvm/include/llvm/LineEditor
-- Installing: /tmp/tmp.7tNycvupL6/llvm/include/llvm/LineEditor/LineEditor.h
-- Installing: /tmp/tmp.7tNycvupL6/llvm/include/llvm/Option
-- Installing: /tmp/tmp.7tNycvupL6/llvm/include/llvm/Option/Option.h
-- Installing: /tmp/tmp.7tNycvupL6/llvm/include/llvm/Option/Arg.h
-- Installing: /tmp/tmp.7tNycvupL6/llvm/include/llvm/Option/OptSpecifier.h
-- Installing: /tmp/tmp.7tNycvupL6/llvm/include/llvm/Option/OptParser.td
-- Installing: /tmp/tmp.7tNycvupL6/llvm/include/llvm/Option/OptTable.h
-- Installing: /tmp/tmp.7tNycvupL6/llvm/include/llvm/Option/ArgList.h
-- Installing: /tmp/tmp.7tNycvupL6/llvm/include/llvm/TextAPI
-- Installing: /tmp/tmp.7tNycvupL6/llvm/include/llvm/TextAPI/Target.h
-- Installing: /tmp/tmp.7tNycvupL6/llvm/include/llvm/TextAPI/TextAPIWriter.h
-- Installing: /tmp/tmp.7tNycvupL6/llvm/include/llvm/TextAPI/Platform.h
-- Installing: /tmp/tmp.7tNycvupL6/llvm/include/llvm/TextAPI/ArchitectureSet.h
-- Installing: /tmp/tmp.7tNycvupL6/llvm/include/llvm/TextAPI/Architecture.def
-- Installing: /tmp/tmp.7tNycvupL6/llvm/include/llvm/TextAPI/Architecture.h
-- Installing: /tmp/tmp.7tNycvupL6/llvm/include/llvm/TextAPI/PackedVersion.h
-- Installing: /tmp/tmp.7tNycvupL6/llvm/include/llvm/TextAPI/Symbol.h
-- Installing: /tmp/tmp.7tNycvupL6/llvm/include/llvm/TextAPI/TextAPIReader.h
-- Installing: /tmp/tmp.7tNycvupL6/llvm/include/llvm/TextAPI/InterfaceFile.h
-- Installing: /tmp/tmp.7tNycvupL6/llvm/include/llvm/ObjCopy
-- Installing: /tmp/tmp.7tNycvupL6/llvm/include/llvm/ObjCopy/XCOFF
-- Installing: /tmp/tmp.7tNycvupL6/llvm/include/llvm/ObjCopy/XCOFF/XCOFFConfig.h
-- Installing: /tmp/tmp.7tNycvupL6/llvm/include/llvm/ObjCopy/XCOFF/XCOFFObjcopy.h
-- Installing: /tmp/tmp.7tNycvupL6/llvm/include/llvm/ObjCopy/ObjCopy.h
-- Installing: /tmp/tmp.7tNycvupL6/llvm/include/llvm/ObjCopy/MultiFormatConfig.h
-- Installing: /tmp/tmp.7tNycvupL6/llvm/include/llvm/ObjCopy/COFF
-- Installing: /tmp/tmp.7tNycvupL6/llvm/include/llvm/ObjCopy/COFF/COFFObjcopy.h
-- Installing: /tmp/tmp.7tNycvupL6/llvm/include/llvm/ObjCopy/COFF/COFFConfig.h
-- Installing: /tmp/tmp.7tNycvupL6/llvm/include/llvm/ObjCopy/ConfigManager.h
-- Installing: /tmp/tmp.7tNycvupL6/llvm/include/llvm/ObjCopy/CommonConfig.h
-- Installing: /tmp/tmp.7tNycvupL6/llvm/include/llvm/ObjCopy/ELF
-- Installing: /tmp/tmp.7tNycvupL6/llvm/include/llvm/ObjCopy/ELF/ELFConfig.h
-- Installing: /tmp/tmp.7tNycvupL6/llvm/include/llvm/ObjCopy/ELF/ELFObjcopy.h
-- Installing: /tmp/tmp.7tNycvupL6/llvm/include/llvm/ObjCopy/MachO
-- Installing: /tmp/tmp.7tNycvupL6/llvm/include/llvm/ObjCopy/MachO/MachOConfig.h
-- Installing: /tmp/tmp.7tNycvupL6/llvm/include/llvm/ObjCopy/MachO/MachOObjcopy.h
-- Installing: /tmp/tmp.7tNycvupL6/llvm/include/llvm/ObjCopy/wasm
-- Installing: /tmp/tmp.7tNycvupL6/llvm/include/llvm/ObjCopy/wasm/WasmObjcopy.h
-- Installing: /tmp/tmp.7tNycvupL6/llvm/include/llvm/ObjCopy/wasm/WasmConfig.h
-- Installing: /tmp/tmp.7tNycvupL6/llvm/include/llvm/Support
-- Installing: /tmp/tmp.7tNycvupL6/llvm/include/llvm/Support/circular_raw_ostream.h
-- Installing: /tmp/tmp.7tNycvupL6/llvm/include/llvm/Support/AtomicOrdering.h
-- Installing: /tmp/tmp.7tNycvupL6/llvm/include/llvm/Support/ARMTargetParser.h
-- Installing: /tmp/tmp.7tNycvupL6/llvm/include/llvm/Support/AMDHSAKernelDescriptor.h
-- Installing: /tmp/tmp.7tNycvupL6/llvm/include/llvm/Support/InstructionCost.h
-- Installing: /tmp/tmp.7tNycvupL6/llvm/include/llvm/Support/WithColor.h
-- Installing: /tmp/tmp.7tNycvupL6/llvm/include/llvm/Support/TypeSize.h
-- Installing: /tmp/tmp.7tNycvupL6/llvm/include/llvm/Support/RISCVAttributeParser.h
-- Installing: /tmp/tmp.7tNycvupL6/llvm/include/llvm/Support/FormattedStream.h
-- Installing: /tmp/tmp.7tNycvupL6/llvm/include/llvm/Support/type_traits.h
-- Installing: /tmp/tmp.7tNycvupL6/llvm/include/llvm/Support/SymbolRemappingReader.h
-- Installing: /tmp/tmp.7tNycvupL6/llvm/include/llvm/Support/JSON.h
-- Installing: /tmp/tmp.7tNycvupL6/llvm/include/llvm/Support/CFGDiff.h
-- Installing: /tmp/tmp.7tNycvupL6/llvm/include/llvm/Support/Signposts.h
-- Installing: /tmp/tmp.7tNycvupL6/llvm/include/llvm/Support/CRC.h
-- Installing: /tmp/tmp.7tNycvupL6/llvm/include/llvm/Support/AllocatorBase.h
-- Installing: /tmp/tmp.7tNycvupL6/llvm/include/llvm/Support/EndianStream.h
-- Installing: /tmp/tmp.7tNycvupL6/llvm/include/llvm/Support/Locale.h
-- Installing: /tmp/tmp.7tNycvupL6/llvm/include/llvm/Support/SwapByteOrder.h
-- Installing: /tmp/tmp.7tNycvupL6/llvm/include/llvm/Support/Win64EH.h
-- Installing: /tmp/tmp.7tNycvupL6/llvm/include/llvm/Support/Unicode.h
-- Installing: /tmp/tmp.7tNycvupL6/llvm/include/llvm/Support/Host.h
-- Installing: /tmp/tmp.7tNycvupL6/llvm/include/llvm/Support/MemoryBuffer.h
-- Installing: /tmp/tmp.7tNycvupL6/llvm/include/llvm/Support/TarWriter.h
-- Installing: /tmp/tmp.7tNycvupL6/llvm/include/llvm/Support/Base64.h
-- Installing: /tmp/tmp.7tNycvupL6/llvm/include/llvm/Support/FormatVariadic.h
-- Installing: /tmp/tmp.7tNycvupL6/llvm/include/llvm/Support/DOTGraphTraits.h
-- Installing: /tmp/tmp.7tNycvupL6/llvm/include/llvm/Support/Caching.h
-- Installing: /tmp/tmp.7tNycvupL6/llvm/include/llvm/Support/AlignOf.h
-- Installing: /tmp/tmp.7tNycvupL6/llvm/include/llvm/Support/FileCollector.h
-- Installing: /tmp/tmp.7tNycvupL6/llvm/include/llvm/Support/MSP430AttributeParser.h
-- Installing: /tmp/tmp.7tNycvupL6/llvm/include/llvm/Support/TimeProfiler.h
-- Installing: /tmp/tmp.7tNycvupL6/llvm/include/llvm/Support/SmallVectorMemoryBuffer.h
-- Installing: /tmp/tmp.7tNycvupL6/llvm/include/llvm/Support/DataTypes.h
-- Installing: /tmp/tmp.7tNycvupL6/llvm/include/llvm/Support/ARMTargetParserCommon.h
-- Installing: /tmp/tmp.7tNycvupL6/llvm/include/llvm/Support/X86DisassemblerDecoderCommon.h
-- Installing: /tmp/tmp.7tNycvupL6/llvm/include/llvm/Support/ARMAttributeParser.h
-- Installing: /tmp/tmp.7tNycvupL6/llvm/include/llvm/Support/Path.h
-- Installing: /tmp/tmp.7tNycvupL6/llvm/include/llvm/Support/FormatCommon.h
-- Installing: /tmp/tmp.7tNycvupL6/llvm/include/llvm/Support/ManagedStatic.h
-- Installing: /tmp/tmp.7tNycvupL6/llvm/include/llvm/Support/AMDGPUMetadata.h
-- Installing: /tmp/tmp.7tNycvupL6/llvm/include/llvm/Support/TrigramIndex.h
-- Installing: /tmp/tmp.7tNycvupL6/llvm/include/llvm/Support/DebugCounter.h
-- Installing: /tmp/tmp.7tNycvupL6/llvm/include/llvm/Support/Endian.h
-- Installing: /tmp/tmp.7tNycvupL6/llvm/include/llvm/Support/RandomNumberGenerator.h
-- Installing: /tmp/tmp.7tNycvupL6/llvm/include/llvm/Support/xxhash.h
-- Installing: /tmp/tmp.7tNycvupL6/llvm/include/llvm/Support/ExitCodes.h
-- Installing: /tmp/tmp.7tNycvupL6/llvm/include/llvm/Support/Process.h
-- Installing: /tmp/tmp.7tNycvupL6/llvm/include/llvm/Support/Program.h
-- Installing: /tmp/tmp.7tNycvupL6/llvm/include/llvm/Support/Recycler.h
-- Installing: /tmp/tmp.7tNycvupL6/llvm/include/llvm/Support/WindowsError.h
-- Installing: /tmp/tmp.7tNycvupL6/llvm/include/llvm/Support/BinaryStreamRef.h
-- Installing: /tmp/tmp.7tNycvupL6/llvm/include/llvm/Support/MathExtras.h
-- Installing: /tmp/tmp.7tNycvupL6/llvm/include/llvm/Support/LoongArchTargetParser.h
-- Installing: /tmp/tmp.7tNycvupL6/llvm/include/llvm/Support/Capacity.h
-- Installing: /tmp/tmp.7tNycvupL6/llvm/include/llvm/Support/CSKYAttributeParser.h
-- Installing: /tmp/tmp.7tNycvupL6/llvm/include/llvm/Support/Watchdog.h
-- Installing: /tmp/tmp.7tNycvupL6/llvm/include/llvm/Support/OptimizedStructLayout.h
-- Installing: /tmp/tmp.7tNycvupL6/llvm/include/llvm/Support/UnicodeCharRanges.h
-- Installing: /tmp/tmp.7tNycvupL6/llvm/include/llvm/Support/VersionTuple.h
-- Installing: /tmp/tmp.7tNycvupL6/llvm/include/llvm/Support/RWMutex.h
-- Installing: /tmp/tmp.7tNycvupL6/llvm/include/llvm/Support/CachePruning.h
-- Installing: /tmp/tmp.7tNycvupL6/llvm/include/llvm/Support/ErrorHandling.h
-- Installing: /tmp/tmp.7tNycvupL6/llvm/include/llvm/Support/FileUtilities.h
-- Installing: /tmp/tmp.7tNycvupL6/llvm/include/llvm/Support/TargetParser.h
-- Installing: /tmp/tmp.7tNycvupL6/llvm/include/llvm/Support/Printable.h
-- Installing: /tmp/tmp.7tNycvupL6/llvm/include/llvm/Support/PGOOptions.h
-- Installing: /tmp/tmp.7tNycvupL6/llvm/include/llvm/Support/ScaledNumber.h
-- Installing: /tmp/tmp.7tNycvupL6/llvm/include/llvm/Support/Solaris
-- Installing: /tmp/tmp.7tNycvupL6/llvm/include/llvm/Support/Solaris/sys
-- Installing: /tmp/tmp.7tNycvupL6/llvm/include/llvm/Support/Solaris/sys/regset.h
-- Installing: /tmp/tmp.7tNycvupL6/llvm/include/llvm/Support/Format.h
-- Installing: /tmp/tmp.7tNycvupL6/llvm/include/llvm/Support/VirtualFileSystem.h
-- Installing: /tmp/tmp.7tNycvupL6/llvm/include/llvm/Support/Valgrind.h
-- Installing: /tmp/tmp.7tNycvupL6/llvm/include/llvm/Support/GraphWriter.h
-- Installing: /tmp/tmp.7tNycvupL6/llvm/include/llvm/Support/BuryPointer.h
-- Installing: /tmp/tmp.7tNycvupL6/llvm/include/llvm/Support/YAMLParser.h
-- Installing: /tmp/tmp.7tNycvupL6/llvm/include/llvm/Support/SpecialCaseList.h
-- Installing: /tmp/tmp.7tNycvupL6/llvm/include/llvm/Support/LowLevelTypeImpl.h
-- Installing: /tmp/tmp.7tNycvupL6/llvm/include/llvm/Support/DataExtractor.h
-- Installing: /tmp/tmp.7tNycvupL6/llvm/include/llvm/Support/MemoryBufferRef.h
-- Installing: /tmp/tmp.7tNycvupL6/llvm/include/llvm/Support/ARMEHABI.h
-- Installing: /tmp/tmp.7tNycvupL6/llvm/include/llvm/Support/ItaniumManglingCanonicalizer.h
-- Installing: /tmp/tmp.7tNycvupL6/llvm/include/llvm/Support/StringSaver.h
-- Installing: /tmp/tmp.7tNycvupL6/llvm/include/llvm/Support/GenericIteratedDominanceFrontier.h
-- Installing: /tmp/tmp.7tNycvupL6/llvm/include/llvm/Support/LineIterator.h
-- Installing: /tmp/tmp.7tNycvupL6/llvm/include/llvm/Support/ARMBuildAttributes.h
-- Installing: /tmp/tmp.7tNycvupL6/llvm/include/llvm/Support/SourceMgr.h
-- Installing: /tmp/tmp.7tNycvupL6/llvm/include/llvm/Support/AutoConvert.h
-- Installing: /tmp/tmp.7tNycvupL6/llvm/include/llvm/Support/FormatProviders.h
-- Installing: /tmp/tmp.7tNycvupL6/llvm/include/llvm/Support/BinaryItemStream.h
-- Installing: /tmp/tmp.7tNycvupL6/llvm/include/llvm/Support/ExtensibleRTTI.h
-- Installing: /tmp/tmp.7tNycvupL6/llvm/include/llvm/Support/LockFileManager.h
-- Installing: /tmp/tmp.7tNycvupL6/llvm/include/llvm/Support/SuffixTree.h
-- Installing: /tmp/tmp.7tNycvupL6/llvm/include/llvm/Support/TypeName.h
-- Installing: /tmp/tmp.7tNycvupL6/llvm/include/llvm/Support/SHA256.h
-- Installing: /tmp/tmp.7tNycvupL6/llvm/include/llvm/Support/MipsABIFlags.h
-- Installing: /tmp/tmp.7tNycvupL6/llvm/include/llvm/Support/SHA1.h
-- Installing: /tmp/tmp.7tNycvupL6/llvm/include/llvm/Support/OnDiskHashTable.h
-- Installing: /tmp/tmp.7tNycvupL6/llvm/include/llvm/Support/PointerLikeTypeTraits.h
-- Installing: /tmp/tmp.7tNycvupL6/llvm/include/llvm/Support/Atomic.h
-- Installing: /tmp/tmp.7tNycvupL6/llvm/include/llvm/Support/Compression.h
-- Installing: /tmp/tmp.7tNycvupL6/llvm/include/llvm/Support/raw_ostream.h
-- Installing: /tmp/tmp.7tNycvupL6/llvm/include/llvm/Support/CheckedArithmetic.h
-- Installing: /tmp/tmp.7tNycvupL6/llvm/include/llvm/Support/ARMWinEH.h
-- Installing: /tmp/tmp.7tNycvupL6/llvm/include/llvm/Support/CommandLine.h
-- Installing: /tmp/tmp.7tNycvupL6/llvm/include/llvm/Support/TargetOpcodes.def
-- Installing: /tmp/tmp.7tNycvupL6/llvm/include/llvm/Support/GenericDomTreeConstruction.h
-- Installing: /tmp/tmp.7tNycvupL6/llvm/include/llvm/Support/FileSystem
-- Installing: /tmp/tmp.7tNycvupL6/llvm/include/llvm/Support/FileSystem/UniqueID.h
-- Installing: /tmp/tmp.7tNycvupL6/llvm/include/llvm/Support/DynamicLibrary.h
-- Installing: /tmp/tmp.7tNycvupL6/llvm/include/llvm/Support/BlockFrequency.h
-- Installing: /tmp/tmp.7tNycvupL6/llvm/include/llvm/Support/PluginLoader.h
-- Installing: /tmp/tmp.7tNycvupL6/llvm/include/llvm/Support/Parallel.h
-- Installing: /tmp/tmp.7tNycvupL6/llvm/include/llvm/Support/Regex.h
-- Installing: /tmp/tmp.7tNycvupL6/llvm/include/llvm/Support/SMTAPI.h
-- Installing: /tmp/tmp.7tNycvupL6/llvm/include/llvm/Support/thread.h
-- Installing: /tmp/tmp.7tNycvupL6/llvm/include/llvm/Support/X86TargetParser.h
-- Installing: /tmp/tmp.7tNycvupL6/llvm/include/llvm/Support/ELFAttributeParser.h
-- Installing: /tmp/tmp.7tNycvupL6/llvm/include/llvm/Support/Threading.h
-- Installing: /tmp/tmp.7tNycvupL6/llvm/include/llvm/Support/DXILOperationCommon.h
-- Installing: /tmp/tmp.7tNycvupL6/llvm/include/llvm/Support/LICENSE.TXT
-- Installing: /tmp/tmp.7tNycvupL6/llvm/include/llvm/Support/BinaryStreamArray.h
-- Installing: /tmp/tmp.7tNycvupL6/llvm/include/llvm/Support/FileOutputBuffer.h
-- Installing: /tmp/tmp.7tNycvupL6/llvm/include/llvm/Support/AArch64TargetParser.h
-- Installing: /tmp/tmp.7tNycvupL6/llvm/include/llvm/Support/CrashRecoveryContext.h
-- Installing: /tmp/tmp.7tNycvupL6/llvm/include/llvm/Support/CodeGenCoverage.h
-- Installing: /tmp/tmp.7tNycvupL6/llvm/include/llvm/Support/COM.h
-- Installing: /tmp/tmp.7tNycvupL6/llvm/include/llvm/Support/FormatVariadicDetails.h
-- Installing: /tmp/tmp.7tNycvupL6/llvm/include/llvm/Support/DivisionByConstantInfo.h
-- Installing: /tmp/tmp.7tNycvupL6/llvm/include/llvm/Support/HashBuilder.h
-- Installing: /tmp/tmp.7tNycvupL6/llvm/include/llvm/Support/Discriminator.h
-- Installing: /tmp/tmp.7tNycvupL6/llvm/include/llvm/Support/RISCVISAInfo.h
-- Installing: /tmp/tmp.7tNycvupL6/llvm/include/llvm/Support/RISCVAttributes.h
-- Installing: /tmp/tmp.7tNycvupL6/llvm/include/llvm/Support/ErrorOr.h
-- Installing: /tmp/tmp.7tNycvupL6/llvm/include/llvm/Support/ToolOutputFile.h
-- Installing: /tmp/tmp.7tNycvupL6/llvm/include/llvm/Support/ScopedPrinter.h
-- Installing: /tmp/tmp.7tNycvupL6/llvm/include/llvm/Support/Signals.h
-- Installing: /tmp/tmp.7tNycvupL6/llvm/include/llvm/Support/ModRef.h
-- Installing: /tmp/tmp.7tNycvupL6/llvm/include/llvm/Support/CodeGen.h
-- Installing: /tmp/tmp.7tNycvupL6/llvm/include/llvm/Support/TargetSelect.h
-- Installing: /tmp/tmp.7tNycvupL6/llvm/include/llvm/Support/RecyclingAllocator.h
-- Installing: /tmp/tmp.7tNycvupL6/llvm/include/llvm/Support/CSKYAttributes.h
-- Installing: /tmp/tmp.7tNycvupL6/llvm/include/llvm/Support/DJB.h
-- Installing: /tmp/tmp.7tNycvupL6/llvm/include/llvm/Support/SMLoc.h
-- Installing: /tmp/tmp.7tNycvupL6/llvm/include/llvm/Support/TrailingObjects.h
-- Installing: /tmp/tmp.7tNycvupL6/llvm/include/llvm/Support/MachineValueType.h
-- Installing: /tmp/tmp.7tNycvupL6/llvm/include/llvm/Support/Memory.h
-- Installing: /tmp/tmp.7tNycvupL6/llvm/include/llvm/Support/ReverseIteration.h
-- Installing: /tmp/tmp.7tNycvupL6/llvm/include/llvm/Support/CSKYTargetParser.h
-- Installing: /tmp/tmp.7tNycvupL6/llvm/include/llvm/Support/MD5.h
-- Installing: /tmp/tmp.7tNycvupL6/llvm/include/llvm/Support/Errc.h
-- Installing: /tmp/tmp.7tNycvupL6/llvm/include/llvm/Support/TaskQueue.h
-- Installing: /tmp/tmp.7tNycvupL6/llvm/include/llvm/Support/YAMLTraits.h
-- Installing: /tmp/tmp.7tNycvupL6/llvm/include/llvm/Support/Alignment.h
-- Installing: /tmp/tmp.7tNycvupL6/llvm/include/llvm/Support/BCD.h
-- Installing: /tmp/tmp.7tNycvupL6/llvm/include/llvm/Support/SystemUtils.h
-- Installing: /tmp/tmp.7tNycvupL6/llvm/include/llvm/Support/raw_sha1_ostream.h
-- Installing: /tmp/tmp.7tNycvupL6/llvm/include/llvm/Support/X86TargetParser.def
-- Installing: /tmp/tmp.7tNycvupL6/llvm/include/llvm/Support/BinaryStream.h
-- Installing: /tmp/tmp.7tNycvupL6/llvm/include/llvm/Support/MSVCErrorWorkarounds.h
-- Installing: /tmp/tmp.7tNycvupL6/llvm/include/llvm/Support/NativeFormatting.h
-- Installing: /tmp/tmp.7tNycvupL6/llvm/include/llvm/Support/BLAKE3.h
-- Installing: /tmp/tmp.7tNycvupL6/llvm/include/llvm/Support/BranchProbability.h
-- Installing: /tmp/tmp.7tNycvupL6/llvm/include/llvm/Support/BinaryStreamWriter.h
-- Installing: /tmp/tmp.7tNycvupL6/llvm/include/llvm/Support/PrettyStackTrace.h
-- Installing: /tmp/tmp.7tNycvupL6/llvm/include/llvm/Support/LEB128.h
-- Installing: /tmp/tmp.7tNycvupL6/llvm/include/llvm/Support/KnownBits.h
-- Installing: /tmp/tmp.7tNycvupL6/llvm/include/llvm/Support/FileSystem.h
-- Installing: /tmp/tmp.7tNycvupL6/llvm/include/llvm/Support/InitLLVM.h
-- Installing: /tmp/tmp.7tNycvupL6/llvm/include/llvm/Support/CBindingWrapping.h
-- Installing: /tmp/tmp.7tNycvupL6/llvm/include/llvm/Support/Timer.h
-- Installing: /tmp/tmp.7tNycvupL6/llvm/include/llvm/Support/raw_os_ostream.h
-- Installing: /tmp/tmp.7tNycvupL6/llvm/include/llvm/Support/Duration.h
-- Installing: /tmp/tmp.7tNycvupL6/llvm/include/llvm/Support/MemAlloc.h
-- Installing: /tmp/tmp.7tNycvupL6/llvm/include/llvm/Support/Casting.h
-- Installing: /tmp/tmp.7tNycvupL6/llvm/include/llvm/Support/Errno.h
-- Installing: /tmp/tmp.7tNycvupL6/llvm/include/llvm/Support/ArrayRecycler.h
-- Installing: /tmp/tmp.7tNycvupL6/llvm/include/llvm/Support/Debug.h
-- Installing: /tmp/tmp.7tNycvupL6/llvm/include/llvm/Support/MSP430Attributes.h
-- Installing: /tmp/tmp.7tNycvupL6/llvm/include/llvm/Support/Mutex.h
-- Installing: /tmp/tmp.7tNycvupL6/llvm/include/llvm/Support/Registry.h
-- Installing: /tmp/tmp.7tNycvupL6/llvm/include/llvm/Support/Error.h
-- Installing: /tmp/tmp.7tNycvupL6/llvm/include/llvm/Support/ConvertUTF.h
-- Installing: /tmp/tmp.7tNycvupL6/llvm/include/llvm/Support/Windows
-- Installing: /tmp/tmp.7tNycvupL6/llvm/include/llvm/Support/Windows/WindowsSupport.h
-- Installing: /tmp/tmp.7tNycvupL6/llvm/include/llvm/Support/BinaryStreamError.h
-- Installing: /tmp/tmp.7tNycvupL6/llvm/include/llvm/Support/Compiler.h
-- Installing: /tmp/tmp.7tNycvupL6/llvm/include/llvm/Support/Chrono.h
-- Installing: /tmp/tmp.7tNycvupL6/llvm/include/llvm/Support/GenericDomTree.h
-- Installing: /tmp/tmp.7tNycvupL6/llvm/include/llvm/Support/BinaryByteStream.h
-- Installing: /tmp/tmp.7tNycvupL6/llvm/include/llvm/Support/FormatAdapters.h
-- Installing: /tmp/tmp.7tNycvupL6/llvm/include/llvm/Support/ThreadPool.h
-- Installing: /tmp/tmp.7tNycvupL6/llvm/include/llvm/Support/Automaton.h
-- Installing: /tmp/tmp.7tNycvupL6/llvm/include/llvm/Support/CFGUpdate.h
-- Installing: /tmp/tmp.7tNycvupL6/llvm/include/llvm/Support/GlobPattern.h
-- Installing: /tmp/tmp.7tNycvupL6/llvm/include/llvm/Support/BinaryStreamReader.h
-- Installing: /tmp/tmp.7tNycvupL6/llvm/include/llvm/Support/SaveAndRestore.h
-- Installing: /tmp/tmp.7tNycvupL6/llvm/include/llvm/Support/ELFAttributes.h
-- Installing: /tmp/tmp.7tNycvupL6/llvm/include/llvm/Support/Allocator.h
-- Installing: /tmp/tmp.7tNycvupL6/llvm/include/llvm/PassRegistry.h
-- Installing: /tmp/tmp.7tNycvupL6/llvm/include/llvm/ObjectYAML
-- Installing: /tmp/tmp.7tNycvupL6/llvm/include/llvm/ObjectYAML/MinidumpYAML.h
-- Installing: /tmp/tmp.7tNycvupL6/llvm/include/llvm/ObjectYAML/yaml2obj.h
-- Installing: /tmp/tmp.7tNycvupL6/llvm/include/llvm/ObjectYAML/CodeViewYAMLTypeHashing.h
-- Installing: /tmp/tmp.7tNycvupL6/llvm/include/llvm/ObjectYAML/ELFYAML.h
-- Installing: /tmp/tmp.7tNycvupL6/llvm/include/llvm/ObjectYAML/DXContainerYAML.h
-- Installing: /tmp/tmp.7tNycvupL6/llvm/include/llvm/ObjectYAML/CodeViewYAMLDebugSections.h
-- Installing: /tmp/tmp.7tNycvupL6/llvm/include/llvm/ObjectYAML/DWARFEmitter.h
-- Installing: /tmp/tmp.7tNycvupL6/llvm/include/llvm/ObjectYAML/YAML.h
-- Installing: /tmp/tmp.7tNycvupL6/llvm/include/llvm/ObjectYAML/ArchiveYAML.h
-- Installing: /tmp/tmp.7tNycvupL6/llvm/include/llvm/ObjectYAML/CodeViewYAMLSymbols.h
-- Installing: /tmp/tmp.7tNycvupL6/llvm/include/llvm/ObjectYAML/COFFYAML.h
-- Installing: /tmp/tmp.7tNycvupL6/llvm/include/llvm/ObjectYAML/XCOFFYAML.h
-- Installing: /tmp/tmp.7tNycvupL6/llvm/include/llvm/ObjectYAML/OffloadYAML.h
-- Installing: /tmp/tmp.7tNycvupL6/llvm/include/llvm/ObjectYAML/DWARFYAML.h
-- Installing: /tmp/tmp.7tNycvupL6/llvm/include/llvm/ObjectYAML/CodeViewYAMLTypes.h
-- Installing: /tmp/tmp.7tNycvupL6/llvm/include/llvm/ObjectYAML/MachOYAML.h
-- Installing: /tmp/tmp.7tNycvupL6/llvm/include/llvm/ObjectYAML/WasmYAML.h
-- Installing: /tmp/tmp.7tNycvupL6/llvm/include/llvm/ObjectYAML/ObjectYAML.h
-- Installing: /tmp/tmp.7tNycvupL6/llvm/include/llvm/TargetParser
-- Installing: /tmp/tmp.7tNycvupL6/llvm/include/llvm/TargetParser/Triple.h
-- Installing: /tmp/tmp.7tNycvupL6/llvm/include/llvm/TargetParser/CSKYTargetParser.h
-- Installing: /tmp/tmp.7tNycvupL6/llvm/include/llvm/TargetParser/ARMTargetParser.h
-- Installing: /tmp/tmp.7tNycvupL6/llvm/include/llvm/TargetParser/RISCVTargetParser.h
-- Installing: /tmp/tmp.7tNycvupL6/llvm/include/llvm/TargetParser/TargetParser.h
-- Installing: /tmp/tmp.7tNycvupL6/llvm/include/llvm/TargetParser/AArch64TargetParser.h
-- Installing: /tmp/tmp.7tNycvupL6/llvm/include/llvm/TargetParser/X86TargetParser.h
-- Installing: /tmp/tmp.7tNycvupL6/llvm/include/llvm/TargetParser/Host.h
-- Installing: /tmp/tmp.7tNycvupL6/llvm/include/llvm/TargetParser/ARMTargetParser.def
-- Installing: /tmp/tmp.7tNycvupL6/llvm/include/llvm/TargetParser/LoongArchTargetParser.def
-- Installing: /tmp/tmp.7tNycvupL6/llvm/include/llvm/TargetParser/CSKYTargetParser.def
-- Installing: /tmp/tmp.7tNycvupL6/llvm/include/llvm/TargetParser/X86TargetParser.def
-- Installing: /tmp/tmp.7tNycvupL6/llvm/include/llvm/TargetParser/ARMTargetParserCommon.h
-- Installing: /tmp/tmp.7tNycvupL6/llvm/include/llvm/TargetParser/LoongArchTargetParser.h
-- Installing: /tmp/tmp.7tNycvupL6/llvm/include/llvm/TableGen
-- Installing: /tmp/tmp.7tNycvupL6/llvm/include/llvm/TableGen/Error.h
-- Installing: /tmp/tmp.7tNycvupL6/llvm/include/llvm/TableGen/Record.h
-- Installing: /tmp/tmp.7tNycvupL6/llvm/include/llvm/TableGen/Automaton.td
-- Installing: /tmp/tmp.7tNycvupL6/llvm/include/llvm/TableGen/SetTheory.h
-- Installing: /tmp/tmp.7tNycvupL6/llvm/include/llvm/TableGen/Parser.h
-- Installing: /tmp/tmp.7tNycvupL6/llvm/include/llvm/TableGen/TableGenBackend.h
-- Installing: /tmp/tmp.7tNycvupL6/llvm/include/llvm/TableGen/SearchableTable.td
-- Installing: /tmp/tmp.7tNycvupL6/llvm/include/llvm/TableGen/StringMatcher.h
-- Installing: /tmp/tmp.7tNycvupL6/llvm/include/llvm/TableGen/StringToOffsetTable.h
-- Installing: /tmp/tmp.7tNycvupL6/llvm/include/llvm/TableGen/Main.h
-- Installing: /tmp/tmp.7tNycvupL6/llvm/include/llvm/TableGen/DirectiveEmitter.h
-- Installing: /tmp/tmp.7tNycvupL6/llvm/include/llvm/IRReader
-- Installing: /tmp/tmp.7tNycvupL6/llvm/include/llvm/IRReader/IRReader.h
-- Installing: /tmp/tmp.7tNycvupL6/llvm/include/llvm/ADT
-- Installing: /tmp/tmp.7tNycvupL6/llvm/include/llvm/ADT/SparseBitVector.h
-- Installing: /tmp/tmp.7tNycvupL6/llvm/include/llvm/ADT/MapVector.h
-- Installing: /tmp/tmp.7tNycvupL6/llvm/include/llvm/ADT/PostOrderIterator.h
-- Installing: /tmp/tmp.7tNycvupL6/llvm/include/llvm/ADT/ilist.h
-- Installing: /tmp/tmp.7tNycvupL6/llvm/include/llvm/ADT/STLFunctionalExtras.h
-- Installing: /tmp/tmp.7tNycvupL6/llvm/include/llvm/ADT/iterator_range.h
-- Installing: /tmp/tmp.7tNycvupL6/llvm/include/llvm/ADT/edit_distance.h
-- Installing: /tmp/tmp.7tNycvupL6/llvm/include/llvm/ADT/SetOperations.h
-- Installing: /tmp/tmp.7tNycvupL6/llvm/include/llvm/ADT/DenseMapInfo.h
-- Installing: /tmp/tmp.7tNycvupL6/llvm/include/llvm/ADT/AllocatorList.h
-- Installing: /tmp/tmp.7tNycvupL6/llvm/include/llvm/ADT/GenericUniformityInfo.h
-- Installing: /tmp/tmp.7tNycvupL6/llvm/include/llvm/ADT/FoldingSet.h
-- Installing: /tmp/tmp.7tNycvupL6/llvm/include/llvm/ADT/SparseSet.h
-- Installing: /tmp/tmp.7tNycvupL6/llvm/include/llvm/ADT/SmallBitVector.h
-- Installing: /tmp/tmp.7tNycvupL6/llvm/include/llvm/ADT/APFloat.h
-- Installing: /tmp/tmp.7tNycvupL6/llvm/include/llvm/ADT/IntervalMap.h
-- Installing: /tmp/tmp.7tNycvupL6/llvm/include/llvm/ADT/ImmutableMap.h
-- Installing: /tmp/tmp.7tNycvupL6/llvm/include/llvm/ADT/UniqueVector.h
-- Installing: /tmp/tmp.7tNycvupL6/llvm/include/llvm/ADT/BreadthFirstIterator.h
-- Installing: /tmp/tmp.7tNycvupL6/llvm/include/llvm/ADT/iterator.h
-- Installing: /tmp/tmp.7tNycvupL6/llvm/include/llvm/ADT/STLExtras.h
-- Installing: /tmp/tmp.7tNycvupL6/llvm/include/llvm/ADT/SmallPtrSet.h
-- Installing: /tmp/tmp.7tNycvupL6/llvm/include/llvm/ADT/fallible_iterator.h
-- Installing: /tmp/tmp.7tNycvupL6/llvm/include/llvm/ADT/TinyPtrVector.h
-- Installing: /tmp/tmp.7tNycvupL6/llvm/include/llvm/ADT/GraphTraits.h
-- Installing: /tmp/tmp.7tNycvupL6/llvm/include/llvm/ADT/SmallVector.h
-- Installing: /tmp/tmp.7tNycvupL6/llvm/include/llvm/ADT/GenericCycleInfo.h
-- Installing: /tmp/tmp.7tNycvupL6/llvm/include/llvm/ADT/IndexedMap.h
-- Installing: /tmp/tmp.7tNycvupL6/llvm/include/llvm/ADT/SmallString.h
-- Installing: /tmp/tmp.7tNycvupL6/llvm/include/llvm/ADT/DAGDeltaAlgorithm.h
-- Installing: /tmp/tmp.7tNycvupL6/llvm/include/llvm/ADT/DenseMap.h
-- Installing: /tmp/tmp.7tNycvupL6/llvm/include/llvm/ADT/ilist_node_base.h
-- Installing: /tmp/tmp.7tNycvupL6/llvm/include/llvm/ADT/ScopedHashTable.h
-- Installing: /tmp/tmp.7tNycvupL6/llvm/include/llvm/ADT/DirectedGraph.h
-- Installing: /tmp/tmp.7tNycvupL6/llvm/include/llvm/ADT/ImmutableSet.h
-- Installing: /tmp/tmp.7tNycvupL6/llvm/include/llvm/ADT/None.h
-- Installing: /tmp/tmp.7tNycvupL6/llvm/include/llvm/ADT/EpochTracker.h
-- Installing: /tmp/tmp.7tNycvupL6/llvm/include/llvm/ADT/ilist_iterator.h
-- Installing: /tmp/tmp.7tNycvupL6/llvm/include/llvm/ADT/PointerUnion.h
-- Installing: /tmp/tmp.7tNycvupL6/llvm/include/llvm/ADT/EquivalenceClasses.h
-- Installing: /tmp/tmp.7tNycvupL6/llvm/include/llvm/ADT/PriorityWorklist.h
-- Installing: /tmp/tmp.7tNycvupL6/llvm/include/llvm/ADT/DenseSet.h
-- Installing: /tmp/tmp.7tNycvupL6/llvm/include/llvm/ADT/ilist_node.h
-- Installing: /tmp/tmp.7tNycvupL6/llvm/include/llvm/ADT/StringSwitch.h
-- Installing: /tmp/tmp.7tNycvupL6/llvm/include/llvm/ADT/SparseMultiSet.h
-- Installing: /tmp/tmp.7tNycvupL6/llvm/include/llvm/ADT/PriorityQueue.h
-- Installing: /tmp/tmp.7tNycvupL6/llvm/include/llvm/ADT/ArrayRef.h
-- Installing: /tmp/tmp.7tNycvupL6/llvm/include/llvm/ADT/StringSet.h
-- Installing: /tmp/tmp.7tNycvupL6/llvm/include/llvm/ADT/ImmutableList.h
-- Installing: /tmp/tmp.7tNycvupL6/llvm/include/llvm/ADT/ilist_base.h
-- Installing: /tmp/tmp.7tNycvupL6/llvm/include/llvm/ADT/Triple.h
-- Installing: /tmp/tmp.7tNycvupL6/llvm/include/llvm/ADT/bit.h
-- Installing: /tmp/tmp.7tNycvupL6/llvm/include/llvm/ADT/Sequence.h
-- Installing: /tmp/tmp.7tNycvupL6/llvm/include/llvm/ADT/StringRef.h
-- Installing: /tmp/tmp.7tNycvupL6/llvm/include/llvm/ADT/EnumeratedArray.h
-- Installing: /tmp/tmp.7tNycvupL6/llvm/include/llvm/ADT/StringExtras.h
-- Installing: /tmp/tmp.7tNycvupL6/llvm/include/llvm/ADT/STLForwardCompat.h
-- Installing: /tmp/tmp.7tNycvupL6/llvm/include/llvm/ADT/IntrusiveRefCntPtr.h
-- Installing: /tmp/tmp.7tNycvupL6/llvm/include/llvm/ADT/PointerIntPair.h
-- Installing: /tmp/tmp.7tNycvupL6/llvm/include/llvm/ADT/Any.h
-- Installing: /tmp/tmp.7tNycvupL6/llvm/include/llvm/ADT/APSInt.h
-- Installing: /tmp/tmp.7tNycvupL6/llvm/include/llvm/ADT/APInt.h
-- Installing: /tmp/tmp.7tNycvupL6/llvm/include/llvm/ADT/DepthFirstIterator.h
-- Installing: /tmp/tmp.7tNycvupL6/llvm/include/llvm/ADT/Twine.h
-- Installing: /tmp/tmp.7tNycvupL6/llvm/include/llvm/ADT/PackedVector.h
-- Installing: /tmp/tmp.7tNycvupL6/llvm/include/llvm/ADT/PointerEmbeddedInt.h
-- Installing: /tmp/tmp.7tNycvupL6/llvm/include/llvm/ADT/identity.h
-- Installing: /tmp/tmp.7tNycvupL6/llvm/include/llvm/ADT/CachedHashString.h
-- Installing: /tmp/tmp.7tNycvupL6/llvm/include/llvm/ADT/simple_ilist.h
-- Installing: /tmp/tmp.7tNycvupL6/llvm/include/llvm/ADT/CombinationGenerator.h
-- Installing: /tmp/tmp.7tNycvupL6/llvm/include/llvm/ADT/TypeSwitch.h
-- Installing: /tmp/tmp.7tNycvupL6/llvm/include/llvm/ADT/GenericCycleImpl.h
-- Installing: /tmp/tmp.7tNycvupL6/llvm/include/llvm/ADT/FloatingPointMode.h
-- Installing: /tmp/tmp.7tNycvupL6/llvm/include/llvm/ADT/Hashing.h
-- Installing: /tmp/tmp.7tNycvupL6/llvm/include/llvm/ADT/GenericSSAContext.h
-- Installing: /tmp/tmp.7tNycvupL6/llvm/include/llvm/ADT/IntervalTree.h
-- Installing: /tmp/tmp.7tNycvupL6/llvm/include/llvm/ADT/Uniformity.h
-- Installing: /tmp/tmp.7tNycvupL6/llvm/include/llvm/ADT/ilist_node_options.h
-- Installing: /tmp/tmp.7tNycvupL6/llvm/include/llvm/ADT/DeltaAlgorithm.h
-- Installing: /tmp/tmp.7tNycvupL6/llvm/include/llvm/ADT/CoalescingBitVector.h
-- Installing: /tmp/tmp.7tNycvupL6/llvm/include/llvm/ADT/SmallSet.h
-- Installing: /tmp/tmp.7tNycvupL6/llvm/include/llvm/ADT/APFixedPoint.h
-- Installing: /tmp/tmp.7tNycvupL6/llvm/include/llvm/ADT/PointerSumType.h
-- Installing: /tmp/tmp.7tNycvupL6/llvm/include/llvm/ADT/StringMapEntry.h
-- Installing: /tmp/tmp.7tNycvupL6/llvm/include/llvm/ADT/BitmaskEnum.h
-- Installing: /tmp/tmp.7tNycvupL6/llvm/include/llvm/ADT/SCCIterator.h
-- Installing: /tmp/tmp.7tNycvupL6/llvm/include/llvm/ADT/IntEqClasses.h
-- Installing: /tmp/tmp.7tNycvupL6/llvm/include/llvm/ADT/GenericUniformityImpl.h
-- Installing: /tmp/tmp.7tNycvupL6/llvm/include/llvm/ADT/StringMap.h
-- Installing: /tmp/tmp.7tNycvupL6/llvm/include/llvm/ADT/ScopeExit.h
-- Installing: /tmp/tmp.7tNycvupL6/llvm/include/llvm/ADT/BitVector.h
-- Installing: /tmp/tmp.7tNycvupL6/llvm/include/llvm/ADT/Statistic.h
-- Installing: /tmp/tmp.7tNycvupL6/llvm/include/llvm/ADT/AddressRanges.h
-- Installing: /tmp/tmp.7tNycvupL6/llvm/include/llvm/ADT/SetVector.h
-- Installing: /tmp/tmp.7tNycvupL6/llvm/include/llvm/ADT/Bitfields.h
-- Installing: /tmp/tmp.7tNycvupL6/llvm/include/llvm/ADT/FunctionExtras.h
-- Installing: /tmp/tmp.7tNycvupL6/llvm/include/llvm/ADT/Optional.h
-- Installing: /tmp/tmp.7tNycvupL6/llvm/include/llvm/Passes
-- Installing: /tmp/tmp.7tNycvupL6/llvm/include/llvm/Passes/OptimizationLevel.h
-- Installing: /tmp/tmp.7tNycvupL6/llvm/include/llvm/Passes/StandardInstrumentations.h
-- Installing: /tmp/tmp.7tNycvupL6/llvm/include/llvm/Passes/PassPlugin.h
-- Installing: /tmp/tmp.7tNycvupL6/llvm/include/llvm/Passes/PassBuilder.h
-- Installing: /tmp/tmp.7tNycvupL6/llvm/include/llvm/ToolDrivers
-- Installing: /tmp/tmp.7tNycvupL6/llvm/include/llvm/ToolDrivers/llvm-dlltool
-- Installing: /tmp/tmp.7tNycvupL6/llvm/include/llvm/ToolDrivers/llvm-dlltool/DlltoolDriver.h
-- Installing: /tmp/tmp.7tNycvupL6/llvm/include/llvm/ToolDrivers/llvm-lib
-- Installing: /tmp/tmp.7tNycvupL6/llvm/include/llvm/ToolDrivers/llvm-lib/LibDriver.h
-- Installing: /tmp/tmp.7tNycvupL6/llvm/include/llvm/DWARFLinkerParallel
-- Installing: /tmp/tmp.7tNycvupL6/llvm/include/llvm/DWARFLinkerParallel/DWARFLinker.h
-- Installing: /tmp/tmp.7tNycvupL6/llvm/include/llvm/CodeGen
-- Installing: /tmp/tmp.7tNycvupL6/llvm/include/llvm/CodeGen/CFIFixup.h
-- Installing: /tmp/tmp.7tNycvupL6/llvm/include/llvm/CodeGen/CSEConfigBase.h
-- Installing: /tmp/tmp.7tNycvupL6/llvm/include/llvm/CodeGen/SelectionDAGNodes.h
-- Installing: /tmp/tmp.7tNycvupL6/llvm/include/llvm/CodeGen/ValueTypes.td
-- Installing: /tmp/tmp.7tNycvupL6/llvm/include/llvm/CodeGen/AssignmentTrackingAnalysis.h
-- Installing: /tmp/tmp.7tNycvupL6/llvm/include/llvm/CodeGen/WinEHFuncInfo.h
-- Installing: /tmp/tmp.7tNycvupL6/llvm/include/llvm/CodeGen/ParallelCG.h
-- Installing: /tmp/tmp.7tNycvupL6/llvm/include/llvm/CodeGen/SwiftErrorValueTracking.h
-- Installing: /tmp/tmp.7tNycvupL6/llvm/include/llvm/CodeGen/RegisterUsageInfo.h
-- Installing: /tmp/tmp.7tNycvupL6/llvm/include/llvm/CodeGen/MachineLoopUtils.h
-- Installing: /tmp/tmp.7tNycvupL6/llvm/include/llvm/CodeGen/BasicTTIImpl.h
-- Installing: /tmp/tmp.7tNycvupL6/llvm/include/llvm/CodeGen/MachineBlockFrequencyInfo.h
-- Installing: /tmp/tmp.7tNycvupL6/llvm/include/llvm/CodeGen/SwitchLoweringUtils.h
-- Installing: /tmp/tmp.7tNycvupL6/llvm/include/llvm/CodeGen/TargetSubtargetInfo.h
-- Installing: /tmp/tmp.7tNycvupL6/llvm/include/llvm/CodeGen/DFAPacketizer.h
-- Installing: /tmp/tmp.7tNycvupL6/llvm/include/llvm/CodeGen/MachineOptimizationRemarkEmitter.h
-- Installing: /tmp/tmp.7tNycvupL6/llvm/include/llvm/CodeGen/GCMetadataPrinter.h
-- Installing: /tmp/tmp.7tNycvupL6/llvm/include/llvm/CodeGen/RegisterBankInfo.h
-- Installing: /tmp/tmp.7tNycvupL6/llvm/include/llvm/CodeGen/FastISel.h
-- Installing: /tmp/tmp.7tNycvupL6/llvm/include/llvm/CodeGen/MachineFrameInfo.h
-- Installing: /tmp/tmp.7tNycvupL6/llvm/include/llvm/CodeGen/DebugHandlerBase.h
-- Installing: /tmp/tmp.7tNycvupL6/llvm/include/llvm/CodeGen/LinkAllCodegenComponents.h
-- Installing: /tmp/tmp.7tNycvupL6/llvm/include/llvm/CodeGen/AntiDepBreaker.h
-- Installing: /tmp/tmp.7tNycvupL6/llvm/include/llvm/CodeGen/TargetSchedule.h
-- Installing: /tmp/tmp.7tNycvupL6/llvm/include/llvm/CodeGen/LoopTraversal.h
-- Installing: /tmp/tmp.7tNycvupL6/llvm/include/llvm/CodeGen/PBQPRAConstraint.h
-- Installing: /tmp/tmp.7tNycvupL6/llvm/include/llvm/CodeGen/SelectionDAGTargetInfo.h
-- Installing: /tmp/tmp.7tNycvupL6/llvm/include/llvm/CodeGen/MachineModuleInfo.h
-- Installing: /tmp/tmp.7tNycvupL6/llvm/include/llvm/CodeGen/GCMetadata.h
-- Installing: /tmp/tmp.7tNycvupL6/llvm/include/llvm/CodeGen/TargetLoweringObjectFileImpl.h
-- Installing: /tmp/tmp.7tNycvupL6/llvm/include/llvm/CodeGen/FaultMaps.h
-- Installing: /tmp/tmp.7tNycvupL6/llvm/include/llvm/CodeGen/MachineConstantPool.h
-- Installing: /tmp/tmp.7tNycvupL6/llvm/include/llvm/CodeGen/UnreachableBlockElim.h
-- Installing: /tmp/tmp.7tNycvupL6/llvm/include/llvm/CodeGen/RegisterClassInfo.h
-- Installing: /tmp/tmp.7tNycvupL6/llvm/include/llvm/CodeGen/MIRParser
-- Installing: /tmp/tmp.7tNycvupL6/llvm/include/llvm/CodeGen/MIRParser/MIRParser.h
-- Installing: /tmp/tmp.7tNycvupL6/llvm/include/llvm/CodeGen/MIRParser/MIParser.h
-- Installing: /tmp/tmp.7tNycvupL6/llvm/include/llvm/CodeGen/LiveStacks.h
-- Installing: /tmp/tmp.7tNycvupL6/llvm/include/llvm/CodeGen/MachineInstrBundleIterator.h
-- Installing: /tmp/tmp.7tNycvupL6/llvm/include/llvm/CodeGen/DIE.h
-- Installing: /tmp/tmp.7tNycvupL6/llvm/include/llvm/CodeGen/TargetInstrInfo.h
-- Installing: /tmp/tmp.7tNycvupL6/llvm/include/llvm/CodeGen/MachineDominanceFrontier.h
-- Installing: /tmp/tmp.7tNycvupL6/llvm/include/llvm/CodeGen/CallingConvLower.h
-- Installing: /tmp/tmp.7tNycvupL6/llvm/include/llvm/CodeGen/MachineRegisterInfo.h
-- Installing: /tmp/tmp.7tNycvupL6/llvm/include/llvm/CodeGen/MachineMemOperand.h
-- Installing: /tmp/tmp.7tNycvupL6/llvm/include/llvm/CodeGen/RegisterScavenging.h
-- Installing: /tmp/tmp.7tNycvupL6/llvm/include/llvm/CodeGen/PreISelIntrinsicLowering.h
-- Installing: /tmp/tmp.7tNycvupL6/llvm/include/llvm/CodeGen/AsmPrinterHandler.h
-- Installing: /tmp/tmp.7tNycvupL6/llvm/include/llvm/CodeGen/WasmEHFuncInfo.h
-- Installing: /tmp/tmp.7tNycvupL6/llvm/include/llvm/CodeGen/Register.h
-- Installing: /tmp/tmp.7tNycvupL6/llvm/include/llvm/CodeGen/RuntimeLibcalls.h
-- Installing: /tmp/tmp.7tNycvupL6/llvm/include/llvm/CodeGen/ScheduleDAGMutation.h
-- Installing: /tmp/tmp.7tNycvupL6/llvm/include/llvm/CodeGen/ReachingDefAnalysis.h
-- Installing: /tmp/tmp.7tNycvupL6/llvm/include/llvm/CodeGen/MachORelocation.h
-- Installing: /tmp/tmp.7tNycvupL6/llvm/include/llvm/CodeGen/ScoreboardHazardRecognizer.h
-- Installing: /tmp/tmp.7tNycvupL6/llvm/include/llvm/CodeGen/TileShapeInfo.h
-- Installing: /tmp/tmp.7tNycvupL6/llvm/include/llvm/CodeGen/SDNodeProperties.td
-- Installing: /tmp/tmp.7tNycvupL6/llvm/include/llvm/CodeGen/MachineInstrBuilder.h
-- Installing: /tmp/tmp.7tNycvupL6/llvm/include/llvm/CodeGen/MachineUniformityAnalysis.h
-- Installing: /tmp/tmp.7tNycvupL6/llvm/include/llvm/CodeGen/LatencyPriorityQueue.h
-- Installing: /tmp/tmp.7tNycvupL6/llvm/include/llvm/CodeGen/EdgeBundles.h
-- Installing: /tmp/tmp.7tNycvupL6/llvm/include/llvm/CodeGen/ValueTypes.h
-- Installing: /tmp/tmp.7tNycvupL6/llvm/include/llvm/CodeGen/RegAllocRegistry.h
-- Installing: /tmp/tmp.7tNycvupL6/llvm/include/llvm/CodeGen/ExpandReductions.h
-- Installing: /tmp/tmp.7tNycvupL6/llvm/include/llvm/CodeGen/TypePromotion.h
-- Installing: /tmp/tmp.7tNycvupL6/llvm/include/llvm/CodeGen/StackProtector.h
-- Installing: /tmp/tmp.7tNycvupL6/llvm/include/llvm/CodeGen/CostTable.h
-- Installing: /tmp/tmp.7tNycvupL6/llvm/include/llvm/CodeGen/MachineBranchProbabilityInfo.h
-- Installing: /tmp/tmp.7tNycvupL6/llvm/include/llvm/CodeGen/TargetPassConfig.h
-- Installing: /tmp/tmp.7tNycvupL6/llvm/include/llvm/CodeGen/MachineScheduler.h
-- Installing: /tmp/tmp.7tNycvupL6/llvm/include/llvm/CodeGen/TargetRegisterInfo.h
-- Installing: /tmp/tmp.7tNycvupL6/llvm/include/llvm/CodeGen/RegisterBank.h
-- Installing: /tmp/tmp.7tNycvupL6/llvm/include/llvm/CodeGen/LazyMachineBlockFrequencyInfo.h
-- Installing: /tmp/tmp.7tNycvupL6/llvm/include/llvm/CodeGen/MIRFSDiscriminator.h
-- Installing: /tmp/tmp.7tNycvupL6/llvm/include/llvm/CodeGen/MachineSSAUpdater.h
-- Installing: /tmp/tmp.7tNycvupL6/llvm/include/llvm/CodeGen/LiveInterval.h
-- Installing: /tmp/tmp.7tNycvupL6/llvm/include/llvm/CodeGen/MachineStableHash.h
-- Installing: /tmp/tmp.7tNycvupL6/llvm/include/llvm/CodeGen/ScheduleHazardRecognizer.h
-- Installing: /tmp/tmp.7tNycvupL6/llvm/include/llvm/CodeGen/LinkAllAsmWriterComponents.h
-- Installing: /tmp/tmp.7tNycvupL6/llvm/include/llvm/CodeGen/DAGCombine.h
-- Installing: /tmp/tmp.7tNycvupL6/llvm/include/llvm/CodeGen/RegAllocPBQP.h
-- Installing: /tmp/tmp.7tNycvupL6/llvm/include/llvm/CodeGen/MachinePipeliner.h
-- Installing: /tmp/tmp.7tNycvupL6/llvm/include/llvm/CodeGen/MachineInstr.h
-- Installing: /tmp/tmp.7tNycvupL6/llvm/include/llvm/CodeGen/MachineOperand.h
-- Installing: /tmp/tmp.7tNycvupL6/llvm/include/llvm/CodeGen/ExpandVectorPredication.h
-- Installing: /tmp/tmp.7tNycvupL6/llvm/include/llvm/CodeGen/MultiHazardRecognizer.h
-- Installing: /tmp/tmp.7tNycvupL6/llvm/include/llvm/CodeGen/TailDuplicator.h
-- Installing: /tmp/tmp.7tNycvupL6/llvm/include/llvm/CodeGen/MIRPrinter.h
-- Installing: /tmp/tmp.7tNycvupL6/llvm/include/llvm/CodeGen/MachinePassRegistry.h
-- Installing: /tmp/tmp.7tNycvupL6/llvm/include/llvm/CodeGen/LexicalScopes.h
-- Installing: /tmp/tmp.7tNycvupL6/llvm/include/llvm/CodeGen/RegAllocCommon.h
-- Installing: /tmp/tmp.7tNycvupL6/llvm/include/llvm/CodeGen/ISDOpcodes.h
-- Installing: /tmp/tmp.7tNycvupL6/llvm/include/llvm/CodeGen/RegisterPressure.h
-- Installing: /tmp/tmp.7tNycvupL6/llvm/include/llvm/CodeGen/StableHashing.h
-- Installing: /tmp/tmp.7tNycvupL6/llvm/include/llvm/CodeGen/GlobalISel
-- Installing: /tmp/tmp.7tNycvupL6/llvm/include/llvm/CodeGen/GlobalISel/GISelKnownBits.h
-- Installing: /tmp/tmp.7tNycvupL6/llvm/include/llvm/CodeGen/GlobalISel/MachineIRBuilder.h
-- Installing: /tmp/tmp.7tNycvupL6/llvm/include/llvm/CodeGen/GlobalISel/GenericMachineInstrs.h
-- Installing: /tmp/tmp.7tNycvupL6/llvm/include/llvm/CodeGen/GlobalISel/RegBankSelect.h
-- Installing: /tmp/tmp.7tNycvupL6/llvm/include/llvm/CodeGen/GlobalISel/CombinerHelper.h
-- Installing: /tmp/tmp.7tNycvupL6/llvm/include/llvm/CodeGen/GlobalISel/LegacyLegalizerInfo.h
-- Installing: /tmp/tmp.7tNycvupL6/llvm/include/llvm/CodeGen/GlobalISel/LegalizerInfo.h
-- Installing: /tmp/tmp.7tNycvupL6/llvm/include/llvm/CodeGen/GlobalISel/GISelChangeObserver.h
-- Installing: /tmp/tmp.7tNycvupL6/llvm/include/llvm/CodeGen/GlobalISel/Utils.h
-- Installing: /tmp/tmp.7tNycvupL6/llvm/include/llvm/CodeGen/GlobalISel/InstructionSelector.h
-- Installing: /tmp/tmp.7tNycvupL6/llvm/include/llvm/CodeGen/GlobalISel/GISelWorkList.h
-- Installing: /tmp/tmp.7tNycvupL6/llvm/include/llvm/CodeGen/GlobalISel/LostDebugLocObserver.h
-- Installing: /tmp/tmp.7tNycvupL6/llvm/include/llvm/CodeGen/GlobalISel/LoadStoreOpt.h
-- Installing: /tmp/tmp.7tNycvupL6/llvm/include/llvm/CodeGen/GlobalISel/IRTranslator.h
-- Installing: /tmp/tmp.7tNycvupL6/llvm/include/llvm/CodeGen/GlobalISel/CSEMIRBuilder.h
-- Installing: /tmp/tmp.7tNycvupL6/llvm/include/llvm/CodeGen/GlobalISel/CSEInfo.h
-- Installing: /tmp/tmp.7tNycvupL6/llvm/include/llvm/CodeGen/GlobalISel/InlineAsmLowering.h
-- Installing: /tmp/tmp.7tNycvupL6/llvm/include/llvm/CodeGen/GlobalISel/MIPatternMatch.h
-- Installing: /tmp/tmp.7tNycvupL6/llvm/include/llvm/CodeGen/GlobalISel/InstructionSelect.h
-- Installing: /tmp/tmp.7tNycvupL6/llvm/include/llvm/CodeGen/GlobalISel/LegalizerHelper.h
-- Installing: /tmp/tmp.7tNycvupL6/llvm/include/llvm/CodeGen/GlobalISel/Localizer.h
-- Installing: /tmp/tmp.7tNycvupL6/llvm/include/llvm/CodeGen/GlobalISel/Combiner.h
-- Installing: /tmp/tmp.7tNycvupL6/llvm/include/llvm/CodeGen/GlobalISel/LegalizationArtifactCombiner.h
-- Installing: /tmp/tmp.7tNycvupL6/llvm/include/llvm/CodeGen/GlobalISel/CombinerInfo.h
-- Installing: /tmp/tmp.7tNycvupL6/llvm/include/llvm/CodeGen/GlobalISel/CallLowering.h
-- Installing: /tmp/tmp.7tNycvupL6/llvm/include/llvm/CodeGen/GlobalISel/InstructionSelectorImpl.h
-- Installing: /tmp/tmp.7tNycvupL6/llvm/include/llvm/CodeGen/GlobalISel/Legalizer.h
-- Installing: /tmp/tmp.7tNycvupL6/llvm/include/llvm/CodeGen/DwarfStringPoolEntry.h
-- Installing: /tmp/tmp.7tNycvupL6/llvm/include/llvm/CodeGen/MachinePassManager.h
-- Installing: /tmp/tmp.7tNycvupL6/llvm/include/llvm/CodeGen/LiveRangeCalc.h
-- Installing: /tmp/tmp.7tNycvupL6/llvm/include/llvm/CodeGen/MachineLoopInfo.h
-- Installing: /tmp/tmp.7tNycvupL6/llvm/include/llvm/CodeGen/TargetLowering.h
-- Installing: /tmp/tmp.7tNycvupL6/llvm/include/llvm/CodeGen/MIRSampleProfile.h
-- Installing: /tmp/tmp.7tNycvupL6/llvm/include/llvm/CodeGen/MachineBasicBlock.h
-- Installing: /tmp/tmp.7tNycvupL6/llvm/include/llvm/CodeGen/MachineFunctionPass.h
-- Installing: /tmp/tmp.7tNycvupL6/llvm/include/llvm/CodeGen/IndirectThunks.h
-- Installing: /tmp/tmp.7tNycvupL6/llvm/include/llvm/CodeGen/CalcSpillWeights.h
-- Installing: /tmp/tmp.7tNycvupL6/llvm/include/llvm/CodeGen/RDFLiveness.h
-- Installing: /tmp/tmp.7tNycvupL6/llvm/include/llvm/CodeGen/LiveIntervalCalc.h
-- Installing: /tmp/tmp.7tNycvupL6/llvm/include/llvm/CodeGen/MacroFusion.h
-- Installing: /tmp/tmp.7tNycvupL6/llvm/include/llvm/CodeGen/ModuloSchedule.h
-- Installing: /tmp/tmp.7tNycvupL6/llvm/include/llvm/CodeGen/DIEValue.def
-- Installing: /tmp/tmp.7tNycvupL6/llvm/include/llvm/CodeGen/LiveIntervals.h
-- Installing: /tmp/tmp.7tNycvupL6/llvm/include/llvm/CodeGen/CodeGenPassBuilder.h
-- Installing: /tmp/tmp.7tNycvupL6/llvm/include/llvm/CodeGen/LiveRangeEdit.h
-- Installing: /tmp/tmp.7tNycvupL6/llvm/include/llvm/CodeGen/TargetCallingConv.h
-- Installing: /tmp/tmp.7tNycvupL6/llvm/include/llvm/CodeGen/Spiller.h
-- Installing: /tmp/tmp.7tNycvupL6/llvm/include/llvm/CodeGen/ScheduleDAGInstrs.h
-- Installing: /tmp/tmp.7tNycvupL6/llvm/include/llvm/CodeGen/ResourcePriorityQueue.h
-- Installing: /tmp/tmp.7tNycvupL6/llvm/include/llvm/CodeGen/MachineModuleSlotTracker.h
-- Installing: /tmp/tmp.7tNycvupL6/llvm/include/llvm/CodeGen/AsmPrinter.h
-- Installing: /tmp/tmp.7tNycvupL6/llvm/include/llvm/CodeGen/LiveVariables.h
-- Installing: /tmp/tmp.7tNycvupL6/llvm/include/llvm/CodeGen/BasicBlockSectionUtils.h
-- Installing: /tmp/tmp.7tNycvupL6/llvm/include/llvm/CodeGen/DbgEntityHistoryCalculator.h
-- Installing: /tmp/tmp.7tNycvupL6/llvm/include/llvm/CodeGen/PseudoSourceValue.h
-- Installing: /tmp/tmp.7tNycvupL6/llvm/include/llvm/CodeGen/TargetOpcodes.h
-- Installing: /tmp/tmp.7tNycvupL6/llvm/include/llvm/CodeGen/SelectionDAGISel.h
-- Installing: /tmp/tmp.7tNycvupL6/llvm/include/llvm/CodeGen/MIRFormatter.h
-- Installing: /tmp/tmp.7tNycvupL6/llvm/include/llvm/CodeGen/MBFIWrapper.h
-- Installing: /tmp/tmp.7tNycvupL6/llvm/include/llvm/CodeGen/LowLevelType.h
-- Installing: /tmp/tmp.7tNycvupL6/llvm/include/llvm/CodeGen/MachineFunction.h
-- Installing: /tmp/tmp.7tNycvupL6/llvm/include/llvm/CodeGen/TargetFrameLowering.h
-- Installing: /tmp/tmp.7tNycvupL6/llvm/include/llvm/CodeGen/ExecutionDomainFix.h
-- Installing: /tmp/tmp.7tNycvupL6/llvm/include/llvm/CodeGen/MachineModuleInfoImpls.h
-- Installing: /tmp/tmp.7tNycvupL6/llvm/include/llvm/CodeGen/ScheduleDAG.h
-- Installing: /tmp/tmp.7tNycvupL6/llvm/include/llvm/CodeGen/LiveRegMatrix.h
-- Installing: /tmp/tmp.7tNycvupL6/llvm/include/llvm/CodeGen/SchedulerRegistry.h
-- Installing: /tmp/tmp.7tNycvupL6/llvm/include/llvm/CodeGen/Analysis.h
-- Installing: /tmp/tmp.7tNycvupL6/llvm/include/llvm/CodeGen/PBQP
-- Installing: /tmp/tmp.7tNycvupL6/llvm/include/llvm/CodeGen/PBQP/Graph.h
-- Installing: /tmp/tmp.7tNycvupL6/llvm/include/llvm/CodeGen/PBQP/CostAllocator.h
-- Installing: /tmp/tmp.7tNycvupL6/llvm/include/llvm/CodeGen/PBQP/Solution.h
-- Installing: /tmp/tmp.7tNycvupL6/llvm/include/llvm/CodeGen/PBQP/Math.h
-- Installing: /tmp/tmp.7tNycvupL6/llvm/include/llvm/CodeGen/PBQP/ReductionRules.h
-- Installing: /tmp/tmp.7tNycvupL6/llvm/include/llvm/CodeGen/MachineInstrBundle.h
-- Installing: /tmp/tmp.7tNycvupL6/llvm/include/llvm/CodeGen/LiveRegUnits.h
-- Installing: /tmp/tmp.7tNycvupL6/llvm/include/llvm/CodeGen/MachineCombinerPattern.h
-- Installing: /tmp/tmp.7tNycvupL6/llvm/include/llvm/CodeGen/MachinePostDominators.h
-- Installing: /tmp/tmp.7tNycvupL6/llvm/include/llvm/CodeGen/ComplexDeinterleavingPass.h
-- Installing: /tmp/tmp.7tNycvupL6/llvm/include/llvm/CodeGen/MachineCFGPrinter.h
-- Installing: /tmp/tmp.7tNycvupL6/llvm/include/llvm/CodeGen/MachineCycleAnalysis.h
-- Installing: /tmp/tmp.7tNycvupL6/llvm/include/llvm/CodeGen/MachineRegionInfo.h
-- Installing: /tmp/tmp.7tNycvupL6/llvm/include/llvm/CodeGen/LivePhysRegs.h
-- Installing: /tmp/tmp.7tNycvupL6/llvm/include/llvm/CodeGen/MachineSSAContext.h
-- Installing: /tmp/tmp.7tNycvupL6/llvm/include/llvm/CodeGen/Passes.h
-- Installing: /tmp/tmp.7tNycvupL6/llvm/include/llvm/CodeGen/LiveIntervalUnion.h
-- Installing: /tmp/tmp.7tNycvupL6/llvm/include/llvm/CodeGen/IntrinsicLowering.h
-- Installing: /tmp/tmp.7tNycvupL6/llvm/include/llvm/CodeGen/MachineSizeOpts.h
-- Installing: /tmp/tmp.7tNycvupL6/llvm/include/llvm/CodeGen/NonRelocatableStringpool.h
-- Installing: /tmp/tmp.7tNycvupL6/llvm/include/llvm/CodeGen/VLIWMachineScheduler.h
-- Installing: /tmp/tmp.7tNycvupL6/llvm/include/llvm/CodeGen/BasicBlockSectionsProfileReader.h
-- Installing: /tmp/tmp.7tNycvupL6/llvm/include/llvm/CodeGen/SelectionDAGAddressAnalysis.h
-- Installing: /tmp/tmp.7tNycvupL6/llvm/include/llvm/CodeGen/StackMaps.h
-- Installing: /tmp/tmp.7tNycvupL6/llvm/include/llvm/CodeGen/AtomicExpandUtils.h
-- Installing: /tmp/tmp.7tNycvupL6/llvm/include/llvm/CodeGen/CodeGenCommonISel.h
-- Installing: /tmp/tmp.7tNycvupL6/llvm/include/llvm/CodeGen/AccelTable.h
-- Installing: /tmp/tmp.7tNycvupL6/llvm/include/llvm/CodeGen/SlotIndexes.h
-- Installing: /tmp/tmp.7tNycvupL6/llvm/include/llvm/CodeGen/MachineJumpTableInfo.h
-- Installing: /tmp/tmp.7tNycvupL6/llvm/include/llvm/CodeGen/MachineOutliner.h
-- Installing: /tmp/tmp.7tNycvupL6/llvm/include/llvm/CodeGen/FunctionLoweringInfo.h
-- Installing: /tmp/tmp.7tNycvupL6/llvm/include/llvm/CodeGen/MachinePassRegistry.def
-- Installing: /tmp/tmp.7tNycvupL6/llvm/include/llvm/CodeGen/MIRYamlMapping.h
-- Installing: /tmp/tmp.7tNycvupL6/llvm/include/llvm/CodeGen/SelectionDAG.h
-- Installing: /tmp/tmp.7tNycvupL6/llvm/include/llvm/CodeGen/RDFGraph.h
-- Installing: /tmp/tmp.7tNycvupL6/llvm/include/llvm/CodeGen/MachineTraceMetrics.h
-- Installing: /tmp/tmp.7tNycvupL6/llvm/include/llvm/CodeGen/ReplaceWithVeclib.h
-- Installing: /tmp/tmp.7tNycvupL6/llvm/include/llvm/CodeGen/ScheduleDFS.h
-- Installing: /tmp/tmp.7tNycvupL6/llvm/include/llvm/CodeGen/MachineDominators.h
-- Installing: /tmp/tmp.7tNycvupL6/llvm/include/llvm/CodeGen/VirtRegMap.h
-- Installing: /tmp/tmp.7tNycvupL6/llvm/include/llvm/CodeGen/CommandFlags.h
-- Installing: /tmp/tmp.7tNycvupL6/llvm/include/llvm/CodeGen/RDFRegisters.h
-- Installing: /tmp/tmp.7tNycvupL6/llvm/include/llvm/InterfaceStub
-- Installing: /tmp/tmp.7tNycvupL6/llvm/include/llvm/InterfaceStub/ELFObjHandler.h
-- Installing: /tmp/tmp.7tNycvupL6/llvm/include/llvm/InterfaceStub/IFSStub.h
-- Installing: /tmp/tmp.7tNycvupL6/llvm/include/llvm/InterfaceStub/IFSHandler.h
-- Installing: /tmp/tmp.7tNycvupL6/llvm/include/llvm/LinkAllIR.h
-- Installing: /tmp/tmp.7tNycvupL6/llvm/include/llvm/PassAnalysisSupport.h
-- Installing: /tmp/tmp.7tNycvupL6/llvm/include/llvm/Bitcode
-- Installing: /tmp/tmp.7tNycvupL6/llvm/include/llvm/Bitcode/BitcodeConvenience.h
-- Installing: /tmp/tmp.7tNycvupL6/llvm/include/llvm/Bitcode/LLVMBitCodes.h
-- Installing: /tmp/tmp.7tNycvupL6/llvm/include/llvm/Bitcode/BitcodeAnalyzer.h
-- Installing: /tmp/tmp.7tNycvupL6/llvm/include/llvm/Bitcode/BitcodeWriterPass.h
-- Installing: /tmp/tmp.7tNycvupL6/llvm/include/llvm/Bitcode/BitcodeCommon.h
-- Installing: /tmp/tmp.7tNycvupL6/llvm/include/llvm/Bitcode/BitcodeReader.h
-- Installing: /tmp/tmp.7tNycvupL6/llvm/include/llvm/Bitcode/BitcodeWriter.h
-- Installing: /tmp/tmp.7tNycvupL6/llvm/include/llvm/LTO
-- Installing: /tmp/tmp.7tNycvupL6/llvm/include/llvm/LTO/LTO.h
-- Installing: /tmp/tmp.7tNycvupL6/llvm/include/llvm/LTO/legacy
-- Installing: /tmp/tmp.7tNycvupL6/llvm/include/llvm/LTO/legacy/ThinLTOCodeGenerator.h
-- Installing: /tmp/tmp.7tNycvupL6/llvm/include/llvm/LTO/legacy/LTOCodeGenerator.h
-- Installing: /tmp/tmp.7tNycvupL6/llvm/include/llvm/LTO/legacy/UpdateCompilerUsed.h
-- Installing: /tmp/tmp.7tNycvupL6/llvm/include/llvm/LTO/legacy/LTOModule.h
-- Installing: /tmp/tmp.7tNycvupL6/llvm/include/llvm/LTO/LTOBackend.h
-- Installing: /tmp/tmp.7tNycvupL6/llvm/include/llvm/LTO/SummaryBasedOptimizations.h
-- Installing: /tmp/tmp.7tNycvupL6/llvm/include/llvm/LTO/Config.h
-- Installing: /tmp/tmp.7tNycvupL6/llvm/include/llvm/MCA
-- Installing: /tmp/tmp.7tNycvupL6/llvm/include/llvm/MCA/HWEventListener.h
-- Installing: /tmp/tmp.7tNycvupL6/llvm/include/llvm/MCA/HardwareUnits
-- Installing: /tmp/tmp.7tNycvupL6/llvm/include/llvm/MCA/HardwareUnits/RetireControlUnit.h
-- Installing: /tmp/tmp.7tNycvupL6/llvm/include/llvm/MCA/HardwareUnits/ResourceManager.h
-- Installing: /tmp/tmp.7tNycvupL6/llvm/include/llvm/MCA/HardwareUnits/Scheduler.h
-- Installing: /tmp/tmp.7tNycvupL6/llvm/include/llvm/MCA/HardwareUnits/HardwareUnit.h
-- Installing: /tmp/tmp.7tNycvupL6/llvm/include/llvm/MCA/HardwareUnits/LSUnit.h
-- Installing: /tmp/tmp.7tNycvupL6/llvm/include/llvm/MCA/HardwareUnits/RegisterFile.h
-- Installing: /tmp/tmp.7tNycvupL6/llvm/include/llvm/MCA/Pipeline.h
-- Installing: /tmp/tmp.7tNycvupL6/llvm/include/llvm/MCA/IncrementalSourceMgr.h
-- Installing: /tmp/tmp.7tNycvupL6/llvm/include/llvm/MCA/Context.h
-- Installing: /tmp/tmp.7tNycvupL6/llvm/include/llvm/MCA/CodeEmitter.h
-- Installing: /tmp/tmp.7tNycvupL6/llvm/include/llvm/MCA/SourceMgr.h
-- Installing: /tmp/tmp.7tNycvupL6/llvm/include/llvm/MCA/CustomBehaviour.h
-- Installing: /tmp/tmp.7tNycvupL6/llvm/include/llvm/MCA/View.h
-- Installing: /tmp/tmp.7tNycvupL6/llvm/include/llvm/MCA/Stages
-- Installing: /tmp/tmp.7tNycvupL6/llvm/include/llvm/MCA/Stages/RetireStage.h
-- Installing: /tmp/tmp.7tNycvupL6/llvm/include/llvm/MCA/Stages/MicroOpQueueStage.h
-- Installing: /tmp/tmp.7tNycvupL6/llvm/include/llvm/MCA/Stages/Stage.h
-- Installing: /tmp/tmp.7tNycvupL6/llvm/include/llvm/MCA/Stages/DispatchStage.h
-- Installing: /tmp/tmp.7tNycvupL6/llvm/include/llvm/MCA/Stages/InstructionTables.h
-- Installing: /tmp/tmp.7tNycvupL6/llvm/include/llvm/MCA/Stages/ExecuteStage.h
-- Installing: /tmp/tmp.7tNycvupL6/llvm/include/llvm/MCA/Stages/EntryStage.h
-- Installing: /tmp/tmp.7tNycvupL6/llvm/include/llvm/MCA/Stages/InOrderIssueStage.h
-- Installing: /tmp/tmp.7tNycvupL6/llvm/include/llvm/MCA/Instruction.h
-- Installing: /tmp/tmp.7tNycvupL6/llvm/include/llvm/MCA/InstrBuilder.h
-- Installing: /tmp/tmp.7tNycvupL6/llvm/include/llvm/MCA/Support.h
-- Installing: /tmp/tmp.7tNycvupL6/llvm/include/llvm/Transforms
-- Installing: /tmp/tmp.7tNycvupL6/llvm/include/llvm/Transforms/AggressiveInstCombine
-- Installing: /tmp/tmp.7tNycvupL6/llvm/include/llvm/Transforms/AggressiveInstCombine/AggressiveInstCombine.h
-- Installing: /tmp/tmp.7tNycvupL6/llvm/include/llvm/Transforms/IPO.h
-- Installing: /tmp/tmp.7tNycvupL6/llvm/include/llvm/Transforms/Instrumentation
-- Installing: /tmp/tmp.7tNycvupL6/llvm/include/llvm/Transforms/Instrumentation/InstrOrderFile.h
-- Installing: /tmp/tmp.7tNycvupL6/llvm/include/llvm/Transforms/Instrumentation/SanitizerCoverage.h
-- Installing: /tmp/tmp.7tNycvupL6/llvm/include/llvm/Transforms/Instrumentation/SanitizerBinaryMetadata.h
-- Installing: /tmp/tmp.7tNycvupL6/llvm/include/llvm/Transforms/Instrumentation/KCFI.h
-- Installing: /tmp/tmp.7tNycvupL6/llvm/include/llvm/Transforms/Instrumentation/ThreadSanitizer.h
-- Installing: /tmp/tmp.7tNycvupL6/llvm/include/llvm/Transforms/Instrumentation/PoisonChecking.h
-- Installing: /tmp/tmp.7tNycvupL6/llvm/include/llvm/Transforms/Instrumentation/InstrProfiling.h
-- Installing: /tmp/tmp.7tNycvupL6/llvm/include/llvm/Transforms/Instrumentation/DataFlowSanitizer.h
-- Installing: /tmp/tmp.7tNycvupL6/llvm/include/llvm/Transforms/Instrumentation/PGOInstrumentation.h
-- Installing: /tmp/tmp.7tNycvupL6/llvm/include/llvm/Transforms/Instrumentation/AddressSanitizer.h
-- Installing: /tmp/tmp.7tNycvupL6/llvm/include/llvm/Transforms/Instrumentation/GCOVProfiler.h
-- Installing: /tmp/tmp.7tNycvupL6/llvm/include/llvm/Transforms/Instrumentation/MemorySanitizer.h
-- Installing: /tmp/tmp.7tNycvupL6/llvm/include/llvm/Transforms/Instrumentation/MemProfiler.h
-- Installing: /tmp/tmp.7tNycvupL6/llvm/include/llvm/Transforms/Instrumentation/BoundsChecking.h
-- Installing: /tmp/tmp.7tNycvupL6/llvm/include/llvm/Transforms/Instrumentation/AddressSanitizerCommon.h
-- Installing: /tmp/tmp.7tNycvupL6/llvm/include/llvm/Transforms/Instrumentation/AddressSanitizerOptions.h
-- Installing: /tmp/tmp.7tNycvupL6/llvm/include/llvm/Transforms/Instrumentation/ControlHeightReduction.h
-- Installing: /tmp/tmp.7tNycvupL6/llvm/include/llvm/Transforms/Instrumentation/HWAddressSanitizer.h
-- Installing: /tmp/tmp.7tNycvupL6/llvm/include/llvm/Transforms/Instrumentation/CGProfile.h
-- Installing: /tmp/tmp.7tNycvupL6/llvm/include/llvm/Transforms/Vectorize.h
-- Installing: /tmp/tmp.7tNycvupL6/llvm/include/llvm/Transforms/Scalar.h
-- Installing: /tmp/tmp.7tNycvupL6/llvm/include/llvm/Transforms/IPO
-- Installing: /tmp/tmp.7tNycvupL6/llvm/include/llvm/Transforms/IPO/Internalize.h
-- Installing: /tmp/tmp.7tNycvupL6/llvm/include/llvm/Transforms/IPO/AlwaysInliner.h
-- Installing: /tmp/tmp.7tNycvupL6/llvm/include/llvm/Transforms/IPO/HotColdSplitting.h
-- Installing: /tmp/tmp.7tNycvupL6/llvm/include/llvm/Transforms/IPO/ArgumentPromotion.h
-- Installing: /tmp/tmp.7tNycvupL6/llvm/include/llvm/Transforms/IPO/OpenMPOpt.h
-- Installing: /tmp/tmp.7tNycvupL6/llvm/include/llvm/Transforms/IPO/FunctionAttrs.h
-- Installing: /tmp/tmp.7tNycvupL6/llvm/include/llvm/Transforms/IPO/PartialInlining.h
-- Installing: /tmp/tmp.7tNycvupL6/llvm/include/llvm/Transforms/IPO/DeadArgumentElimination.h
-- Installing: /tmp/tmp.7tNycvupL6/llvm/include/llvm/Transforms/IPO/Attributor.h
-- Installing: /tmp/tmp.7tNycvupL6/llvm/include/llvm/Transforms/IPO/ExtractGV.h
-- Installing: /tmp/tmp.7tNycvupL6/llvm/include/llvm/Transforms/IPO/SampleProfileProbe.h
-- Installing: /tmp/tmp.7tNycvupL6/llvm/include/llvm/Transforms/IPO/CrossDSOCFI.h
-- Installing: /tmp/tmp.7tNycvupL6/llvm/include/llvm/Transforms/IPO/BlockExtractor.h
-- Installing: /tmp/tmp.7tNycvupL6/llvm/include/llvm/Transforms/IPO/CalledValuePropagation.h
-- Installing: /tmp/tmp.7tNycvupL6/llvm/include/llvm/Transforms/IPO/ForceFunctionAttrs.h
-- Installing: /tmp/tmp.7tNycvupL6/llvm/include/llvm/Transforms/IPO/ModuleInliner.h
-- Installing: /tmp/tmp.7tNycvupL6/llvm/include/llvm/Transforms/IPO/GlobalSplit.h
-- Installing: /tmp/tmp.7tNycvupL6/llvm/include/llvm/Transforms/IPO/IROutliner.h
-- Installing: /tmp/tmp.7tNycvupL6/llvm/include/llvm/Transforms/IPO/ThinLTOBitcodeWriter.h
-- Installing: /tmp/tmp.7tNycvupL6/llvm/include/llvm/Transforms/IPO/StripDeadPrototypes.h
-- Installing: /tmp/tmp.7tNycvupL6/llvm/include/llvm/Transforms/IPO/SyntheticCountsPropagation.h
-- Installing: /tmp/tmp.7tNycvupL6/llvm/include/llvm/Transforms/IPO/GlobalDCE.h
-- Installing: /tmp/tmp.7tNycvupL6/llvm/include/llvm/Transforms/IPO/GlobalOpt.h
-- Installing: /tmp/tmp.7tNycvupL6/llvm/include/llvm/Transforms/IPO/InferFunctionAttrs.h
-- Installing: /tmp/tmp.7tNycvupL6/llvm/include/llvm/Transforms/IPO/Annotation2Metadata.h
-- Installing: /tmp/tmp.7tNycvupL6/llvm/include/llvm/Transforms/IPO/SCCP.h
-- Installing: /tmp/tmp.7tNycvupL6/llvm/include/llvm/Transforms/IPO/ElimAvailExtern.h
-- Installing: /tmp/tmp.7tNycvupL6/llvm/include/llvm/Transforms/IPO/FunctionImport.h
-- Installing: /tmp/tmp.7tNycvupL6/llvm/include/llvm/Transforms/IPO/LowerTypeTests.h
-- Installing: /tmp/tmp.7tNycvupL6/llvm/include/llvm/Transforms/IPO/Inliner.h
-- Installing: /tmp/tmp.7tNycvupL6/llvm/include/llvm/Transforms/IPO/StripSymbols.h
-- Installing: /tmp/tmp.7tNycvupL6/llvm/include/llvm/Transforms/IPO/SampleContextTracker.h
-- Installing: /tmp/tmp.7tNycvupL6/llvm/include/llvm/Transforms/IPO/ProfiledCallGraph.h
-- Installing: /tmp/tmp.7tNycvupL6/llvm/include/llvm/Transforms/IPO/FunctionSpecialization.h
-- Installing: /tmp/tmp.7tNycvupL6/llvm/include/llvm/Transforms/IPO/LoopExtractor.h
-- Installing: /tmp/tmp.7tNycvupL6/llvm/include/llvm/Transforms/IPO/WholeProgramDevirt.h
-- Installing: /tmp/tmp.7tNycvupL6/llvm/include/llvm/Transforms/IPO/MergeFunctions.h
-- Installing: /tmp/tmp.7tNycvupL6/llvm/include/llvm/Transforms/IPO/SampleProfile.h
-- Installing: /tmp/tmp.7tNycvupL6/llvm/include/llvm/Transforms/IPO/ConstantMerge.h
-- Installing: /tmp/tmp.7tNycvupL6/llvm/include/llvm/Transforms/IPO/PassManagerBuilder.h
-- Installing: /tmp/tmp.7tNycvupL6/llvm/include/llvm/Transforms/Instrumentation.h
-- Installing: /tmp/tmp.7tNycvupL6/llvm/include/llvm/Transforms/CFGuard.h
-- Installing: /tmp/tmp.7tNycvupL6/llvm/include/llvm/Transforms/Utils
-- Installing: /tmp/tmp.7tNycvupL6/llvm/include/llvm/Transforms/Utils/VNCoercion.h
-- Installing: /tmp/tmp.7tNycvupL6/llvm/include/llvm/Transforms/Utils/SplitModule.h
-- Installing: /tmp/tmp.7tNycvupL6/llvm/include/llvm/Transforms/Utils/SizeOpts.h
-- Installing: /tmp/tmp.7tNycvupL6/llvm/include/llvm/Transforms/Utils/UnifyFunctionExitNodes.h
-- Installing: /tmp/tmp.7tNycvupL6/llvm/include/llvm/Transforms/Utils/NameAnonGlobals.h
-- Installing: /tmp/tmp.7tNycvupL6/llvm/include/llvm/Transforms/Utils/SampleProfileLoaderBaseImpl.h
-- Installing: /tmp/tmp.7tNycvupL6/llvm/include/llvm/Transforms/Utils/LowerAtomic.h
-- Installing: /tmp/tmp.7tNycvupL6/llvm/include/llvm/Transforms/Utils/BreakCriticalEdges.h
-- Installing: /tmp/tmp.7tNycvupL6/llvm/include/llvm/Transforms/Utils/CallGraphUpdater.h
-- Installing: /tmp/tmp.7tNycvupL6/llvm/include/llvm/Transforms/Utils/MetaRenamer.h
-- Installing: /tmp/tmp.7tNycvupL6/llvm/include/llvm/Transforms/Utils/SymbolRewriter.h
-- Installing: /tmp/tmp.7tNycvupL6/llvm/include/llvm/Transforms/Utils/LibCallsShrinkWrap.h
-- Installing: /tmp/tmp.7tNycvupL6/llvm/include/llvm/Transforms/Utils/LCSSA.h
-- Installing: /tmp/tmp.7tNycvupL6/llvm/include/llvm/Transforms/Utils/CtorUtils.h
-- Installing: /tmp/tmp.7tNycvupL6/llvm/include/llvm/Transforms/Utils/SSAUpdaterBulk.h
-- Installing: /tmp/tmp.7tNycvupL6/llvm/include/llvm/Transforms/Utils/CodeMoverUtils.h
-- Installing: /tmp/tmp.7tNycvupL6/llvm/include/llvm/Transforms/Utils/FunctionComparator.h
-- Installing: /tmp/tmp.7tNycvupL6/llvm/include/llvm/Transforms/Utils/CanonicalizeAliases.h
-- Installing: /tmp/tmp.7tNycvupL6/llvm/include/llvm/Transforms/Utils/MemoryOpRemark.h
-- Installing: /tmp/tmp.7tNycvupL6/llvm/include/llvm/Transforms/Utils/LoopRotationUtils.h
-- Installing: /tmp/tmp.7tNycvupL6/llvm/include/llvm/Transforms/Utils/PredicateInfo.h
-- Installing: /tmp/tmp.7tNycvupL6/llvm/include/llvm/Transforms/Utils/EscapeEnumerator.h
-- Installing: /tmp/tmp.7tNycvupL6/llvm/include/llvm/Transforms/Utils/AMDGPUEmitPrintf.h
-- Installing: /tmp/tmp.7tNycvupL6/llvm/include/llvm/Transforms/Utils/ScalarEvolutionExpander.h
-- Installing: /tmp/tmp.7tNycvupL6/llvm/include/llvm/Transforms/Utils/SampleProfileLoaderBaseUtil.h
-- Installing: /tmp/tmp.7tNycvupL6/llvm/include/llvm/Transforms/Utils/SimplifyIndVar.h
-- Installing: /tmp/tmp.7tNycvupL6/llvm/include/llvm/Transforms/Utils/FixIrreducible.h
-- Installing: /tmp/tmp.7tNycvupL6/llvm/include/llvm/Transforms/Utils/SCCPSolver.h
-- Installing: /tmp/tmp.7tNycvupL6/llvm/include/llvm/Transforms/Utils/LoopVersioning.h
-- Installing: /tmp/tmp.7tNycvupL6/llvm/include/llvm/Transforms/Utils/MatrixUtils.h
-- Installing: /tmp/tmp.7tNycvupL6/llvm/include/llvm/Transforms/Utils/Evaluator.h
-- Installing: /tmp/tmp.7tNycvupL6/llvm/include/llvm/Transforms/Utils/HelloWorld.h
-- Installing: /tmp/tmp.7tNycvupL6/llvm/include/llvm/Transforms/Utils/InstructionWorklist.h
-- Installing: /tmp/tmp.7tNycvupL6/llvm/include/llvm/Transforms/Utils/LoopSimplify.h
-- Installing: /tmp/tmp.7tNycvupL6/llvm/include/llvm/Transforms/Utils/SimplifyLibCalls.h
-- Installing: /tmp/tmp.7tNycvupL6/llvm/include/llvm/Transforms/Utils/CodeExtractor.h
-- Installing: /tmp/tmp.7tNycvupL6/llvm/include/llvm/Transforms/Utils/LoopUtils.h
-- Installing: /tmp/tmp.7tNycvupL6/llvm/include/llvm/Transforms/Utils/UnrollLoop.h
-- Installing: /tmp/tmp.7tNycvupL6/llvm/include/llvm/Transforms/Utils/SampleProfileInference.h
-- Installing: /tmp/tmp.7tNycvupL6/llvm/include/llvm/Transforms/Utils/MemoryTaggingSupport.h
-- Installing: /tmp/tmp.7tNycvupL6/llvm/include/llvm/Transforms/Utils/MisExpect.h
-- Installing: /tmp/tmp.7tNycvupL6/llvm/include/llvm/Transforms/Utils/StripGCRelocates.h
-- Installing: /tmp/tmp.7tNycvupL6/llvm/include/llvm/Transforms/Utils/GuardUtils.h
-- Installing: /tmp/tmp.7tNycvupL6/llvm/include/llvm/Transforms/Utils/Local.h
-- Installing: /tmp/tmp.7tNycvupL6/llvm/include/llvm/Transforms/Utils/UnifyLoopExits.h
-- Installing: /tmp/tmp.7tNycvupL6/llvm/include/llvm/Transforms/Utils/PromoteMemToReg.h
-- Installing: /tmp/tmp.7tNycvupL6/llvm/include/llvm/Transforms/Utils/FunctionImportUtils.h
-- Installing: /tmp/tmp.7tNycvupL6/llvm/include/llvm/Transforms/Utils/Cloning.h
-- Installing: /tmp/tmp.7tNycvupL6/llvm/include/llvm/Transforms/Utils/GlobalStatus.h
-- Installing: /tmp/tmp.7tNycvupL6/llvm/include/llvm/Transforms/Utils/IntegerDivision.h
-- Installing: /tmp/tmp.7tNycvupL6/llvm/include/llvm/Transforms/Utils/Mem2Reg.h
-- Installing: /tmp/tmp.7tNycvupL6/llvm/include/llvm/Transforms/Utils/LowerInvoke.h
-- Installing: /tmp/tmp.7tNycvupL6/llvm/include/llvm/Transforms/Utils/ValueMapper.h
-- Installing: /tmp/tmp.7tNycvupL6/llvm/include/llvm/Transforms/Utils/SimplifyCFGOptions.h
-- Installing: /tmp/tmp.7tNycvupL6/llvm/include/llvm/Transforms/Utils/LoopPeel.h
-- Installing: /tmp/tmp.7tNycvupL6/llvm/include/llvm/Transforms/Utils/ModuleUtils.h
-- Installing: /tmp/tmp.7tNycvupL6/llvm/include/llvm/Transforms/Utils/CallPromotionUtils.h
-- Installing: /tmp/tmp.7tNycvupL6/llvm/include/llvm/Transforms/Utils/CodeLayout.h
-- Installing: /tmp/tmp.7tNycvupL6/llvm/include/llvm/Transforms/Utils/CanonicalizeFreezeInLoops.h
-- Installing: /tmp/tmp.7tNycvupL6/llvm/include/llvm/Transforms/Utils/LowerGlobalDtors.h
-- Installing: /tmp/tmp.7tNycvupL6/llvm/include/llvm/Transforms/Utils/InstructionNamer.h
-- Installing: /tmp/tmp.7tNycvupL6/llvm/include/llvm/Transforms/Utils/ASanStackFrameLayout.h
-- Installing: /tmp/tmp.7tNycvupL6/llvm/include/llvm/Transforms/Utils/BuildLibCalls.h
-- Installing: /tmp/tmp.7tNycvupL6/llvm/include/llvm/Transforms/Utils/AssumeBundleBuilder.h
-- Installing: /tmp/tmp.7tNycvupL6/llvm/include/llvm/Transforms/Utils/SSAUpdater.h
-- Installing: /tmp/tmp.7tNycvupL6/llvm/include/llvm/Transforms/Utils/AddDiscriminators.h
-- Installing: /tmp/tmp.7tNycvupL6/llvm/include/llvm/Transforms/Utils/LowerSwitch.h
-- Installing: /tmp/tmp.7tNycvupL6/llvm/include/llvm/Transforms/Utils/Debugify.h
-- Installing: /tmp/tmp.7tNycvupL6/llvm/include/llvm/Transforms/Utils/StripNonLineTableDebugInfo.h
-- Installing: /tmp/tmp.7tNycvupL6/llvm/include/llvm/Transforms/Utils/EntryExitInstrumenter.h
-- Installing: /tmp/tmp.7tNycvupL6/llvm/include/llvm/Transforms/Utils/SSAUpdaterImpl.h
-- Installing: /tmp/tmp.7tNycvupL6/llvm/include/llvm/Transforms/Utils/SanitizerStats.h
-- Installing: /tmp/tmp.7tNycvupL6/llvm/include/llvm/Transforms/Utils/LowerMemIntrinsics.h
-- Installing: /tmp/tmp.7tNycvupL6/llvm/include/llvm/Transforms/Utils/LowerIFunc.h
-- Installing: /tmp/tmp.7tNycvupL6/llvm/include/llvm/Transforms/Utils/BypassSlowDivision.h
-- Installing: /tmp/tmp.7tNycvupL6/llvm/include/llvm/Transforms/Utils/InjectTLIMappings.h
-- Installing: /tmp/tmp.7tNycvupL6/llvm/include/llvm/Transforms/Utils/RelLookupTableConverter.h
-- Installing: /tmp/tmp.7tNycvupL6/llvm/include/llvm/Transforms/Utils/BasicBlockUtils.h
-- Installing: /tmp/tmp.7tNycvupL6/llvm/include/llvm/Transforms/Utils.h
-- Installing: /tmp/tmp.7tNycvupL6/llvm/include/llvm/Transforms/ObjCARC.h
-- Installing: /tmp/tmp.7tNycvupL6/llvm/include/llvm/Transforms/Vectorize
-- Installing: /tmp/tmp.7tNycvupL6/llvm/include/llvm/Transforms/Vectorize/SLPVectorizer.h
-- Installing: /tmp/tmp.7tNycvupL6/llvm/include/llvm/Transforms/Vectorize/VectorCombine.h
-- Installing: /tmp/tmp.7tNycvupL6/llvm/include/llvm/Transforms/Vectorize/LoopVectorizationLegality.h
-- Installing: /tmp/tmp.7tNycvupL6/llvm/include/llvm/Transforms/Vectorize/LoopVectorize.h
-- Installing: /tmp/tmp.7tNycvupL6/llvm/include/llvm/Transforms/Vectorize/LoadStoreVectorizer.h
-- Installing: /tmp/tmp.7tNycvupL6/llvm/include/llvm/Transforms/Scalar
-- Installing: /tmp/tmp.7tNycvupL6/llvm/include/llvm/Transforms/Scalar/ADCE.h
-- Installing: /tmp/tmp.7tNycvupL6/llvm/include/llvm/Transforms/Scalar/IVUsersPrinter.h
-- Installing: /tmp/tmp.7tNycvupL6/llvm/include/llvm/Transforms/Scalar/WarnMissedTransforms.h
-- Installing: /tmp/tmp.7tNycvupL6/llvm/include/llvm/Transforms/Scalar/LoopBoundSplit.h
-- Installing: /tmp/tmp.7tNycvupL6/llvm/include/llvm/Transforms/Scalar/TailRecursionElimination.h
-- Installing: /tmp/tmp.7tNycvupL6/llvm/include/llvm/Transforms/Scalar/NewGVN.h
-- Installing: /tmp/tmp.7tNycvupL6/llvm/include/llvm/Transforms/Scalar/StructurizeCFG.h
-- Installing: /tmp/tmp.7tNycvupL6/llvm/include/llvm/Transforms/Scalar/GVN.h
-- Installing: /tmp/tmp.7tNycvupL6/llvm/include/llvm/Transforms/Scalar/DCE.h
-- Installing: /tmp/tmp.7tNycvupL6/llvm/include/llvm/Transforms/Scalar/SimpleLoopUnswitch.h
-- Installing: /tmp/tmp.7tNycvupL6/llvm/include/llvm/Transforms/Scalar/LoopPassManager.h
-- Installing: /tmp/tmp.7tNycvupL6/llvm/include/llvm/Transforms/Scalar/AnnotationRemarks.h
-- Installing: /tmp/tmp.7tNycvupL6/llvm/include/llvm/Transforms/Scalar/LoopSink.h
-- Installing: /tmp/tmp.7tNycvupL6/llvm/include/llvm/Transforms/Scalar/LoopAccessAnalysisPrinter.h
-- Installing: /tmp/tmp.7tNycvupL6/llvm/include/llvm/Transforms/Scalar/LowerAtomicPass.h
-- Installing: /tmp/tmp.7tNycvupL6/llvm/include/llvm/Transforms/Scalar/CorrelatedValuePropagation.h
-- Installing: /tmp/tmp.7tNycvupL6/llvm/include/llvm/Transforms/Scalar/LoopSimplifyCFG.h
-- Installing: /tmp/tmp.7tNycvupL6/llvm/include/llvm/Transforms/Scalar/LoopDeletion.h
-- Installing: /tmp/tmp.7tNycvupL6/llvm/include/llvm/Transforms/Scalar/Reg2Mem.h
-- Installing: /tmp/tmp.7tNycvupL6/llvm/include/llvm/Transforms/Scalar/ScalarizeMaskedMemIntrin.h
-- Installing: /tmp/tmp.7tNycvupL6/llvm/include/llvm/Transforms/Scalar/PartiallyInlineLibCalls.h
-- Installing: /tmp/tmp.7tNycvupL6/llvm/include/llvm/Transforms/Scalar/DivRemPairs.h
-- Installing: /tmp/tmp.7tNycvupL6/llvm/include/llvm/Transforms/Scalar/InductiveRangeCheckElimination.h
-- Installing: /tmp/tmp.7tNycvupL6/llvm/include/llvm/Transforms/Scalar/LoopPredication.h
-- Installing: /tmp/tmp.7tNycvupL6/llvm/include/llvm/Transforms/Scalar/LowerExpectIntrinsic.h
-- Installing: /tmp/tmp.7tNycvupL6/llvm/include/llvm/Transforms/Scalar/LoopVersioningLICM.h
-- Installing: /tmp/tmp.7tNycvupL6/llvm/include/llvm/Transforms/Scalar/LoopDataPrefetch.h
-- Installing: /tmp/tmp.7tNycvupL6/llvm/include/llvm/Transforms/Scalar/LoopUnrollPass.h
-- Installing: /tmp/tmp.7tNycvupL6/llvm/include/llvm/Transforms/Scalar/SpeculativeExecution.h
-- Installing: /tmp/tmp.7tNycvupL6/llvm/include/llvm/Transforms/Scalar/LoopIdiomRecognize.h
-- Installing: /tmp/tmp.7tNycvupL6/llvm/include/llvm/Transforms/Scalar/Sink.h
-- Installing: /tmp/tmp.7tNycvupL6/llvm/include/llvm/Transforms/Scalar/SeparateConstOffsetFromGEP.h
-- Installing: /tmp/tmp.7tNycvupL6/llvm/include/llvm/Transforms/Scalar/LoopInterchange.h
-- Installing: /tmp/tmp.7tNycvupL6/llvm/include/llvm/Transforms/Scalar/LowerWidenableCondition.h
-- Installing: /tmp/tmp.7tNycvupL6/llvm/include/llvm/Transforms/Scalar/CallSiteSplitting.h
-- Installing: /tmp/tmp.7tNycvupL6/llvm/include/llvm/Transforms/Scalar/ConstraintElimination.h
-- Installing: /tmp/tmp.7tNycvupL6/llvm/include/llvm/Transforms/Scalar/MergeICmps.h
-- Installing: /tmp/tmp.7tNycvupL6/llvm/include/llvm/Transforms/Scalar/DeadStoreElimination.h
-- Installing: /tmp/tmp.7tNycvupL6/llvm/include/llvm/Transforms/Scalar/EarlyCSE.h
-- Installing: /tmp/tmp.7tNycvupL6/llvm/include/llvm/Transforms/Scalar/LoopRotation.h
-- Installing: /tmp/tmp.7tNycvupL6/llvm/include/llvm/Transforms/Scalar/AlignmentFromAssumptions.h
-- Installing: /tmp/tmp.7tNycvupL6/llvm/include/llvm/Transforms/Scalar/Float2Int.h
-- Installing: /tmp/tmp.7tNycvupL6/llvm/include/llvm/Transforms/Scalar/LoopInstSimplify.h
-- Installing: /tmp/tmp.7tNycvupL6/llvm/include/llvm/Transforms/Scalar/SCCP.h
-- Installing: /tmp/tmp.7tNycvupL6/llvm/include/llvm/Transforms/Scalar/LowerMatrixIntrinsics.h
-- Installing: /tmp/tmp.7tNycvupL6/llvm/include/llvm/Transforms/Scalar/LoopLoadElimination.h
-- Installing: /tmp/tmp.7tNycvupL6/llvm/include/llvm/Transforms/Scalar/IndVarSimplify.h
-- Installing: /tmp/tmp.7tNycvupL6/llvm/include/llvm/Transforms/Scalar/BDCE.h
-- Installing: /tmp/tmp.7tNycvupL6/llvm/include/llvm/Transforms/Scalar/NaryReassociate.h
-- Installing: /tmp/tmp.7tNycvupL6/llvm/include/llvm/Transforms/Scalar/TLSVariableHoist.h
-- Installing: /tmp/tmp.7tNycvupL6/llvm/include/llvm/Transforms/Scalar/SROA.h
-- Installing: /tmp/tmp.7tNycvupL6/llvm/include/llvm/Transforms/Scalar/InferAddressSpaces.h
-- Installing: /tmp/tmp.7tNycvupL6/llvm/include/llvm/Transforms/Scalar/GuardWidening.h
-- Installing: /tmp/tmp.7tNycvupL6/llvm/include/llvm/Transforms/Scalar/StraightLineStrengthReduce.h
-- Installing: /tmp/tmp.7tNycvupL6/llvm/include/llvm/Transforms/Scalar/MergedLoadStoreMotion.h
-- Installing: /tmp/tmp.7tNycvupL6/llvm/include/llvm/Transforms/Scalar/InstSimplifyPass.h
-- Installing: /tmp/tmp.7tNycvupL6/llvm/include/llvm/Transforms/Scalar/LoopStrengthReduce.h
-- Installing: /tmp/tmp.7tNycvupL6/llvm/include/llvm/Transforms/Scalar/FlattenCFG.h
-- Installing: /tmp/tmp.7tNycvupL6/llvm/include/llvm/Transforms/Scalar/LoopFuse.h
-- Installing: /tmp/tmp.7tNycvupL6/llvm/include/llvm/Transforms/Scalar/DFAJumpThreading.h
-- Installing: /tmp/tmp.7tNycvupL6/llvm/include/llvm/Transforms/Scalar/LoopFlatten.h
-- Installing: /tmp/tmp.7tNycvupL6/llvm/include/llvm/Transforms/Scalar/GVNExpression.h
-- Installing: /tmp/tmp.7tNycvupL6/llvm/include/llvm/Transforms/Scalar/MemCpyOptimizer.h
-- Installing: /tmp/tmp.7tNycvupL6/llvm/include/llvm/Transforms/Scalar/RewriteStatepointsForGC.h
-- Installing: /tmp/tmp.7tNycvupL6/llvm/include/llvm/Transforms/Scalar/LICM.h
-- Installing: /tmp/tmp.7tNycvupL6/llvm/include/llvm/Transforms/Scalar/ConstantHoisting.h
-- Installing: /tmp/tmp.7tNycvupL6/llvm/include/llvm/Transforms/Scalar/LoopDistribute.h
-- Installing: /tmp/tmp.7tNycvupL6/llvm/include/llvm/Transforms/Scalar/LowerGuardIntrinsic.h
-- Installing: /tmp/tmp.7tNycvupL6/llvm/include/llvm/Transforms/Scalar/Reassociate.h
-- Installing: /tmp/tmp.7tNycvupL6/llvm/include/llvm/Transforms/Scalar/JumpThreading.h
-- Installing: /tmp/tmp.7tNycvupL6/llvm/include/llvm/Transforms/Scalar/LoopReroll.h
-- Installing: /tmp/tmp.7tNycvupL6/llvm/include/llvm/Transforms/Scalar/MakeGuardsExplicit.h
-- Installing: /tmp/tmp.7tNycvupL6/llvm/include/llvm/Transforms/Scalar/SimplifyCFG.h
-- Installing: /tmp/tmp.7tNycvupL6/llvm/include/llvm/Transforms/Scalar/LowerConstantIntrinsics.h
-- Installing: /tmp/tmp.7tNycvupL6/llvm/include/llvm/Transforms/Scalar/LoopUnrollAndJamPass.h
-- Installing: /tmp/tmp.7tNycvupL6/llvm/include/llvm/Transforms/Scalar/Scalarizer.h
-- Installing: /tmp/tmp.7tNycvupL6/llvm/include/llvm/Transforms/Coroutines
-- Installing: /tmp/tmp.7tNycvupL6/llvm/include/llvm/Transforms/Coroutines/CoroElide.h
-- Installing: /tmp/tmp.7tNycvupL6/llvm/include/llvm/Transforms/Coroutines/CoroCleanup.h
-- Installing: /tmp/tmp.7tNycvupL6/llvm/include/llvm/Transforms/Coroutines/CoroSplit.h
-- Installing: /tmp/tmp.7tNycvupL6/llvm/include/llvm/Transforms/Coroutines/CoroEarly.h
-- Installing: /tmp/tmp.7tNycvupL6/llvm/include/llvm/Transforms/Coroutines/CoroConditionalWrapper.h
-- Installing: /tmp/tmp.7tNycvupL6/llvm/include/llvm/Transforms/InstCombine
-- Installing: /tmp/tmp.7tNycvupL6/llvm/include/llvm/Transforms/InstCombine/InstCombine.h
-- Installing: /tmp/tmp.7tNycvupL6/llvm/include/llvm/Transforms/InstCombine/InstCombiner.h
-- Up-to-date: /tmp/tmp.7tNycvupL6/llvm/include/llvm-c
-- Installing: /tmp/tmp.7tNycvupL6/llvm/include/llvm-c/DebugInfo.h
-- Installing: /tmp/tmp.7tNycvupL6/llvm/include/llvm-c/DataTypes.h
-- Installing: /tmp/tmp.7tNycvupL6/llvm/include/llvm-c/Error.h
-- Installing: /tmp/tmp.7tNycvupL6/llvm/include/llvm-c/Core.h
-- Installing: /tmp/tmp.7tNycvupL6/llvm/include/llvm-c/Object.h
-- Installing: /tmp/tmp.7tNycvupL6/llvm/include/llvm-c/Disassembler.h
-- Installing: /tmp/tmp.7tNycvupL6/llvm/include/llvm-c/Deprecated.h
-- Installing: /tmp/tmp.7tNycvupL6/llvm/include/llvm-c/BitReader.h
-- Installing: /tmp/tmp.7tNycvupL6/llvm/include/llvm-c/BitWriter.h
-- Installing: /tmp/tmp.7tNycvupL6/llvm/include/llvm-c/TargetMachine.h
-- Installing: /tmp/tmp.7tNycvupL6/llvm/include/llvm-c/blake3.h
-- Up-to-date: /tmp/tmp.7tNycvupL6/llvm/include/llvm-c/Remarks.h
-- Installing: /tmp/tmp.7tNycvupL6/llvm/include/llvm-c/Analysis.h
-- Installing: /tmp/tmp.7tNycvupL6/llvm/include/llvm-c/Initialization.h
-- Installing: /tmp/tmp.7tNycvupL6/llvm/include/llvm-c/LLJIT.h
-- Installing: /tmp/tmp.7tNycvupL6/llvm/include/llvm-c/Types.h
-- Installing: /tmp/tmp.7tNycvupL6/llvm/include/llvm-c/Linker.h
-- Installing: /tmp/tmp.7tNycvupL6/llvm/include/llvm-c/DisassemblerTypes.h
-- Installing: /tmp/tmp.7tNycvupL6/llvm/include/llvm-c/ExternC.h
-- Installing: /tmp/tmp.7tNycvupL6/llvm/include/llvm-c/ExecutionEngine.h
-- Installing: /tmp/tmp.7tNycvupL6/llvm/include/llvm-c/Comdat.h
-- Installing: /tmp/tmp.7tNycvupL6/llvm/include/llvm-c/Support.h
-- Installing: /tmp/tmp.7tNycvupL6/llvm/include/llvm-c/ErrorHandling.h
-- Installing: /tmp/tmp.7tNycvupL6/llvm/include/llvm-c/Target.h
-- Installing: /tmp/tmp.7tNycvupL6/llvm/include/llvm-c/Transforms
-- Installing: /tmp/tmp.7tNycvupL6/llvm/include/llvm-c/Transforms/IPO.h
-- Installing: /tmp/tmp.7tNycvupL6/llvm/include/llvm-c/Transforms/InstCombine.h
-- Installing: /tmp/tmp.7tNycvupL6/llvm/include/llvm-c/Transforms/Scalar.h
-- Installing: /tmp/tmp.7tNycvupL6/llvm/include/llvm-c/Transforms/Vectorize.h
-- Installing: /tmp/tmp.7tNycvupL6/llvm/include/llvm-c/Transforms/PassBuilder.h
-- Installing: /tmp/tmp.7tNycvupL6/llvm/include/llvm-c/Transforms/PassManagerBuilder.h
-- Installing: /tmp/tmp.7tNycvupL6/llvm/include/llvm-c/Transforms/Utils.h
-- Installing: /tmp/tmp.7tNycvupL6/llvm/include/llvm-c/OrcEE.h
-- Installing: /tmp/tmp.7tNycvupL6/llvm/include/llvm-c/IRReader.h
-- Up-to-date: /tmp/tmp.7tNycvupL6/llvm/include/llvm-c/lto.h
-- Installing: /tmp/tmp.7tNycvupL6/llvm/include/llvm-c/Orc.h
-- Up-to-date: /tmp/tmp.7tNycvupL6/llvm/include/llvm
-- Up-to-date: /tmp/tmp.7tNycvupL6/llvm/include/llvm/Support
-- Installing: /tmp/tmp.7tNycvupL6/llvm/include/llvm/Support/VCSRevision.h
-- Installing: /tmp/tmp.7tNycvupL6/llvm/include/llvm/Support/Extension.def
-- Up-to-date: /tmp/tmp.7tNycvupL6/llvm/include/llvm/Frontend
-- Up-to-date: /tmp/tmp.7tNycvupL6/llvm/include/llvm/Frontend/OpenACC
-- Installing: /tmp/tmp.7tNycvupL6/llvm/include/llvm/Frontend/OpenACC/ACC.h.inc
-- Installing: /tmp/tmp.7tNycvupL6/llvm/include/llvm/Frontend/OpenACC/ACC.inc
-- Up-to-date: /tmp/tmp.7tNycvupL6/llvm/include/llvm/Frontend/OpenMP
-- Installing: /tmp/tmp.7tNycvupL6/llvm/include/llvm/Frontend/OpenMP/OMP.inc
-- Installing: /tmp/tmp.7tNycvupL6/llvm/include/llvm/Frontend/OpenMP/OMP.h.inc
-- Up-to-date: /tmp/tmp.7tNycvupL6/llvm/include/llvm/IR
-- Installing: /tmp/tmp.7tNycvupL6/llvm/include/llvm/IR/IntrinsicsX86.h
-- Installing: /tmp/tmp.7tNycvupL6/llvm/include/llvm/IR/IntrinsicsBPF.h
-- Installing: /tmp/tmp.7tNycvupL6/llvm/include/llvm/IR/IntrinsicsAMDGPU.h
-- Installing: /tmp/tmp.7tNycvupL6/llvm/include/llvm/IR/IntrinsicsXCore.h
-- Installing: /tmp/tmp.7tNycvupL6/llvm/include/llvm/IR/IntrinsicsAArch64.h
-- Installing: /tmp/tmp.7tNycvupL6/llvm/include/llvm/IR/IntrinsicsWebAssembly.h
-- Installing: /tmp/tmp.7tNycvupL6/llvm/include/llvm/IR/IntrinsicsRISCV.h
-- Installing: /tmp/tmp.7tNycvupL6/llvm/include/llvm/IR/IntrinsicsLoongArch.h
-- Installing: /tmp/tmp.7tNycvupL6/llvm/include/llvm/IR/IntrinsicsVE.h
-- Installing: /tmp/tmp.7tNycvupL6/llvm/include/llvm/IR/IntrinsicsARM.h
-- Installing: /tmp/tmp.7tNycvupL6/llvm/include/llvm/IR/Attributes.inc
-- Installing: /tmp/tmp.7tNycvupL6/llvm/include/llvm/IR/IntrinsicsS390.h
-- Installing: /tmp/tmp.7tNycvupL6/llvm/include/llvm/IR/IntrinsicsSPIRV.h
-- Installing: /tmp/tmp.7tNycvupL6/llvm/include/llvm/IR/IntrinsicEnums.inc
-- Installing: /tmp/tmp.7tNycvupL6/llvm/include/llvm/IR/IntrinsicsPowerPC.h
-- Installing: /tmp/tmp.7tNycvupL6/llvm/include/llvm/IR/IntrinsicsNVPTX.h
-- Installing: /tmp/tmp.7tNycvupL6/llvm/include/llvm/IR/IntrinsicImpl.inc
-- Installing: /tmp/tmp.7tNycvupL6/llvm/include/llvm/IR/IntrinsicsMips.h
-- Installing: /tmp/tmp.7tNycvupL6/llvm/include/llvm/IR/IntrinsicsDirectX.h
-- Installing: /tmp/tmp.7tNycvupL6/llvm/include/llvm/IR/IntrinsicsR600.h
-- Installing: /tmp/tmp.7tNycvupL6/llvm/include/llvm/IR/IntrinsicsHexagon.h
-- Up-to-date: /tmp/tmp.7tNycvupL6/llvm/include/llvm/Config
-- Installing: /tmp/tmp.7tNycvupL6/llvm/include/llvm/Config/TargetExegesis.def
-- Installing: /tmp/tmp.7tNycvupL6/llvm/include/llvm/Config/abi-breaking.h
-- Installing: /tmp/tmp.7tNycvupL6/llvm/include/llvm/Config/TargetMCAs.def
-- Installing: /tmp/tmp.7tNycvupL6/llvm/include/llvm/Config/Disassemblers.def
-- Installing: /tmp/tmp.7tNycvupL6/llvm/include/llvm/Config/llvm-config.h
-- Installing: /tmp/tmp.7tNycvupL6/llvm/include/llvm/Config/Targets.def
-- Installing: /tmp/tmp.7tNycvupL6/llvm/include/llvm/Config/AsmPrinters.def
-- Installing: /tmp/tmp.7tNycvupL6/llvm/include/llvm/Config/AsmParsers.def
-- Up-to-date: /tmp/tmp.7tNycvupL6/llvm/include/llvm/TargetParser
-- Installing: /tmp/tmp.7tNycvupL6/llvm/include/llvm/TargetParser/RISCVTargetParserDef.inc
[233/253] cd /home/tim911004/.llvm-project/stage1_build && /home/tim911004/miniconda3/envs/cuda-quantum/lib/python3.10/site-packages/cmake/data/bin/cmake -DCMAKE_INSTALL_COMPONENT="llvm-libraries" -DCMAKE_INSTALL_DO_STRIP=1 -P /home/tim911004/.llvm-project/stage1_build/cmake_install.cmake
-- Install configuration: "Release"
[234/253] cd /home/tim911004/.llvm-project/stage1_build/utils/FileCheck && /home/tim911004/miniconda3/envs/cuda-quantum/lib/python3.10/site-packages/cmake/data/bin/cmake -DCMAKE_INSTALL_COMPONENT="FileCheck" -DCMAKE_INSTALL_DO_STRIP=1 -P /home/tim911004/.llvm-project/stage1_build/cmake_install.cmake
-- Install configuration: "Release"
-- Installing: /tmp/tmp.7tNycvupL6/llvm/bin/FileCheck
-- Set non-toolchain portion of runtime path of "/tmp/tmp.7tNycvupL6/llvm/bin/FileCheck" to "$ORIGIN/../lib"
[235/253] cd /home/tim911004/.llvm-project/stage1_build/utils/count && /home/tim911004/miniconda3/envs/cuda-quantum/lib/python3.10/site-packages/cmake/data/bin/cmake -DCMAKE_INSTALL_COMPONENT="count" -DCMAKE_INSTALL_DO_STRIP=1 -P /home/tim911004/.llvm-project/stage1_build/cmake_install.cmake
-- Install configuration: "Release"
-- Installing: /tmp/tmp.7tNycvupL6/llvm/bin/count
-- Set non-toolchain portion of runtime path of "/tmp/tmp.7tNycvupL6/llvm/bin/count" to "$ORIGIN/../lib"
[236/253] cd /home/tim911004/.llvm-project/stage1_build/utils/not && /home/tim911004/miniconda3/envs/cuda-quantum/lib/python3.10/site-packages/cmake/data/bin/cmake -DCMAKE_INSTALL_COMPONENT="not" -DCMAKE_INSTALL_DO_STRIP=1 -P /home/tim911004/.llvm-project/stage1_build/cmake_install.cmake
-- Install configuration: "Release"
-- Installing: /tmp/tmp.7tNycvupL6/llvm/bin/not
-- Set non-toolchain portion of runtime path of "/tmp/tmp.7tNycvupL6/llvm/bin/not" to "$ORIGIN/../lib"
[237/253] cd /home/tim911004/.llvm-project/stage1_build/tools/llvm-ar && /home/tim911004/miniconda3/envs/cuda-quantum/lib/python3.10/site-packages/cmake/data/bin/cmake -DCMAKE_INSTALL_COMPONENT="llvm-ar" -DCMAKE_INSTALL_DO_STRIP=1 -P /home/tim911004/.llvm-project/stage1_build/cmake_install.cmake
-- Install configuration: "Release"
-- Installing: /tmp/tmp.7tNycvupL6/llvm/bin/llvm-ar
-- Set non-toolchain portion of runtime path of "/tmp/tmp.7tNycvupL6/llvm/bin/llvm-ar" to "$ORIGIN/../lib"
[238/253] cd /home/tim911004/.llvm-project/stage1_build/tools/llvm-config && /home/tim911004/miniconda3/envs/cuda-quantum/lib/python3.10/site-packages/cmake/data/bin/cmake -DCMAKE_INSTALL_COMPONENT="llvm-config" -DCMAKE_INSTALL_DO_STRIP=1 -P /home/tim911004/.llvm-project/stage1_build/cmake_install.cmake
-- Install configuration: "Release"
-- Installing: /tmp/tmp.7tNycvupL6/llvm/bin/llvm-config
-- Set non-toolchain portion of runtime path of "/tmp/tmp.7tNycvupL6/llvm/bin/llvm-config" to "$ORIGIN/../lib"
[239/253] cd /home/tim911004/.llvm-project/stage1_build/tools/llvm-profdata && /home/tim911004/miniconda3/envs/cuda-quantum/lib/python3.10/site-packages/cmake/data/bin/cmake -DCMAKE_INSTALL_COMPONENT="llvm-profdata" -DCMAKE_INSTALL_DO_STRIP=1 -P /home/tim911004/.llvm-project/stage1_build/cmake_install.cmake
-- Install configuration: "Release"
-- Installing: /tmp/tmp.7tNycvupL6/llvm/bin/llvm-profdata
-- Set non-toolchain portion of runtime path of "/tmp/tmp.7tNycvupL6/llvm/bin/llvm-profdata" to "$ORIGIN/../lib"
[240/253] cd /home/tim911004/.llvm-project/stage1_build/tools/clang && /home/tim911004/miniconda3/envs/cuda-quantum/lib/python3.10/site-packages/cmake/data/bin/cmake -DCMAKE_INSTALL_COMPONENT="clang-headers" -DCMAKE_INSTALL_DO_STRIP=1 -P /home/tim911004/.llvm-project/stage1_build/cmake_install.cmake
-- Install configuration: "Release"
-- Installing: /tmp/tmp.7tNycvupL6/llvm/include/clang
-- Installing: /tmp/tmp.7tNycvupL6/llvm/include/clang/Format
-- Installing: /tmp/tmp.7tNycvupL6/llvm/include/clang/Format/Format.h
-- Installing: /tmp/tmp.7tNycvupL6/llvm/include/clang/Lex
-- Installing: /tmp/tmp.7tNycvupL6/llvm/include/clang/Lex/HeaderSearchOptions.h
-- Installing: /tmp/tmp.7tNycvupL6/llvm/include/clang/Lex/Preprocessor.h
-- Installing: /tmp/tmp.7tNycvupL6/llvm/include/clang/Lex/Pragma.h
-- Installing: /tmp/tmp.7tNycvupL6/llvm/include/clang/Lex/DirectoryLookup.h
-- Installing: /tmp/tmp.7tNycvupL6/llvm/include/clang/Lex/MacroInfo.h
-- Installing: /tmp/tmp.7tNycvupL6/llvm/include/clang/Lex/PreprocessingRecord.h
-- Installing: /tmp/tmp.7tNycvupL6/llvm/include/clang/Lex/Lexer.h
-- Installing: /tmp/tmp.7tNycvupL6/llvm/include/clang/Lex/HeaderSearch.h
-- Installing: /tmp/tmp.7tNycvupL6/llvm/include/clang/Lex/ModuleLoader.h
-- Installing: /tmp/tmp.7tNycvupL6/llvm/include/clang/Lex/TokenLexer.h
-- Installing: /tmp/tmp.7tNycvupL6/llvm/include/clang/Lex/TokenConcatenation.h
-- Installing: /tmp/tmp.7tNycvupL6/llvm/include/clang/Lex/MultipleIncludeOpt.h
-- Installing: /tmp/tmp.7tNycvupL6/llvm/include/clang/Lex/PPCallbacks.h
-- Installing: /tmp/tmp.7tNycvupL6/llvm/include/clang/Lex/VariadicMacroSupport.h
-- Installing: /tmp/tmp.7tNycvupL6/llvm/include/clang/Lex/PPConditionalDirectiveRecord.h
-- Installing: /tmp/tmp.7tNycvupL6/llvm/include/clang/Lex/PreprocessorLexer.h
-- Installing: /tmp/tmp.7tNycvupL6/llvm/include/clang/Lex/HeaderMap.h
-- Installing: /tmp/tmp.7tNycvupL6/llvm/include/clang/Lex/CodeCompletionHandler.h
-- Installing: /tmp/tmp.7tNycvupL6/llvm/include/clang/Lex/Token.h
-- Installing: /tmp/tmp.7tNycvupL6/llvm/include/clang/Lex/MacroArgs.h
-- Installing: /tmp/tmp.7tNycvupL6/llvm/include/clang/Lex/ExternalPreprocessorSource.h
-- Installing: /tmp/tmp.7tNycvupL6/llvm/include/clang/Lex/LiteralSupport.h
-- Installing: /tmp/tmp.7tNycvupL6/llvm/include/clang/Lex/DependencyDirectivesScanner.h
-- Installing: /tmp/tmp.7tNycvupL6/llvm/include/clang/Lex/LexDiagnostic.h
-- Installing: /tmp/tmp.7tNycvupL6/llvm/include/clang/Lex/HeaderMapTypes.h
-- Installing: /tmp/tmp.7tNycvupL6/llvm/include/clang/Lex/ModuleMap.h
-- Installing: /tmp/tmp.7tNycvupL6/llvm/include/clang/Lex/ScratchBuffer.h
-- Installing: /tmp/tmp.7tNycvupL6/llvm/include/clang/Lex/PreprocessorOptions.h
-- Installing: /tmp/tmp.7tNycvupL6/llvm/include/clang/CrossTU
-- Installing: /tmp/tmp.7tNycvupL6/llvm/include/clang/CrossTU/CrossTranslationUnit.h
-- Installing: /tmp/tmp.7tNycvupL6/llvm/include/clang/CrossTU/CrossTUDiagnostic.h
-- Installing: /tmp/tmp.7tNycvupL6/llvm/include/clang/Serialization
-- Installing: /tmp/tmp.7tNycvupL6/llvm/include/clang/Serialization/ASTBitCodes.h
-- Installing: /tmp/tmp.7tNycvupL6/llvm/include/clang/Serialization/InMemoryModuleCache.h
-- Installing: /tmp/tmp.7tNycvupL6/llvm/include/clang/Serialization/ModuleFile.h
-- Installing: /tmp/tmp.7tNycvupL6/llvm/include/clang/Serialization/ASTRecordReader.h
-- Installing: /tmp/tmp.7tNycvupL6/llvm/include/clang/Serialization/ModuleFileExtension.h
-- Installing: /tmp/tmp.7tNycvupL6/llvm/include/clang/Serialization/PCHContainerOperations.h
-- Installing: /tmp/tmp.7tNycvupL6/llvm/include/clang/Serialization/ASTDeserializationListener.h
-- Installing: /tmp/tmp.7tNycvupL6/llvm/include/clang/Serialization/ContinuousRangeMap.h
-- Installing: /tmp/tmp.7tNycvupL6/llvm/include/clang/Serialization/GlobalModuleIndex.h
-- Installing: /tmp/tmp.7tNycvupL6/llvm/include/clang/Serialization/SourceLocationEncoding.h
-- Installing: /tmp/tmp.7tNycvupL6/llvm/include/clang/Serialization/ModuleManager.h
-- Installing: /tmp/tmp.7tNycvupL6/llvm/include/clang/Serialization/ASTReader.h
-- Installing: /tmp/tmp.7tNycvupL6/llvm/include/clang/Serialization/ASTWriter.h
-- Installing: /tmp/tmp.7tNycvupL6/llvm/include/clang/Serialization/SerializationDiagnostic.h
-- Installing: /tmp/tmp.7tNycvupL6/llvm/include/clang/Serialization/ASTRecordWriter.h
-- Installing: /tmp/tmp.7tNycvupL6/llvm/include/clang/Serialization/TypeBitCodes.def
-- Installing: /tmp/tmp.7tNycvupL6/llvm/include/clang/IndexSerialization
-- Installing: /tmp/tmp.7tNycvupL6/llvm/include/clang/IndexSerialization/SerializablePathCollection.h
-- Installing: /tmp/tmp.7tNycvupL6/llvm/include/clang/Support
-- Installing: /tmp/tmp.7tNycvupL6/llvm/include/clang/Support/RISCVVIntrinsicUtils.h
-- Installing: /tmp/tmp.7tNycvupL6/llvm/include/clang/Tooling
-- Installing: /tmp/tmp.7tNycvupL6/llvm/include/clang/Tooling/Tooling.h
-- Installing: /tmp/tmp.7tNycvupL6/llvm/include/clang/Tooling/Syntax
-- Installing: /tmp/tmp.7tNycvupL6/llvm/include/clang/Tooling/Syntax/TokenBufferTokenManager.h
-- Installing: /tmp/tmp.7tNycvupL6/llvm/include/clang/Tooling/Syntax/Nodes.h
-- Installing: /tmp/tmp.7tNycvupL6/llvm/include/clang/Tooling/Syntax/Tree.h
-- Installing: /tmp/tmp.7tNycvupL6/llvm/include/clang/Tooling/Syntax/Tokens.h
-- Installing: /tmp/tmp.7tNycvupL6/llvm/include/clang/Tooling/Syntax/TokenManager.h
-- Installing: /tmp/tmp.7tNycvupL6/llvm/include/clang/Tooling/Syntax/BuildTree.h
-- Installing: /tmp/tmp.7tNycvupL6/llvm/include/clang/Tooling/Syntax/Mutations.h
-- Installing: /tmp/tmp.7tNycvupL6/llvm/include/clang/Tooling/CompilationDatabase.h
-- Installing: /tmp/tmp.7tNycvupL6/llvm/include/clang/Tooling/DiagnosticsYaml.h
-- Installing: /tmp/tmp.7tNycvupL6/llvm/include/clang/Tooling/ToolExecutorPluginRegistry.h
-- Installing: /tmp/tmp.7tNycvupL6/llvm/include/clang/Tooling/ArgumentsAdjusters.h
-- Installing: /tmp/tmp.7tNycvupL6/llvm/include/clang/Tooling/Inclusions
-- Installing: /tmp/tmp.7tNycvupL6/llvm/include/clang/Tooling/Inclusions/HeaderAnalysis.h
-- Installing: /tmp/tmp.7tNycvupL6/llvm/include/clang/Tooling/Inclusions/StandardLibrary.h
-- Installing: /tmp/tmp.7tNycvupL6/llvm/include/clang/Tooling/Inclusions/IncludeStyle.h
-- Installing: /tmp/tmp.7tNycvupL6/llvm/include/clang/Tooling/Inclusions/HeaderIncludes.h
-- Installing: /tmp/tmp.7tNycvupL6/llvm/include/clang/Tooling/NodeIntrospection.h
-- Installing: /tmp/tmp.7tNycvupL6/llvm/include/clang/Tooling/Refactoring.h
-- Installing: /tmp/tmp.7tNycvupL6/llvm/include/clang/Tooling/DependencyScanning
-- Installing: /tmp/tmp.7tNycvupL6/llvm/include/clang/Tooling/DependencyScanning/ModuleDepCollector.h
-- Installing: /tmp/tmp.7tNycvupL6/llvm/include/clang/Tooling/DependencyScanning/DependencyScanningFilesystem.h
-- Installing: /tmp/tmp.7tNycvupL6/llvm/include/clang/Tooling/DependencyScanning/DependencyScanningTool.h
-- Installing: /tmp/tmp.7tNycvupL6/llvm/include/clang/Tooling/DependencyScanning/DependencyScanningService.h
-- Installing: /tmp/tmp.7tNycvupL6/llvm/include/clang/Tooling/DependencyScanning/DependencyScanningWorker.h
-- Installing: /tmp/tmp.7tNycvupL6/llvm/include/clang/Tooling/StandaloneExecution.h
-- Installing: /tmp/tmp.7tNycvupL6/llvm/include/clang/Tooling/Refactoring
-- Installing: /tmp/tmp.7tNycvupL6/llvm/include/clang/Tooling/Refactoring/RefactoringDiagnostic.h
-- Installing: /tmp/tmp.7tNycvupL6/llvm/include/clang/Tooling/Refactoring/RecursiveSymbolVisitor.h
-- Installing: /tmp/tmp.7tNycvupL6/llvm/include/clang/Tooling/Refactoring/RefactoringOption.h
-- Installing: /tmp/tmp.7tNycvupL6/llvm/include/clang/Tooling/Refactoring/RefactoringRuleContext.h
-- Installing: /tmp/tmp.7tNycvupL6/llvm/include/clang/Tooling/Refactoring/RefactoringActionRuleRequirements.h
-- Installing: /tmp/tmp.7tNycvupL6/llvm/include/clang/Tooling/Refactoring/RefactoringActionRules.h
-- Installing: /tmp/tmp.7tNycvupL6/llvm/include/clang/Tooling/Refactoring/RefactoringActionRulesInternal.h
-- Installing: /tmp/tmp.7tNycvupL6/llvm/include/clang/Tooling/Refactoring/Lookup.h
-- Installing: /tmp/tmp.7tNycvupL6/llvm/include/clang/Tooling/Refactoring/RefactoringActionRule.h
-- Installing: /tmp/tmp.7tNycvupL6/llvm/include/clang/Tooling/Refactoring/AtomicChange.h
-- Installing: /tmp/tmp.7tNycvupL6/llvm/include/clang/Tooling/Refactoring/RefactoringAction.h
-- Installing: /tmp/tmp.7tNycvupL6/llvm/include/clang/Tooling/Refactoring/Extract
-- Installing: /tmp/tmp.7tNycvupL6/llvm/include/clang/Tooling/Refactoring/Extract/Extract.h
-- Installing: /tmp/tmp.7tNycvupL6/llvm/include/clang/Tooling/Refactoring/Extract/SourceExtraction.h
-- Installing: /tmp/tmp.7tNycvupL6/llvm/include/clang/Tooling/Refactoring/Rename
-- Installing: /tmp/tmp.7tNycvupL6/llvm/include/clang/Tooling/Refactoring/Rename/USRFinder.h
-- Installing: /tmp/tmp.7tNycvupL6/llvm/include/clang/Tooling/Refactoring/Rename/SymbolName.h
-- Installing: /tmp/tmp.7tNycvupL6/llvm/include/clang/Tooling/Refactoring/Rename/RenamingAction.h
-- Installing: /tmp/tmp.7tNycvupL6/llvm/include/clang/Tooling/Refactoring/Rename/SymbolOccurrences.h
-- Installing: /tmp/tmp.7tNycvupL6/llvm/include/clang/Tooling/Refactoring/Rename/USRLocFinder.h
-- Installing: /tmp/tmp.7tNycvupL6/llvm/include/clang/Tooling/Refactoring/Rename/USRFindingAction.h
-- Installing: /tmp/tmp.7tNycvupL6/llvm/include/clang/Tooling/Refactoring/RefactoringOptions.h
-- Installing: /tmp/tmp.7tNycvupL6/llvm/include/clang/Tooling/Refactoring/RefactoringOptionVisitor.h
-- Installing: /tmp/tmp.7tNycvupL6/llvm/include/clang/Tooling/Refactoring/ASTSelection.h
-- Installing: /tmp/tmp.7tNycvupL6/llvm/include/clang/Tooling/Refactoring/RefactoringResultConsumer.h
-- Installing: /tmp/tmp.7tNycvupL6/llvm/include/clang/Tooling/AllTUsExecution.h
-- Installing: /tmp/tmp.7tNycvupL6/llvm/include/clang/Tooling/CommonOptionsParser.h
-- Installing: /tmp/tmp.7tNycvupL6/llvm/include/clang/Tooling/RefactoringCallbacks.h
-- Installing: /tmp/tmp.7tNycvupL6/llvm/include/clang/Tooling/FixIt.h
-- Installing: /tmp/tmp.7tNycvupL6/llvm/include/clang/Tooling/CompilationDatabasePluginRegistry.h
-- Installing: /tmp/tmp.7tNycvupL6/llvm/include/clang/Tooling/Transformer
-- Installing: /tmp/tmp.7tNycvupL6/llvm/include/clang/Tooling/Transformer/Parsing.h
-- Installing: /tmp/tmp.7tNycvupL6/llvm/include/clang/Tooling/Transformer/RewriteRule.h
-- Installing: /tmp/tmp.7tNycvupL6/llvm/include/clang/Tooling/Transformer/Transformer.h
-- Installing: /tmp/tmp.7tNycvupL6/llvm/include/clang/Tooling/Transformer/Stencil.h
-- Installing: /tmp/tmp.7tNycvupL6/llvm/include/clang/Tooling/Transformer/SourceCode.h
-- Installing: /tmp/tmp.7tNycvupL6/llvm/include/clang/Tooling/Transformer/MatchConsumer.h
-- Installing: /tmp/tmp.7tNycvupL6/llvm/include/clang/Tooling/Transformer/RangeSelector.h
-- Installing: /tmp/tmp.7tNycvupL6/llvm/include/clang/Tooling/Transformer/SourceCodeBuilders.h
-- Installing: /tmp/tmp.7tNycvupL6/llvm/include/clang/Tooling/FileMatchTrie.h
-- Installing: /tmp/tmp.7tNycvupL6/llvm/include/clang/Tooling/ASTDiff
-- Installing: /tmp/tmp.7tNycvupL6/llvm/include/clang/Tooling/ASTDiff/ASTDiffInternal.h
-- Installing: /tmp/tmp.7tNycvupL6/llvm/include/clang/Tooling/ASTDiff/ASTDiff.h
-- Installing: /tmp/tmp.7tNycvupL6/llvm/include/clang/Tooling/Execution.h
-- Installing: /tmp/tmp.7tNycvupL6/llvm/include/clang/Tooling/JSONCompilationDatabase.h
-- Installing: /tmp/tmp.7tNycvupL6/llvm/include/clang/Tooling/ReplacementsYaml.h
-- Installing: /tmp/tmp.7tNycvupL6/llvm/include/clang/Tooling/Core
-- Installing: /tmp/tmp.7tNycvupL6/llvm/include/clang/Tooling/Core/Diagnostic.h
-- Installing: /tmp/tmp.7tNycvupL6/llvm/include/clang/Tooling/Core/Replacement.h
-- Installing: /tmp/tmp.7tNycvupL6/llvm/include/clang/APINotes
-- Installing: /tmp/tmp.7tNycvupL6/llvm/include/clang/APINotes/Types.h
-- Installing: /tmp/tmp.7tNycvupL6/llvm/include/clang/APINotes/APINotesYAMLCompiler.h
-- Installing: /tmp/tmp.7tNycvupL6/llvm/include/clang/DirectoryWatcher
-- Installing: /tmp/tmp.7tNycvupL6/llvm/include/clang/DirectoryWatcher/DirectoryWatcher.h
-- Installing: /tmp/tmp.7tNycvupL6/llvm/include/clang/AST
-- Installing: /tmp/tmp.7tNycvupL6/llvm/include/clang/AST/NSAPI.h
-- Installing: /tmp/tmp.7tNycvupL6/llvm/include/clang/AST/BaseSubobject.h
-- Installing: /tmp/tmp.7tNycvupL6/llvm/include/clang/AST/Redeclarable.h
-- Installing: /tmp/tmp.7tNycvupL6/llvm/include/clang/AST/StmtIterator.h
-- Installing: /tmp/tmp.7tNycvupL6/llvm/include/clang/AST/AbstractTypeWriter.h
-- Installing: /tmp/tmp.7tNycvupL6/llvm/include/clang/AST/DeclContextInternals.h
-- Installing: /tmp/tmp.7tNycvupL6/llvm/include/clang/AST/Attr.h
-- Installing: /tmp/tmp.7tNycvupL6/llvm/include/clang/AST/RecursiveASTVisitor.h
-- Installing: /tmp/tmp.7tNycvupL6/llvm/include/clang/AST/Stmt.h
-- Installing: /tmp/tmp.7tNycvupL6/llvm/include/clang/AST/ASTImportError.h
-- Installing: /tmp/tmp.7tNycvupL6/llvm/include/clang/AST/CommentParser.h
-- Installing: /tmp/tmp.7tNycvupL6/llvm/include/clang/AST/TextNodeDumper.h
-- Installing: /tmp/tmp.7tNycvupL6/llvm/include/clang/AST/ASTImporter.h
-- Installing: /tmp/tmp.7tNycvupL6/llvm/include/clang/AST/Expr.h
-- Installing: /tmp/tmp.7tNycvupL6/llvm/include/clang/AST/ComparisonCategories.h
-- Installing: /tmp/tmp.7tNycvupL6/llvm/include/clang/AST/VTTBuilder.h
-- Installing: /tmp/tmp.7tNycvupL6/llvm/include/clang/AST/LambdaCapture.h
-- Installing: /tmp/tmp.7tNycvupL6/llvm/include/clang/AST/OSLog.h
-- Installing: /tmp/tmp.7tNycvupL6/llvm/include/clang/AST/ASTDiagnostic.h
-- Installing: /tmp/tmp.7tNycvupL6/llvm/include/clang/AST/DeclBase.h
-- Installing: /tmp/tmp.7tNycvupL6/llvm/include/clang/AST/TemplateBase.h
-- Installing: /tmp/tmp.7tNycvupL6/llvm/include/clang/AST/ASTNodeTraverser.h
-- Installing: /tmp/tmp.7tNycvupL6/llvm/include/clang/AST/Type.h
-- Installing: /tmp/tmp.7tNycvupL6/llvm/include/clang/AST/AST.h
-- Installing: /tmp/tmp.7tNycvupL6/llvm/include/clang/AST/ExprCXX.h
-- Installing: /tmp/tmp.7tNycvupL6/llvm/include/clang/AST/JSONNodeDumper.h
-- Installing: /tmp/tmp.7tNycvupL6/llvm/include/clang/AST/DeclAccessPair.h
-- Installing: /tmp/tmp.7tNycvupL6/llvm/include/clang/AST/ASTVector.h
-- Installing: /tmp/tmp.7tNycvupL6/llvm/include/clang/AST/ASTDumper.h
-- Installing: /tmp/tmp.7tNycvupL6/llvm/include/clang/AST/TypeOrdering.h
-- Installing: /tmp/tmp.7tNycvupL6/llvm/include/clang/AST/DeclCXX.h
-- Installing: /tmp/tmp.7tNycvupL6/llvm/include/clang/AST/GlobalDecl.h
-- Installing: /tmp/tmp.7tNycvupL6/llvm/include/clang/AST/ASTImporterSharedState.h
-- Installing: /tmp/tmp.7tNycvupL6/llvm/include/clang/AST/ComputeDependence.h
-- Installing: /tmp/tmp.7tNycvupL6/llvm/include/clang/AST/ParentMapContext.h
-- Installing: /tmp/tmp.7tNycvupL6/llvm/include/clang/AST/DeclTemplate.h
-- Installing: /tmp/tmp.7tNycvupL6/llvm/include/clang/AST/ASTUnresolvedSet.h
-- Installing: /tmp/tmp.7tNycvupL6/llvm/include/clang/AST/OptionalDiagnostic.h
-- Installing: /tmp/tmp.7tNycvupL6/llvm/include/clang/AST/ExternalASTMerger.h
-- Installing: /tmp/tmp.7tNycvupL6/llvm/include/clang/AST/AbstractTypeReader.h
-- Installing: /tmp/tmp.7tNycvupL6/llvm/include/clang/AST/SelectorLocationsKind.h
-- Installing: /tmp/tmp.7tNycvupL6/llvm/include/clang/AST/ASTContextAllocate.h
-- Installing: /tmp/tmp.7tNycvupL6/llvm/include/clang/AST/ASTImporterLookupTable.h
-- Installing: /tmp/tmp.7tNycvupL6/llvm/include/clang/AST/ODRHash.h
-- Installing: /tmp/tmp.7tNycvupL6/llvm/include/clang/AST/PrettyDeclStackTrace.h
-- Installing: /tmp/tmp.7tNycvupL6/llvm/include/clang/AST/ExternalASTSource.h
-- Installing: /tmp/tmp.7tNycvupL6/llvm/include/clang/AST/ASTMutationListener.h
-- Installing: /tmp/tmp.7tNycvupL6/llvm/include/clang/AST/ParentMap.h
-- Installing: /tmp/tmp.7tNycvupL6/llvm/include/clang/AST/DependenceFlags.h
-- Installing: /tmp/tmp.7tNycvupL6/llvm/include/clang/AST/UnresolvedSet.h
-- Installing: /tmp/tmp.7tNycvupL6/llvm/include/clang/AST/StmtOpenMP.h
-- Installing: /tmp/tmp.7tNycvupL6/llvm/include/clang/AST/ASTTypeTraits.h
-- Installing: /tmp/tmp.7tNycvupL6/llvm/include/clang/AST/AbstractBasicReader.h
-- Installing: /tmp/tmp.7tNycvupL6/llvm/include/clang/AST/LexicallyOrderedRecursiveASTVisitor.h
-- Installing: /tmp/tmp.7tNycvupL6/llvm/include/clang/AST/LocInfoType.h
-- Installing: /tmp/tmp.7tNycvupL6/llvm/include/clang/AST/Availability.h
-- Installing: /tmp/tmp.7tNycvupL6/llvm/include/clang/AST/StmtVisitor.h
-- Installing: /tmp/tmp.7tNycvupL6/llvm/include/clang/AST/PrettyPrinter.h
-- Installing: /tmp/tmp.7tNycvupL6/llvm/include/clang/AST/CXXRecordDeclDefinitionBits.def
-- Installing: /tmp/tmp.7tNycvupL6/llvm/include/clang/AST/MangleNumberingContext.h
-- Installing: /tmp/tmp.7tNycvupL6/llvm/include/clang/AST/CommentLexer.h
-- Installing: /tmp/tmp.7tNycvupL6/llvm/include/clang/AST/AttrVisitor.h
-- Installing: /tmp/tmp.7tNycvupL6/llvm/include/clang/AST/CXXInheritance.h
-- Installing: /tmp/tmp.7tNycvupL6/llvm/include/clang/AST/Decl.h
-- Installing: /tmp/tmp.7tNycvupL6/llvm/include/clang/AST/RecordLayout.h
-- Installing: /tmp/tmp.7tNycvupL6/llvm/include/clang/AST/StmtGraphTraits.h
-- Installing: /tmp/tmp.7tNycvupL6/llvm/include/clang/AST/ASTContext.h
-- Installing: /tmp/tmp.7tNycvupL6/llvm/include/clang/AST/EvaluatedExprVisitor.h
-- Installing: /tmp/tmp.7tNycvupL6/llvm/include/clang/AST/APValue.h
-- Installing: /tmp/tmp.7tNycvupL6/llvm/include/clang/AST/Comment.h
-- Installing: /tmp/tmp.7tNycvupL6/llvm/include/clang/AST/CurrentSourceLocExprScope.h
-- Installing: /tmp/tmp.7tNycvupL6/llvm/include/clang/AST/CommentBriefParser.h
-- Installing: /tmp/tmp.7tNycvupL6/llvm/include/clang/AST/DeclOpenMP.h
-- Installing: /tmp/tmp.7tNycvupL6/llvm/include/clang/AST/TemplateName.h
-- Installing: /tmp/tmp.7tNycvupL6/llvm/include/clang/AST/DeclLookups.h
-- Installing: /tmp/tmp.7tNycvupL6/llvm/include/clang/AST/VTableBuilder.h
-- Installing: /tmp/tmp.7tNycvupL6/llvm/include/clang/AST/ASTFwd.h
-- Installing: /tmp/tmp.7tNycvupL6/llvm/include/clang/AST/CharUnits.h
-- Installing: /tmp/tmp.7tNycvupL6/llvm/include/clang/AST/ASTConsumer.h
-- Installing: /tmp/tmp.7tNycvupL6/llvm/include/clang/AST/OperationKinds.h
-- Installing: /tmp/tmp.7tNycvupL6/llvm/include/clang/AST/TypeVisitor.h
-- Installing: /tmp/tmp.7tNycvupL6/llvm/include/clang/AST/TemplateArgumentVisitor.h
-- Installing: /tmp/tmp.7tNycvupL6/llvm/include/clang/AST/TypeLoc.h
-- Installing: /tmp/tmp.7tNycvupL6/llvm/include/clang/AST/OperationKinds.def
-- Installing: /tmp/tmp.7tNycvupL6/llvm/include/clang/AST/ASTStructuralEquivalence.h
-- Installing: /tmp/tmp.7tNycvupL6/llvm/include/clang/AST/CommentVisitor.h
-- Installing: /tmp/tmp.7tNycvupL6/llvm/include/clang/AST/ExprOpenMP.h
-- Installing: /tmp/tmp.7tNycvupL6/llvm/include/clang/AST/IgnoreExpr.h
-- Installing: /tmp/tmp.7tNycvupL6/llvm/include/clang/AST/ExprConcepts.h
-- Installing: /tmp/tmp.7tNycvupL6/llvm/include/clang/AST/Mangle.h
-- Installing: /tmp/tmp.7tNycvupL6/llvm/include/clang/AST/DeclFriend.h
-- Installing: /tmp/tmp.7tNycvupL6/llvm/include/clang/AST/DeclObjC.h
-- Installing: /tmp/tmp.7tNycvupL6/llvm/include/clang/AST/DataCollection.h
-- Installing: /tmp/tmp.7tNycvupL6/llvm/include/clang/AST/ODRDiagsEmitter.h
-- Installing: /tmp/tmp.7tNycvupL6/llvm/include/clang/AST/ASTLambda.h
-- Installing: /tmp/tmp.7tNycvupL6/llvm/include/clang/AST/OpenMPClause.h
-- Installing: /tmp/tmp.7tNycvupL6/llvm/include/clang/AST/ASTConcept.h
-- Installing: /tmp/tmp.7tNycvupL6/llvm/include/clang/AST/NonTrivialTypeVisitor.h
-- Installing: /tmp/tmp.7tNycvupL6/llvm/include/clang/AST/StmtObjC.h
-- Installing: /tmp/tmp.7tNycvupL6/llvm/include/clang/AST/FormatString.h
-- Installing: /tmp/tmp.7tNycvupL6/llvm/include/clang/AST/TypeLocVisitor.h
-- Installing: /tmp/tmp.7tNycvupL6/llvm/include/clang/AST/ExprObjC.h
-- Installing: /tmp/tmp.7tNycvupL6/llvm/include/clang/AST/QualTypeNames.h
-- Installing: /tmp/tmp.7tNycvupL6/llvm/include/clang/AST/DeclVisitor.h
-- Installing: /tmp/tmp.7tNycvupL6/llvm/include/clang/AST/ASTDumperUtils.h
-- Installing: /tmp/tmp.7tNycvupL6/llvm/include/clang/AST/DeclarationName.h
-- Installing: /tmp/tmp.7tNycvupL6/llvm/include/clang/AST/StmtCXX.h
-- Installing: /tmp/tmp.7tNycvupL6/llvm/include/clang/AST/DeclObjCCommon.h
-- Installing: /tmp/tmp.7tNycvupL6/llvm/include/clang/AST/DependentDiagnostic.h
-- Installing: /tmp/tmp.7tNycvupL6/llvm/include/clang/AST/DeclGroup.h
-- Installing: /tmp/tmp.7tNycvupL6/llvm/include/clang/AST/AttrIterator.h
-- Installing: /tmp/tmp.7tNycvupL6/llvm/include/clang/AST/Randstruct.h
-- Installing: /tmp/tmp.7tNycvupL6/llvm/include/clang/AST/CanonicalType.h
-- Installing: /tmp/tmp.7tNycvupL6/llvm/include/clang/AST/BuiltinTypes.def
-- Installing: /tmp/tmp.7tNycvupL6/llvm/include/clang/AST/NestedNameSpecifier.h
-- Installing: /tmp/tmp.7tNycvupL6/llvm/include/clang/AST/RawCommentList.h
-- Installing: /tmp/tmp.7tNycvupL6/llvm/include/clang/AST/CommentCommandTraits.h
-- Installing: /tmp/tmp.7tNycvupL6/llvm/include/clang/AST/CommentSema.h
-- Installing: /tmp/tmp.7tNycvupL6/llvm/include/clang/AST/TypeLocNodes.def
-- Installing: /tmp/tmp.7tNycvupL6/llvm/include/clang/AST/CommentDiagnostic.h
-- Installing: /tmp/tmp.7tNycvupL6/llvm/include/clang/AST/AbstractBasicWriter.h
-- Installing: /tmp/tmp.7tNycvupL6/llvm/include/clang/Analysis
-- Installing: /tmp/tmp.7tNycvupL6/llvm/include/clang/Analysis/CodeInjector.h
-- Installing: /tmp/tmp.7tNycvupL6/llvm/include/clang/Analysis/ProgramPoint.h
-- Installing: /tmp/tmp.7tNycvupL6/llvm/include/clang/Analysis/RetainSummaryManager.h
-- Installing: /tmp/tmp.7tNycvupL6/llvm/include/clang/Analysis/CloneDetection.h
-- Installing: /tmp/tmp.7tNycvupL6/llvm/include/clang/Analysis/MacroExpansionContext.h
-- Installing: /tmp/tmp.7tNycvupL6/llvm/include/clang/Analysis/Analyses
-- Installing: /tmp/tmp.7tNycvupL6/llvm/include/clang/Analysis/Analyses/PostOrderCFGView.h
-- Installing: /tmp/tmp.7tNycvupL6/llvm/include/clang/Analysis/Analyses/ThreadSafetyCommon.h
-- Installing: /tmp/tmp.7tNycvupL6/llvm/include/clang/Analysis/Analyses/ThreadSafetyOps.def
-- Installing: /tmp/tmp.7tNycvupL6/llvm/include/clang/Analysis/Analyses/Consumed.h
-- Installing: /tmp/tmp.7tNycvupL6/llvm/include/clang/Analysis/Analyses/UninitializedValues.h
-- Installing: /tmp/tmp.7tNycvupL6/llvm/include/clang/Analysis/Analyses/ReachableCode.h
-- Installing: /tmp/tmp.7tNycvupL6/llvm/include/clang/Analysis/Analyses/ExprMutationAnalyzer.h
-- Installing: /tmp/tmp.7tNycvupL6/llvm/include/clang/Analysis/Analyses/UnsafeBufferUsageGadgets.def
-- Installing: /tmp/tmp.7tNycvupL6/llvm/include/clang/Analysis/Analyses/CFGReachabilityAnalysis.h
-- Installing: /tmp/tmp.7tNycvupL6/llvm/include/clang/Analysis/Analyses/Dominators.h
-- Installing: /tmp/tmp.7tNycvupL6/llvm/include/clang/Analysis/Analyses/ThreadSafety.h
-- Installing: /tmp/tmp.7tNycvupL6/llvm/include/clang/Analysis/Analyses/ThreadSafetyUtil.h
-- Installing: /tmp/tmp.7tNycvupL6/llvm/include/clang/Analysis/Analyses/LiveVariables.h
-- Installing: /tmp/tmp.7tNycvupL6/llvm/include/clang/Analysis/Analyses/CalledOnceCheck.h
-- Installing: /tmp/tmp.7tNycvupL6/llvm/include/clang/Analysis/Analyses/ThreadSafetyTIL.h
-- Installing: /tmp/tmp.7tNycvupL6/llvm/include/clang/Analysis/Analyses/ThreadSafetyTraverse.h
-- Installing: /tmp/tmp.7tNycvupL6/llvm/include/clang/Analysis/Analyses/UnsafeBufferUsage.h
-- Installing: /tmp/tmp.7tNycvupL6/llvm/include/clang/Analysis/Analyses/ThreadSafetyLogical.h
-- Installing: /tmp/tmp.7tNycvupL6/llvm/include/clang/Analysis/ConstructionContext.h
-- Installing: /tmp/tmp.7tNycvupL6/llvm/include/clang/Analysis/FlowSensitive
-- Installing: /tmp/tmp.7tNycvupL6/llvm/include/clang/Analysis/FlowSensitive/DataflowEnvironment.h
-- Installing: /tmp/tmp.7tNycvupL6/llvm/include/clang/Analysis/FlowSensitive/DataflowLattice.h
-- Installing: /tmp/tmp.7tNycvupL6/llvm/include/clang/Analysis/FlowSensitive/DataflowWorklist.h
-- Installing: /tmp/tmp.7tNycvupL6/llvm/include/clang/Analysis/FlowSensitive/Models
-- Installing: /tmp/tmp.7tNycvupL6/llvm/include/clang/Analysis/FlowSensitive/Models/UncheckedOptionalAccessModel.h
-- Installing: /tmp/tmp.7tNycvupL6/llvm/include/clang/Analysis/FlowSensitive/Models/ChromiumCheckModel.h
-- Installing: /tmp/tmp.7tNycvupL6/llvm/include/clang/Analysis/FlowSensitive/Transfer.h
-- Installing: /tmp/tmp.7tNycvupL6/llvm/include/clang/Analysis/FlowSensitive/StorageLocation.h
-- Installing: /tmp/tmp.7tNycvupL6/llvm/include/clang/Analysis/FlowSensitive/DataflowAnalysis.h
-- Installing: /tmp/tmp.7tNycvupL6/llvm/include/clang/Analysis/FlowSensitive/DebugSupport.h
-- Installing: /tmp/tmp.7tNycvupL6/llvm/include/clang/Analysis/FlowSensitive/MapLattice.h
-- Installing: /tmp/tmp.7tNycvupL6/llvm/include/clang/Analysis/FlowSensitive/NoopAnalysis.h
-- Installing: /tmp/tmp.7tNycvupL6/llvm/include/clang/Analysis/FlowSensitive/CFGMatchSwitch.h
-- Installing: /tmp/tmp.7tNycvupL6/llvm/include/clang/Analysis/FlowSensitive/Solver.h
-- Installing: /tmp/tmp.7tNycvupL6/llvm/include/clang/Analysis/FlowSensitive/TypeErasedDataflowAnalysis.h
-- Installing: /tmp/tmp.7tNycvupL6/llvm/include/clang/Analysis/FlowSensitive/MatchSwitch.h
-- Installing: /tmp/tmp.7tNycvupL6/llvm/include/clang/Analysis/FlowSensitive/WatchedLiteralsSolver.h
-- Installing: /tmp/tmp.7tNycvupL6/llvm/include/clang/Analysis/FlowSensitive/DataflowValues.h
-- Installing: /tmp/tmp.7tNycvupL6/llvm/include/clang/Analysis/FlowSensitive/Value.h
-- Installing: /tmp/tmp.7tNycvupL6/llvm/include/clang/Analysis/FlowSensitive/ControlFlowContext.h
-- Installing: /tmp/tmp.7tNycvupL6/llvm/include/clang/Analysis/FlowSensitive/DataflowAnalysisContext.h
-- Installing: /tmp/tmp.7tNycvupL6/llvm/include/clang/Analysis/FlowSensitive/NoopLattice.h
-- Installing: /tmp/tmp.7tNycvupL6/llvm/include/clang/Analysis/CFGStmtMap.h
-- Installing: /tmp/tmp.7tNycvupL6/llvm/include/clang/Analysis/BodyFarm.h
-- Installing: /tmp/tmp.7tNycvupL6/llvm/include/clang/Analysis/PathDiagnostic.h
-- Installing: /tmp/tmp.7tNycvupL6/llvm/include/clang/Analysis/IssueHash.h
-- Installing: /tmp/tmp.7tNycvupL6/llvm/include/clang/Analysis/CallGraph.h
-- Installing: /tmp/tmp.7tNycvupL6/llvm/include/clang/Analysis/AnalysisDeclContext.h
-- Installing: /tmp/tmp.7tNycvupL6/llvm/include/clang/Analysis/DomainSpecific
-- Installing: /tmp/tmp.7tNycvupL6/llvm/include/clang/Analysis/DomainSpecific/ObjCNoReturn.h
-- Installing: /tmp/tmp.7tNycvupL6/llvm/include/clang/Analysis/DomainSpecific/CocoaConventions.h
-- Installing: /tmp/tmp.7tNycvupL6/llvm/include/clang/Analysis/Support
-- Installing: /tmp/tmp.7tNycvupL6/llvm/include/clang/Analysis/Support/BumpVector.h
-- Installing: /tmp/tmp.7tNycvupL6/llvm/include/clang/Analysis/AnyCall.h
-- Installing: /tmp/tmp.7tNycvupL6/llvm/include/clang/Analysis/SelectorExtras.h
-- Installing: /tmp/tmp.7tNycvupL6/llvm/include/clang/Analysis/CFG.h
-- Installing: /tmp/tmp.7tNycvupL6/llvm/include/clang/FrontendTool
-- Installing: /tmp/tmp.7tNycvupL6/llvm/include/clang/FrontendTool/Utils.h
-- Installing: /tmp/tmp.7tNycvupL6/llvm/include/clang/Index
-- Installing: /tmp/tmp.7tNycvupL6/llvm/include/clang/Index/CommentToXML.h
-- Installing: /tmp/tmp.7tNycvupL6/llvm/include/clang/Index/IndexingOptions.h
-- Installing: /tmp/tmp.7tNycvupL6/llvm/include/clang/Index/DeclOccurrence.h
-- Installing: /tmp/tmp.7tNycvupL6/llvm/include/clang/Index/IndexingAction.h
-- Installing: /tmp/tmp.7tNycvupL6/llvm/include/clang/Index/IndexDataConsumer.h
-- Installing: /tmp/tmp.7tNycvupL6/llvm/include/clang/Index/USRGeneration.h
-- Installing: /tmp/tmp.7tNycvupL6/llvm/include/clang/Index/IndexSymbol.h
-- Installing: /tmp/tmp.7tNycvupL6/llvm/include/clang/StaticAnalyzer
-- Installing: /tmp/tmp.7tNycvupL6/llvm/include/clang/StaticAnalyzer/Core
-- Installing: /tmp/tmp.7tNycvupL6/llvm/include/clang/StaticAnalyzer/Core/PathDiagnosticConsumers.h
-- Installing: /tmp/tmp.7tNycvupL6/llvm/include/clang/StaticAnalyzer/Core/Checker.h
-- Installing: /tmp/tmp.7tNycvupL6/llvm/include/clang/StaticAnalyzer/Core/AnalyzerOptions.h
-- Installing: /tmp/tmp.7tNycvupL6/llvm/include/clang/StaticAnalyzer/Core/CheckerManager.h
-- Installing: /tmp/tmp.7tNycvupL6/llvm/include/clang/StaticAnalyzer/Core/BugReporter
-- Installing: /tmp/tmp.7tNycvupL6/llvm/include/clang/StaticAnalyzer/Core/BugReporter/BugReporter.h
-- Installing: /tmp/tmp.7tNycvupL6/llvm/include/clang/StaticAnalyzer/Core/BugReporter/BugReporterVisitors.h
-- Installing: /tmp/tmp.7tNycvupL6/llvm/include/clang/StaticAnalyzer/Core/BugReporter/BugType.h
-- Installing: /tmp/tmp.7tNycvupL6/llvm/include/clang/StaticAnalyzer/Core/BugReporter/CommonBugCategories.h
-- Installing: /tmp/tmp.7tNycvupL6/llvm/include/clang/StaticAnalyzer/Core/CheckerRegistryData.h
-- Installing: /tmp/tmp.7tNycvupL6/llvm/include/clang/StaticAnalyzer/Core/Analyses.def
-- Installing: /tmp/tmp.7tNycvupL6/llvm/include/clang/StaticAnalyzer/Core/PathSensitive
-- Installing: /tmp/tmp.7tNycvupL6/llvm/include/clang/StaticAnalyzer/Core/PathSensitive/SymbolManager.h
-- Installing: /tmp/tmp.7tNycvupL6/llvm/include/clang/StaticAnalyzer/Core/PathSensitive/ExplodedGraph.h
-- Installing: /tmp/tmp.7tNycvupL6/llvm/include/clang/StaticAnalyzer/Core/PathSensitive/SMTConstraintManager.h
-- Installing: /tmp/tmp.7tNycvupL6/llvm/include/clang/StaticAnalyzer/Core/PathSensitive/APSIntType.h
-- Installing: /tmp/tmp.7tNycvupL6/llvm/include/clang/StaticAnalyzer/Core/PathSensitive/BasicValueFactory.h
-- Installing: /tmp/tmp.7tNycvupL6/llvm/include/clang/StaticAnalyzer/Core/PathSensitive/FunctionSummary.h
-- Installing: /tmp/tmp.7tNycvupL6/llvm/include/clang/StaticAnalyzer/Core/PathSensitive/ConstraintManager.h
-- Installing: /tmp/tmp.7tNycvupL6/llvm/include/clang/StaticAnalyzer/Core/PathSensitive/BlockCounter.h
-- Installing: /tmp/tmp.7tNycvupL6/llvm/include/clang/StaticAnalyzer/Core/PathSensitive/Regions.def
-- Installing: /tmp/tmp.7tNycvupL6/llvm/include/clang/StaticAnalyzer/Core/PathSensitive/MemRegion.h
-- Installing: /tmp/tmp.7tNycvupL6/llvm/include/clang/StaticAnalyzer/Core/PathSensitive/Environment.h
-- Installing: /tmp/tmp.7tNycvupL6/llvm/include/clang/StaticAnalyzer/Core/PathSensitive/LoopWidening.h
-- Installing: /tmp/tmp.7tNycvupL6/llvm/include/clang/StaticAnalyzer/Core/PathSensitive/DynamicCastInfo.h
-- Installing: /tmp/tmp.7tNycvupL6/llvm/include/clang/StaticAnalyzer/Core/PathSensitive/SummaryManager.h
-- Installing: /tmp/tmp.7tNycvupL6/llvm/include/clang/StaticAnalyzer/Core/PathSensitive/ProgramStateTrait.h
-- Installing: /tmp/tmp.7tNycvupL6/llvm/include/clang/StaticAnalyzer/Core/PathSensitive/ProgramState_Fwd.h
-- Installing: /tmp/tmp.7tNycvupL6/llvm/include/clang/StaticAnalyzer/Core/PathSensitive/CallEvent.h
-- Installing: /tmp/tmp.7tNycvupL6/llvm/include/clang/StaticAnalyzer/Core/PathSensitive/StoreRef.h
-- Installing: /tmp/tmp.7tNycvupL6/llvm/include/clang/StaticAnalyzer/Core/PathSensitive/SVals.def
-- Installing: /tmp/tmp.7tNycvupL6/llvm/include/clang/StaticAnalyzer/Core/PathSensitive/SValVisitor.h
-- Installing: /tmp/tmp.7tNycvupL6/llvm/include/clang/StaticAnalyzer/Core/PathSensitive/DynamicTypeInfo.h
-- Installing: /tmp/tmp.7tNycvupL6/llvm/include/clang/StaticAnalyzer/Core/PathSensitive/Store.h
-- Installing: /tmp/tmp.7tNycvupL6/llvm/include/clang/StaticAnalyzer/Core/PathSensitive/SValBuilder.h
-- Installing: /tmp/tmp.7tNycvupL6/llvm/include/clang/StaticAnalyzer/Core/PathSensitive/SMTConv.h
-- Installing: /tmp/tmp.7tNycvupL6/llvm/include/clang/StaticAnalyzer/Core/PathSensitive/RangedConstraintManager.h
-- Installing: /tmp/tmp.7tNycvupL6/llvm/include/clang/StaticAnalyzer/Core/PathSensitive/SimpleConstraintManager.h
-- Installing: /tmp/tmp.7tNycvupL6/llvm/include/clang/StaticAnalyzer/Core/PathSensitive/DynamicExtent.h
-- Installing: /tmp/tmp.7tNycvupL6/llvm/include/clang/StaticAnalyzer/Core/PathSensitive/ExprEngine.h
-- Installing: /tmp/tmp.7tNycvupL6/llvm/include/clang/StaticAnalyzer/Core/PathSensitive/CallDescription.h
-- Installing: /tmp/tmp.7tNycvupL6/llvm/include/clang/StaticAnalyzer/Core/PathSensitive/SymExpr.h
-- Installing: /tmp/tmp.7tNycvupL6/llvm/include/clang/StaticAnalyzer/Core/PathSensitive/WorkList.h
-- Installing: /tmp/tmp.7tNycvupL6/llvm/include/clang/StaticAnalyzer/Core/PathSensitive/AnalysisManager.h
-- Installing: /tmp/tmp.7tNycvupL6/llvm/include/clang/StaticAnalyzer/Core/PathSensitive/DynamicType.h
-- Installing: /tmp/tmp.7tNycvupL6/llvm/include/clang/StaticAnalyzer/Core/PathSensitive/CheckerHelpers.h
-- Installing: /tmp/tmp.7tNycvupL6/llvm/include/clang/StaticAnalyzer/Core/PathSensitive/CheckerContext.h
-- Installing: /tmp/tmp.7tNycvupL6/llvm/include/clang/StaticAnalyzer/Core/PathSensitive/LoopUnrolling.h
-- Installing: /tmp/tmp.7tNycvupL6/llvm/include/clang/StaticAnalyzer/Core/PathSensitive/ProgramState.h
-- Installing: /tmp/tmp.7tNycvupL6/llvm/include/clang/StaticAnalyzer/Core/PathSensitive/SVals.h
-- Installing: /tmp/tmp.7tNycvupL6/llvm/include/clang/StaticAnalyzer/Core/PathSensitive/CoreEngine.h
-- Installing: /tmp/tmp.7tNycvupL6/llvm/include/clang/StaticAnalyzer/Core/PathSensitive/Symbols.def
-- Installing: /tmp/tmp.7tNycvupL6/llvm/include/clang/StaticAnalyzer/Core/AnalyzerOptions.def
-- Installing: /tmp/tmp.7tNycvupL6/llvm/include/clang/StaticAnalyzer/Frontend
-- Installing: /tmp/tmp.7tNycvupL6/llvm/include/clang/StaticAnalyzer/Frontend/AnalyzerHelpFlags.h
-- Installing: /tmp/tmp.7tNycvupL6/llvm/include/clang/StaticAnalyzer/Frontend/ModelConsumer.h
-- Installing: /tmp/tmp.7tNycvupL6/llvm/include/clang/StaticAnalyzer/Frontend/FrontendActions.h
-- Installing: /tmp/tmp.7tNycvupL6/llvm/include/clang/StaticAnalyzer/Frontend/AnalysisConsumer.h
-- Installing: /tmp/tmp.7tNycvupL6/llvm/include/clang/StaticAnalyzer/Frontend/CheckerRegistry.h
-- Installing: /tmp/tmp.7tNycvupL6/llvm/include/clang/StaticAnalyzer/Checkers
-- Installing: /tmp/tmp.7tNycvupL6/llvm/include/clang/StaticAnalyzer/Checkers/MPIFunctionClassifier.h
-- Installing: /tmp/tmp.7tNycvupL6/llvm/include/clang/StaticAnalyzer/Checkers/SValExplainer.h
-- Installing: /tmp/tmp.7tNycvupL6/llvm/include/clang/StaticAnalyzer/Checkers/BuiltinCheckerRegistration.h
-- Installing: /tmp/tmp.7tNycvupL6/llvm/include/clang/StaticAnalyzer/Checkers/Taint.h
-- Installing: /tmp/tmp.7tNycvupL6/llvm/include/clang/Config
-- Installing: /tmp/tmp.7tNycvupL6/llvm/include/clang/Driver
-- Installing: /tmp/tmp.7tNycvupL6/llvm/include/clang/Driver/OffloadBundler.h
-- Installing: /tmp/tmp.7tNycvupL6/llvm/include/clang/Driver/Types.def
-- Installing: /tmp/tmp.7tNycvupL6/llvm/include/clang/Driver/Job.h
-- Installing: /tmp/tmp.7tNycvupL6/llvm/include/clang/Driver/SanitizerArgs.h
-- Installing: /tmp/tmp.7tNycvupL6/llvm/include/clang/Driver/Compilation.h
-- Installing: /tmp/tmp.7tNycvupL6/llvm/include/clang/Driver/ToolChain.h
-- Installing: /tmp/tmp.7tNycvupL6/llvm/include/clang/Driver/DriverDiagnostic.h
-- Installing: /tmp/tmp.7tNycvupL6/llvm/include/clang/Driver/Util.h
-- Installing: /tmp/tmp.7tNycvupL6/llvm/include/clang/Driver/XRayArgs.h
-- Installing: /tmp/tmp.7tNycvupL6/llvm/include/clang/Driver/Driver.h
-- Installing: /tmp/tmp.7tNycvupL6/llvm/include/clang/Driver/InputInfo.h
-- Installing: /tmp/tmp.7tNycvupL6/llvm/include/clang/Driver/Types.h
-- Installing: /tmp/tmp.7tNycvupL6/llvm/include/clang/Driver/Tool.h
-- Installing: /tmp/tmp.7tNycvupL6/llvm/include/clang/Driver/Multilib.h
-- Installing: /tmp/tmp.7tNycvupL6/llvm/include/clang/Driver/Distro.h
-- Installing: /tmp/tmp.7tNycvupL6/llvm/include/clang/Driver/OptionUtils.h
-- Installing: /tmp/tmp.7tNycvupL6/llvm/include/clang/Driver/Action.h
-- Installing: /tmp/tmp.7tNycvupL6/llvm/include/clang/Driver/Phases.h
-- Installing: /tmp/tmp.7tNycvupL6/llvm/include/clang/Driver/Options.h
-- Installing: /tmp/tmp.7tNycvupL6/llvm/include/clang/Rewrite
-- Installing: /tmp/tmp.7tNycvupL6/llvm/include/clang/Rewrite/Core
-- Installing: /tmp/tmp.7tNycvupL6/llvm/include/clang/Rewrite/Core/Rewriter.h
-- Installing: /tmp/tmp.7tNycvupL6/llvm/include/clang/Rewrite/Core/RewriteRope.h
-- Installing: /tmp/tmp.7tNycvupL6/llvm/include/clang/Rewrite/Core/TokenRewriter.h
-- Installing: /tmp/tmp.7tNycvupL6/llvm/include/clang/Rewrite/Core/RewriteBuffer.h
-- Installing: /tmp/tmp.7tNycvupL6/llvm/include/clang/Rewrite/Core/DeltaTree.h
-- Installing: /tmp/tmp.7tNycvupL6/llvm/include/clang/Rewrite/Core/HTMLRewrite.h
-- Installing: /tmp/tmp.7tNycvupL6/llvm/include/clang/Rewrite/Frontend
-- Installing: /tmp/tmp.7tNycvupL6/llvm/include/clang/Rewrite/Frontend/FrontendActions.h
-- Installing: /tmp/tmp.7tNycvupL6/llvm/include/clang/Rewrite/Frontend/FixItRewriter.h
-- Installing: /tmp/tmp.7tNycvupL6/llvm/include/clang/Rewrite/Frontend/Rewriters.h
-- Installing: /tmp/tmp.7tNycvupL6/llvm/include/clang/Rewrite/Frontend/ASTConsumers.h
-- Installing: /tmp/tmp.7tNycvupL6/llvm/include/clang/Testing
-- Installing: /tmp/tmp.7tNycvupL6/llvm/include/clang/Testing/CommandLineArgs.h
-- Installing: /tmp/tmp.7tNycvupL6/llvm/include/clang/Testing/TestAST.h
-- Installing: /tmp/tmp.7tNycvupL6/llvm/include/clang/Testing/TestClangConfig.h
-- Installing: /tmp/tmp.7tNycvupL6/llvm/include/clang/Parse
-- Installing: /tmp/tmp.7tNycvupL6/llvm/include/clang/Parse/ParseDiagnostic.h
-- Installing: /tmp/tmp.7tNycvupL6/llvm/include/clang/Parse/RAIIObjectsForParser.h
-- Installing: /tmp/tmp.7tNycvupL6/llvm/include/clang/Parse/ParseAST.h
-- Installing: /tmp/tmp.7tNycvupL6/llvm/include/clang/Parse/Parser.h
-- Installing: /tmp/tmp.7tNycvupL6/llvm/include/clang/Parse/LoopHint.h
-- Installing: /tmp/tmp.7tNycvupL6/llvm/include/clang/Basic
-- Installing: /tmp/tmp.7tNycvupL6/llvm/include/clang/Basic/OperatorKinds.def
-- Installing: /tmp/tmp.7tNycvupL6/llvm/include/clang/Basic/Stack.h
-- Installing: /tmp/tmp.7tNycvupL6/llvm/include/clang/Basic/ExceptionSpecificationType.h
-- Installing: /tmp/tmp.7tNycvupL6/llvm/include/clang/Basic/DiagnosticDriver.h
-- Installing: /tmp/tmp.7tNycvupL6/llvm/include/clang/Basic/AlignedAllocation.h
-- Installing: /tmp/tmp.7tNycvupL6/llvm/include/clang/Basic/TypeTraits.h
-- Installing: /tmp/tmp.7tNycvupL6/llvm/include/clang/Basic/Diagnostic.h
-- Installing: /tmp/tmp.7tNycvupL6/llvm/include/clang/Basic/TargetCXXABI.def
-- Installing: /tmp/tmp.7tNycvupL6/llvm/include/clang/Basic/OperatorPrecedence.h
-- Installing: /tmp/tmp.7tNycvupL6/llvm/include/clang/Basic/Cuda.h
-- Installing: /tmp/tmp.7tNycvupL6/llvm/include/clang/Basic/OpenMPKinds.def
-- Installing: /tmp/tmp.7tNycvupL6/llvm/include/clang/Basic/BuiltinsNEON.def
-- Installing: /tmp/tmp.7tNycvupL6/llvm/include/clang/Basic/DiagnosticLex.h
-- Installing: /tmp/tmp.7tNycvupL6/llvm/include/clang/Basic/BuiltinsAArch64NeonSVEBridge.def
-- Installing: /tmp/tmp.7tNycvupL6/llvm/include/clang/Basic/DiagnosticCategories.h
-- Installing: /tmp/tmp.7tNycvupL6/llvm/include/clang/Basic/ABI.h
-- Installing: /tmp/tmp.7tNycvupL6/llvm/include/clang/Basic/FileSystemStatCache.h
-- Installing: /tmp/tmp.7tNycvupL6/llvm/include/clang/Basic/HLSLRuntime.h
-- Installing: /tmp/tmp.7tNycvupL6/llvm/include/clang/Basic/DiagnosticOptions.h
-- Installing: /tmp/tmp.7tNycvupL6/llvm/include/clang/Basic/CodeGenOptions.h
-- Installing: /tmp/tmp.7tNycvupL6/llvm/include/clang/Basic/Version.h
-- Installing: /tmp/tmp.7tNycvupL6/llvm/include/clang/Basic/OpenCLExtensionTypes.def
-- Installing: /tmp/tmp.7tNycvupL6/llvm/include/clang/Basic/TemplateKinds.h
-- Installing: /tmp/tmp.7tNycvupL6/llvm/include/clang/Basic/Sanitizers.def
-- Installing: /tmp/tmp.7tNycvupL6/llvm/include/clang/Basic/CodeGenOptions.def
-- Installing: /tmp/tmp.7tNycvupL6/llvm/include/clang/Basic/DirectoryEntry.h
-- Installing: /tmp/tmp.7tNycvupL6/llvm/include/clang/Basic/Thunk.h
-- Installing: /tmp/tmp.7tNycvupL6/llvm/include/clang/Basic/BuiltinsHexagon.def
-- Installing: /tmp/tmp.7tNycvupL6/llvm/include/clang/Basic/BuiltinsWebAssembly.def
-- Installing: /tmp/tmp.7tNycvupL6/llvm/include/clang/Basic/FileEntry.h
-- Installing: /tmp/tmp.7tNycvupL6/llvm/include/clang/Basic/BuiltinsAArch64NeonSVEBridge_cg.def
-- Installing: /tmp/tmp.7tNycvupL6/llvm/include/clang/Basic/BuiltinsPPC.def
-- Installing: /tmp/tmp.7tNycvupL6/llvm/include/clang/Basic/CustomizableOptional.h
-- Installing: /tmp/tmp.7tNycvupL6/llvm/include/clang/Basic/PragmaKinds.h
-- Installing: /tmp/tmp.7tNycvupL6/llvm/include/clang/Basic/ObjCRuntime.h
-- Installing: /tmp/tmp.7tNycvupL6/llvm/include/clang/Basic/SourceManagerInternals.h
-- Installing: /tmp/tmp.7tNycvupL6/llvm/include/clang/Basic/FileSystemOptions.h
-- Installing: /tmp/tmp.7tNycvupL6/llvm/include/clang/Basic/Lambda.h
-- Installing: /tmp/tmp.7tNycvupL6/llvm/include/clang/Basic/Visibility.h
-- Installing: /tmp/tmp.7tNycvupL6/llvm/include/clang/Basic/PPCTypes.def
-- Installing: /tmp/tmp.7tNycvupL6/llvm/include/clang/Basic/AttributeCommonInfo.h
-- Installing: /tmp/tmp.7tNycvupL6/llvm/include/clang/Basic/BuiltinHeaders.def
-- Installing: /tmp/tmp.7tNycvupL6/llvm/include/clang/Basic/PlistSupport.h
-- Installing: /tmp/tmp.7tNycvupL6/llvm/include/clang/Basic/ExpressionTraits.h
-- Installing: /tmp/tmp.7tNycvupL6/llvm/include/clang/Basic/FPOptions.def
-- Installing: /tmp/tmp.7tNycvupL6/llvm/include/clang/Basic/BuiltinsAMDGPU.def
-- Installing: /tmp/tmp.7tNycvupL6/llvm/include/clang/Basic/BuiltinsNVPTX.def
-- Installing: /tmp/tmp.7tNycvupL6/llvm/include/clang/Basic/TargetInfo.h
-- Installing: /tmp/tmp.7tNycvupL6/llvm/include/clang/Basic/CharInfo.h
-- Installing: /tmp/tmp.7tNycvupL6/llvm/include/clang/Basic/DiagnosticError.h
-- Installing: /tmp/tmp.7tNycvupL6/llvm/include/clang/Basic/XRayLists.h
-- Installing: /tmp/tmp.7tNycvupL6/llvm/include/clang/Basic/SourceManager.h
-- Installing: /tmp/tmp.7tNycvupL6/llvm/include/clang/Basic/LangOptions.h
-- Installing: /tmp/tmp.7tNycvupL6/llvm/include/clang/Basic/SyncScope.h
-- Installing: /tmp/tmp.7tNycvupL6/llvm/include/clang/Basic/BitmaskEnum.h
-- Installing: /tmp/tmp.7tNycvupL6/llvm/include/clang/Basic/DiagnosticComment.h
-- Installing: /tmp/tmp.7tNycvupL6/llvm/include/clang/Basic/PartialDiagnostic.h
-- Installing: /tmp/tmp.7tNycvupL6/llvm/include/clang/Basic/OpenCLImageTypes.def
-- Installing: /tmp/tmp.7tNycvupL6/llvm/include/clang/Basic/PrettyStackTrace.h
-- Installing: /tmp/tmp.7tNycvupL6/llvm/include/clang/Basic/DiagnosticOptions.def
-- Installing: /tmp/tmp.7tNycvupL6/llvm/include/clang/Basic/TokenKinds.h
-- Installing: /tmp/tmp.7tNycvupL6/llvm/include/clang/Basic/AttrKinds.h
-- Installing: /tmp/tmp.7tNycvupL6/llvm/include/clang/Basic/LLVM.h
-- Installing: /tmp/tmp.7tNycvupL6/llvm/include/clang/Basic/DiagnosticCrossTU.h
-- Installing: /tmp/tmp.7tNycvupL6/llvm/include/clang/Basic/DiagnosticFrontend.h
-- Installing: /tmp/tmp.7tNycvupL6/llvm/include/clang/Basic/DiagnosticRefactoring.h
-- Installing: /tmp/tmp.7tNycvupL6/llvm/include/clang/Basic/BuiltinsXCore.def
-- Installing: /tmp/tmp.7tNycvupL6/llvm/include/clang/Basic/Attributes.h
-- Installing: /tmp/tmp.7tNycvupL6/llvm/include/clang/Basic/CLWarnings.h
-- Installing: /tmp/tmp.7tNycvupL6/llvm/include/clang/Basic/DebugInfoOptions.h
-- Installing: /tmp/tmp.7tNycvupL6/llvm/include/clang/Basic/MacroBuilder.h
-- Installing: /tmp/tmp.7tNycvupL6/llvm/include/clang/Basic/Features.def
-- Installing: /tmp/tmp.7tNycvupL6/llvm/include/clang/Basic/TargetOptions.h
-- Installing: /tmp/tmp.7tNycvupL6/llvm/include/clang/Basic/SanitizerSpecialCaseList.h
-- Installing: /tmp/tmp.7tNycvupL6/llvm/include/clang/Basic/DiagnosticSema.h
-- Installing: /tmp/tmp.7tNycvupL6/llvm/include/clang/Basic/BuiltinsMips.def
-- Installing: /tmp/tmp.7tNycvupL6/llvm/include/clang/Basic/RISCVVTypes.def
-- Installing: /tmp/tmp.7tNycvupL6/llvm/include/clang/Basic/AArch64SVEACLETypes.def
-- Installing: /tmp/tmp.7tNycvupL6/llvm/include/clang/Basic/BuiltinsAArch64.def
-- Installing: /tmp/tmp.7tNycvupL6/llvm/include/clang/Basic/JsonSupport.h
-- Installing: /tmp/tmp.7tNycvupL6/llvm/include/clang/Basic/Builtins.h
-- Installing: /tmp/tmp.7tNycvupL6/llvm/include/clang/Basic/LangStandards.def
-- Installing: /tmp/tmp.7tNycvupL6/llvm/include/clang/Basic/MSP430Target.def
-- Installing: /tmp/tmp.7tNycvupL6/llvm/include/clang/Basic/XRayInstr.h
-- Installing: /tmp/tmp.7tNycvupL6/llvm/include/clang/Basic/BuiltinsRISCVVector.def
-- Installing: /tmp/tmp.7tNycvupL6/llvm/include/clang/Basic/SourceLocation.h
-- Installing: /tmp/tmp.7tNycvupL6/llvm/include/clang/Basic/OpenCLExtensions.def
-- Installing: /tmp/tmp.7tNycvupL6/llvm/include/clang/Basic/CommentOptions.h
-- Installing: /tmp/tmp.7tNycvupL6/llvm/include/clang/Basic/BuiltinsLoongArch.def
-- Installing: /tmp/tmp.7tNycvupL6/llvm/include/clang/Basic/AttrSubjectMatchRules.h
-- Installing: /tmp/tmp.7tNycvupL6/llvm/include/clang/Basic/BuiltinsX86_64.def
-- Installing: /tmp/tmp.7tNycvupL6/llvm/include/clang/Basic/LangStandard.h
-- Installing: /tmp/tmp.7tNycvupL6/llvm/include/clang/Basic/TargetID.h
-- Installing: /tmp/tmp.7tNycvupL6/llvm/include/clang/Basic/DiagnosticIDs.h
-- Installing: /tmp/tmp.7tNycvupL6/llvm/include/clang/Basic/DiagnosticSerialization.h
-- Installing: /tmp/tmp.7tNycvupL6/llvm/include/clang/Basic/BuiltinsX86.def
-- Installing: /tmp/tmp.7tNycvupL6/llvm/include/clang/Basic/BuiltinsSVE.def
-- Installing: /tmp/tmp.7tNycvupL6/llvm/include/clang/Basic/Linkage.h
-- Installing: /tmp/tmp.7tNycvupL6/llvm/include/clang/Basic/Sanitizers.h
-- Installing: /tmp/tmp.7tNycvupL6/llvm/include/clang/Basic/DarwinSDKInfo.h
-- Installing: /tmp/tmp.7tNycvupL6/llvm/include/clang/Basic/TargetCXXABI.h
-- Installing: /tmp/tmp.7tNycvupL6/llvm/include/clang/Basic/HeaderInclude.h
-- Installing: /tmp/tmp.7tNycvupL6/llvm/include/clang/Basic/BuiltinsHexagonDep.def
-- Installing: /tmp/tmp.7tNycvupL6/llvm/include/clang/Basic/CapturedStmt.h
-- Installing: /tmp/tmp.7tNycvupL6/llvm/include/clang/Basic/DiagnosticAnalysis.h
-- Installing: /tmp/tmp.7tNycvupL6/llvm/include/clang/Basic/OpenCLOptions.h
-- Installing: /tmp/tmp.7tNycvupL6/llvm/include/clang/Basic/BuiltinsHexagonMapCustomDep.def
-- Installing: /tmp/tmp.7tNycvupL6/llvm/include/clang/Basic/IdentifierTable.h
-- Installing: /tmp/tmp.7tNycvupL6/llvm/include/clang/Basic/AllDiagnostics.h
-- Installing: /tmp/tmp.7tNycvupL6/llvm/include/clang/Basic/NoSanitizeList.h
-- Installing: /tmp/tmp.7tNycvupL6/llvm/include/clang/Basic/Builtins.def
-- Installing: /tmp/tmp.7tNycvupL6/llvm/include/clang/Basic/FileManager.h
-- Installing: /tmp/tmp.7tNycvupL6/llvm/include/clang/Basic/DiagnosticAST.h
-- Installing: /tmp/tmp.7tNycvupL6/llvm/include/clang/Basic/BuiltinsVEVL.gen.def
-- Installing: /tmp/tmp.7tNycvupL6/llvm/include/clang/Basic/DiagnosticParse.h
-- Installing: /tmp/tmp.7tNycvupL6/llvm/include/clang/Basic/TokenKinds.def
-- Installing: /tmp/tmp.7tNycvupL6/llvm/include/clang/Basic/OpenMPKinds.h
-- Installing: /tmp/tmp.7tNycvupL6/llvm/include/clang/Basic/Module.h
-- Installing: /tmp/tmp.7tNycvupL6/llvm/include/clang/Basic/ProfileList.h
-- Installing: /tmp/tmp.7tNycvupL6/llvm/include/clang/Basic/TargetBuiltins.h
-- Installing: /tmp/tmp.7tNycvupL6/llvm/include/clang/Basic/BuiltinsSystemZ.def
-- Installing: /tmp/tmp.7tNycvupL6/llvm/include/clang/Basic/Sarif.h
-- Installing: /tmp/tmp.7tNycvupL6/llvm/include/clang/Basic/LangOptions.def
-- Installing: /tmp/tmp.7tNycvupL6/llvm/include/clang/Basic/TransformTypeTraits.def
-- Installing: /tmp/tmp.7tNycvupL6/llvm/include/clang/Basic/BuiltinsRISCV.def
-- Installing: /tmp/tmp.7tNycvupL6/llvm/include/clang/Basic/Specifiers.h
-- Installing: /tmp/tmp.7tNycvupL6/llvm/include/clang/Basic/BuiltinsBPF.def
-- Installing: /tmp/tmp.7tNycvupL6/llvm/include/clang/Basic/AddressSpaces.h
-- Installing: /tmp/tmp.7tNycvupL6/llvm/include/clang/Basic/MakeSupport.h
-- Installing: /tmp/tmp.7tNycvupL6/llvm/include/clang/Basic/BuiltinsARM.def
-- Installing: /tmp/tmp.7tNycvupL6/llvm/include/clang/Basic/BuiltinsVE.def
-- Installing: /tmp/tmp.7tNycvupL6/llvm/include/clang/Basic/OperatorKinds.h
-- Installing: /tmp/tmp.7tNycvupL6/llvm/include/clang/Sema
-- Installing: /tmp/tmp.7tNycvupL6/llvm/include/clang/Sema/Initialization.h
-- Installing: /tmp/tmp.7tNycvupL6/llvm/include/clang/Sema/TemplateDeduction.h
-- Installing: /tmp/tmp.7tNycvupL6/llvm/include/clang/Sema/SemaConsumer.h
-- Installing: /tmp/tmp.7tNycvupL6/llvm/include/clang/Sema/AnalysisBasedWarnings.h
-- Installing: /tmp/tmp.7tNycvupL6/llvm/include/clang/Sema/Ownership.h
-- Installing: /tmp/tmp.7tNycvupL6/llvm/include/clang/Sema/SemaFixItUtils.h
-- Installing: /tmp/tmp.7tNycvupL6/llvm/include/clang/Sema/CleanupInfo.h
-- Installing: /tmp/tmp.7tNycvupL6/llvm/include/clang/Sema/TemplateInstCallback.h
-- Installing: /tmp/tmp.7tNycvupL6/llvm/include/clang/Sema/DeclSpec.h
-- Installing: /tmp/tmp.7tNycvupL6/llvm/include/clang/Sema/Weak.h
-- Installing: /tmp/tmp.7tNycvupL6/llvm/include/clang/Sema/SemaDiagnostic.h
-- Installing: /tmp/tmp.7tNycvupL6/llvm/include/clang/Sema/ParsedTemplate.h
-- Installing: /tmp/tmp.7tNycvupL6/llvm/include/clang/Sema/CodeCompleteOptions.h
-- Installing: /tmp/tmp.7tNycvupL6/llvm/include/clang/Sema/MultiplexExternalSemaSource.h
-- Installing: /tmp/tmp.7tNycvupL6/llvm/include/clang/Sema/ExternalSemaSource.h
-- Installing: /tmp/tmp.7tNycvupL6/llvm/include/clang/Sema/HLSLExternalSemaSource.h
-- Installing: /tmp/tmp.7tNycvupL6/llvm/include/clang/Sema/RISCVIntrinsicManager.h
-- Installing: /tmp/tmp.7tNycvupL6/llvm/include/clang/Sema/Overload.h
-- Installing: /tmp/tmp.7tNycvupL6/llvm/include/clang/Sema/IdentifierResolver.h
-- Installing: /tmp/tmp.7tNycvupL6/llvm/include/clang/Sema/Lookup.h
-- Installing: /tmp/tmp.7tNycvupL6/llvm/include/clang/Sema/CodeCompleteConsumer.h
-- Installing: /tmp/tmp.7tNycvupL6/llvm/include/clang/Sema/TypoCorrection.h
-- Installing: /tmp/tmp.7tNycvupL6/llvm/include/clang/Sema/ObjCMethodList.h
-- Installing: /tmp/tmp.7tNycvupL6/llvm/include/clang/Sema/SemaConcept.h
-- Installing: /tmp/tmp.7tNycvupL6/llvm/include/clang/Sema/Scope.h
-- Installing: /tmp/tmp.7tNycvupL6/llvm/include/clang/Sema/CXXFieldCollector.h
-- Installing: /tmp/tmp.7tNycvupL6/llvm/include/clang/Sema/Designator.h
-- Installing: /tmp/tmp.7tNycvupL6/llvm/include/clang/Sema/Template.h
-- Installing: /tmp/tmp.7tNycvupL6/llvm/include/clang/Sema/ParsedAttr.h
-- Installing: /tmp/tmp.7tNycvupL6/llvm/include/clang/Sema/Sema.h
-- Installing: /tmp/tmp.7tNycvupL6/llvm/include/clang/Sema/SemaLambda.h
-- Installing: /tmp/tmp.7tNycvupL6/llvm/include/clang/Sema/DelayedDiagnostic.h
-- Installing: /tmp/tmp.7tNycvupL6/llvm/include/clang/Sema/ScopeInfo.h
-- Installing: /tmp/tmp.7tNycvupL6/llvm/include/clang/Sema/SemaInternal.h
-- Installing: /tmp/tmp.7tNycvupL6/llvm/include/clang/Frontend
-- Installing: /tmp/tmp.7tNycvupL6/llvm/include/clang/Frontend/PrecompiledPreamble.h
-- Installing: /tmp/tmp.7tNycvupL6/llvm/include/clang/Frontend/FrontendActions.h
-- Installing: /tmp/tmp.7tNycvupL6/llvm/include/clang/Frontend/MultiplexConsumer.h
-- Installing: /tmp/tmp.7tNycvupL6/llvm/include/clang/Frontend/FrontendAction.h
-- Installing: /tmp/tmp.7tNycvupL6/llvm/include/clang/Frontend/SARIFDiagnosticPrinter.h
-- Installing: /tmp/tmp.7tNycvupL6/llvm/include/clang/Frontend/TextDiagnosticPrinter.h
-- Installing: /tmp/tmp.7tNycvupL6/llvm/include/clang/Frontend/CompilerInvocation.h
-- Installing: /tmp/tmp.7tNycvupL6/llvm/include/clang/Frontend/SerializedDiagnosticPrinter.h
-- Installing: /tmp/tmp.7tNycvupL6/llvm/include/clang/Frontend/SerializedDiagnostics.h
-- Installing: /tmp/tmp.7tNycvupL6/llvm/include/clang/Frontend/PCHContainerOperations.h
-- Installing: /tmp/tmp.7tNycvupL6/llvm/include/clang/Frontend/CompilerInstance.h
-- Installing: /tmp/tmp.7tNycvupL6/llvm/include/clang/Frontend/FrontendPluginRegistry.h
-- Installing: /tmp/tmp.7tNycvupL6/llvm/include/clang/Frontend/FrontendOptions.h
-- Installing: /tmp/tmp.7tNycvupL6/llvm/include/clang/Frontend/SARIFDiagnostic.h
-- Installing: /tmp/tmp.7tNycvupL6/llvm/include/clang/Frontend/LogDiagnosticPrinter.h
-- Installing: /tmp/tmp.7tNycvupL6/llvm/include/clang/Frontend/TextDiagnostic.h
-- Installing: /tmp/tmp.7tNycvupL6/llvm/include/clang/Frontend/DiagnosticRenderer.h
-- Installing: /tmp/tmp.7tNycvupL6/llvm/include/clang/Frontend/ChainedDiagnosticConsumer.h
-- Installing: /tmp/tmp.7tNycvupL6/llvm/include/clang/Frontend/VerifyDiagnosticConsumer.h
-- Installing: /tmp/tmp.7tNycvupL6/llvm/include/clang/Frontend/TextDiagnosticBuffer.h
-- Installing: /tmp/tmp.7tNycvupL6/llvm/include/clang/Frontend/CommandLineSourceLoc.h
-- Installing: /tmp/tmp.7tNycvupL6/llvm/include/clang/Frontend/Utils.h
-- Installing: /tmp/tmp.7tNycvupL6/llvm/include/clang/Frontend/DependencyOutputOptions.h
-- Installing: /tmp/tmp.7tNycvupL6/llvm/include/clang/Frontend/SerializedDiagnosticReader.h
-- Installing: /tmp/tmp.7tNycvupL6/llvm/include/clang/Frontend/ASTConsumers.h
-- Installing: /tmp/tmp.7tNycvupL6/llvm/include/clang/Frontend/MigratorOptions.h
-- Installing: /tmp/tmp.7tNycvupL6/llvm/include/clang/Frontend/PreprocessorOutputOptions.h
-- Installing: /tmp/tmp.7tNycvupL6/llvm/include/clang/Frontend/LayoutOverrideSource.h
-- Installing: /tmp/tmp.7tNycvupL6/llvm/include/clang/Frontend/ASTUnit.h
-- Installing: /tmp/tmp.7tNycvupL6/llvm/include/clang/Frontend/FrontendDiagnostic.h
-- Installing: /tmp/tmp.7tNycvupL6/llvm/include/clang/ARCMigrate
-- Installing: /tmp/tmp.7tNycvupL6/llvm/include/clang/ARCMigrate/ARCMTActions.h
-- Installing: /tmp/tmp.7tNycvupL6/llvm/include/clang/ARCMigrate/ARCMT.h
-- Installing: /tmp/tmp.7tNycvupL6/llvm/include/clang/ARCMigrate/FileRemapper.h
-- Installing: /tmp/tmp.7tNycvupL6/llvm/include/clang/Interpreter
-- Installing: /tmp/tmp.7tNycvupL6/llvm/include/clang/Interpreter/PartialTranslationUnit.h
-- Installing: /tmp/tmp.7tNycvupL6/llvm/include/clang/Interpreter/Interpreter.h
-- Installing: /tmp/tmp.7tNycvupL6/llvm/include/clang/CodeGen
-- Installing: /tmp/tmp.7tNycvupL6/llvm/include/clang/CodeGen/SwiftCallingConv.h
-- Installing: /tmp/tmp.7tNycvupL6/llvm/include/clang/CodeGen/CGFunctionInfo.h
-- Installing: /tmp/tmp.7tNycvupL6/llvm/include/clang/CodeGen/ConstantInitFuture.h
-- Installing: /tmp/tmp.7tNycvupL6/llvm/include/clang/CodeGen/BackendUtil.h
-- Installing: /tmp/tmp.7tNycvupL6/llvm/include/clang/CodeGen/ObjectFilePCHContainerOperations.h
-- Installing: /tmp/tmp.7tNycvupL6/llvm/include/clang/CodeGen/CodeGenAction.h
-- Installing: /tmp/tmp.7tNycvupL6/llvm/include/clang/CodeGen/ConstantInitBuilder.h
-- Installing: /tmp/tmp.7tNycvupL6/llvm/include/clang/CodeGen/ModuleBuilder.h
-- Installing: /tmp/tmp.7tNycvupL6/llvm/include/clang/CodeGen/CodeGenABITypes.h
-- Installing: /tmp/tmp.7tNycvupL6/llvm/include/clang/ExtractAPI
-- Installing: /tmp/tmp.7tNycvupL6/llvm/include/clang/ExtractAPI/API.h
-- Installing: /tmp/tmp.7tNycvupL6/llvm/include/clang/ExtractAPI/APIIgnoresList.h
-- Installing: /tmp/tmp.7tNycvupL6/llvm/include/clang/ExtractAPI/FrontendActions.h
-- Installing: /tmp/tmp.7tNycvupL6/llvm/include/clang/ExtractAPI/DeclarationFragments.h
-- Installing: /tmp/tmp.7tNycvupL6/llvm/include/clang/ExtractAPI/ExtractAPIVisitor.h
-- Installing: /tmp/tmp.7tNycvupL6/llvm/include/clang/ExtractAPI/AvailabilityInfo.h
-- Installing: /tmp/tmp.7tNycvupL6/llvm/include/clang/ExtractAPI/Serialization
-- Installing: /tmp/tmp.7tNycvupL6/llvm/include/clang/ExtractAPI/Serialization/SymbolGraphSerializer.h
-- Installing: /tmp/tmp.7tNycvupL6/llvm/include/clang/ExtractAPI/Serialization/SerializerBase.h
-- Installing: /tmp/tmp.7tNycvupL6/llvm/include/clang/Edit
-- Installing: /tmp/tmp.7tNycvupL6/llvm/include/clang/Edit/EditedSource.h
-- Installing: /tmp/tmp.7tNycvupL6/llvm/include/clang/Edit/Commit.h
-- Installing: /tmp/tmp.7tNycvupL6/llvm/include/clang/Edit/FileOffset.h
-- Installing: /tmp/tmp.7tNycvupL6/llvm/include/clang/Edit/Rewriters.h
-- Installing: /tmp/tmp.7tNycvupL6/llvm/include/clang/Edit/EditsReceiver.h
-- Installing: /tmp/tmp.7tNycvupL6/llvm/include/clang/ASTMatchers
-- Installing: /tmp/tmp.7tNycvupL6/llvm/include/clang/ASTMatchers/ASTMatchersInternal.h
-- Installing: /tmp/tmp.7tNycvupL6/llvm/include/clang/ASTMatchers/Dynamic
-- Installing: /tmp/tmp.7tNycvupL6/llvm/include/clang/ASTMatchers/Dynamic/VariantValue.h
-- Installing: /tmp/tmp.7tNycvupL6/llvm/include/clang/ASTMatchers/Dynamic/Diagnostics.h
-- Installing: /tmp/tmp.7tNycvupL6/llvm/include/clang/ASTMatchers/Dynamic/Registry.h
-- Installing: /tmp/tmp.7tNycvupL6/llvm/include/clang/ASTMatchers/Dynamic/Parser.h
-- Installing: /tmp/tmp.7tNycvupL6/llvm/include/clang/ASTMatchers/ASTMatchers.h
-- Installing: /tmp/tmp.7tNycvupL6/llvm/include/clang/ASTMatchers/ASTMatchFinder.h
-- Installing: /tmp/tmp.7tNycvupL6/llvm/include/clang/ASTMatchers/GtestMatchers.h
-- Installing: /tmp/tmp.7tNycvupL6/llvm/include/clang/ASTMatchers/ASTMatchersMacros.h
-- Installing: /tmp/tmp.7tNycvupL6/llvm/include/clang-c
-- Installing: /tmp/tmp.7tNycvupL6/llvm/include/clang-c/CXErrorCode.h
-- Installing: /tmp/tmp.7tNycvupL6/llvm/include/clang-c/Platform.h
-- Installing: /tmp/tmp.7tNycvupL6/llvm/include/clang-c/CXSourceLocation.h
-- Installing: /tmp/tmp.7tNycvupL6/llvm/include/clang-c/BuildSystem.h
-- Installing: /tmp/tmp.7tNycvupL6/llvm/include/clang-c/CXCompilationDatabase.h
-- Installing: /tmp/tmp.7tNycvupL6/llvm/include/clang-c/CXFile.h
-- Installing: /tmp/tmp.7tNycvupL6/llvm/include/clang-c/Rewrite.h
-- Installing: /tmp/tmp.7tNycvupL6/llvm/include/clang-c/FatalErrorHandler.h
-- Installing: /tmp/tmp.7tNycvupL6/llvm/include/clang-c/ExternC.h
-- Installing: /tmp/tmp.7tNycvupL6/llvm/include/clang-c/Documentation.h
-- Installing: /tmp/tmp.7tNycvupL6/llvm/include/clang-c/Index.h
-- Installing: /tmp/tmp.7tNycvupL6/llvm/include/clang-c/CXString.h
-- Installing: /tmp/tmp.7tNycvupL6/llvm/include/clang-c/CXDiagnostic.h
-- Up-to-date: /tmp/tmp.7tNycvupL6/llvm/include/clang
-- Up-to-date: /tmp/tmp.7tNycvupL6/llvm/include/clang/AST
-- Installing: /tmp/tmp.7tNycvupL6/llvm/include/clang/AST/StmtNodes.inc
-- Installing: /tmp/tmp.7tNycvupL6/llvm/include/clang/AST/CommentHTMLTagsProperties.inc
-- Installing: /tmp/tmp.7tNycvupL6/llvm/include/clang/AST/StmtDataCollectors.inc
-- Installing: /tmp/tmp.7tNycvupL6/llvm/include/clang/AST/AttrImpl.inc
-- Installing: /tmp/tmp.7tNycvupL6/llvm/include/clang/AST/AbstractTypeReader.inc
-- Installing: /tmp/tmp.7tNycvupL6/llvm/include/clang/AST/CommentHTMLTags.inc
-- Installing: /tmp/tmp.7tNycvupL6/llvm/include/clang/AST/CommentCommandInfo.inc
-- Installing: /tmp/tmp.7tNycvupL6/llvm/include/clang/AST/AttrTextNodeDump.inc
-- Installing: /tmp/tmp.7tNycvupL6/llvm/include/clang/AST/TypeNodes.inc
-- Installing: /tmp/tmp.7tNycvupL6/llvm/include/clang/AST/AbstractBasicReader.inc
-- Installing: /tmp/tmp.7tNycvupL6/llvm/include/clang/AST/CommentHTMLNamedCharacterReferences.inc
-- Installing: /tmp/tmp.7tNycvupL6/llvm/include/clang/AST/AbstractTypeWriter.inc
-- Installing: /tmp/tmp.7tNycvupL6/llvm/include/clang/AST/Attrs.inc
-- Installing: /tmp/tmp.7tNycvupL6/llvm/include/clang/AST/DeclNodes.inc
-- Installing: /tmp/tmp.7tNycvupL6/llvm/include/clang/AST/CommentNodes.inc
-- Installing: /tmp/tmp.7tNycvupL6/llvm/include/clang/AST/CommentCommandList.inc
-- Installing: /tmp/tmp.7tNycvupL6/llvm/include/clang/AST/AttrVisitor.inc
-- Installing: /tmp/tmp.7tNycvupL6/llvm/include/clang/AST/AttrNodeTraverse.inc
-- Installing: /tmp/tmp.7tNycvupL6/llvm/include/clang/AST/AbstractBasicWriter.inc
-- Up-to-date: /tmp/tmp.7tNycvupL6/llvm/include/clang/Serialization
-- Installing: /tmp/tmp.7tNycvupL6/llvm/include/clang/Serialization/AttrPCHRead.inc
-- Installing: /tmp/tmp.7tNycvupL6/llvm/include/clang/Serialization/AttrPCHWrite.inc
-- Up-to-date: /tmp/tmp.7tNycvupL6/llvm/include/clang/Sema
-- Installing: /tmp/tmp.7tNycvupL6/llvm/include/clang/Sema/AttrSpellingListIndex.inc
-- Installing: /tmp/tmp.7tNycvupL6/llvm/include/clang/Sema/AttrTemplateInstantiate.inc
-- Installing: /tmp/tmp.7tNycvupL6/llvm/include/clang/Sema/AttrParsedAttrImpl.inc
-- Installing: /tmp/tmp.7tNycvupL6/llvm/include/clang/Sema/AttrParsedAttrList.inc
-- Installing: /tmp/tmp.7tNycvupL6/llvm/include/clang/Sema/AttrParsedAttrKinds.inc
-- Up-to-date: /tmp/tmp.7tNycvupL6/llvm/include/clang/Tooling
-- Installing: /tmp/tmp.7tNycvupL6/llvm/include/clang/Tooling/NodeIntrospection.inc
-- Up-to-date: /tmp/tmp.7tNycvupL6/llvm/include/clang/Tooling/Syntax
-- Installing: /tmp/tmp.7tNycvupL6/llvm/include/clang/Tooling/Syntax/Nodes.inc
-- Installing: /tmp/tmp.7tNycvupL6/llvm/include/clang/Tooling/Syntax/NodeClasses.inc
-- Up-to-date: /tmp/tmp.7tNycvupL6/llvm/include/clang/Basic
-- Installing: /tmp/tmp.7tNycvupL6/llvm/include/clang/Basic/arm_mve_builtins.inc
-- Installing: /tmp/tmp.7tNycvupL6/llvm/include/clang/Basic/arm_fp16.inc
-- Installing: /tmp/tmp.7tNycvupL6/llvm/include/clang/Basic/arm_sve_builtins.inc
-- Installing: /tmp/tmp.7tNycvupL6/llvm/include/clang/Basic/DiagnosticCrossTUKinds.inc
-- Installing: /tmp/tmp.7tNycvupL6/llvm/include/clang/Basic/arm_cde_builtin_cg.inc
-- Installing: /tmp/tmp.7tNycvupL6/llvm/include/clang/Basic/arm_sve_typeflags.inc
-- Installing: /tmp/tmp.7tNycvupL6/llvm/include/clang/Basic/arm_sve_sema_rangechecks.inc
-- Installing: /tmp/tmp.7tNycvupL6/llvm/include/clang/Basic/DiagnosticCommentKinds.inc
-- Installing: /tmp/tmp.7tNycvupL6/llvm/include/clang/Basic/AttrSubMatchRulesList.inc
-- Installing: /tmp/tmp.7tNycvupL6/llvm/include/clang/Basic/DiagnosticASTKinds.inc
-- Installing: /tmp/tmp.7tNycvupL6/llvm/include/clang/Basic/arm_cde_builtin_aliases.inc
-- Installing: /tmp/tmp.7tNycvupL6/llvm/include/clang/Basic/DiagnosticDriverKinds.inc
-- Installing: /tmp/tmp.7tNycvupL6/llvm/include/clang/Basic/DiagnosticIndexName.inc
-- Installing: /tmp/tmp.7tNycvupL6/llvm/include/clang/Basic/DiagnosticParseKinds.inc
-- Installing: /tmp/tmp.7tNycvupL6/llvm/include/clang/Basic/Version.inc
-- Installing: /tmp/tmp.7tNycvupL6/llvm/include/clang/Basic/DiagnosticFrontendKinds.inc
-- Installing: /tmp/tmp.7tNycvupL6/llvm/include/clang/Basic/AttrList.inc
-- Installing: /tmp/tmp.7tNycvupL6/llvm/include/clang/Basic/arm_mve_builtin_cg.inc
-- Installing: /tmp/tmp.7tNycvupL6/llvm/include/clang/Basic/arm_mve_builtin_sema.inc
-- Installing: /tmp/tmp.7tNycvupL6/llvm/include/clang/Basic/DiagnosticLexKinds.inc
-- Installing: /tmp/tmp.7tNycvupL6/llvm/include/clang/Basic/riscv_vector_builtin_sema.inc
-- Installing: /tmp/tmp.7tNycvupL6/llvm/include/clang/Basic/arm_mve_builtin_aliases.inc
-- Installing: /tmp/tmp.7tNycvupL6/llvm/include/clang/Basic/DiagnosticSerializationKinds.inc
-- Installing: /tmp/tmp.7tNycvupL6/llvm/include/clang/Basic/AttrHasAttributeImpl.inc
-- Installing: /tmp/tmp.7tNycvupL6/llvm/include/clang/Basic/arm_neon.inc
-- Installing: /tmp/tmp.7tNycvupL6/llvm/include/clang/Basic/arm_cde_builtins.inc
-- Installing: /tmp/tmp.7tNycvupL6/llvm/include/clang/Basic/riscv_vector_builtins.inc
-- Installing: /tmp/tmp.7tNycvupL6/llvm/include/clang/Basic/DiagnosticRefactoringKinds.inc
-- Installing: /tmp/tmp.7tNycvupL6/llvm/include/clang/Basic/arm_sve_builtin_cg.inc
-- Installing: /tmp/tmp.7tNycvupL6/llvm/include/clang/Basic/DiagnosticGroups.inc
-- Installing: /tmp/tmp.7tNycvupL6/llvm/include/clang/Basic/DiagnosticCommonKinds.inc
-- Installing: /tmp/tmp.7tNycvupL6/llvm/include/clang/Basic/DiagnosticAnalysisKinds.inc
-- Installing: /tmp/tmp.7tNycvupL6/llvm/include/clang/Basic/arm_cde_builtin_sema.inc
-- Installing: /tmp/tmp.7tNycvupL6/llvm/include/clang/Basic/riscv_vector_builtin_cg.inc
-- Installing: /tmp/tmp.7tNycvupL6/llvm/include/clang/Basic/DiagnosticSemaKinds.inc
-- Up-to-date: /tmp/tmp.7tNycvupL6/llvm/include/clang/StaticAnalyzer
-- Up-to-date: /tmp/tmp.7tNycvupL6/llvm/include/clang/StaticAnalyzer/Checkers
-- Installing: /tmp/tmp.7tNycvupL6/llvm/include/clang/StaticAnalyzer/Checkers/Checkers.inc
-- Up-to-date: /tmp/tmp.7tNycvupL6/llvm/include/clang/Driver
-- Installing: /tmp/tmp.7tNycvupL6/llvm/include/clang/Driver/Options.inc
-- Up-to-date: /tmp/tmp.7tNycvupL6/llvm/include/clang/Config
-- Installing: /tmp/tmp.7tNycvupL6/llvm/include/clang/Config/config.h
-- Up-to-date: /tmp/tmp.7tNycvupL6/llvm/include/clang/Parse
-- Installing: /tmp/tmp.7tNycvupL6/llvm/include/clang/Parse/AttrSubMatchRulesParserStringSwitches.inc
-- Installing: /tmp/tmp.7tNycvupL6/llvm/include/clang/Parse/AttrParserStringSwitches.inc
[241/253] cd /home/tim911004/.llvm-project/stage1_build/tools/clang && /home/tim911004/miniconda3/envs/cuda-quantum/lib/python3.10/site-packages/cmake/data/bin/cmake -DCMAKE_INSTALL_COMPONENT="clang-libraries" -DCMAKE_INSTALL_DO_STRIP=1 -P /home/tim911004/.llvm-project/stage1_build/cmake_install.cmake
-- Install configuration: "Release"
[242/253] cd /home/tim911004/.llvm-project/stage1_build/tools/clang/lib/Headers && /home/tim911004/miniconda3/envs/cuda-quantum/lib/python3.10/site-packages/cmake/data/bin/cmake -DCMAKE_INSTALL_COMPONENT="clang-resource-headers" -DCMAKE_INSTALL_DO_STRIP=1 -P /home/tim911004/.llvm-project/stage1_build/cmake_install.cmake
-- Install configuration: "Release"
-- Installing: /tmp/tmp.7tNycvupL6/llvm/lib/clang/16/include/builtins.h
-- Installing: /tmp/tmp.7tNycvupL6/llvm/lib/clang/16/include/float.h
-- Installing: /tmp/tmp.7tNycvupL6/llvm/lib/clang/16/include/inttypes.h
-- Installing: /tmp/tmp.7tNycvupL6/llvm/lib/clang/16/include/iso646.h
-- Installing: /tmp/tmp.7tNycvupL6/llvm/lib/clang/16/include/limits.h
-- Installing: /tmp/tmp.7tNycvupL6/llvm/lib/clang/16/include/module.modulemap
-- Installing: /tmp/tmp.7tNycvupL6/llvm/lib/clang/16/include/stdalign.h
-- Installing: /tmp/tmp.7tNycvupL6/llvm/lib/clang/16/include/stdarg.h
-- Installing: /tmp/tmp.7tNycvupL6/llvm/lib/clang/16/include/stdatomic.h
-- Installing: /tmp/tmp.7tNycvupL6/llvm/lib/clang/16/include/stdbool.h
-- Installing: /tmp/tmp.7tNycvupL6/llvm/lib/clang/16/include/stddef.h
-- Installing: /tmp/tmp.7tNycvupL6/llvm/lib/clang/16/include/__stddef_max_align_t.h
-- Installing: /tmp/tmp.7tNycvupL6/llvm/lib/clang/16/include/stdint.h
-- Installing: /tmp/tmp.7tNycvupL6/llvm/lib/clang/16/include/stdnoreturn.h
-- Installing: /tmp/tmp.7tNycvupL6/llvm/lib/clang/16/include/tgmath.h
-- Installing: /tmp/tmp.7tNycvupL6/llvm/lib/clang/16/include/unwind.h
-- Installing: /tmp/tmp.7tNycvupL6/llvm/lib/clang/16/include/varargs.h
-- Installing: /tmp/tmp.7tNycvupL6/llvm/lib/clang/16/include/arm_acle.h
-- Installing: /tmp/tmp.7tNycvupL6/llvm/lib/clang/16/include/arm_cmse.h
-- Installing: /tmp/tmp.7tNycvupL6/llvm/lib/clang/16/include/armintr.h
-- Installing: /tmp/tmp.7tNycvupL6/llvm/lib/clang/16/include/arm64intr.h
-- Installing: /tmp/tmp.7tNycvupL6/llvm/lib/clang/16/include/arm_neon_sve_bridge.h
-- Installing: /tmp/tmp.7tNycvupL6/llvm/lib/clang/16/include/__clang_cuda_builtin_vars.h
-- Installing: /tmp/tmp.7tNycvupL6/llvm/lib/clang/16/include/__clang_cuda_math.h
-- Installing: /tmp/tmp.7tNycvupL6/llvm/lib/clang/16/include/__clang_cuda_cmath.h
-- Installing: /tmp/tmp.7tNycvupL6/llvm/lib/clang/16/include/__clang_cuda_complex_builtins.h
-- Installing: /tmp/tmp.7tNycvupL6/llvm/lib/clang/16/include/__clang_cuda_device_functions.h
-- Installing: /tmp/tmp.7tNycvupL6/llvm/lib/clang/16/include/__clang_cuda_intrinsics.h
-- Installing: /tmp/tmp.7tNycvupL6/llvm/lib/clang/16/include/__clang_cuda_texture_intrinsics.h
-- Installing: /tmp/tmp.7tNycvupL6/llvm/lib/clang/16/include/__clang_cuda_libdevice_declares.h
-- Installing: /tmp/tmp.7tNycvupL6/llvm/lib/clang/16/include/__clang_cuda_math_forward_declares.h
-- Installing: /tmp/tmp.7tNycvupL6/llvm/lib/clang/16/include/__clang_cuda_runtime_wrapper.h
-- Installing: /tmp/tmp.7tNycvupL6/llvm/lib/clang/16/include/hexagon_circ_brev_intrinsics.h
-- Installing: /tmp/tmp.7tNycvupL6/llvm/lib/clang/16/include/hexagon_protos.h
-- Installing: /tmp/tmp.7tNycvupL6/llvm/lib/clang/16/include/hexagon_types.h
-- Installing: /tmp/tmp.7tNycvupL6/llvm/lib/clang/16/include/hvx_hexagon_protos.h
-- Installing: /tmp/tmp.7tNycvupL6/llvm/lib/clang/16/include/__clang_hip_libdevice_declares.h
-- Installing: /tmp/tmp.7tNycvupL6/llvm/lib/clang/16/include/__clang_hip_cmath.h
-- Installing: /tmp/tmp.7tNycvupL6/llvm/lib/clang/16/include/__clang_hip_math.h
-- Installing: /tmp/tmp.7tNycvupL6/llvm/lib/clang/16/include/__clang_hip_stdlib.h
-- Installing: /tmp/tmp.7tNycvupL6/llvm/lib/clang/16/include/__clang_hip_runtime_wrapper.h
-- Installing: /tmp/tmp.7tNycvupL6/llvm/lib/clang/16/include/larchintrin.h
-- Installing: /tmp/tmp.7tNycvupL6/llvm/lib/clang/16/include/msa.h
-- Installing: /tmp/tmp.7tNycvupL6/llvm/lib/clang/16/include/opencl-c.h
-- Installing: /tmp/tmp.7tNycvupL6/llvm/lib/clang/16/include/opencl-c-base.h
-- Installing: /tmp/tmp.7tNycvupL6/llvm/lib/clang/16/include/altivec.h
-- Installing: /tmp/tmp.7tNycvupL6/llvm/lib/clang/16/include/htmintrin.h
-- Installing: /tmp/tmp.7tNycvupL6/llvm/lib/clang/16/include/htmxlintrin.h
-- Installing: /tmp/tmp.7tNycvupL6/llvm/lib/clang/16/include/s390intrin.h
-- Installing: /tmp/tmp.7tNycvupL6/llvm/lib/clang/16/include/vecintrin.h
-- Installing: /tmp/tmp.7tNycvupL6/llvm/lib/clang/16/include/velintrin.h
-- Installing: /tmp/tmp.7tNycvupL6/llvm/lib/clang/16/include/velintrin_gen.h
-- Installing: /tmp/tmp.7tNycvupL6/llvm/lib/clang/16/include/velintrin_approx.h
-- Installing: /tmp/tmp.7tNycvupL6/llvm/lib/clang/16/include/adxintrin.h
-- Installing: /tmp/tmp.7tNycvupL6/llvm/lib/clang/16/include/ammintrin.h
-- Installing: /tmp/tmp.7tNycvupL6/llvm/lib/clang/16/include/amxfp16intrin.h
-- Installing: /tmp/tmp.7tNycvupL6/llvm/lib/clang/16/include/amxintrin.h
-- Installing: /tmp/tmp.7tNycvupL6/llvm/lib/clang/16/include/avx2intrin.h
-- Installing: /tmp/tmp.7tNycvupL6/llvm/lib/clang/16/include/avx512bf16intrin.h
-- Installing: /tmp/tmp.7tNycvupL6/llvm/lib/clang/16/include/avx512bitalgintrin.h
-- Installing: /tmp/tmp.7tNycvupL6/llvm/lib/clang/16/include/avx512bwintrin.h
-- Installing: /tmp/tmp.7tNycvupL6/llvm/lib/clang/16/include/avx512cdintrin.h
-- Installing: /tmp/tmp.7tNycvupL6/llvm/lib/clang/16/include/avx512dqintrin.h
-- Installing: /tmp/tmp.7tNycvupL6/llvm/lib/clang/16/include/avx512erintrin.h
-- Installing: /tmp/tmp.7tNycvupL6/llvm/lib/clang/16/include/avx512fintrin.h
-- Installing: /tmp/tmp.7tNycvupL6/llvm/lib/clang/16/include/avx512fp16intrin.h
-- Installing: /tmp/tmp.7tNycvupL6/llvm/lib/clang/16/include/avx512ifmaintrin.h
-- Installing: /tmp/tmp.7tNycvupL6/llvm/lib/clang/16/include/avx512ifmavlintrin.h
-- Installing: /tmp/tmp.7tNycvupL6/llvm/lib/clang/16/include/avx512pfintrin.h
-- Installing: /tmp/tmp.7tNycvupL6/llvm/lib/clang/16/include/avx512vbmi2intrin.h
-- Installing: /tmp/tmp.7tNycvupL6/llvm/lib/clang/16/include/avx512vbmiintrin.h
-- Installing: /tmp/tmp.7tNycvupL6/llvm/lib/clang/16/include/avx512vbmivlintrin.h
-- Installing: /tmp/tmp.7tNycvupL6/llvm/lib/clang/16/include/avx512vlbf16intrin.h
-- Installing: /tmp/tmp.7tNycvupL6/llvm/lib/clang/16/include/avx512vlbitalgintrin.h
-- Installing: /tmp/tmp.7tNycvupL6/llvm/lib/clang/16/include/avx512vlbwintrin.h
-- Installing: /tmp/tmp.7tNycvupL6/llvm/lib/clang/16/include/avx512vlcdintrin.h
-- Installing: /tmp/tmp.7tNycvupL6/llvm/lib/clang/16/include/avx512vldqintrin.h
-- Installing: /tmp/tmp.7tNycvupL6/llvm/lib/clang/16/include/avx512vlfp16intrin.h
-- Installing: /tmp/tmp.7tNycvupL6/llvm/lib/clang/16/include/avx512vlintrin.h
-- Installing: /tmp/tmp.7tNycvupL6/llvm/lib/clang/16/include/avx512vlvbmi2intrin.h
-- Installing: /tmp/tmp.7tNycvupL6/llvm/lib/clang/16/include/avx512vlvnniintrin.h
-- Installing: /tmp/tmp.7tNycvupL6/llvm/lib/clang/16/include/avx512vlvp2intersectintrin.h
-- Installing: /tmp/tmp.7tNycvupL6/llvm/lib/clang/16/include/avx512vnniintrin.h
-- Installing: /tmp/tmp.7tNycvupL6/llvm/lib/clang/16/include/avx512vp2intersectintrin.h
-- Installing: /tmp/tmp.7tNycvupL6/llvm/lib/clang/16/include/avx512vpopcntdqintrin.h
-- Installing: /tmp/tmp.7tNycvupL6/llvm/lib/clang/16/include/avx512vpopcntdqvlintrin.h
-- Installing: /tmp/tmp.7tNycvupL6/llvm/lib/clang/16/include/avxifmaintrin.h
-- Installing: /tmp/tmp.7tNycvupL6/llvm/lib/clang/16/include/avxintrin.h
-- Installing: /tmp/tmp.7tNycvupL6/llvm/lib/clang/16/include/avxneconvertintrin.h
-- Installing: /tmp/tmp.7tNycvupL6/llvm/lib/clang/16/include/avxvnniint8intrin.h
-- Installing: /tmp/tmp.7tNycvupL6/llvm/lib/clang/16/include/avxvnniintrin.h
-- Installing: /tmp/tmp.7tNycvupL6/llvm/lib/clang/16/include/bmi2intrin.h
-- Installing: /tmp/tmp.7tNycvupL6/llvm/lib/clang/16/include/bmiintrin.h
-- Installing: /tmp/tmp.7tNycvupL6/llvm/lib/clang/16/include/cetintrin.h
-- Installing: /tmp/tmp.7tNycvupL6/llvm/lib/clang/16/include/cldemoteintrin.h
-- Installing: /tmp/tmp.7tNycvupL6/llvm/lib/clang/16/include/clflushoptintrin.h
-- Installing: /tmp/tmp.7tNycvupL6/llvm/lib/clang/16/include/clwbintrin.h
-- Installing: /tmp/tmp.7tNycvupL6/llvm/lib/clang/16/include/clzerointrin.h
-- Installing: /tmp/tmp.7tNycvupL6/llvm/lib/clang/16/include/cmpccxaddintrin.h
-- Installing: /tmp/tmp.7tNycvupL6/llvm/lib/clang/16/include/crc32intrin.h
-- Installing: /tmp/tmp.7tNycvupL6/llvm/lib/clang/16/include/emmintrin.h
-- Installing: /tmp/tmp.7tNycvupL6/llvm/lib/clang/16/include/enqcmdintrin.h
-- Installing: /tmp/tmp.7tNycvupL6/llvm/lib/clang/16/include/f16cintrin.h
-- Installing: /tmp/tmp.7tNycvupL6/llvm/lib/clang/16/include/fma4intrin.h
-- Installing: /tmp/tmp.7tNycvupL6/llvm/lib/clang/16/include/fmaintrin.h
-- Installing: /tmp/tmp.7tNycvupL6/llvm/lib/clang/16/include/fxsrintrin.h
-- Installing: /tmp/tmp.7tNycvupL6/llvm/lib/clang/16/include/gfniintrin.h
-- Installing: /tmp/tmp.7tNycvupL6/llvm/lib/clang/16/include/hresetintrin.h
-- Installing: /tmp/tmp.7tNycvupL6/llvm/lib/clang/16/include/ia32intrin.h
-- Installing: /tmp/tmp.7tNycvupL6/llvm/lib/clang/16/include/immintrin.h
-- Installing: /tmp/tmp.7tNycvupL6/llvm/lib/clang/16/include/invpcidintrin.h
-- Installing: /tmp/tmp.7tNycvupL6/llvm/lib/clang/16/include/keylockerintrin.h
-- Installing: /tmp/tmp.7tNycvupL6/llvm/lib/clang/16/include/lwpintrin.h
-- Installing: /tmp/tmp.7tNycvupL6/llvm/lib/clang/16/include/lzcntintrin.h
-- Installing: /tmp/tmp.7tNycvupL6/llvm/lib/clang/16/include/mm3dnow.h
-- Installing: /tmp/tmp.7tNycvupL6/llvm/lib/clang/16/include/mmintrin.h
-- Installing: /tmp/tmp.7tNycvupL6/llvm/lib/clang/16/include/movdirintrin.h
-- Installing: /tmp/tmp.7tNycvupL6/llvm/lib/clang/16/include/mwaitxintrin.h
-- Installing: /tmp/tmp.7tNycvupL6/llvm/lib/clang/16/include/nmmintrin.h
-- Installing: /tmp/tmp.7tNycvupL6/llvm/lib/clang/16/include/pconfigintrin.h
-- Installing: /tmp/tmp.7tNycvupL6/llvm/lib/clang/16/include/pkuintrin.h
-- Installing: /tmp/tmp.7tNycvupL6/llvm/lib/clang/16/include/pmmintrin.h
-- Installing: /tmp/tmp.7tNycvupL6/llvm/lib/clang/16/include/popcntintrin.h
-- Installing: /tmp/tmp.7tNycvupL6/llvm/lib/clang/16/include/prfchiintrin.h
-- Installing: /tmp/tmp.7tNycvupL6/llvm/lib/clang/16/include/prfchwintrin.h
-- Installing: /tmp/tmp.7tNycvupL6/llvm/lib/clang/16/include/ptwriteintrin.h
-- Installing: /tmp/tmp.7tNycvupL6/llvm/lib/clang/16/include/raointintrin.h
-- Installing: /tmp/tmp.7tNycvupL6/llvm/lib/clang/16/include/rdpruintrin.h
-- Installing: /tmp/tmp.7tNycvupL6/llvm/lib/clang/16/include/rdseedintrin.h
-- Installing: /tmp/tmp.7tNycvupL6/llvm/lib/clang/16/include/rtmintrin.h
-- Installing: /tmp/tmp.7tNycvupL6/llvm/lib/clang/16/include/serializeintrin.h
-- Installing: /tmp/tmp.7tNycvupL6/llvm/lib/clang/16/include/sgxintrin.h
-- Installing: /tmp/tmp.7tNycvupL6/llvm/lib/clang/16/include/shaintrin.h
-- Installing: /tmp/tmp.7tNycvupL6/llvm/lib/clang/16/include/smmintrin.h
-- Installing: /tmp/tmp.7tNycvupL6/llvm/lib/clang/16/include/tbmintrin.h
-- Installing: /tmp/tmp.7tNycvupL6/llvm/lib/clang/16/include/tmmintrin.h
-- Installing: /tmp/tmp.7tNycvupL6/llvm/lib/clang/16/include/tsxldtrkintrin.h
-- Installing: /tmp/tmp.7tNycvupL6/llvm/lib/clang/16/include/uintrintrin.h
-- Installing: /tmp/tmp.7tNycvupL6/llvm/lib/clang/16/include/vaesintrin.h
-- Installing: /tmp/tmp.7tNycvupL6/llvm/lib/clang/16/include/vpclmulqdqintrin.h
-- Installing: /tmp/tmp.7tNycvupL6/llvm/lib/clang/16/include/waitpkgintrin.h
-- Installing: /tmp/tmp.7tNycvupL6/llvm/lib/clang/16/include/wbnoinvdintrin.h
-- Installing: /tmp/tmp.7tNycvupL6/llvm/lib/clang/16/include/__wmmintrin_aes.h
-- Installing: /tmp/tmp.7tNycvupL6/llvm/lib/clang/16/include/wmmintrin.h
-- Installing: /tmp/tmp.7tNycvupL6/llvm/lib/clang/16/include/__wmmintrin_pclmul.h
-- Installing: /tmp/tmp.7tNycvupL6/llvm/lib/clang/16/include/x86gprintrin.h
-- Installing: /tmp/tmp.7tNycvupL6/llvm/lib/clang/16/include/x86intrin.h
-- Installing: /tmp/tmp.7tNycvupL6/llvm/lib/clang/16/include/xmmintrin.h
-- Installing: /tmp/tmp.7tNycvupL6/llvm/lib/clang/16/include/xopintrin.h
-- Installing: /tmp/tmp.7tNycvupL6/llvm/lib/clang/16/include/xsavecintrin.h
-- Installing: /tmp/tmp.7tNycvupL6/llvm/lib/clang/16/include/xsaveintrin.h
-- Installing: /tmp/tmp.7tNycvupL6/llvm/lib/clang/16/include/xsaveoptintrin.h
-- Installing: /tmp/tmp.7tNycvupL6/llvm/lib/clang/16/include/xsavesintrin.h
-- Installing: /tmp/tmp.7tNycvupL6/llvm/lib/clang/16/include/xtestintrin.h
-- Installing: /tmp/tmp.7tNycvupL6/llvm/lib/clang/16/include/cet.h
-- Installing: /tmp/tmp.7tNycvupL6/llvm/lib/clang/16/include/cpuid.h
-- Installing: /tmp/tmp.7tNycvupL6/llvm/lib/clang/16/include/wasm_simd128.h
-- Installing: /tmp/tmp.7tNycvupL6/llvm/lib/clang/16/include/intrin.h
-- Installing: /tmp/tmp.7tNycvupL6/llvm/lib/clang/16/include/vadefs.h
-- Installing: /tmp/tmp.7tNycvupL6/llvm/lib/clang/16/include/mm_malloc.h
-- Installing: /tmp/tmp.7tNycvupL6/llvm/lib/clang/16/include/arm_neon.h
-- Installing: /tmp/tmp.7tNycvupL6/llvm/lib/clang/16/include/arm_fp16.h
-- Installing: /tmp/tmp.7tNycvupL6/llvm/lib/clang/16/include/arm_sve.h
-- Installing: /tmp/tmp.7tNycvupL6/llvm/lib/clang/16/include/arm_bf16.h
-- Installing: /tmp/tmp.7tNycvupL6/llvm/lib/clang/16/include/arm_mve.h
-- Installing: /tmp/tmp.7tNycvupL6/llvm/lib/clang/16/include/arm_cde.h
-- Installing: /tmp/tmp.7tNycvupL6/llvm/lib/clang/16/include/riscv_vector.h
-- Installing: /tmp/tmp.7tNycvupL6/llvm/lib/clang/16/include/cuda_wrappers/algorithm
-- Installing: /tmp/tmp.7tNycvupL6/llvm/lib/clang/16/include/cuda_wrappers/cmath
-- Installing: /tmp/tmp.7tNycvupL6/llvm/lib/clang/16/include/cuda_wrappers/complex
-- Installing: /tmp/tmp.7tNycvupL6/llvm/lib/clang/16/include/cuda_wrappers/new
-- Installing: /tmp/tmp.7tNycvupL6/llvm/lib/clang/16/include/ppc_wrappers/mmintrin.h
-- Installing: /tmp/tmp.7tNycvupL6/llvm/lib/clang/16/include/ppc_wrappers/xmmintrin.h
-- Installing: /tmp/tmp.7tNycvupL6/llvm/lib/clang/16/include/ppc_wrappers/mm_malloc.h
-- Installing: /tmp/tmp.7tNycvupL6/llvm/lib/clang/16/include/ppc_wrappers/emmintrin.h
-- Installing: /tmp/tmp.7tNycvupL6/llvm/lib/clang/16/include/ppc_wrappers/pmmintrin.h
-- Installing: /tmp/tmp.7tNycvupL6/llvm/lib/clang/16/include/ppc_wrappers/tmmintrin.h
-- Installing: /tmp/tmp.7tNycvupL6/llvm/lib/clang/16/include/ppc_wrappers/smmintrin.h
-- Installing: /tmp/tmp.7tNycvupL6/llvm/lib/clang/16/include/ppc_wrappers/bmiintrin.h
-- Installing: /tmp/tmp.7tNycvupL6/llvm/lib/clang/16/include/ppc_wrappers/bmi2intrin.h
-- Installing: /tmp/tmp.7tNycvupL6/llvm/lib/clang/16/include/ppc_wrappers/immintrin.h
-- Installing: /tmp/tmp.7tNycvupL6/llvm/lib/clang/16/include/ppc_wrappers/x86intrin.h
-- Installing: /tmp/tmp.7tNycvupL6/llvm/lib/clang/16/include/ppc_wrappers/x86gprintrin.h
-- Installing: /tmp/tmp.7tNycvupL6/llvm/lib/clang/16/include/openmp_wrappers/math.h
-- Installing: /tmp/tmp.7tNycvupL6/llvm/lib/clang/16/include/openmp_wrappers/cmath
-- Installing: /tmp/tmp.7tNycvupL6/llvm/lib/clang/16/include/openmp_wrappers/complex.h
-- Installing: /tmp/tmp.7tNycvupL6/llvm/lib/clang/16/include/openmp_wrappers/complex
-- Installing: /tmp/tmp.7tNycvupL6/llvm/lib/clang/16/include/openmp_wrappers/__clang_openmp_device_functions.h
-- Installing: /tmp/tmp.7tNycvupL6/llvm/lib/clang/16/include/openmp_wrappers/complex_cmath.h
-- Installing: /tmp/tmp.7tNycvupL6/llvm/lib/clang/16/include/openmp_wrappers/new
[243/253] cd /home/tim911004/.llvm-project/stage1_build/tools/clang/tools/driver && /home/tim911004/miniconda3/envs/cuda-quantum/lib/python3.10/site-packages/cmake/data/bin/cmake -DCMAKE_INSTALL_COMPONENT="clang" -DCMAKE_INSTALL_DO_STRIP=1 -P /home/tim911004/.llvm-project/stage1_build/cmake_install.cmake
-- Install configuration: "Release"
-- Installing: /tmp/tmp.7tNycvupL6/llvm/bin/clang-16
-- Installing: /tmp/tmp.7tNycvupL6/llvm/bin/clang
-- Set non-toolchain portion of runtime path of "/tmp/tmp.7tNycvupL6/llvm/bin/clang-16" to "$ORIGIN/../lib"
-- Creating clang++
-- Creating clang-cl
-- Creating clang-cpp
[244/253] cd /home/tim911004/.llvm-project/stage1_build/tools/clang/tools/clang-format && /home/tim911004/miniconda3/envs/cuda-quantum/lib/python3.10/site-packages/cmake/data/bin/cmake -DCMAKE_INSTALL_COMPONENT="clang-format" -DCMAKE_INSTALL_DO_STRIP=1 -P /home/tim911004/.llvm-project/stage1_build/cmake_install.cmake
-- Install configuration: "Release"
-- Installing: /tmp/tmp.7tNycvupL6/llvm/bin/clang-format
-- Set non-toolchain portion of runtime path of "/tmp/tmp.7tNycvupL6/llvm/bin/clang-format" to "$ORIGIN/../lib"
-- Installing: /tmp/tmp.7tNycvupL6/llvm/share/clang/clang-format-bbedit.applescript
-- Installing: /tmp/tmp.7tNycvupL6/llvm/share/clang/clang-format-diff.py
-- Installing: /tmp/tmp.7tNycvupL6/llvm/share/clang/clang-format-sublime.py
-- Installing: /tmp/tmp.7tNycvupL6/llvm/share/clang/clang-format.el
-- Installing: /tmp/tmp.7tNycvupL6/llvm/share/clang/clang-format.py
-- Installing: /tmp/tmp.7tNycvupL6/llvm/bin/git-clang-format
[245/253] cd /home/tim911004/.llvm-project/stage1_build/tools/clang/cmake/modules && /home/tim911004/miniconda3/envs/cuda-quantum/lib/python3.10/site-packages/cmake/data/bin/cmake -DCMAKE_INSTALL_COMPONENT="clang-cmake-exports" -DCMAKE_INSTALL_DO_STRIP=1 -P /home/tim911004/.llvm-project/stage1_build/cmake_install.cmake
-- Install configuration: "Release"
-- Installing: /tmp/tmp.7tNycvupL6/llvm/lib/cmake/clang/ClangTargets.cmake
-- Installing: /tmp/tmp.7tNycvupL6/llvm/lib/cmake/clang/ClangTargets-release.cmake
-- Installing: /tmp/tmp.7tNycvupL6/llvm/lib/cmake/clang/ClangConfig.cmake
-- Installing: /tmp/tmp.7tNycvupL6/llvm/lib/cmake/clang/ClangConfigVersion.cmake
-- Installing: /tmp/tmp.7tNycvupL6/llvm/lib/cmake/clang/AddClang.cmake
[246/253] cd /home/tim911004/.llvm-project/stage1_build/tools/lld/tools/lld && /home/tim911004/miniconda3/envs/cuda-quantum/lib/python3.10/site-packages/cmake/data/bin/cmake -DCMAKE_INSTALL_COMPONENT="lld" -DCMAKE_INSTALL_DO_STRIP=1 -P /home/tim911004/.llvm-project/stage1_build/cmake_install.cmake
-- Install configuration: "Release"
-- Installing: /tmp/tmp.7tNycvupL6/llvm/bin/lld
-- Set non-toolchain portion of runtime path of "/tmp/tmp.7tNycvupL6/llvm/bin/lld" to "$ORIGIN/../lib"
-- Creating lld-link
-- Creating ld.lld
-- Creating ld64.lld
-- Creating wasm-ld
[247/253] cd /home/tim911004/.llvm-project/stage1_build/tools/llc && /home/tim911004/miniconda3/envs/cuda-quantum/lib/python3.10/site-packages/cmake/data/bin/cmake -DCMAKE_INSTALL_COMPONENT="llc" -DCMAKE_INSTALL_DO_STRIP=1 -P /home/tim911004/.llvm-project/stage1_build/cmake_install.cmake
-- Install configuration: "Release"
-- Installing: /tmp/tmp.7tNycvupL6/llvm/bin/llc
-- Set non-toolchain portion of runtime path of "/tmp/tmp.7tNycvupL6/llvm/bin/llc" to "$ORIGIN/../lib"
[248/253] cd /home/tim911004/.llvm-project/stage1_build/tools/llvm-as && /home/tim911004/miniconda3/envs/cuda-quantum/lib/python3.10/site-packages/cmake/data/bin/cmake -DCMAKE_INSTALL_COMPONENT="llvm-as" -DCMAKE_INSTALL_DO_STRIP=1 -P /home/tim911004/.llvm-project/stage1_build/cmake_install.cmake
-- Install configuration: "Release"
-- Installing: /tmp/tmp.7tNycvupL6/llvm/bin/llvm-as
-- Set non-toolchain portion of runtime path of "/tmp/tmp.7tNycvupL6/llvm/bin/llvm-as" to "$ORIGIN/../lib"
[249/253] cd /home/tim911004/.llvm-project/stage1_build/tools/llvm-cov && /home/tim911004/miniconda3/envs/cuda-quantum/lib/python3.10/site-packages/cmake/data/bin/cmake -DCMAKE_INSTALL_COMPONENT="llvm-cov" -DCMAKE_INSTALL_DO_STRIP=1 -P /home/tim911004/.llvm-project/stage1_build/cmake_install.cmake
-- Install configuration: "Release"
-- Installing: /tmp/tmp.7tNycvupL6/llvm/bin/llvm-cov
-- Set non-toolchain portion of runtime path of "/tmp/tmp.7tNycvupL6/llvm/bin/llvm-cov" to "$ORIGIN/../lib"
[250/253] cd /home/tim911004/.llvm-project/stage1_build/tools/llvm-nm && /home/tim911004/miniconda3/envs/cuda-quantum/lib/python3.10/site-packages/cmake/data/bin/cmake -DCMAKE_INSTALL_COMPONENT="llvm-nm" -DCMAKE_INSTALL_DO_STRIP=1 -P /home/tim911004/.llvm-project/stage1_build/cmake_install.cmake
-- Install configuration: "Release"
-- Installing: /tmp/tmp.7tNycvupL6/llvm/bin/llvm-nm
-- Set non-toolchain portion of runtime path of "/tmp/tmp.7tNycvupL6/llvm/bin/llvm-nm" to "$ORIGIN/../lib"
[251/253] cd /home/tim911004/.llvm-project/stage1_build/tools/llvm-symbolizer && /home/tim911004/miniconda3/envs/cuda-quantum/lib/python3.10/site-packages/cmake/data/bin/cmake -DCMAKE_INSTALL_COMPONENT="llvm-symbolizer" -DCMAKE_INSTALL_DO_STRIP=1 -P /home/tim911004/.llvm-project/stage1_build/cmake_install.cmake
-- Install configuration: "Release"
-- Installing: /tmp/tmp.7tNycvupL6/llvm/bin/llvm-symbolizer
-- Set non-toolchain portion of runtime path of "/tmp/tmp.7tNycvupL6/llvm/bin/llvm-symbolizer" to "$ORIGIN/../lib"
[252/253] cd /home/tim911004/.llvm-project/stage1_build/cmake/modules && /home/tim911004/miniconda3/envs/cuda-quantum/lib/python3.10/site-packages/cmake/data/bin/cmake -DCMAKE_INSTALL_COMPONENT="cmake-exports" -DCMAKE_INSTALL_DO_STRIP=1 -P /home/tim911004/.llvm-project/stage1_build/cmake_install.cmake
-- Install configuration: "Release"
-- Installing: /tmp/tmp.7tNycvupL6/llvm/lib/cmake/llvm/LLVMConfigExtensions.cmake
-- Installing: /tmp/tmp.7tNycvupL6/llvm/lib/cmake/llvm/LLVMExports.cmake
-- Installing: /tmp/tmp.7tNycvupL6/llvm/lib/cmake/llvm/LLVMExports-release.cmake
-- Installing: /tmp/tmp.7tNycvupL6/llvm/lib/cmake/llvm/LLVMConfig.cmake
-- Installing: /tmp/tmp.7tNycvupL6/llvm/lib/cmake/llvm/LLVMConfigVersion.cmake
-- Installing: /tmp/tmp.7tNycvupL6/llvm/lib/cmake/llvm/LLVM-Config.cmake
-- Up-to-date: /tmp/tmp.7tNycvupL6/llvm/lib/cmake/llvm/.
-- Installing: /tmp/tmp.7tNycvupL6/llvm/lib/cmake/llvm/./AddLLVM.cmake
-- Installing: /tmp/tmp.7tNycvupL6/llvm/lib/cmake/llvm/./VersionFromVCS.cmake
-- Installing: /tmp/tmp.7tNycvupL6/llvm/lib/cmake/llvm/./HandleLLVMOptions.cmake
-- Installing: /tmp/tmp.7tNycvupL6/llvm/lib/cmake/llvm/./LLVMExternalProjectUtils.cmake
-- Installing: /tmp/tmp.7tNycvupL6/llvm/lib/cmake/llvm/./FindLibpfm.cmake
-- Installing: /tmp/tmp.7tNycvupL6/llvm/lib/cmake/llvm/./GetLibraryName.cmake
-- Installing: /tmp/tmp.7tNycvupL6/llvm/lib/cmake/llvm/./AddSphinxTarget.cmake
-- Installing: /tmp/tmp.7tNycvupL6/llvm/lib/cmake/llvm/./CheckAtomic.cmake
-- Installing: /tmp/tmp.7tNycvupL6/llvm/lib/cmake/llvm/./CoverageReport.cmake
-- Installing: /tmp/tmp.7tNycvupL6/llvm/lib/cmake/llvm/./FindSphinx.cmake
-- Installing: /tmp/tmp.7tNycvupL6/llvm/lib/cmake/llvm/./GenerateVersionFromVCS.cmake
-- Installing: /tmp/tmp.7tNycvupL6/llvm/lib/cmake/llvm/./LLVMCheckLinkerFlag.cmake
-- Installing: /tmp/tmp.7tNycvupL6/llvm/lib/cmake/llvm/./FindOCaml.cmake
-- Installing: /tmp/tmp.7tNycvupL6/llvm/lib/cmake/llvm/./Findzstd.cmake
-- Installing: /tmp/tmp.7tNycvupL6/llvm/lib/cmake/llvm/./LLVMProcessSources.cmake
-- Installing: /tmp/tmp.7tNycvupL6/llvm/lib/cmake/llvm/./DetermineGCCCompatible.cmake
-- Installing: /tmp/tmp.7tNycvupL6/llvm/lib/cmake/llvm/./CheckCompilerVersion.cmake
-- Installing: /tmp/tmp.7tNycvupL6/llvm/lib/cmake/llvm/./TensorFlowCompile.cmake
-- Installing: /tmp/tmp.7tNycvupL6/llvm/lib/cmake/llvm/./llvm-driver-template.cpp.in
-- Installing: /tmp/tmp.7tNycvupL6/llvm/lib/cmake/llvm/./ChooseMSVCCRT.cmake
-- Installing: /tmp/tmp.7tNycvupL6/llvm/lib/cmake/llvm/./GetErrcMessages.cmake
-- Installing: /tmp/tmp.7tNycvupL6/llvm/lib/cmake/llvm/./TableGen.cmake
-- Installing: /tmp/tmp.7tNycvupL6/llvm/lib/cmake/llvm/./UseLibtool.cmake
-- Installing: /tmp/tmp.7tNycvupL6/llvm/lib/cmake/llvm/./AddOCaml.cmake
-- Installing: /tmp/tmp.7tNycvupL6/llvm/lib/cmake/llvm/./LLVM-Build.cmake
-- Installing: /tmp/tmp.7tNycvupL6/llvm/lib/cmake/llvm/./FindTerminfo.cmake
-- Installing: /tmp/tmp.7tNycvupL6/llvm/lib/cmake/llvm/./FindFFI.cmake
-- Installing: /tmp/tmp.7tNycvupL6/llvm/lib/cmake/llvm/./LLVMInstallSymlink.cmake
-- Installing: /tmp/tmp.7tNycvupL6/llvm/lib/cmake/llvm/./CrossCompile.cmake
-- Installing: /tmp/tmp.7tNycvupL6/llvm/lib/cmake/llvm/./HandleLLVMStdlib.cmake
-- Installing: /tmp/tmp.7tNycvupL6/llvm/lib/cmake/llvm/./FindZ3.cmake
-- Installing: /tmp/tmp.7tNycvupL6/llvm/lib/cmake/llvm/./SetTargetTriple.cmake
-- Installing: /tmp/tmp.7tNycvupL6/llvm/lib/cmake/llvm/./LLVMDistributionSupport.cmake
-- Installing: /tmp/tmp.7tNycvupL6/llvm/lib/cmake/llvm/./CheckProblematicConfigurations.cmake
Installed llvm build in directory: /tmp/tmp.7tNycvupL6/llvm
Installed llvm toolchain.
[01;31mWarning: No fortran compiler installed.[0m
libz already installed in /home/tim911004/.cudaq_prereqs/zlib.
Installing LLVM libraries...
Configured C compiler: /tmp/tmp.7tNycvupL6/llvm/bin/clang
Configured C++ compiler: /tmp/tmp.7tNycvupL6/llvm/bin/clang++
Cloning LLVM submodule...
fatal: destination path '/home/tim911004/.llvm-project' already exists and is not an empty directory.
HEAD is now at 7cbf1a2591 [lld][WebAssembly] Fix stub library parsing with windows line endings
M	compiler-rt/cmake/Modules/CompilerRTUtils.cmake
M	llvm/include/llvm/ExecutionEngine/SectionMemoryManager.h
M	llvm/lib/ExecutionEngine/SectionMemoryManager.cpp
M	llvm/unittests/ExecutionEngine/MCJIT/MCJITMemoryManagerTest.cpp
M	mlir/cmake/modules/AddMLIRPython.cmake
M	mlir/lib/Transforms/Utils/RegionUtils.cpp
M	mlir/python/CMakeLists.txt
Applying LLVM patches in /home/tim911004/cuda-quantum/scripts/../tpls/customizations/llvm...
Skipping /home/tim911004/cuda-quantum/scripts/../tpls/customizations/llvm/CompilerRTUtils.cmake.diff because it has already been applied.
Skipping /home/tim911004/cuda-quantum/scripts/../tpls/customizations/llvm/fix_region_simplification.diff because it has already been applied.
Skipping /home/tim911004/cuda-quantum/scripts/../tpls/customizations/llvm/llvm_pr71968_mod.diff because it has already been applied.
DEBUG: projects array: clang flang lld mlir openmp
DEBUG: llvm_projects string: clang;flang;lld;mlir;openmp;
- including Clang components
- including Flang components
- including OpenMP components
- including MLIR components
- including MLIR Python bindings
- including LLD components
- including general tools and components
Cherry-picking commit 9494bd84df3c5b496fc087285af9ff40d7859b6a
Auto-merging mlir/cmake/modules/AddMLIRPython.cmake
Auto-merging mlir/python/CMakeLists.txt
Using CMake cache in /home/tim911004/cuda-quantum/scripts/../cmake/caches/LLVM.cmake.
loading initial cache file custom_toolchain.cmake
CMake Deprecation Warning at /home/tim911004/.llvm-project/cmake/Modules/CMakePolicy.cmake:6 (cmake_policy):
  The OLD behavior for policy CMP0114 will be removed from a future version
  of CMake.

  The cmake-policies(7) manual explains that the OLD behaviors of all
  policies are deprecated and that a policy should be set to OLD only under
  specific short-term circumstances.  Projects should be ported to the NEW
  behavior and not rely on setting a policy to OLD.
Call Stack (most recent call first):
  CMakeLists.txt:13 (include)


CMake Deprecation Warning at /home/tim911004/.llvm-project/cmake/Modules/CMakePolicy.cmake:11 (cmake_policy):
  The OLD behavior for policy CMP0116 will be removed from a future version
  of CMake.

  The cmake-policies(7) manual explains that the OLD behaviors of all
  policies are deprecated and that a policy should be set to OLD only under
  specific short-term circumstances.  Projects should be ported to the NEW
  behavior and not rely on setting a policy to OLD.
Call Stack (most recent call first):
  CMakeLists.txt:13 (include)


-- bolt project is disabled
-- clang project is enabled
-- clang-tools-extra project is disabled
-- compiler-rt project is disabled
-- cross-project-tests project is disabled
-- libc project is disabled
-- libclc project is disabled
-- lld project is enabled
-- lldb project is disabled
-- mlir project is enabled
-- openmp project is enabled
-- polly project is disabled
-- pstl project is disabled
-- flang project is enabled
-- Found Python3: /home/tim911004/miniconda3/envs/cuda-quantum/bin/python3 (found suitable version "3.10.19", minimum required is "3.6") found components: Interpreter 
-- Could NOT find LibEdit (missing: LibEdit_INCLUDE_DIRS LibEdit_LIBRARIES) 
-- Native target architecture is X86
-- Threads enabled.
-- Doxygen disabled.
-- Ninja version: 1.13.1
-- Could NOT find OCaml (missing: OCAMLFIND OCAML_VERSION OCAML_STDLIB_PATH) 
-- Could NOT find OCaml (missing: OCAMLFIND OCAML_VERSION OCAML_STDLIB_PATH) 
-- OCaml bindings disabled.
-- LLVM host triple: x86_64-unknown-linux-gnu
-- LLVM default target triple: x86_64-unknown-linux-gnu
-- Building with -fPIC
-- Targeting AArch64
-- Targeting AMDGPU
-- Targeting ARM
-- Targeting AVR
-- Targeting BPF
-- Targeting Hexagon
-- Targeting Lanai
-- Targeting LoongArch
-- Targeting Mips
-- Targeting MSP430
-- Targeting NVPTX
-- Targeting PowerPC
-- Targeting RISCV
-- Targeting Sparc
-- Targeting SystemZ
-- Targeting VE
-- Targeting WebAssembly
-- Targeting X86
-- Targeting XCore
-- Using LLVM include directories: /home/tim911004/.llvm-project/llvm/include;/home/tim911004/.llvm-project/build/include
CMake Warning (dev) at /home/tim911004/.llvm-project/openmp/libomptarget/cmake/Modules/LibomptargetGetDependencies.cmake:107 (find_package):
  Policy CMP0146 is not set: The FindCUDA module is removed.  Run "cmake
  --help-policy CMP0146" for policy details.  Use the cmake_policy command to
  set the policy and suppress this warning.

Call Stack (most recent call first):
  /home/tim911004/.llvm-project/openmp/libomptarget/CMakeLists.txt:31 (include)
This warning is for project developers.  Use -Wno-dev to suppress it.

-- Could NOT find LIBOMPTARGET_DEP_VEO (missing: LIBOMPTARGET_DEP_VEO_LIBRARIES LIBOMPTARGET_DEP_VEOSINFO_LIBRARIES LIBOMPTARGET_DEP_VEO_INCLUDE_DIRS) 
-- OMPT target enabled
-- OpenMP tools dir in libomptarget: /home/tim911004/.llvm-project/build/projects/openmp/runtime/src
-- LIBOMPTARGET: Building offloading runtime library libomptarget.
-- LIBOMPTARGET: Not building aarch64 offloading plugin: machine not found in the system.
-- LIBOMPTARGET: Building AMDGPU plugin for dlopened libhsa
-- LIBOMPTARGET: Not generating amdgcn test targets as libhsa is not linkable
-- LIBOMPTARGET: Building CUDA offloading plugin.
-- LIBOMPTARGET: Building CUDA plugin linked against libcuda
-- LIBOMPTARGET: Disabling tests using CUDA plugin as cuda may not be available
-- LIBOMPTARGET: Not building PPC64 offloading plugin: machine not found in the system.
-- LIBOMPTARGET: Not building PPC64le offloading plugin: machine not found in the system.
-- LIBOMPTARGET: Not building nec-aurora plugin: libveo or libveosinfo not found.
-- LIBOMPTARGET: Building x86_64 offloading plugin.
-- LIBOMPTARGET: Not building aarch64 NextGen offloading plugin: machine not found in the system.
-- LIBOMPTARGET: Building AMDGPU NextGen plugin for dlopened libhsa
-- LIBOMPTARGET: Building CUDA NextGen offloading plugin.
-- LIBOMPTARGET: Building CUDA NextGen plugin linked against libcuda
-- LIBOMPTARGET: Not building PPC64 NextGen offloading plugin: machine not found in the system.
-- LIBOMPTARGET: Not building PPC64le NextGen offloading plugin: machine not found in the system.
-- LIBOMPTARGET: Building x86_64 NextGen offloading plugin.
-- LIBOMPTARGET: Building DeviceRTL. Using clang from in-tree build
-- LIBOMPTARGET: Building the llvm-omp-device-info tool
-- LIBOMPTARGET: Building the llvm-omp-kernel-replay tool
-- Found Python3: /home/tim911004/miniconda3/envs/cuda-quantum/bin/python3 (found version "3.10.19") found components: Interpreter Development Development.Module Development.Embed 
CMake Deprecation Warning at /home/tim911004/.llvm-project/cmake/Modules/CMakePolicy.cmake:6 (cmake_policy):
  The OLD behavior for policy CMP0114 will be removed from a future version
  of CMake.

  The cmake-policies(7) manual explains that the OLD behaviors of all
  policies are deprecated and that a policy should be set to OLD only under
  specific short-term circumstances.  Projects should be ported to the NEW
  behavior and not rely on setting a policy to OLD.
Call Stack (most recent call first):
  /home/tim911004/.llvm-project/clang/CMakeLists.txt:6 (include)


CMake Deprecation Warning at /home/tim911004/.llvm-project/cmake/Modules/CMakePolicy.cmake:11 (cmake_policy):
  The OLD behavior for policy CMP0116 will be removed from a future version
  of CMake.

  The cmake-policies(7) manual explains that the OLD behaviors of all
  policies are deprecated and that a policy should be set to OLD only under
  specific short-term circumstances.  Projects should be ported to the NEW
  behavior and not rely on setting a policy to OLD.
Call Stack (most recent call first):
  /home/tim911004/.llvm-project/clang/CMakeLists.txt:6 (include)


-- Clang version: 16.0.6
CMake Warning (dev) at /home/tim911004/.llvm-project/clang/tools/nvptx-arch/CMakeLists.txt:13 (find_package):
  Policy CMP0146 is not set: The FindCUDA module is removed.  Run "cmake
  --help-policy CMP0146" for policy details.  Use the cmake_policy command to
  set the policy and suppress this warning.

This warning is for project developers.  Use -Wno-dev to suppress it.

CMake Deprecation Warning at /home/tim911004/.llvm-project/cmake/Modules/CMakePolicy.cmake:6 (cmake_policy):
  The OLD behavior for policy CMP0114 will be removed from a future version
  of CMake.

  The cmake-policies(7) manual explains that the OLD behaviors of all
  policies are deprecated and that a policy should be set to OLD only under
  specific short-term circumstances.  Projects should be ported to the NEW
  behavior and not rely on setting a policy to OLD.
Call Stack (most recent call first):
  /home/tim911004/.llvm-project/lld/CMakeLists.txt:6 (include)


CMake Deprecation Warning at /home/tim911004/.llvm-project/cmake/Modules/CMakePolicy.cmake:11 (cmake_policy):
  The OLD behavior for policy CMP0116 will be removed from a future version
  of CMake.

  The cmake-policies(7) manual explains that the OLD behaviors of all
  policies are deprecated and that a policy should be set to OLD only under
  specific short-term circumstances.  Projects should be ported to the NEW
  behavior and not rely on setting a policy to OLD.
Call Stack (most recent call first):
  /home/tim911004/.llvm-project/lld/CMakeLists.txt:6 (include)


-- LLD version: 16.0.6
CMake Deprecation Warning at /home/tim911004/.llvm-project/cmake/Modules/CMakePolicy.cmake:6 (cmake_policy):
  The OLD behavior for policy CMP0114 will be removed from a future version
  of CMake.

  The cmake-policies(7) manual explains that the OLD behaviors of all
  policies are deprecated and that a policy should be set to OLD only under
  specific short-term circumstances.  Projects should be ported to the NEW
  behavior and not rely on setting a policy to OLD.
Call Stack (most recent call first):
  /home/tim911004/.llvm-project/mlir/CMakeLists.txt:7 (include)


CMake Deprecation Warning at /home/tim911004/.llvm-project/cmake/Modules/CMakePolicy.cmake:11 (cmake_policy):
  The OLD behavior for policy CMP0116 will be removed from a future version
  of CMake.

  The cmake-policies(7) manual explains that the OLD behaviors of all
  policies are deprecated and that a policy should be set to OLD only under
  specific short-term circumstances.  Projects should be ported to the NEW
  behavior and not rely on setting a policy to OLD.
Call Stack (most recent call first):
  /home/tim911004/.llvm-project/mlir/CMakeLists.txt:7 (include)


-- Found Python3: /home/tim911004/miniconda3/envs/cuda-quantum/bin/python3 (found suitable version "3.10.19", minimum required is "3.6") found components: Interpreter Development Development.Module Development.Embed 
-- Found Python3: /home/tim911004/miniconda3/envs/cuda-quantum/bin/python3 (found suitable version "3.10.19", minimum required is "3.6") found components: Interpreter Development.Module NumPy 
-- Found python include dirs: /home/tim911004/miniconda3/envs/cuda-quantum/include/python3.10
-- Found python libraries: /home/tim911004/miniconda3/envs/cuda-quantum/lib/libpython3.10.so
-- Found numpy v2.2.6: /home/tim911004/miniconda3/envs/cuda-quantum/lib/python3.10/site-packages/numpy/_core/include
-- Checking for pybind11 in python path...
-- found (/home/tim911004/miniconda3/envs/cuda-quantum/lib/python3.10/site-packages/pybind11/share/cmake/pybind11)
-- Found pybind11: /home/tim911004/miniconda3/envs/cuda-quantum/lib/python3.10/site-packages/pybind11/include (found version "3.0.1")
-- Found pybind11 v3.0.1: /home/tim911004/miniconda3/envs/cuda-quantum/lib/python3.10/site-packages/pybind11/include
-- Python prefix = '', suffix = '', extension = '.cpython-310-x86_64-linux-gnu.so
CMake Deprecation Warning at /home/tim911004/.llvm-project/cmake/Modules/CMakePolicy.cmake:6 (cmake_policy):
  The OLD behavior for policy CMP0114 will be removed from a future version
  of CMake.

  The cmake-policies(7) manual explains that the OLD behaviors of all
  policies are deprecated and that a policy should be set to OLD only under
  specific short-term circumstances.  Projects should be ported to the NEW
  behavior and not rely on setting a policy to OLD.
Call Stack (most recent call first):
  /home/tim911004/.llvm-project/flang/CMakeLists.txt:6 (include)


CMake Deprecation Warning at /home/tim911004/.llvm-project/cmake/Modules/CMakePolicy.cmake:11 (cmake_policy):
  The OLD behavior for policy CMP0116 will be removed from a future version
  of CMake.

  The cmake-policies(7) manual explains that the OLD behaviors of all
  policies are deprecated and that a policy should be set to OLD only under
  specific short-term circumstances.  Projects should be ported to the NEW
  behavior and not rely on setting a policy to OLD.
Call Stack (most recent call first):
  /home/tim911004/.llvm-project/flang/CMakeLists.txt:6 (include)


-- Flang version: 16.0.6
-- Performing Test CXX_SUPPORTS_NO_DEPRECATED_COPY_FLAG
-- Performing Test CXX_SUPPORTS_NO_DEPRECATED_COPY_FLAG - Success
-- Performing Test CXX_SUPPORTS_NO_STRING_CONVERSION_FLAG
-- Performing Test CXX_SUPPORTS_NO_STRING_CONVERSION_FLAG - Failed
-- Performing Test CXX_SUPPORTS_NO_CTAD_MAYBE_UNSUPPORTED_FLAG
-- Performing Test CXX_SUPPORTS_NO_CTAD_MAYBE_UNSUPPORTED_FLAG - Success
-- Could NOT find Doxygen (missing: DOXYGEN_EXECUTABLE) 
-- Registering ExampleIRTransforms as a pass plugin (static build: OFF)
-- Registering Bye as a pass plugin (static build: OFF)
-- LLVM FileCheck Found: /usr/bin/FileCheck
-- git version: v0.0.0-dirty normalized to 0.0.0
-- Version: 1.6.0
-- Performing Test HAVE_GNU_POSIX_REGEX -- failed to compile
-- Performing Test HAVE_POSIX_REGEX -- success
-- Performing Test HAVE_STEADY_CLOCK -- success
-- Configuring done (11.1s)
-- Generating done (7.6s)
-- Build files have been written to: /home/tim911004/.llvm-project/build
Building LLVM with configuration Release...
[1/1498] Building CXX object tools/flang/lib/Lower/CMakeFiles/obj.FortranLower.dir/OpenMP.cpp.o
[2/1498] Building CXX object tools/flang/lib/Lower/CMakeFiles/obj.FortranLower.dir/ConvertExpr.cpp.o
[3/1498] Building CXX object tools/flang/lib/Lower/CMakeFiles/obj.FortranLower.dir/PFTBuilder.cpp.o
[4/1498] Building CXX object tools/flang/lib/Lower/CMakeFiles/obj.FortranLower.dir/Runtime.cpp.o
[5/1498] Building CXX object tools/flang/lib/Lower/CMakeFiles/obj.FortranLower.dir/SymbolMap.cpp.o
[6/1498] Linking CXX static library lib/libFortranSemantics.a
[7/1498] Building CXX object tools/flang/lib/Optimizer/CodeGen/CMakeFiles/obj.FIRCodeGen.dir/BoxedProcedure.cpp.o
[8/1498] Building CXX object tools/flang/lib/Optimizer/CodeGen/CMakeFiles/obj.FIRCodeGen.dir/CGOps.cpp.o
[9/1498] Building CXX object tools/flang/lib/Optimizer/CodeGen/CMakeFiles/obj.FIRCodeGen.dir/CodeGen.cpp.o
[10/1498] Building CXX object tools/flang/lib/Lower/CMakeFiles/obj.FortranLower.dir/VectorSubscripts.cpp.o
[11/1498] Building CXX object tools/flang/lib/Optimizer/CodeGen/CMakeFiles/obj.FIRCodeGen.dir/PreCGRewrite.cpp.o
[12/1498] Building CXX object tools/flang/lib/Optimizer/CodeGen/CMakeFiles/obj.FIRCodeGen.dir/TBAABuilder.cpp.o
[13/1498] Building CXX object tools/flang/lib/Optimizer/CodeGen/CMakeFiles/obj.FIRCodeGen.dir/Target.cpp.o
[14/1498] Building CXX object tools/flang/lib/Optimizer/CodeGen/CMakeFiles/obj.FIRCodeGen.dir/TargetRewrite.cpp.o
[15/1498] Building CXX object tools/flang/lib/Optimizer/HLFIR/Transforms/CMakeFiles/obj.HLFIRTransforms.dir/BufferizeHLFIR.cpp.o
[16/1498] Linking CXX static library lib/libFIRTransforms.a
[17/1498] Creating export file for Remarks
[18/1498] Linking CXX static library lib/libLLVMMCA.a
[19/1498] Linking CXX static library lib/libLLVMObjectYAML.a
[20/1498] Linking CXX static library lib/libLLVMMCJIT.a
[21/1498] Building Options.inc...
[22/1498] Linking CXX static library lib/libLLVMLibDriver.a
[23/1498] Linking CXX static library lib/libLLVMWindowsManifest.a
[24/1498] Building CXX object projects/openmp/libomptarget/src/CMakeFiles/omptarget.dir/api.cpp.o
[25/1498] Building CXX object projects/openmp/libomptarget/src/CMakeFiles/omptarget.dir/device.cpp.o
[26/1498] Building CXX object projects/openmp/libomptarget/src/CMakeFiles/omptarget.dir/interface.cpp.o
[27/1498] Building CXX object tools/flang/lib/Optimizer/HLFIR/Transforms/CMakeFiles/obj.HLFIRTransforms.dir/ConvertToFIR.cpp.o
[28/1498] Building CXX object projects/openmp/libomptarget/src/CMakeFiles/omptarget.dir/interop.cpp.o
[29/1498] Building CXX object projects/openmp/libomptarget/src/CMakeFiles/omptarget.dir/ompt_callback.cpp.o
[30/1498] Building CXX object projects/openmp/libomptarget/src/CMakeFiles/omptarget.dir/omptarget.cpp.o
[31/1498] Building CXX object projects/openmp/libomptarget/src/CMakeFiles/omptarget.dir/LegacyAPI.cpp.o
[32/1498] Building CXX object projects/openmp/libomptarget/src/CMakeFiles/omptarget.dir/rtl.cpp.o
[33/1498] Building CXX object projects/openmp/libomptarget/plugins/common/elf_common/CMakeFiles/elf_common.dir/elf_common.cpp.o
[34/1498] Building CXX object projects/openmp/libomptarget/plugins/amdgpu/CMakeFiles/omptarget.rtl.amdgpu.dir/impl/impl.cpp.o
[35/1498] Building CXX object projects/openmp/libomptarget/plugins/common/elf_common/CMakeFiles/elf_common.dir/ELFSymbols.cpp.o
[36/1498] Building CXX object projects/openmp/libomptarget/plugins/amdgpu/CMakeFiles/omptarget.rtl.amdgpu.dir/impl/interop_hsa.cpp.o
[37/1498] Building CXX object projects/openmp/libomptarget/plugins/amdgpu/CMakeFiles/omptarget.rtl.amdgpu.dir/impl/data.cpp.o
[38/1498] Building CXX object projects/openmp/libomptarget/plugins/amdgpu/CMakeFiles/omptarget.rtl.amdgpu.dir/impl/get_elf_mach_gfx_name.cpp.o
[39/1498] Building CXX object projects/openmp/libomptarget/plugins/amdgpu/CMakeFiles/omptarget.rtl.amdgpu.dir/impl/msgpack.cpp.o
[40/1498] Building CXX object projects/openmp/libomptarget/plugins/amdgpu/CMakeFiles/omptarget.rtl.amdgpu.dir/impl/system.cpp.o
[41/1498] Building CXX object projects/openmp/libomptarget/plugins/amdgpu/CMakeFiles/omptarget.rtl.amdgpu.dir/dynamic_hsa/hsa.cpp.o
[42/1498] Building CXX object projects/openmp/libomptarget/plugins/cuda/CMakeFiles/omptarget.rtl.cuda.dir/src/rtl.cpp.o
FAILED: [code=1] projects/openmp/libomptarget/plugins/cuda/CMakeFiles/omptarget.rtl.cuda.dir/src/rtl.cpp.o 
/home/tim911004/miniconda3/envs/cuda-quantum/bin/x86_64-conda-linux-gnu-c++ -DGTEST_HAS_RTTI=0 -DOMPT_SUPPORT=1 -DTARGET_NAME=CUDA -D_GNU_SOURCE -D__STDC_CONSTANT_MACROS -D__STDC_FORMAT_MACROS -D__STDC_LIMIT_MACROS -I/home/tim911004/.llvm-project/build/projects/openmp/libomptarget/plugins/cuda -I/home/tim911004/.llvm-project/openmp/libomptarget/plugins/cuda -I/home/tim911004/.llvm-project/build/include -I/home/tim911004/.llvm-project/llvm/include -I/home/tim911004/.llvm-project/build/projects/openmp/runtime/src -I/home/tim911004/.llvm-project/openmp/libomptarget/include -I/home/tim911004/.llvm-project/openmp/libomptarget/plugins/common/elf_common -I/home/tim911004/.llvm-project/openmp/libomptarget/plugins/common/MemoryManager -isystem /home/tim911004/miniconda3/envs/cuda-quantum/include -w -fPIC -fno-semantic-interposition -fvisibility-inlines-hidden -Werror=date-time -Wall -Wextra -Wno-unused-parameter -Wwrite-strings -Wcast-qual -Wno-missing-field-initializers -pedantic -Wno-long-long -Wimplicit-fallthrough -Wno-maybe-uninitialized -Wno-class-memaccess -Wno-redundant-move -Wno-pessimizing-move -Wno-noexcept-type -Wnon-virtual-dtor -Wdelete-non-virtual-dtor -Wsuggest-override -Wno-comment -Wno-misleading-indentation -Wctad-maybe-unsupported -fdiagnostics-color -ffunction-sections -fdata-sections -Wall -Wcast-qual -Wimplicit-fallthrough -Wsign-compare -Wno-extra -Wno-pedantic -Wno-maybe-uninitialized -std=c++17 -O3 -DNDEBUG -std=c++17 -fPIC -fvisibility=protected  -fno-exceptions -fno-rtti -MD -MT projects/openmp/libomptarget/plugins/cuda/CMakeFiles/omptarget.rtl.cuda.dir/src/rtl.cpp.o -MF projects/openmp/libomptarget/plugins/cuda/CMakeFiles/omptarget.rtl.cuda.dir/src/rtl.cpp.o.d -o projects/openmp/libomptarget/plugins/cuda/CMakeFiles/omptarget.rtl.cuda.dir/src/rtl.cpp.o -c /home/tim911004/.llvm-project/openmp/libomptarget/plugins/cuda/src/rtl.cpp
/home/tim911004/.llvm-project/openmp/libomptarget/plugins/cuda/src/rtl.cpp:18:10: fatal error: cuda.h: No such file or directory
   18 | #include <cuda.h>
      |          ^~~~~~~~
compilation terminated.
[43/1498] Building CXX object projects/openmp/libomptarget/plugins/amdgpu/CMakeFiles/omptarget.rtl.amdgpu.dir/src/rtl.cpp.o
ninja: build stopped: subcommand failed.
Failed to build compiler components. Please check the files in the /home/tim911004/.llvm-project/build/logs/logs directory.
