Installing toolchain llvm...
Installing LLVM stage-1 build in /tmp/tmp.iH9s3v4NjZ/llvm.
Configured C compiler: /home/tim911004/miniconda3/envs/cuda-quantum/bin/x86_64-conda-linux-gnu-gcc
Configured C++ compiler: /home/tim911004/miniconda3/envs/cuda-quantum/bin/x86_64-conda-linux-gnu-g++
Cloning LLVM submodule...
fatal: destination path '/home/tim911004/.llvm-project' already exists and is not an empty directory.
HEAD is now at 7cbf1a2591 [lld][WebAssembly] Fix stub library parsing with windows line endings
M	compiler-rt/cmake/Modules/CompilerRTUtils.cmake
M	llvm/include/llvm/ExecutionEngine/SectionMemoryManager.h
M	llvm/lib/ExecutionEngine/SectionMemoryManager.cpp
M	llvm/unittests/ExecutionEngine/MCJIT/MCJITMemoryManagerTest.cpp
M	mlir/cmake/modules/AddMLIRPython.cmake
M	mlir/lib/Transforms/Utils/RegionUtils.cpp
M	mlir/python/CMakeLists.txt
Applying LLVM patches in /home/tim911004/cuda-quantum/scripts/../tpls/customizations/llvm...
Skipping /home/tim911004/cuda-quantum/scripts/../tpls/customizations/llvm/CompilerRTUtils.cmake.diff because it has already been applied.
Skipping /home/tim911004/cuda-quantum/scripts/../tpls/customizations/llvm/fix_region_simplification.diff because it has already been applied.
Skipping /home/tim911004/cuda-quantum/scripts/../tpls/customizations/llvm/llvm_pr71968_mod.diff because it has already been applied.
DEBUG: projects array: clang lld
DEBUG: llvm_projects string: clang;lld;
- including Clang components
- including LLD components
- including general tools and components
Using CMake cache in /home/tim911004/cuda-quantum/scripts/../cmake/caches/LLVM.cmake.
loading initial cache file custom_toolchain.cmake
CMake Deprecation Warning at /home/tim911004/.llvm-project/cmake/Modules/CMakePolicy.cmake:6 (cmake_policy):
  The OLD behavior for policy CMP0114 will be removed from a future version
  of CMake.

  The cmake-policies(7) manual explains that the OLD behaviors of all
  policies are deprecated and that a policy should be set to OLD only under
  specific short-term circumstances.  Projects should be ported to the NEW
  behavior and not rely on setting a policy to OLD.
Call Stack (most recent call first):
  CMakeLists.txt:13 (include)


CMake Deprecation Warning at /home/tim911004/.llvm-project/cmake/Modules/CMakePolicy.cmake:11 (cmake_policy):
  The OLD behavior for policy CMP0116 will be removed from a future version
  of CMake.

  The cmake-policies(7) manual explains that the OLD behaviors of all
  policies are deprecated and that a policy should be set to OLD only under
  specific short-term circumstances.  Projects should be ported to the NEW
  behavior and not rely on setting a policy to OLD.
Call Stack (most recent call first):
  CMakeLists.txt:13 (include)


-- bolt project is disabled
-- clang project is enabled
-- clang-tools-extra project is disabled
-- compiler-rt project is disabled
-- cross-project-tests project is disabled
-- libc project is disabled
-- libclc project is disabled
-- lld project is enabled
-- lldb project is disabled
-- mlir project is disabled
-- openmp project is disabled
-- polly project is disabled
-- pstl project is disabled
-- flang project is disabled
-- Could NOT find LibEdit (missing: LibEdit_INCLUDE_DIRS LibEdit_LIBRARIES) 
-- Native target architecture is X86
-- Threads enabled.
-- Doxygen disabled.
-- Ninja version: 1.13.1
-- Could NOT find OCaml (missing: OCAMLFIND OCAML_VERSION OCAML_STDLIB_PATH) 
-- OCaml bindings disabled.
-- LLVM host triple: x86_64-unknown-linux-gnu
-- LLVM default target triple: x86_64-unknown-linux-gnu
-- Building with -fPIC
-- Setting native build dir to /home/tim911004/.llvm-project/stage1_build/NATIVE
-- Targeting AArch64
-- Targeting AMDGPU
-- Targeting ARM
-- Targeting AVR
-- Targeting BPF
-- Targeting Hexagon
-- Targeting Lanai
-- Targeting LoongArch
-- Targeting Mips
-- Targeting MSP430
-- Targeting NVPTX
-- Targeting PowerPC
-- Targeting RISCV
-- Targeting Sparc
-- Targeting SystemZ
-- Targeting VE
-- Targeting WebAssembly
-- Targeting X86
-- Targeting XCore
CMake Deprecation Warning at /home/tim911004/.llvm-project/cmake/Modules/CMakePolicy.cmake:6 (cmake_policy):
  The OLD behavior for policy CMP0114 will be removed from a future version
  of CMake.

  The cmake-policies(7) manual explains that the OLD behaviors of all
  policies are deprecated and that a policy should be set to OLD only under
  specific short-term circumstances.  Projects should be ported to the NEW
  behavior and not rely on setting a policy to OLD.
Call Stack (most recent call first):
  /home/tim911004/.llvm-project/clang/CMakeLists.txt:6 (include)


CMake Deprecation Warning at /home/tim911004/.llvm-project/cmake/Modules/CMakePolicy.cmake:11 (cmake_policy):
  The OLD behavior for policy CMP0116 will be removed from a future version
  of CMake.

  The cmake-policies(7) manual explains that the OLD behaviors of all
  policies are deprecated and that a policy should be set to OLD only under
  specific short-term circumstances.  Projects should be ported to the NEW
  behavior and not rely on setting a policy to OLD.
Call Stack (most recent call first):
  /home/tim911004/.llvm-project/clang/CMakeLists.txt:6 (include)


-- Clang version: 16.0.6
CMake Warning (dev) at /home/tim911004/.llvm-project/clang/tools/nvptx-arch/CMakeLists.txt:13 (find_package):
  Policy CMP0146 is not set: The FindCUDA module is removed.  Run "cmake
  --help-policy CMP0146" for policy details.  Use the cmake_policy command to
  set the policy and suppress this warning.

This warning is for project developers.  Use -Wno-dev to suppress it.

CMake Deprecation Warning at /home/tim911004/.llvm-project/cmake/Modules/CMakePolicy.cmake:6 (cmake_policy):
  The OLD behavior for policy CMP0114 will be removed from a future version
  of CMake.

  The cmake-policies(7) manual explains that the OLD behaviors of all
  policies are deprecated and that a policy should be set to OLD only under
  specific short-term circumstances.  Projects should be ported to the NEW
  behavior and not rely on setting a policy to OLD.
Call Stack (most recent call first):
  /home/tim911004/.llvm-project/lld/CMakeLists.txt:6 (include)


CMake Deprecation Warning at /home/tim911004/.llvm-project/cmake/Modules/CMakePolicy.cmake:11 (cmake_policy):
  The OLD behavior for policy CMP0116 will be removed from a future version
  of CMake.

  The cmake-policies(7) manual explains that the OLD behaviors of all
  policies are deprecated and that a policy should be set to OLD only under
  specific short-term circumstances.  Projects should be ported to the NEW
  behavior and not rely on setting a policy to OLD.
Call Stack (most recent call first):
  /home/tim911004/.llvm-project/lld/CMakeLists.txt:6 (include)


-- LLD version: 16.0.6
-- Registering ExampleIRTransforms as a pass plugin (static build: OFF)
-- Registering Bye as a pass plugin (static build: OFF)
-- LLVM FileCheck Found: /usr/bin/FileCheck
-- git version: v0.0.0-dirty normalized to 0.0.0
-- Version: 1.6.0
-- Performing Test HAVE_GNU_POSIX_REGEX -- failed to compile
-- Performing Test HAVE_POSIX_REGEX -- success
-- Performing Test HAVE_STEADY_CLOCK -- success
-- Configuring done (7.6s)
-- Generating done (3.9s)
-- Build files have been written to: /home/tim911004/.llvm-project/stage1_build
Building LLVM with configuration Release...
[0/254] cd /home/tim911004/.llvm-project/stage1_build/lib/Demangle && /home/tim911004/miniconda3/envs/cuda-quantum/lib/python3.10/site-packages/cmake/data/bin/cmake -DCMAKE_INSTALL_COMPONENT="LLVMDemangle" -DCMAKE_INSTALL_DO_STRIP=1 -P /home/tim911004/.llvm-project/stage1_build/cmake_install.cmake
-- Install configuration: "Release"
-- Installing: /tmp/tmp.iH9s3v4NjZ/llvm/lib/libLLVMDemangle.a
[1/254] cd /home/tim911004/.llvm-project/stage1_build/lib/Support && /home/tim911004/miniconda3/envs/cuda-quantum/lib/python3.10/site-packages/cmake/data/bin/cmake -DCMAKE_INSTALL_COMPONENT="LLVMSupport" -DCMAKE_INSTALL_DO_STRIP=1 -P /home/tim911004/.llvm-project/stage1_build/cmake_install.cmake
-- Install configuration: "Release"
-- Installing: /tmp/tmp.iH9s3v4NjZ/llvm/lib/libLLVMSupport.a
[2/254] cd /home/tim911004/.llvm-project/stage1_build/lib/TableGen && /home/tim911004/miniconda3/envs/cuda-quantum/lib/python3.10/site-packages/cmake/data/bin/cmake -DCMAKE_INSTALL_COMPONENT="LLVMTableGen" -DCMAKE_INSTALL_DO_STRIP=1 -P /home/tim911004/.llvm-project/stage1_build/cmake_install.cmake
-- Install configuration: "Release"
-- Installing: /tmp/tmp.iH9s3v4NjZ/llvm/lib/libLLVMTableGen.a
[3/254] cd /home/tim911004/.llvm-project/stage1_build/utils/TableGen/GlobalISel && /home/tim911004/miniconda3/envs/cuda-quantum/lib/python3.10/site-packages/cmake/data/bin/cmake -DCMAKE_INSTALL_COMPONENT="LLVMTableGenGlobalISel" -DCMAKE_INSTALL_DO_STRIP=1 -P /home/tim911004/.llvm-project/stage1_build/cmake_install.cmake
-- Install configuration: "Release"
-- Installing: /tmp/tmp.iH9s3v4NjZ/llvm/lib/libLLVMTableGenGlobalISel.a
[4/254] cd /home/tim911004/.llvm-project/stage1_build/lib/FileCheck && /home/tim911004/miniconda3/envs/cuda-quantum/lib/python3.10/site-packages/cmake/data/bin/cmake -DCMAKE_INSTALL_COMPONENT="LLVMFileCheck" -DCMAKE_INSTALL_DO_STRIP=1 -P /home/tim911004/.llvm-project/stage1_build/cmake_install.cmake
-- Install configuration: "Release"
-- Installing: /tmp/tmp.iH9s3v4NjZ/llvm/lib/libLLVMFileCheck.a
[5/254] cd /home/tim911004/.llvm-project/stage1_build/lib/Bitstream/Reader && /home/tim911004/miniconda3/envs/cuda-quantum/lib/python3.10/site-packages/cmake/data/bin/cmake -DCMAKE_INSTALL_COMPONENT="LLVMBitstreamReader" -DCMAKE_INSTALL_DO_STRIP=1 -P /home/tim911004/.llvm-project/stage1_build/cmake_install.cmake
-- Install configuration: "Release"
-- Installing: /tmp/tmp.iH9s3v4NjZ/llvm/lib/libLLVMBitstreamReader.a
[6/254] cd /home/tim911004/.llvm-project/stage1_build/lib/Extensions && /home/tim911004/miniconda3/envs/cuda-quantum/lib/python3.10/site-packages/cmake/data/bin/cmake -DCMAKE_INSTALL_COMPONENT="LLVMExtensions" -DCMAKE_INSTALL_DO_STRIP=1 -P /home/tim911004/.llvm-project/stage1_build/cmake_install.cmake
-- Install configuration: "Release"
-- Installing: /tmp/tmp.iH9s3v4NjZ/llvm/lib/libLLVMExtensions.a
[7/254] cd /home/tim911004/.llvm-project/stage1_build/lib/Option && /home/tim911004/miniconda3/envs/cuda-quantum/lib/python3.10/site-packages/cmake/data/bin/cmake -DCMAKE_INSTALL_COMPONENT="LLVMOption" -DCMAKE_INSTALL_DO_STRIP=1 -P /home/tim911004/.llvm-project/stage1_build/cmake_install.cmake
-- Install configuration: "Release"
-- Installing: /tmp/tmp.iH9s3v4NjZ/llvm/lib/libLLVMOption.a
[8/254] cd /home/tim911004/.llvm-project/stage1_build/lib/DebugInfo/MSF && /home/tim911004/miniconda3/envs/cuda-quantum/lib/python3.10/site-packages/cmake/data/bin/cmake -DCMAKE_INSTALL_COMPONENT="LLVMDebugInfoMSF" -DCMAKE_INSTALL_DO_STRIP=1 -P /home/tim911004/.llvm-project/stage1_build/cmake_install.cmake
-- Install configuration: "Release"
-- Installing: /tmp/tmp.iH9s3v4NjZ/llvm/lib/libLLVMDebugInfoMSF.a
[9/254] cd /home/tim911004/.llvm-project/stage1_build/lib/DebugInfo/CodeView && /home/tim911004/miniconda3/envs/cuda-quantum/lib/python3.10/site-packages/cmake/data/bin/cmake -DCMAKE_INSTALL_COMPONENT="LLVMDebugInfoCodeView" -DCMAKE_INSTALL_DO_STRIP=1 -P /home/tim911004/.llvm-project/stage1_build/cmake_install.cmake
-- Install configuration: "Release"
-- Installing: /tmp/tmp.iH9s3v4NjZ/llvm/lib/libLLVMDebugInfoCodeView.a
[10/254] cd /home/tim911004/.llvm-project/stage1_build/lib/LineEditor && /home/tim911004/miniconda3/envs/cuda-quantum/lib/python3.10/site-packages/cmake/data/bin/cmake -DCMAKE_INSTALL_COMPONENT="LLVMLineEditor" -DCMAKE_INSTALL_DO_STRIP=1 -P /home/tim911004/.llvm-project/stage1_build/cmake_install.cmake
-- Install configuration: "Release"
-- Installing: /tmp/tmp.iH9s3v4NjZ/llvm/lib/libLLVMLineEditor.a
[11/254] cd /home/tim911004/.llvm-project/stage1_build/lib/WindowsManifest && /home/tim911004/miniconda3/envs/cuda-quantum/lib/python3.10/site-packages/cmake/data/bin/cmake -DCMAKE_INSTALL_COMPONENT="LLVMWindowsManifest" -DCMAKE_INSTALL_DO_STRIP=1 -P /home/tim911004/.llvm-project/stage1_build/cmake_install.cmake
-- Install configuration: "Release"
-- Installing: /tmp/tmp.iH9s3v4NjZ/llvm/lib/libLLVMWindowsManifest.a
[12/254] cd /home/tim911004/.llvm-project/stage1_build/tools/clang/lib/Support && /home/tim911004/miniconda3/envs/cuda-quantum/lib/python3.10/site-packages/cmake/data/bin/cmake -DCMAKE_INSTALL_COMPONENT="clangSupport" -DCMAKE_INSTALL_DO_STRIP=1 -P /home/tim911004/.llvm-project/stage1_build/cmake_install.cmake
-- Install configuration: "Release"
-- Installing: /tmp/tmp.iH9s3v4NjZ/llvm/lib/libclangSupport.a
[13/254] cd /home/tim911004/.llvm-project/stage1_build/utils/FileCheck && /home/tim911004/miniconda3/envs/cuda-quantum/lib/python3.10/site-packages/cmake/data/bin/cmake -DCMAKE_INSTALL_COMPONENT="FileCheck" -DCMAKE_INSTALL_DO_STRIP=1 -P /home/tim911004/.llvm-project/stage1_build/cmake_install.cmake
-- Install configuration: "Release"
-- Installing: /tmp/tmp.iH9s3v4NjZ/llvm/bin/FileCheck
-- Set non-toolchain portion of runtime path of "/tmp/tmp.iH9s3v4NjZ/llvm/bin/FileCheck" to "$ORIGIN/../lib"
[14/254] cd /home/tim911004/.llvm-project/stage1_build/utils/count && /home/tim911004/miniconda3/envs/cuda-quantum/lib/python3.10/site-packages/cmake/data/bin/cmake -DCMAKE_INSTALL_COMPONENT="count" -DCMAKE_INSTALL_DO_STRIP=1 -P /home/tim911004/.llvm-project/stage1_build/cmake_install.cmake
-- Install configuration: "Release"
-- Installing: /tmp/tmp.iH9s3v4NjZ/llvm/bin/count
-- Set non-toolchain portion of runtime path of "/tmp/tmp.iH9s3v4NjZ/llvm/bin/count" to "$ORIGIN/../lib"
[15/254] cd /home/tim911004/.llvm-project/stage1_build/utils/not && /home/tim911004/miniconda3/envs/cuda-quantum/lib/python3.10/site-packages/cmake/data/bin/cmake -DCMAKE_INSTALL_COMPONENT="not" -DCMAKE_INSTALL_DO_STRIP=1 -P /home/tim911004/.llvm-project/stage1_build/cmake_install.cmake
-- Install configuration: "Release"
-- Installing: /tmp/tmp.iH9s3v4NjZ/llvm/bin/not
-- Set non-toolchain portion of runtime path of "/tmp/tmp.iH9s3v4NjZ/llvm/bin/not" to "$ORIGIN/../lib"
[16/254] cd /home/tim911004/.llvm-project/stage1_build/tools/clang/cmake/modules && /home/tim911004/miniconda3/envs/cuda-quantum/lib/python3.10/site-packages/cmake/data/bin/cmake -DCMAKE_INSTALL_COMPONENT="clang-cmake-exports" -DCMAKE_INSTALL_DO_STRIP=1 -P /home/tim911004/.llvm-project/stage1_build/cmake_install.cmake
-- Install configuration: "Release"
-- Installing: /tmp/tmp.iH9s3v4NjZ/llvm/lib/cmake/clang/ClangTargets.cmake
-- Installing: /tmp/tmp.iH9s3v4NjZ/llvm/lib/cmake/clang/ClangTargets-release.cmake
-- Installing: /tmp/tmp.iH9s3v4NjZ/llvm/lib/cmake/clang/ClangConfig.cmake
-- Installing: /tmp/tmp.iH9s3v4NjZ/llvm/lib/cmake/clang/ClangConfigVersion.cmake
-- Installing: /tmp/tmp.iH9s3v4NjZ/llvm/lib/cmake/clang/AddClang.cmake
[17/254] cd /home/tim911004/.llvm-project/stage1_build/cmake/modules && /home/tim911004/miniconda3/envs/cuda-quantum/lib/python3.10/site-packages/cmake/data/bin/cmake -DCMAKE_INSTALL_COMPONENT="cmake-exports" -DCMAKE_INSTALL_DO_STRIP=1 -P /home/tim911004/.llvm-project/stage1_build/cmake_install.cmake
-- Install configuration: "Release"
-- Installing: /tmp/tmp.iH9s3v4NjZ/llvm/lib/cmake/llvm/LLVMConfigExtensions.cmake
-- Installing: /tmp/tmp.iH9s3v4NjZ/llvm/lib/cmake/llvm/LLVMExports.cmake
-- Installing: /tmp/tmp.iH9s3v4NjZ/llvm/lib/cmake/llvm/LLVMExports-release.cmake
-- Installing: /tmp/tmp.iH9s3v4NjZ/llvm/lib/cmake/llvm/LLVMConfig.cmake
-- Installing: /tmp/tmp.iH9s3v4NjZ/llvm/lib/cmake/llvm/LLVMConfigVersion.cmake
-- Installing: /tmp/tmp.iH9s3v4NjZ/llvm/lib/cmake/llvm/LLVM-Config.cmake
-- Up-to-date: /tmp/tmp.iH9s3v4NjZ/llvm/lib/cmake/llvm/.
-- Installing: /tmp/tmp.iH9s3v4NjZ/llvm/lib/cmake/llvm/./AddLLVM.cmake
-- Installing: /tmp/tmp.iH9s3v4NjZ/llvm/lib/cmake/llvm/./VersionFromVCS.cmake
-- Installing: /tmp/tmp.iH9s3v4NjZ/llvm/lib/cmake/llvm/./HandleLLVMOptions.cmake
-- Installing: /tmp/tmp.iH9s3v4NjZ/llvm/lib/cmake/llvm/./LLVMExternalProjectUtils.cmake
-- Installing: /tmp/tmp.iH9s3v4NjZ/llvm/lib/cmake/llvm/./FindLibpfm.cmake
-- Installing: /tmp/tmp.iH9s3v4NjZ/llvm/lib/cmake/llvm/./GetLibraryName.cmake
-- Installing: /tmp/tmp.iH9s3v4NjZ/llvm/lib/cmake/llvm/./AddSphinxTarget.cmake
-- Installing: /tmp/tmp.iH9s3v4NjZ/llvm/lib/cmake/llvm/./CheckAtomic.cmake
-- Installing: /tmp/tmp.iH9s3v4NjZ/llvm/lib/cmake/llvm/./CoverageReport.cmake
-- Installing: /tmp/tmp.iH9s3v4NjZ/llvm/lib/cmake/llvm/./FindSphinx.cmake
-- Installing: /tmp/tmp.iH9s3v4NjZ/llvm/lib/cmake/llvm/./GenerateVersionFromVCS.cmake
-- Installing: /tmp/tmp.iH9s3v4NjZ/llvm/lib/cmake/llvm/./LLVMCheckLinkerFlag.cmake
-- Installing: /tmp/tmp.iH9s3v4NjZ/llvm/lib/cmake/llvm/./FindOCaml.cmake
-- Installing: /tmp/tmp.iH9s3v4NjZ/llvm/lib/cmake/llvm/./Findzstd.cmake
-- Installing: /tmp/tmp.iH9s3v4NjZ/llvm/lib/cmake/llvm/./LLVMProcessSources.cmake
-- Installing: /tmp/tmp.iH9s3v4NjZ/llvm/lib/cmake/llvm/./DetermineGCCCompatible.cmake
-- Installing: /tmp/tmp.iH9s3v4NjZ/llvm/lib/cmake/llvm/./CheckCompilerVersion.cmake
-- Installing: /tmp/tmp.iH9s3v4NjZ/llvm/lib/cmake/llvm/./TensorFlowCompile.cmake
-- Installing: /tmp/tmp.iH9s3v4NjZ/llvm/lib/cmake/llvm/./llvm-driver-template.cpp.in
-- Installing: /tmp/tmp.iH9s3v4NjZ/llvm/lib/cmake/llvm/./ChooseMSVCCRT.cmake
-- Installing: /tmp/tmp.iH9s3v4NjZ/llvm/lib/cmake/llvm/./GetErrcMessages.cmake
-- Installing: /tmp/tmp.iH9s3v4NjZ/llvm/lib/cmake/llvm/./TableGen.cmake
-- Installing: /tmp/tmp.iH9s3v4NjZ/llvm/lib/cmake/llvm/./UseLibtool.cmake
-- Installing: /tmp/tmp.iH9s3v4NjZ/llvm/lib/cmake/llvm/./AddOCaml.cmake
-- Installing: /tmp/tmp.iH9s3v4NjZ/llvm/lib/cmake/llvm/./LLVM-Build.cmake
-- Installing: /tmp/tmp.iH9s3v4NjZ/llvm/lib/cmake/llvm/./FindTerminfo.cmake
-- Installing: /tmp/tmp.iH9s3v4NjZ/llvm/lib/cmake/llvm/./FindFFI.cmake
-- Installing: /tmp/tmp.iH9s3v4NjZ/llvm/lib/cmake/llvm/./LLVMInstallSymlink.cmake
-- Installing: /tmp/tmp.iH9s3v4NjZ/llvm/lib/cmake/llvm/./CrossCompile.cmake
-- Installing: /tmp/tmp.iH9s3v4NjZ/llvm/lib/cmake/llvm/./HandleLLVMStdlib.cmake
-- Installing: /tmp/tmp.iH9s3v4NjZ/llvm/lib/cmake/llvm/./FindZ3.cmake
-- Installing: /tmp/tmp.iH9s3v4NjZ/llvm/lib/cmake/llvm/./SetTargetTriple.cmake
-- Installing: /tmp/tmp.iH9s3v4NjZ/llvm/lib/cmake/llvm/./LLVMDistributionSupport.cmake
-- Installing: /tmp/tmp.iH9s3v4NjZ/llvm/lib/cmake/llvm/./CheckProblematicConfigurations.cmake
[19/254] Configuring NATIVE LLVM...
CMake Deprecation Warning at /home/tim911004/.llvm-project/cmake/Modules/CMakePolicy.cmake:6 (cmake_policy):
  The OLD behavior for policy CMP0114 will be removed from a future version
  of CMake.

  The cmake-policies(7) manual explains that the OLD behaviors of all
  policies are deprecated and that a policy should be set to OLD only under
  specific short-term circumstances.  Projects should be ported to the NEW
  behavior and not rely on setting a policy to OLD.
Call Stack (most recent call first):
  CMakeLists.txt:13 (include)


CMake Deprecation Warning at /home/tim911004/.llvm-project/cmake/Modules/CMakePolicy.cmake:11 (cmake_policy):
  The OLD behavior for policy CMP0116 will be removed from a future version
  of CMake.

  The cmake-policies(7) manual explains that the OLD behaviors of all
  policies are deprecated and that a policy should be set to OLD only under
  specific short-term circumstances.  Projects should be ported to the NEW
  behavior and not rely on setting a policy to OLD.
Call Stack (most recent call first):
  CMakeLists.txt:13 (include)


-- bolt project is disabled
-- clang project is enabled
-- clang-tools-extra project is disabled
-- compiler-rt project is disabled
-- cross-project-tests project is disabled
-- libc project is disabled
-- libclc project is disabled
-- lld project is enabled
-- lldb project is disabled
-- mlir project is disabled
-- openmp project is disabled
-- polly project is disabled
-- pstl project is disabled
-- flang project is disabled
-- Could NOT find LibEdit (missing: LibEdit_INCLUDE_DIRS LibEdit_LIBRARIES) 
-- Native target architecture is X86
-- Threads enabled.
-- Doxygen disabled.
-- Ninja version: 1.13.1
-- Could NOT find OCaml (missing: OCAMLFIND OCAML_VERSION OCAML_STDLIB_PATH) 
-- Could NOT find OCaml (missing: OCAMLFIND OCAML_VERSION OCAML_STDLIB_PATH) 
-- OCaml bindings disabled.
-- LLVM host triple: x86_64-unknown-linux-gnu
-- LLVM default target triple: x86_64-unknown-linux-gnu
-- Building with -fPIC
-- Targeting AArch64
-- Targeting AMDGPU
-- Targeting ARM
-- Targeting AVR
-- Targeting BPF
-- Targeting Hexagon
-- Targeting Lanai
-- Targeting LoongArch
-- Targeting Mips
-- Targeting MSP430
-- Targeting NVPTX
-- Targeting PowerPC
-- Targeting RISCV
-- Targeting Sparc
-- Targeting SystemZ
-- Targeting VE
-- Targeting WebAssembly
-- Targeting X86
-- Targeting XCore
CMake Deprecation Warning at /home/tim911004/.llvm-project/cmake/Modules/CMakePolicy.cmake:6 (cmake_policy):
  The OLD behavior for policy CMP0114 will be removed from a future version
  of CMake.

  The cmake-policies(7) manual explains that the OLD behaviors of all
  policies are deprecated and that a policy should be set to OLD only under
  specific short-term circumstances.  Projects should be ported to the NEW
  behavior and not rely on setting a policy to OLD.
Call Stack (most recent call first):
  /home/tim911004/.llvm-project/clang/CMakeLists.txt:6 (include)


CMake Deprecation Warning at /home/tim911004/.llvm-project/cmake/Modules/CMakePolicy.cmake:11 (cmake_policy):
  The OLD behavior for policy CMP0116 will be removed from a future version
  of CMake.

  The cmake-policies(7) manual explains that the OLD behaviors of all
  policies are deprecated and that a policy should be set to OLD only under
  specific short-term circumstances.  Projects should be ported to the NEW
  behavior and not rely on setting a policy to OLD.
Call Stack (most recent call first):
  /home/tim911004/.llvm-project/clang/CMakeLists.txt:6 (include)


-- Clang version: 16.0.6
CMake Warning (dev) at /home/tim911004/.llvm-project/clang/tools/nvptx-arch/CMakeLists.txt:13 (find_package):
  Policy CMP0146 is not set: The FindCUDA module is removed.  Run "cmake
  --help-policy CMP0146" for policy details.  Use the cmake_policy command to
  set the policy and suppress this warning.

This warning is for project developers.  Use -Wno-dev to suppress it.

CMake Deprecation Warning at /home/tim911004/.llvm-project/cmake/Modules/CMakePolicy.cmake:6 (cmake_policy):
  The OLD behavior for policy CMP0114 will be removed from a future version
  of CMake.

  The cmake-policies(7) manual explains that the OLD behaviors of all
  policies are deprecated and that a policy should be set to OLD only under
  specific short-term circumstances.  Projects should be ported to the NEW
  behavior and not rely on setting a policy to OLD.
Call Stack (most recent call first):
  /home/tim911004/.llvm-project/lld/CMakeLists.txt:6 (include)


CMake Deprecation Warning at /home/tim911004/.llvm-project/cmake/Modules/CMakePolicy.cmake:11 (cmake_policy):
  The OLD behavior for policy CMP0116 will be removed from a future version
  of CMake.

  The cmake-policies(7) manual explains that the OLD behaviors of all
  policies are deprecated and that a policy should be set to OLD only under
  specific short-term circumstances.  Projects should be ported to the NEW
  behavior and not rely on setting a policy to OLD.
Call Stack (most recent call first):
  /home/tim911004/.llvm-project/lld/CMakeLists.txt:6 (include)


-- LLD version: 16.0.6
-- Registering ExampleIRTransforms as a pass plugin (static build: OFF)
-- Registering Bye as a pass plugin (static build: OFF)
-- Configuring done (3.0s)
-- Generating done (2.3s)
-- Build files have been written to: /home/tim911004/.llvm-project/stage1_build/NATIVE
[19/254] cd /home/tim911004/.llvm-project/stage1_build/lib/FuzzMutate && /home/tim911004/miniconda3/envs/cuda-quantum/lib/python3.10/site-packages/cmake/data/bin/cmake -DCMAKE_INSTALL_COMPONENT="LLVMFuzzerCLI" -DCMAKE_INSTALL_DO_STRIP=1 -P /home/tim911004/.llvm-project/stage1_build/cmake_install.cmake
-- Install configuration: "Release"
-- Installing: /tmp/tmp.iH9s3v4NjZ/llvm/lib/libLLVMFuzzerCLI.a
[20/254] cd /home/tim911004/.llvm-project/stage1_build/lib/IR && /home/tim911004/miniconda3/envs/cuda-quantum/lib/python3.10/site-packages/cmake/data/bin/cmake -DCMAKE_INSTALL_COMPONENT="LLVMCore" -DCMAKE_INSTALL_DO_STRIP=1 -P /home/tim911004/.llvm-project/stage1_build/cmake_install.cmake
-- Install configuration: "Release"
-- Installing: /tmp/tmp.iH9s3v4NjZ/llvm/lib/libLLVMCore.a
[21/254] cd /home/tim911004/.llvm-project/stage1_build/lib/FuzzMutate && /home/tim911004/miniconda3/envs/cuda-quantum/lib/python3.10/site-packages/cmake/data/bin/cmake -DCMAKE_INSTALL_COMPONENT="LLVMFuzzMutate" -DCMAKE_INSTALL_DO_STRIP=1 -P /home/tim911004/.llvm-project/stage1_build/cmake_install.cmake
-- Install configuration: "Release"
-- Installing: /tmp/tmp.iH9s3v4NjZ/llvm/lib/libLLVMFuzzMutate.a
[22/254] cd /home/tim911004/.llvm-project/stage1_build/lib/InterfaceStub && /home/tim911004/miniconda3/envs/cuda-quantum/lib/python3.10/site-packages/cmake/data/bin/cmake -DCMAKE_INSTALL_COMPONENT="LLVMInterfaceStub" -DCMAKE_INSTALL_DO_STRIP=1 -P /home/tim911004/.llvm-project/stage1_build/cmake_install.cmake
-- Install configuration: "Release"
-- Installing: /tmp/tmp.iH9s3v4NjZ/llvm/lib/libLLVMInterfaceStub.a
[23/254] cd /home/tim911004/.llvm-project/stage1_build/lib/IRPrinter && /home/tim911004/miniconda3/envs/cuda-quantum/lib/python3.10/site-packages/cmake/data/bin/cmake -DCMAKE_INSTALL_COMPONENT="LLVMIRPrinter" -DCMAKE_INSTALL_DO_STRIP=1 -P /home/tim911004/.llvm-project/stage1_build/cmake_install.cmake
-- Install configuration: "Release"
-- Installing: /tmp/tmp.iH9s3v4NjZ/llvm/lib/libLLVMIRPrinter.a
[24/254] cd /home/tim911004/.llvm-project/stage1_build/lib/IRReader && /home/tim911004/miniconda3/envs/cuda-quantum/lib/python3.10/site-packages/cmake/data/bin/cmake -DCMAKE_INSTALL_COMPONENT="LLVMIRReader" -DCMAKE_INSTALL_DO_STRIP=1 -P /home/tim911004/.llvm-project/stage1_build/cmake_install.cmake
-- Install configuration: "Release"
-- Installing: /tmp/tmp.iH9s3v4NjZ/llvm/lib/libLLVMIRReader.a
[25/254] cd /home/tim911004/.llvm-project/stage1_build/lib/CodeGen && /home/tim911004/miniconda3/envs/cuda-quantum/lib/python3.10/site-packages/cmake/data/bin/cmake -DCMAKE_INSTALL_COMPONENT="LLVMCodeGen" -DCMAKE_INSTALL_DO_STRIP=1 -P /home/tim911004/.llvm-project/stage1_build/cmake_install.cmake
-- Install configuration: "Release"
-- Installing: /tmp/tmp.iH9s3v4NjZ/llvm/lib/libLLVMCodeGen.a
[26/254] cd /home/tim911004/.llvm-project/stage1_build/lib/CodeGen/SelectionDAG && /home/tim911004/miniconda3/envs/cuda-quantum/lib/python3.10/site-packages/cmake/data/bin/cmake -DCMAKE_INSTALL_COMPONENT="LLVMSelectionDAG" -DCMAKE_INSTALL_DO_STRIP=1 -P /home/tim911004/.llvm-project/stage1_build/cmake_install.cmake
-- Install configuration: "Release"
-- Installing: /tmp/tmp.iH9s3v4NjZ/llvm/lib/libLLVMSelectionDAG.a
[27/254] cd /home/tim911004/.llvm-project/stage1_build/lib/CodeGen/AsmPrinter && /home/tim911004/miniconda3/envs/cuda-quantum/lib/python3.10/site-packages/cmake/data/bin/cmake -DCMAKE_INSTALL_COMPONENT="LLVMAsmPrinter" -DCMAKE_INSTALL_DO_STRIP=1 -P /home/tim911004/.llvm-project/stage1_build/cmake_install.cmake
-- Install configuration: "Release"
-- Installing: /tmp/tmp.iH9s3v4NjZ/llvm/lib/libLLVMAsmPrinter.a
[28/254] cd /home/tim911004/.llvm-project/stage1_build/lib/CodeGen/MIRParser && /home/tim911004/miniconda3/envs/cuda-quantum/lib/python3.10/site-packages/cmake/data/bin/cmake -DCMAKE_INSTALL_COMPONENT="LLVMMIRParser" -DCMAKE_INSTALL_DO_STRIP=1 -P /home/tim911004/.llvm-project/stage1_build/cmake_install.cmake
-- Install configuration: "Release"
-- Installing: /tmp/tmp.iH9s3v4NjZ/llvm/lib/libLLVMMIRParser.a
[29/254] cd /home/tim911004/.llvm-project/stage1_build/lib/CodeGen/GlobalISel && /home/tim911004/miniconda3/envs/cuda-quantum/lib/python3.10/site-packages/cmake/data/bin/cmake -DCMAKE_INSTALL_COMPONENT="LLVMGlobalISel" -DCMAKE_INSTALL_DO_STRIP=1 -P /home/tim911004/.llvm-project/stage1_build/cmake_install.cmake
-- Install configuration: "Release"
-- Installing: /tmp/tmp.iH9s3v4NjZ/llvm/lib/libLLVMGlobalISel.a
[30/254] cd /home/tim911004/.llvm-project/stage1_build/lib/BinaryFormat && /home/tim911004/miniconda3/envs/cuda-quantum/lib/python3.10/site-packages/cmake/data/bin/cmake -DCMAKE_INSTALL_COMPONENT="LLVMBinaryFormat" -DCMAKE_INSTALL_DO_STRIP=1 -P /home/tim911004/.llvm-project/stage1_build/cmake_install.cmake
-- Install configuration: "Release"
-- Installing: /tmp/tmp.iH9s3v4NjZ/llvm/lib/libLLVMBinaryFormat.a
[31/254] cd /home/tim911004/.llvm-project/stage1_build/lib/Bitcode/Reader && /home/tim911004/miniconda3/envs/cuda-quantum/lib/python3.10/site-packages/cmake/data/bin/cmake -DCMAKE_INSTALL_COMPONENT="LLVMBitReader" -DCMAKE_INSTALL_DO_STRIP=1 -P /home/tim911004/.llvm-project/stage1_build/cmake_install.cmake
-- Install configuration: "Release"
-- Installing: /tmp/tmp.iH9s3v4NjZ/llvm/lib/libLLVMBitReader.a
[32/254] cd /home/tim911004/.llvm-project/stage1_build/lib/Bitcode/Writer && /home/tim911004/miniconda3/envs/cuda-quantum/lib/python3.10/site-packages/cmake/data/bin/cmake -DCMAKE_INSTALL_COMPONENT="LLVMBitWriter" -DCMAKE_INSTALL_DO_STRIP=1 -P /home/tim911004/.llvm-project/stage1_build/cmake_install.cmake
-- Install configuration: "Release"
-- Installing: /tmp/tmp.iH9s3v4NjZ/llvm/lib/libLLVMBitWriter.a
[33/254] cd /home/tim911004/.llvm-project/stage1_build/lib/DWARFLinker && /home/tim911004/miniconda3/envs/cuda-quantum/lib/python3.10/site-packages/cmake/data/bin/cmake -DCMAKE_INSTALL_COMPONENT="LLVMDWARFLinker" -DCMAKE_INSTALL_DO_STRIP=1 -P /home/tim911004/.llvm-project/stage1_build/cmake_install.cmake
-- Install configuration: "Release"
-- Installing: /tmp/tmp.iH9s3v4NjZ/llvm/lib/libLLVMDWARFLinker.a
[34/254] cd /home/tim911004/.llvm-project/stage1_build/lib/DWARFLinkerParallel && /home/tim911004/miniconda3/envs/cuda-quantum/lib/python3.10/site-packages/cmake/data/bin/cmake -DCMAKE_INSTALL_COMPONENT="LLVMDWARFLinkerParallel" -DCMAKE_INSTALL_DO_STRIP=1 -P /home/tim911004/.llvm-project/stage1_build/cmake_install.cmake
-- Install configuration: "Release"
-- Installing: /tmp/tmp.iH9s3v4NjZ/llvm/lib/libLLVMDWARFLinkerParallel.a
[35/254] cd /home/tim911004/.llvm-project/stage1_build/lib/Frontend/HLSL && /home/tim911004/miniconda3/envs/cuda-quantum/lib/python3.10/site-packages/cmake/data/bin/cmake -DCMAKE_INSTALL_COMPONENT="LLVMFrontendHLSL" -DCMAKE_INSTALL_DO_STRIP=1 -P /home/tim911004/.llvm-project/stage1_build/cmake_install.cmake
-- Install configuration: "Release"
-- Installing: /tmp/tmp.iH9s3v4NjZ/llvm/lib/libLLVMFrontendHLSL.a
[36/254] cd /home/tim911004/.llvm-project/stage1_build/lib/Frontend/OpenACC && /home/tim911004/miniconda3/envs/cuda-quantum/lib/python3.10/site-packages/cmake/data/bin/cmake -DCMAKE_INSTALL_COMPONENT="LLVMFrontendOpenACC" -DCMAKE_INSTALL_DO_STRIP=1 -P /home/tim911004/.llvm-project/stage1_build/cmake_install.cmake
-- Install configuration: "Release"
-- Installing: /tmp/tmp.iH9s3v4NjZ/llvm/lib/libLLVMFrontendOpenACC.a
[37/254] cd /home/tim911004/.llvm-project/stage1_build/lib/Frontend/OpenMP && /home/tim911004/miniconda3/envs/cuda-quantum/lib/python3.10/site-packages/cmake/data/bin/cmake -DCMAKE_INSTALL_COMPONENT="LLVMFrontendOpenMP" -DCMAKE_INSTALL_DO_STRIP=1 -P /home/tim911004/.llvm-project/stage1_build/cmake_install.cmake
-- Install configuration: "Release"
-- Installing: /tmp/tmp.iH9s3v4NjZ/llvm/lib/libLLVMFrontendOpenMP.a
[38/254] cd /home/tim911004/.llvm-project/stage1_build/lib/Transforms/Utils && /home/tim911004/miniconda3/envs/cuda-quantum/lib/python3.10/site-packages/cmake/data/bin/cmake -DCMAKE_INSTALL_COMPONENT="LLVMTransformUtils" -DCMAKE_INSTALL_DO_STRIP=1 -P /home/tim911004/.llvm-project/stage1_build/cmake_install.cmake
-- Install configuration: "Release"
-- Installing: /tmp/tmp.iH9s3v4NjZ/llvm/lib/libLLVMTransformUtils.a
[39/254] cd /home/tim911004/.llvm-project/stage1_build/lib/Transforms/Instrumentation && /home/tim911004/miniconda3/envs/cuda-quantum/lib/python3.10/site-packages/cmake/data/bin/cmake -DCMAKE_INSTALL_COMPONENT="LLVMInstrumentation" -DCMAKE_INSTALL_DO_STRIP=1 -P /home/tim911004/.llvm-project/stage1_build/cmake_install.cmake
-- Install configuration: "Release"
-- Installing: /tmp/tmp.iH9s3v4NjZ/llvm/lib/libLLVMInstrumentation.a
[40/254] Building CXX object tools/llvm-config/CMakeFiles/llvm-config.dir/llvm-config.cpp.o
[41/254] cd /home/tim911004/.llvm-project/stage1_build/lib/Transforms/AggressiveInstCombine && /home/tim911004/miniconda3/envs/cuda-quantum/lib/python3.10/site-packages/cmake/data/bin/cmake -DCMAKE_INSTALL_COMPONENT="LLVMAggressiveInstCombine" -DCMAKE_INSTALL_DO_STRIP=1 -P /home/tim911004/.llvm-project/stage1_build/cmake_install.cmake
-- Install configuration: "Release"
-- Installing: /tmp/tmp.iH9s3v4NjZ/llvm/lib/libLLVMAggressiveInstCombine.a
[42/254] Linking CXX executable bin/llvm-config
[43/254] cd /home/tim911004/.llvm-project/stage1_build/lib/Transforms/InstCombine && /home/tim911004/miniconda3/envs/cuda-quantum/lib/python3.10/site-packages/cmake/data/bin/cmake -DCMAKE_INSTALL_COMPONENT="LLVMInstCombine" -DCMAKE_INSTALL_DO_STRIP=1 -P /home/tim911004/.llvm-project/stage1_build/cmake_install.cmake
-- Install configuration: "Release"
-- Installing: /tmp/tmp.iH9s3v4NjZ/llvm/lib/libLLVMInstCombine.a
[44/254] cd /home/tim911004/.llvm-project/stage1_build/lib/Transforms/Scalar && /home/tim911004/miniconda3/envs/cuda-quantum/lib/python3.10/site-packages/cmake/data/bin/cmake -DCMAKE_INSTALL_COMPONENT="LLVMScalarOpts" -DCMAKE_INSTALL_DO_STRIP=1 -P /home/tim911004/.llvm-project/stage1_build/cmake_install.cmake
-- Install configuration: "Release"
-- Installing: /tmp/tmp.iH9s3v4NjZ/llvm/lib/libLLVMScalarOpts.a
[45/254] cd /home/tim911004/.llvm-project/stage1_build/lib/Transforms/IPO && /home/tim911004/miniconda3/envs/cuda-quantum/lib/python3.10/site-packages/cmake/data/bin/cmake -DCMAKE_INSTALL_COMPONENT="LLVMipo" -DCMAKE_INSTALL_DO_STRIP=1 -P /home/tim911004/.llvm-project/stage1_build/cmake_install.cmake
-- Install configuration: "Release"
-- Installing: /tmp/tmp.iH9s3v4NjZ/llvm/lib/libLLVMipo.a
[46/254] cd /home/tim911004/.llvm-project/stage1_build/lib/Transforms/Vectorize && /home/tim911004/miniconda3/envs/cuda-quantum/lib/python3.10/site-packages/cmake/data/bin/cmake -DCMAKE_INSTALL_COMPONENT="LLVMVectorize" -DCMAKE_INSTALL_DO_STRIP=1 -P /home/tim911004/.llvm-project/stage1_build/cmake_install.cmake
-- Install configuration: "Release"
-- Installing: /tmp/tmp.iH9s3v4NjZ/llvm/lib/libLLVMVectorize.a
[47/254] cd /home/tim911004/.llvm-project/stage1_build/lib/Transforms/ObjCARC && /home/tim911004/miniconda3/envs/cuda-quantum/lib/python3.10/site-packages/cmake/data/bin/cmake -DCMAKE_INSTALL_COMPONENT="LLVMObjCARCOpts" -DCMAKE_INSTALL_DO_STRIP=1 -P /home/tim911004/.llvm-project/stage1_build/cmake_install.cmake
-- Install configuration: "Release"
-- Installing: /tmp/tmp.iH9s3v4NjZ/llvm/lib/libLLVMObjCARCOpts.a
[48/254] cd /home/tim911004/.llvm-project/stage1_build/lib/Transforms/Coroutines && /home/tim911004/miniconda3/envs/cuda-quantum/lib/python3.10/site-packages/cmake/data/bin/cmake -DCMAKE_INSTALL_COMPONENT="LLVMCoroutines" -DCMAKE_INSTALL_DO_STRIP=1 -P /home/tim911004/.llvm-project/stage1_build/cmake_install.cmake
-- Install configuration: "Release"
-- Installing: /tmp/tmp.iH9s3v4NjZ/llvm/lib/libLLVMCoroutines.a
[49/254] cd /home/tim911004/.llvm-project/stage1_build/lib/Transforms/CFGuard && /home/tim911004/miniconda3/envs/cuda-quantum/lib/python3.10/site-packages/cmake/data/bin/cmake -DCMAKE_INSTALL_COMPONENT="LLVMCFGuard" -DCMAKE_INSTALL_DO_STRIP=1 -P /home/tim911004/.llvm-project/stage1_build/cmake_install.cmake
-- Install configuration: "Release"
-- Installing: /tmp/tmp.iH9s3v4NjZ/llvm/lib/libLLVMCFGuard.a
[50/254] cd /home/tim911004/.llvm-project/stage1_build/lib/Linker && /home/tim911004/miniconda3/envs/cuda-quantum/lib/python3.10/site-packages/cmake/data/bin/cmake -DCMAKE_INSTALL_COMPONENT="LLVMLinker" -DCMAKE_INSTALL_DO_STRIP=1 -P /home/tim911004/.llvm-project/stage1_build/cmake_install.cmake
-- Install configuration: "Release"
-- Installing: /tmp/tmp.iH9s3v4NjZ/llvm/lib/libLLVMLinker.a
[51/254] cd /home/tim911004/.llvm-project/stage1_build/lib/Analysis && /home/tim911004/miniconda3/envs/cuda-quantum/lib/python3.10/site-packages/cmake/data/bin/cmake -DCMAKE_INSTALL_COMPONENT="LLVMAnalysis" -DCMAKE_INSTALL_DO_STRIP=1 -P /home/tim911004/.llvm-project/stage1_build/cmake_install.cmake
-- Install configuration: "Release"
-- Installing: /tmp/tmp.iH9s3v4NjZ/llvm/lib/libLLVMAnalysis.a
[52/254] cd /home/tim911004/.llvm-project/stage1_build/lib/LTO && /home/tim911004/miniconda3/envs/cuda-quantum/lib/python3.10/site-packages/cmake/data/bin/cmake -DCMAKE_INSTALL_COMPONENT="LLVMLTO" -DCMAKE_INSTALL_DO_STRIP=1 -P /home/tim911004/.llvm-project/stage1_build/cmake_install.cmake
-- Install configuration: "Release"
-- Installing: /tmp/tmp.iH9s3v4NjZ/llvm/lib/libLLVMLTO.a
[53/254] cd /home/tim911004/.llvm-project/stage1_build/lib/MC && /home/tim911004/miniconda3/envs/cuda-quantum/lib/python3.10/site-packages/cmake/data/bin/cmake -DCMAKE_INSTALL_COMPONENT="LLVMMC" -DCMAKE_INSTALL_DO_STRIP=1 -P /home/tim911004/.llvm-project/stage1_build/cmake_install.cmake
-- Install configuration: "Release"
-- Installing: /tmp/tmp.iH9s3v4NjZ/llvm/lib/libLLVMMC.a
[54/254] cd /home/tim911004/.llvm-project/stage1_build/lib/MC/MCParser && /home/tim911004/miniconda3/envs/cuda-quantum/lib/python3.10/site-packages/cmake/data/bin/cmake -DCMAKE_INSTALL_COMPONENT="LLVMMCParser" -DCMAKE_INSTALL_DO_STRIP=1 -P /home/tim911004/.llvm-project/stage1_build/cmake_install.cmake
-- Install configuration: "Release"
-- Installing: /tmp/tmp.iH9s3v4NjZ/llvm/lib/libLLVMMCParser.a
[55/254] cd /home/tim911004/.llvm-project/stage1_build/lib/MC/MCDisassembler && /home/tim911004/miniconda3/envs/cuda-quantum/lib/python3.10/site-packages/cmake/data/bin/cmake -DCMAKE_INSTALL_COMPONENT="LLVMMCDisassembler" -DCMAKE_INSTALL_DO_STRIP=1 -P /home/tim911004/.llvm-project/stage1_build/cmake_install.cmake
-- Install configuration: "Release"
-- Installing: /tmp/tmp.iH9s3v4NjZ/llvm/lib/libLLVMMCDisassembler.a
[56/254] cd /home/tim911004/.llvm-project/stage1_build/lib/MCA && /home/tim911004/miniconda3/envs/cuda-quantum/lib/python3.10/site-packages/cmake/data/bin/cmake -DCMAKE_INSTALL_COMPONENT="LLVMMCA" -DCMAKE_INSTALL_DO_STRIP=1 -P /home/tim911004/.llvm-project/stage1_build/cmake_install.cmake
-- Install configuration: "Release"
-- Installing: /tmp/tmp.iH9s3v4NjZ/llvm/lib/libLLVMMCA.a
[57/254] cd /home/tim911004/.llvm-project/stage1_build/lib/ObjCopy && /home/tim911004/miniconda3/envs/cuda-quantum/lib/python3.10/site-packages/cmake/data/bin/cmake -DCMAKE_INSTALL_COMPONENT="LLVMObjCopy" -DCMAKE_INSTALL_DO_STRIP=1 -P /home/tim911004/.llvm-project/stage1_build/cmake_install.cmake
-- Install configuration: "Release"
-- Installing: /tmp/tmp.iH9s3v4NjZ/llvm/lib/libLLVMObjCopy.a
[58/254] cd /home/tim911004/.llvm-project/stage1_build/lib/Object && /home/tim911004/miniconda3/envs/cuda-quantum/lib/python3.10/site-packages/cmake/data/bin/cmake -DCMAKE_INSTALL_COMPONENT="LLVMObject" -DCMAKE_INSTALL_DO_STRIP=1 -P /home/tim911004/.llvm-project/stage1_build/cmake_install.cmake
-- Install configuration: "Release"
-- Installing: /tmp/tmp.iH9s3v4NjZ/llvm/lib/libLLVMObject.a
[59/254] cd /home/tim911004/.llvm-project/stage1_build/lib/ObjectYAML && /home/tim911004/miniconda3/envs/cuda-quantum/lib/python3.10/site-packages/cmake/data/bin/cmake -DCMAKE_INSTALL_COMPONENT="LLVMObjectYAML" -DCMAKE_INSTALL_DO_STRIP=1 -P /home/tim911004/.llvm-project/stage1_build/cmake_install.cmake
-- Install configuration: "Release"
-- Installing: /tmp/tmp.iH9s3v4NjZ/llvm/lib/libLLVMObjectYAML.a
[60/254] cd /home/tim911004/.llvm-project/stage1_build/lib/Remarks && /home/tim911004/miniconda3/envs/cuda-quantum/lib/python3.10/site-packages/cmake/data/bin/cmake -DCMAKE_INSTALL_COMPONENT="LLVMRemarks" -DCMAKE_INSTALL_DO_STRIP=1 -P /home/tim911004/.llvm-project/stage1_build/cmake_install.cmake
-- Install configuration: "Release"
-- Installing: /tmp/tmp.iH9s3v4NjZ/llvm/lib/libLLVMRemarks.a
[61/254] cd /home/tim911004/.llvm-project/stage1_build/lib/Debuginfod && /home/tim911004/miniconda3/envs/cuda-quantum/lib/python3.10/site-packages/cmake/data/bin/cmake -DCMAKE_INSTALL_COMPONENT="LLVMDebuginfod" -DCMAKE_INSTALL_DO_STRIP=1 -P /home/tim911004/.llvm-project/stage1_build/cmake_install.cmake
-- Install configuration: "Release"
-- Installing: /tmp/tmp.iH9s3v4NjZ/llvm/lib/libLLVMDebuginfod.a
[62/254] cd /home/tim911004/.llvm-project/stage1_build/lib/DebugInfo/DWARF && /home/tim911004/miniconda3/envs/cuda-quantum/lib/python3.10/site-packages/cmake/data/bin/cmake -DCMAKE_INSTALL_COMPONENT="LLVMDebugInfoDWARF" -DCMAKE_INSTALL_DO_STRIP=1 -P /home/tim911004/.llvm-project/stage1_build/cmake_install.cmake
-- Install configuration: "Release"
-- Installing: /tmp/tmp.iH9s3v4NjZ/llvm/lib/libLLVMDebugInfoDWARF.a
[63/254] cd /home/tim911004/.llvm-project/stage1_build/lib/DebugInfo/GSYM && /home/tim911004/miniconda3/envs/cuda-quantum/lib/python3.10/site-packages/cmake/data/bin/cmake -DCMAKE_INSTALL_COMPONENT="LLVMDebugInfoGSYM" -DCMAKE_INSTALL_DO_STRIP=1 -P /home/tim911004/.llvm-project/stage1_build/cmake_install.cmake
-- Install configuration: "Release"
-- Installing: /tmp/tmp.iH9s3v4NjZ/llvm/lib/libLLVMDebugInfoGSYM.a
[64/254] cd /home/tim911004/.llvm-project/stage1_build/lib/DebugInfo/LogicalView && /home/tim911004/miniconda3/envs/cuda-quantum/lib/python3.10/site-packages/cmake/data/bin/cmake -DCMAKE_INSTALL_COMPONENT="LLVMDebugInfoLogicalView" -DCMAKE_INSTALL_DO_STRIP=1 -P /home/tim911004/.llvm-project/stage1_build/cmake_install.cmake
-- Install configuration: "Release"
-- Installing: /tmp/tmp.iH9s3v4NjZ/llvm/lib/libLLVMDebugInfoLogicalView.a
[65/254] cd /home/tim911004/.llvm-project/stage1_build/lib/DebugInfo/PDB && /home/tim911004/miniconda3/envs/cuda-quantum/lib/python3.10/site-packages/cmake/data/bin/cmake -DCMAKE_INSTALL_COMPONENT="LLVMDebugInfoPDB" -DCMAKE_INSTALL_DO_STRIP=1 -P /home/tim911004/.llvm-project/stage1_build/cmake_install.cmake
-- Install configuration: "Release"
-- Installing: /tmp/tmp.iH9s3v4NjZ/llvm/lib/libLLVMDebugInfoPDB.a
[66/254] cd /home/tim911004/.llvm-project/stage1_build/lib/DebugInfo/Symbolize && /home/tim911004/miniconda3/envs/cuda-quantum/lib/python3.10/site-packages/cmake/data/bin/cmake -DCMAKE_INSTALL_COMPONENT="LLVMSymbolize" -DCMAKE_INSTALL_DO_STRIP=1 -P /home/tim911004/.llvm-project/stage1_build/cmake_install.cmake
-- Install configuration: "Release"
-- Installing: /tmp/tmp.iH9s3v4NjZ/llvm/lib/libLLVMSymbolize.a
[67/254] cd /home/tim911004/.llvm-project/stage1_build/lib/DWP && /home/tim911004/miniconda3/envs/cuda-quantum/lib/python3.10/site-packages/cmake/data/bin/cmake -DCMAKE_INSTALL_COMPONENT="LLVMDWP" -DCMAKE_INSTALL_DO_STRIP=1 -P /home/tim911004/.llvm-project/stage1_build/cmake_install.cmake
-- Install configuration: "Release"
-- Installing: /tmp/tmp.iH9s3v4NjZ/llvm/lib/libLLVMDWP.a
[68/254] cd /home/tim911004/.llvm-project/stage1_build/lib/ExecutionEngine && /home/tim911004/miniconda3/envs/cuda-quantum/lib/python3.10/site-packages/cmake/data/bin/cmake -DCMAKE_INSTALL_COMPONENT="LLVMExecutionEngine" -DCMAKE_INSTALL_DO_STRIP=1 -P /home/tim911004/.llvm-project/stage1_build/cmake_install.cmake
-- Install configuration: "Release"
-- Installing: /tmp/tmp.iH9s3v4NjZ/llvm/lib/libLLVMExecutionEngine.a
[69/254] cd /home/tim911004/.llvm-project/stage1_build/lib/ExecutionEngine/Interpreter && /home/tim911004/miniconda3/envs/cuda-quantum/lib/python3.10/site-packages/cmake/data/bin/cmake -DCMAKE_INSTALL_COMPONENT="LLVMInterpreter" -DCMAKE_INSTALL_DO_STRIP=1 -P /home/tim911004/.llvm-project/stage1_build/cmake_install.cmake
-- Install configuration: "Release"
-- Installing: /tmp/tmp.iH9s3v4NjZ/llvm/lib/libLLVMInterpreter.a
[70/254] cd /home/tim911004/.llvm-project/stage1_build/lib/ExecutionEngine/JITLink && /home/tim911004/miniconda3/envs/cuda-quantum/lib/python3.10/site-packages/cmake/data/bin/cmake -DCMAKE_INSTALL_COMPONENT="LLVMJITLink" -DCMAKE_INSTALL_DO_STRIP=1 -P /home/tim911004/.llvm-project/stage1_build/cmake_install.cmake
-- Install configuration: "Release"
-- Installing: /tmp/tmp.iH9s3v4NjZ/llvm/lib/libLLVMJITLink.a
[71/254] cd /home/tim911004/.llvm-project/stage1_build/lib/ExecutionEngine/MCJIT && /home/tim911004/miniconda3/envs/cuda-quantum/lib/python3.10/site-packages/cmake/data/bin/cmake -DCMAKE_INSTALL_COMPONENT="LLVMMCJIT" -DCMAKE_INSTALL_DO_STRIP=1 -P /home/tim911004/.llvm-project/stage1_build/cmake_install.cmake
-- Install configuration: "Release"
-- Installing: /tmp/tmp.iH9s3v4NjZ/llvm/lib/libLLVMMCJIT.a
[72/254] cd /home/tim911004/.llvm-project/stage1_build/lib/ExecutionEngine/Orc && /home/tim911004/miniconda3/envs/cuda-quantum/lib/python3.10/site-packages/cmake/data/bin/cmake -DCMAKE_INSTALL_COMPONENT="LLVMOrcJIT" -DCMAKE_INSTALL_DO_STRIP=1 -P /home/tim911004/.llvm-project/stage1_build/cmake_install.cmake
-- Install configuration: "Release"
-- Installing: /tmp/tmp.iH9s3v4NjZ/llvm/lib/libLLVMOrcJIT.a
[73/254] cd /home/tim911004/.llvm-project/stage1_build/lib/ExecutionEngine/Orc/Shared && /home/tim911004/miniconda3/envs/cuda-quantum/lib/python3.10/site-packages/cmake/data/bin/cmake -DCMAKE_INSTALL_COMPONENT="LLVMOrcShared" -DCMAKE_INSTALL_DO_STRIP=1 -P /home/tim911004/.llvm-project/stage1_build/cmake_install.cmake
-- Install configuration: "Release"
-- Installing: /tmp/tmp.iH9s3v4NjZ/llvm/lib/libLLVMOrcShared.a
[74/254] cd /home/tim911004/.llvm-project/stage1_build/lib/ExecutionEngine/Orc/TargetProcess && /home/tim911004/miniconda3/envs/cuda-quantum/lib/python3.10/site-packages/cmake/data/bin/cmake -DCMAKE_INSTALL_COMPONENT="LLVMOrcTargetProcess" -DCMAKE_INSTALL_DO_STRIP=1 -P /home/tim911004/.llvm-project/stage1_build/cmake_install.cmake
-- Install configuration: "Release"
-- Installing: /tmp/tmp.iH9s3v4NjZ/llvm/lib/libLLVMOrcTargetProcess.a
[75/254] cd /home/tim911004/.llvm-project/stage1_build/lib/ExecutionEngine/RuntimeDyld && /home/tim911004/miniconda3/envs/cuda-quantum/lib/python3.10/site-packages/cmake/data/bin/cmake -DCMAKE_INSTALL_COMPONENT="LLVMRuntimeDyld" -DCMAKE_INSTALL_DO_STRIP=1 -P /home/tim911004/.llvm-project/stage1_build/cmake_install.cmake
-- Install configuration: "Release"
-- Installing: /tmp/tmp.iH9s3v4NjZ/llvm/lib/libLLVMRuntimeDyld.a
[76/254] cd /home/tim911004/.llvm-project/stage1_build/lib/Target && /home/tim911004/miniconda3/envs/cuda-quantum/lib/python3.10/site-packages/cmake/data/bin/cmake -DCMAKE_INSTALL_COMPONENT="LLVMTarget" -DCMAKE_INSTALL_DO_STRIP=1 -P /home/tim911004/.llvm-project/stage1_build/cmake_install.cmake
-- Install configuration: "Release"
-- Installing: /tmp/tmp.iH9s3v4NjZ/llvm/lib/libLLVMTarget.a
[77/254] cd /home/tim911004/.llvm-project/stage1_build/lib/Target/AArch64 && /home/tim911004/miniconda3/envs/cuda-quantum/lib/python3.10/site-packages/cmake/data/bin/cmake -DCMAKE_INSTALL_COMPONENT="LLVMAArch64CodeGen" -DCMAKE_INSTALL_DO_STRIP=1 -P /home/tim911004/.llvm-project/stage1_build/cmake_install.cmake
-- Install configuration: "Release"
-- Installing: /tmp/tmp.iH9s3v4NjZ/llvm/lib/libLLVMAArch64CodeGen.a
[78/254] cd /home/tim911004/.llvm-project/stage1_build/lib/Target/AArch64/AsmParser && /home/tim911004/miniconda3/envs/cuda-quantum/lib/python3.10/site-packages/cmake/data/bin/cmake -DCMAKE_INSTALL_COMPONENT="LLVMAArch64AsmParser" -DCMAKE_INSTALL_DO_STRIP=1 -P /home/tim911004/.llvm-project/stage1_build/cmake_install.cmake
-- Install configuration: "Release"
-- Installing: /tmp/tmp.iH9s3v4NjZ/llvm/lib/libLLVMAArch64AsmParser.a
[79/254] cd /home/tim911004/.llvm-project/stage1_build/lib/Target/AArch64/Disassembler && /home/tim911004/miniconda3/envs/cuda-quantum/lib/python3.10/site-packages/cmake/data/bin/cmake -DCMAKE_INSTALL_COMPONENT="LLVMAArch64Disassembler" -DCMAKE_INSTALL_DO_STRIP=1 -P /home/tim911004/.llvm-project/stage1_build/cmake_install.cmake
-- Install configuration: "Release"
-- Installing: /tmp/tmp.iH9s3v4NjZ/llvm/lib/libLLVMAArch64Disassembler.a
[80/254] cd /home/tim911004/.llvm-project/stage1_build/lib/Target/AArch64/MCTargetDesc && /home/tim911004/miniconda3/envs/cuda-quantum/lib/python3.10/site-packages/cmake/data/bin/cmake -DCMAKE_INSTALL_COMPONENT="LLVMAArch64Desc" -DCMAKE_INSTALL_DO_STRIP=1 -P /home/tim911004/.llvm-project/stage1_build/cmake_install.cmake
-- Install configuration: "Release"
-- Installing: /tmp/tmp.iH9s3v4NjZ/llvm/lib/libLLVMAArch64Desc.a
[81/254] cd /home/tim911004/.llvm-project/stage1_build/lib/Target/AArch64/TargetInfo && /home/tim911004/miniconda3/envs/cuda-quantum/lib/python3.10/site-packages/cmake/data/bin/cmake -DCMAKE_INSTALL_COMPONENT="LLVMAArch64Info" -DCMAKE_INSTALL_DO_STRIP=1 -P /home/tim911004/.llvm-project/stage1_build/cmake_install.cmake
-- Install configuration: "Release"
-- Installing: /tmp/tmp.iH9s3v4NjZ/llvm/lib/libLLVMAArch64Info.a
[82/254] cd /home/tim911004/.llvm-project/stage1_build/lib/Target/AArch64/Utils && /home/tim911004/miniconda3/envs/cuda-quantum/lib/python3.10/site-packages/cmake/data/bin/cmake -DCMAKE_INSTALL_COMPONENT="LLVMAArch64Utils" -DCMAKE_INSTALL_DO_STRIP=1 -P /home/tim911004/.llvm-project/stage1_build/cmake_install.cmake
-- Install configuration: "Release"
-- Installing: /tmp/tmp.iH9s3v4NjZ/llvm/lib/libLLVMAArch64Utils.a
[83/254] cd /home/tim911004/.llvm-project/stage1_build/lib/Target/AMDGPU && /home/tim911004/miniconda3/envs/cuda-quantum/lib/python3.10/site-packages/cmake/data/bin/cmake -DCMAKE_INSTALL_COMPONENT="LLVMAMDGPUCodeGen" -DCMAKE_INSTALL_DO_STRIP=1 -P /home/tim911004/.llvm-project/stage1_build/cmake_install.cmake
-- Install configuration: "Release"
-- Installing: /tmp/tmp.iH9s3v4NjZ/llvm/lib/libLLVMAMDGPUCodeGen.a
[84/254] cd /home/tim911004/.llvm-project/stage1_build/lib/Target/AMDGPU/AsmParser && /home/tim911004/miniconda3/envs/cuda-quantum/lib/python3.10/site-packages/cmake/data/bin/cmake -DCMAKE_INSTALL_COMPONENT="LLVMAMDGPUAsmParser" -DCMAKE_INSTALL_DO_STRIP=1 -P /home/tim911004/.llvm-project/stage1_build/cmake_install.cmake
-- Install configuration: "Release"
-- Installing: /tmp/tmp.iH9s3v4NjZ/llvm/lib/libLLVMAMDGPUAsmParser.a
[85/254] cd /home/tim911004/.llvm-project/stage1_build/lib/Target/AMDGPU/Disassembler && /home/tim911004/miniconda3/envs/cuda-quantum/lib/python3.10/site-packages/cmake/data/bin/cmake -DCMAKE_INSTALL_COMPONENT="LLVMAMDGPUDisassembler" -DCMAKE_INSTALL_DO_STRIP=1 -P /home/tim911004/.llvm-project/stage1_build/cmake_install.cmake
-- Install configuration: "Release"
-- Installing: /tmp/tmp.iH9s3v4NjZ/llvm/lib/libLLVMAMDGPUDisassembler.a
[86/254] cd /home/tim911004/.llvm-project/stage1_build/lib/Target/AMDGPU/MCA && /home/tim911004/miniconda3/envs/cuda-quantum/lib/python3.10/site-packages/cmake/data/bin/cmake -DCMAKE_INSTALL_COMPONENT="LLVMAMDGPUTargetMCA" -DCMAKE_INSTALL_DO_STRIP=1 -P /home/tim911004/.llvm-project/stage1_build/cmake_install.cmake
-- Install configuration: "Release"
-- Installing: /tmp/tmp.iH9s3v4NjZ/llvm/lib/libLLVMAMDGPUTargetMCA.a
[87/254] cd /home/tim911004/.llvm-project/stage1_build/lib/Target/AMDGPU/MCTargetDesc && /home/tim911004/miniconda3/envs/cuda-quantum/lib/python3.10/site-packages/cmake/data/bin/cmake -DCMAKE_INSTALL_COMPONENT="LLVMAMDGPUDesc" -DCMAKE_INSTALL_DO_STRIP=1 -P /home/tim911004/.llvm-project/stage1_build/cmake_install.cmake
-- Install configuration: "Release"
-- Installing: /tmp/tmp.iH9s3v4NjZ/llvm/lib/libLLVMAMDGPUDesc.a
[88/254] cd /home/tim911004/.llvm-project/stage1_build/lib/Target/AMDGPU/TargetInfo && /home/tim911004/miniconda3/envs/cuda-quantum/lib/python3.10/site-packages/cmake/data/bin/cmake -DCMAKE_INSTALL_COMPONENT="LLVMAMDGPUInfo" -DCMAKE_INSTALL_DO_STRIP=1 -P /home/tim911004/.llvm-project/stage1_build/cmake_install.cmake
-- Install configuration: "Release"
-- Installing: /tmp/tmp.iH9s3v4NjZ/llvm/lib/libLLVMAMDGPUInfo.a
[89/254] cd /home/tim911004/.llvm-project/stage1_build/lib/Target/AMDGPU/Utils && /home/tim911004/miniconda3/envs/cuda-quantum/lib/python3.10/site-packages/cmake/data/bin/cmake -DCMAKE_INSTALL_COMPONENT="LLVMAMDGPUUtils" -DCMAKE_INSTALL_DO_STRIP=1 -P /home/tim911004/.llvm-project/stage1_build/cmake_install.cmake
-- Install configuration: "Release"
-- Installing: /tmp/tmp.iH9s3v4NjZ/llvm/lib/libLLVMAMDGPUUtils.a
[90/254] cd /home/tim911004/.llvm-project/stage1_build/lib/Target/ARM && /home/tim911004/miniconda3/envs/cuda-quantum/lib/python3.10/site-packages/cmake/data/bin/cmake -DCMAKE_INSTALL_COMPONENT="LLVMARMCodeGen" -DCMAKE_INSTALL_DO_STRIP=1 -P /home/tim911004/.llvm-project/stage1_build/cmake_install.cmake
-- Install configuration: "Release"
-- Installing: /tmp/tmp.iH9s3v4NjZ/llvm/lib/libLLVMARMCodeGen.a
[91/254] cd /home/tim911004/.llvm-project/stage1_build/lib/Target/ARM/AsmParser && /home/tim911004/miniconda3/envs/cuda-quantum/lib/python3.10/site-packages/cmake/data/bin/cmake -DCMAKE_INSTALL_COMPONENT="LLVMARMAsmParser" -DCMAKE_INSTALL_DO_STRIP=1 -P /home/tim911004/.llvm-project/stage1_build/cmake_install.cmake
-- Install configuration: "Release"
-- Installing: /tmp/tmp.iH9s3v4NjZ/llvm/lib/libLLVMARMAsmParser.a
[92/254] cd /home/tim911004/.llvm-project/stage1_build/lib/Target/ARM/Disassembler && /home/tim911004/miniconda3/envs/cuda-quantum/lib/python3.10/site-packages/cmake/data/bin/cmake -DCMAKE_INSTALL_COMPONENT="LLVMARMDisassembler" -DCMAKE_INSTALL_DO_STRIP=1 -P /home/tim911004/.llvm-project/stage1_build/cmake_install.cmake
-- Install configuration: "Release"
-- Installing: /tmp/tmp.iH9s3v4NjZ/llvm/lib/libLLVMARMDisassembler.a
[93/254] cd /home/tim911004/.llvm-project/stage1_build/lib/Target/ARM/MCTargetDesc && /home/tim911004/miniconda3/envs/cuda-quantum/lib/python3.10/site-packages/cmake/data/bin/cmake -DCMAKE_INSTALL_COMPONENT="LLVMARMDesc" -DCMAKE_INSTALL_DO_STRIP=1 -P /home/tim911004/.llvm-project/stage1_build/cmake_install.cmake
-- Install configuration: "Release"
-- Installing: /tmp/tmp.iH9s3v4NjZ/llvm/lib/libLLVMARMDesc.a
[94/254] cd /home/tim911004/.llvm-project/stage1_build/lib/Target/ARM/TargetInfo && /home/tim911004/miniconda3/envs/cuda-quantum/lib/python3.10/site-packages/cmake/data/bin/cmake -DCMAKE_INSTALL_COMPONENT="LLVMARMInfo" -DCMAKE_INSTALL_DO_STRIP=1 -P /home/tim911004/.llvm-project/stage1_build/cmake_install.cmake
-- Install configuration: "Release"
-- Installing: /tmp/tmp.iH9s3v4NjZ/llvm/lib/libLLVMARMInfo.a
[95/254] cd /home/tim911004/.llvm-project/stage1_build/lib/Target/ARM/Utils && /home/tim911004/miniconda3/envs/cuda-quantum/lib/python3.10/site-packages/cmake/data/bin/cmake -DCMAKE_INSTALL_COMPONENT="LLVMARMUtils" -DCMAKE_INSTALL_DO_STRIP=1 -P /home/tim911004/.llvm-project/stage1_build/cmake_install.cmake
-- Install configuration: "Release"
-- Installing: /tmp/tmp.iH9s3v4NjZ/llvm/lib/libLLVMARMUtils.a
[96/254] cd /home/tim911004/.llvm-project/stage1_build/lib/Target/AVR && /home/tim911004/miniconda3/envs/cuda-quantum/lib/python3.10/site-packages/cmake/data/bin/cmake -DCMAKE_INSTALL_COMPONENT="LLVMAVRCodeGen" -DCMAKE_INSTALL_DO_STRIP=1 -P /home/tim911004/.llvm-project/stage1_build/cmake_install.cmake
-- Install configuration: "Release"
-- Installing: /tmp/tmp.iH9s3v4NjZ/llvm/lib/libLLVMAVRCodeGen.a
[97/254] cd /home/tim911004/.llvm-project/stage1_build/lib/Target/AVR/AsmParser && /home/tim911004/miniconda3/envs/cuda-quantum/lib/python3.10/site-packages/cmake/data/bin/cmake -DCMAKE_INSTALL_COMPONENT="LLVMAVRAsmParser" -DCMAKE_INSTALL_DO_STRIP=1 -P /home/tim911004/.llvm-project/stage1_build/cmake_install.cmake
-- Install configuration: "Release"
-- Installing: /tmp/tmp.iH9s3v4NjZ/llvm/lib/libLLVMAVRAsmParser.a
[98/254] cd /home/tim911004/.llvm-project/stage1_build/lib/Target/AVR/Disassembler && /home/tim911004/miniconda3/envs/cuda-quantum/lib/python3.10/site-packages/cmake/data/bin/cmake -DCMAKE_INSTALL_COMPONENT="LLVMAVRDisassembler" -DCMAKE_INSTALL_DO_STRIP=1 -P /home/tim911004/.llvm-project/stage1_build/cmake_install.cmake
-- Install configuration: "Release"
-- Installing: /tmp/tmp.iH9s3v4NjZ/llvm/lib/libLLVMAVRDisassembler.a
[99/254] cd /home/tim911004/.llvm-project/stage1_build/lib/Target/AVR/MCTargetDesc && /home/tim911004/miniconda3/envs/cuda-quantum/lib/python3.10/site-packages/cmake/data/bin/cmake -DCMAKE_INSTALL_COMPONENT="LLVMAVRDesc" -DCMAKE_INSTALL_DO_STRIP=1 -P /home/tim911004/.llvm-project/stage1_build/cmake_install.cmake
-- Install configuration: "Release"
-- Installing: /tmp/tmp.iH9s3v4NjZ/llvm/lib/libLLVMAVRDesc.a
[100/254] cd /home/tim911004/.llvm-project/stage1_build/lib/Target/AVR/TargetInfo && /home/tim911004/miniconda3/envs/cuda-quantum/lib/python3.10/site-packages/cmake/data/bin/cmake -DCMAKE_INSTALL_COMPONENT="LLVMAVRInfo" -DCMAKE_INSTALL_DO_STRIP=1 -P /home/tim911004/.llvm-project/stage1_build/cmake_install.cmake
-- Install configuration: "Release"
-- Installing: /tmp/tmp.iH9s3v4NjZ/llvm/lib/libLLVMAVRInfo.a
[101/254] cd /home/tim911004/.llvm-project/stage1_build/lib/Target/BPF && /home/tim911004/miniconda3/envs/cuda-quantum/lib/python3.10/site-packages/cmake/data/bin/cmake -DCMAKE_INSTALL_COMPONENT="LLVMBPFCodeGen" -DCMAKE_INSTALL_DO_STRIP=1 -P /home/tim911004/.llvm-project/stage1_build/cmake_install.cmake
-- Install configuration: "Release"
-- Installing: /tmp/tmp.iH9s3v4NjZ/llvm/lib/libLLVMBPFCodeGen.a
[102/254] cd /home/tim911004/.llvm-project/stage1_build/lib/Target/BPF/AsmParser && /home/tim911004/miniconda3/envs/cuda-quantum/lib/python3.10/site-packages/cmake/data/bin/cmake -DCMAKE_INSTALL_COMPONENT="LLVMBPFAsmParser" -DCMAKE_INSTALL_DO_STRIP=1 -P /home/tim911004/.llvm-project/stage1_build/cmake_install.cmake
-- Install configuration: "Release"
-- Installing: /tmp/tmp.iH9s3v4NjZ/llvm/lib/libLLVMBPFAsmParser.a
[103/254] cd /home/tim911004/.llvm-project/stage1_build/lib/Target/BPF/Disassembler && /home/tim911004/miniconda3/envs/cuda-quantum/lib/python3.10/site-packages/cmake/data/bin/cmake -DCMAKE_INSTALL_COMPONENT="LLVMBPFDisassembler" -DCMAKE_INSTALL_DO_STRIP=1 -P /home/tim911004/.llvm-project/stage1_build/cmake_install.cmake
-- Install configuration: "Release"
-- Installing: /tmp/tmp.iH9s3v4NjZ/llvm/lib/libLLVMBPFDisassembler.a
[104/254] cd /home/tim911004/.llvm-project/stage1_build/lib/Target/BPF/MCTargetDesc && /home/tim911004/miniconda3/envs/cuda-quantum/lib/python3.10/site-packages/cmake/data/bin/cmake -DCMAKE_INSTALL_COMPONENT="LLVMBPFDesc" -DCMAKE_INSTALL_DO_STRIP=1 -P /home/tim911004/.llvm-project/stage1_build/cmake_install.cmake
-- Install configuration: "Release"
-- Installing: /tmp/tmp.iH9s3v4NjZ/llvm/lib/libLLVMBPFDesc.a
[105/254] cd /home/tim911004/.llvm-project/stage1_build/lib/Target/BPF/TargetInfo && /home/tim911004/miniconda3/envs/cuda-quantum/lib/python3.10/site-packages/cmake/data/bin/cmake -DCMAKE_INSTALL_COMPONENT="LLVMBPFInfo" -DCMAKE_INSTALL_DO_STRIP=1 -P /home/tim911004/.llvm-project/stage1_build/cmake_install.cmake
-- Install configuration: "Release"
-- Installing: /tmp/tmp.iH9s3v4NjZ/llvm/lib/libLLVMBPFInfo.a
[106/254] cd /home/tim911004/.llvm-project/stage1_build/lib/Target/Hexagon && /home/tim911004/miniconda3/envs/cuda-quantum/lib/python3.10/site-packages/cmake/data/bin/cmake -DCMAKE_INSTALL_COMPONENT="LLVMHexagonCodeGen" -DCMAKE_INSTALL_DO_STRIP=1 -P /home/tim911004/.llvm-project/stage1_build/cmake_install.cmake
-- Install configuration: "Release"
-- Installing: /tmp/tmp.iH9s3v4NjZ/llvm/lib/libLLVMHexagonCodeGen.a
[107/254] cd /home/tim911004/.llvm-project/stage1_build/lib/Target/Hexagon/AsmParser && /home/tim911004/miniconda3/envs/cuda-quantum/lib/python3.10/site-packages/cmake/data/bin/cmake -DCMAKE_INSTALL_COMPONENT="LLVMHexagonAsmParser" -DCMAKE_INSTALL_DO_STRIP=1 -P /home/tim911004/.llvm-project/stage1_build/cmake_install.cmake
-- Install configuration: "Release"
-- Installing: /tmp/tmp.iH9s3v4NjZ/llvm/lib/libLLVMHexagonAsmParser.a
[108/254] cd /home/tim911004/.llvm-project/stage1_build/lib/Target/Hexagon/Disassembler && /home/tim911004/miniconda3/envs/cuda-quantum/lib/python3.10/site-packages/cmake/data/bin/cmake -DCMAKE_INSTALL_COMPONENT="LLVMHexagonDisassembler" -DCMAKE_INSTALL_DO_STRIP=1 -P /home/tim911004/.llvm-project/stage1_build/cmake_install.cmake
-- Install configuration: "Release"
-- Installing: /tmp/tmp.iH9s3v4NjZ/llvm/lib/libLLVMHexagonDisassembler.a
[109/254] cd /home/tim911004/.llvm-project/stage1_build/lib/Target/Hexagon/MCTargetDesc && /home/tim911004/miniconda3/envs/cuda-quantum/lib/python3.10/site-packages/cmake/data/bin/cmake -DCMAKE_INSTALL_COMPONENT="LLVMHexagonDesc" -DCMAKE_INSTALL_DO_STRIP=1 -P /home/tim911004/.llvm-project/stage1_build/cmake_install.cmake
-- Install configuration: "Release"
-- Installing: /tmp/tmp.iH9s3v4NjZ/llvm/lib/libLLVMHexagonDesc.a
[110/254] cd /home/tim911004/.llvm-project/stage1_build/lib/Target/Hexagon/TargetInfo && /home/tim911004/miniconda3/envs/cuda-quantum/lib/python3.10/site-packages/cmake/data/bin/cmake -DCMAKE_INSTALL_COMPONENT="LLVMHexagonInfo" -DCMAKE_INSTALL_DO_STRIP=1 -P /home/tim911004/.llvm-project/stage1_build/cmake_install.cmake
-- Install configuration: "Release"
-- Installing: /tmp/tmp.iH9s3v4NjZ/llvm/lib/libLLVMHexagonInfo.a
[111/254] cd /home/tim911004/.llvm-project/stage1_build/lib/Target/Lanai && /home/tim911004/miniconda3/envs/cuda-quantum/lib/python3.10/site-packages/cmake/data/bin/cmake -DCMAKE_INSTALL_COMPONENT="LLVMLanaiCodeGen" -DCMAKE_INSTALL_DO_STRIP=1 -P /home/tim911004/.llvm-project/stage1_build/cmake_install.cmake
-- Install configuration: "Release"
-- Installing: /tmp/tmp.iH9s3v4NjZ/llvm/lib/libLLVMLanaiCodeGen.a
[112/254] cd /home/tim911004/.llvm-project/stage1_build/lib/Target/Lanai/AsmParser && /home/tim911004/miniconda3/envs/cuda-quantum/lib/python3.10/site-packages/cmake/data/bin/cmake -DCMAKE_INSTALL_COMPONENT="LLVMLanaiAsmParser" -DCMAKE_INSTALL_DO_STRIP=1 -P /home/tim911004/.llvm-project/stage1_build/cmake_install.cmake
-- Install configuration: "Release"
-- Installing: /tmp/tmp.iH9s3v4NjZ/llvm/lib/libLLVMLanaiAsmParser.a
[113/254] cd /home/tim911004/.llvm-project/stage1_build/lib/Target/Lanai/Disassembler && /home/tim911004/miniconda3/envs/cuda-quantum/lib/python3.10/site-packages/cmake/data/bin/cmake -DCMAKE_INSTALL_COMPONENT="LLVMLanaiDisassembler" -DCMAKE_INSTALL_DO_STRIP=1 -P /home/tim911004/.llvm-project/stage1_build/cmake_install.cmake
-- Install configuration: "Release"
-- Installing: /tmp/tmp.iH9s3v4NjZ/llvm/lib/libLLVMLanaiDisassembler.a
[114/254] cd /home/tim911004/.llvm-project/stage1_build/lib/Target/Lanai/MCTargetDesc && /home/tim911004/miniconda3/envs/cuda-quantum/lib/python3.10/site-packages/cmake/data/bin/cmake -DCMAKE_INSTALL_COMPONENT="LLVMLanaiDesc" -DCMAKE_INSTALL_DO_STRIP=1 -P /home/tim911004/.llvm-project/stage1_build/cmake_install.cmake
-- Install configuration: "Release"
-- Installing: /tmp/tmp.iH9s3v4NjZ/llvm/lib/libLLVMLanaiDesc.a
[115/254] cd /home/tim911004/.llvm-project/stage1_build/lib/Target/Lanai/TargetInfo && /home/tim911004/miniconda3/envs/cuda-quantum/lib/python3.10/site-packages/cmake/data/bin/cmake -DCMAKE_INSTALL_COMPONENT="LLVMLanaiInfo" -DCMAKE_INSTALL_DO_STRIP=1 -P /home/tim911004/.llvm-project/stage1_build/cmake_install.cmake
-- Install configuration: "Release"
-- Installing: /tmp/tmp.iH9s3v4NjZ/llvm/lib/libLLVMLanaiInfo.a
[116/254] cd /home/tim911004/.llvm-project/stage1_build/lib/Target/LoongArch && /home/tim911004/miniconda3/envs/cuda-quantum/lib/python3.10/site-packages/cmake/data/bin/cmake -DCMAKE_INSTALL_COMPONENT="LLVMLoongArchCodeGen" -DCMAKE_INSTALL_DO_STRIP=1 -P /home/tim911004/.llvm-project/stage1_build/cmake_install.cmake
-- Install configuration: "Release"
-- Installing: /tmp/tmp.iH9s3v4NjZ/llvm/lib/libLLVMLoongArchCodeGen.a
[117/254] cd /home/tim911004/.llvm-project/stage1_build/lib/Target/LoongArch/AsmParser && /home/tim911004/miniconda3/envs/cuda-quantum/lib/python3.10/site-packages/cmake/data/bin/cmake -DCMAKE_INSTALL_COMPONENT="LLVMLoongArchAsmParser" -DCMAKE_INSTALL_DO_STRIP=1 -P /home/tim911004/.llvm-project/stage1_build/cmake_install.cmake
-- Install configuration: "Release"
-- Installing: /tmp/tmp.iH9s3v4NjZ/llvm/lib/libLLVMLoongArchAsmParser.a
[118/254] cd /home/tim911004/.llvm-project/stage1_build/lib/Target/LoongArch/Disassembler && /home/tim911004/miniconda3/envs/cuda-quantum/lib/python3.10/site-packages/cmake/data/bin/cmake -DCMAKE_INSTALL_COMPONENT="LLVMLoongArchDisassembler" -DCMAKE_INSTALL_DO_STRIP=1 -P /home/tim911004/.llvm-project/stage1_build/cmake_install.cmake
-- Install configuration: "Release"
-- Installing: /tmp/tmp.iH9s3v4NjZ/llvm/lib/libLLVMLoongArchDisassembler.a
[119/254] cd /home/tim911004/.llvm-project/stage1_build/lib/Target/LoongArch/MCTargetDesc && /home/tim911004/miniconda3/envs/cuda-quantum/lib/python3.10/site-packages/cmake/data/bin/cmake -DCMAKE_INSTALL_COMPONENT="LLVMLoongArchDesc" -DCMAKE_INSTALL_DO_STRIP=1 -P /home/tim911004/.llvm-project/stage1_build/cmake_install.cmake
-- Install configuration: "Release"
-- Installing: /tmp/tmp.iH9s3v4NjZ/llvm/lib/libLLVMLoongArchDesc.a
[120/254] cd /home/tim911004/.llvm-project/stage1_build/lib/Target/LoongArch/TargetInfo && /home/tim911004/miniconda3/envs/cuda-quantum/lib/python3.10/site-packages/cmake/data/bin/cmake -DCMAKE_INSTALL_COMPONENT="LLVMLoongArchInfo" -DCMAKE_INSTALL_DO_STRIP=1 -P /home/tim911004/.llvm-project/stage1_build/cmake_install.cmake
-- Install configuration: "Release"
-- Installing: /tmp/tmp.iH9s3v4NjZ/llvm/lib/libLLVMLoongArchInfo.a
[121/254] cd /home/tim911004/.llvm-project/stage1_build/lib/Target/Mips && /home/tim911004/miniconda3/envs/cuda-quantum/lib/python3.10/site-packages/cmake/data/bin/cmake -DCMAKE_INSTALL_COMPONENT="LLVMMipsCodeGen" -DCMAKE_INSTALL_DO_STRIP=1 -P /home/tim911004/.llvm-project/stage1_build/cmake_install.cmake
-- Install configuration: "Release"
-- Installing: /tmp/tmp.iH9s3v4NjZ/llvm/lib/libLLVMMipsCodeGen.a
[122/254] cd /home/tim911004/.llvm-project/stage1_build/lib/Target/Mips/AsmParser && /home/tim911004/miniconda3/envs/cuda-quantum/lib/python3.10/site-packages/cmake/data/bin/cmake -DCMAKE_INSTALL_COMPONENT="LLVMMipsAsmParser" -DCMAKE_INSTALL_DO_STRIP=1 -P /home/tim911004/.llvm-project/stage1_build/cmake_install.cmake
-- Install configuration: "Release"
-- Installing: /tmp/tmp.iH9s3v4NjZ/llvm/lib/libLLVMMipsAsmParser.a
[123/254] cd /home/tim911004/.llvm-project/stage1_build/lib/Target/Mips/Disassembler && /home/tim911004/miniconda3/envs/cuda-quantum/lib/python3.10/site-packages/cmake/data/bin/cmake -DCMAKE_INSTALL_COMPONENT="LLVMMipsDisassembler" -DCMAKE_INSTALL_DO_STRIP=1 -P /home/tim911004/.llvm-project/stage1_build/cmake_install.cmake
-- Install configuration: "Release"
-- Installing: /tmp/tmp.iH9s3v4NjZ/llvm/lib/libLLVMMipsDisassembler.a
[124/254] cd /home/tim911004/.llvm-project/stage1_build/lib/Target/Mips/MCTargetDesc && /home/tim911004/miniconda3/envs/cuda-quantum/lib/python3.10/site-packages/cmake/data/bin/cmake -DCMAKE_INSTALL_COMPONENT="LLVMMipsDesc" -DCMAKE_INSTALL_DO_STRIP=1 -P /home/tim911004/.llvm-project/stage1_build/cmake_install.cmake
-- Install configuration: "Release"
-- Installing: /tmp/tmp.iH9s3v4NjZ/llvm/lib/libLLVMMipsDesc.a
[125/254] cd /home/tim911004/.llvm-project/stage1_build/lib/Target/Mips/TargetInfo && /home/tim911004/miniconda3/envs/cuda-quantum/lib/python3.10/site-packages/cmake/data/bin/cmake -DCMAKE_INSTALL_COMPONENT="LLVMMipsInfo" -DCMAKE_INSTALL_DO_STRIP=1 -P /home/tim911004/.llvm-project/stage1_build/cmake_install.cmake
-- Install configuration: "Release"
-- Installing: /tmp/tmp.iH9s3v4NjZ/llvm/lib/libLLVMMipsInfo.a
[126/254] cd /home/tim911004/.llvm-project/stage1_build/lib/Target/MSP430 && /home/tim911004/miniconda3/envs/cuda-quantum/lib/python3.10/site-packages/cmake/data/bin/cmake -DCMAKE_INSTALL_COMPONENT="LLVMMSP430CodeGen" -DCMAKE_INSTALL_DO_STRIP=1 -P /home/tim911004/.llvm-project/stage1_build/cmake_install.cmake
-- Install configuration: "Release"
-- Installing: /tmp/tmp.iH9s3v4NjZ/llvm/lib/libLLVMMSP430CodeGen.a
[127/254] cd /home/tim911004/.llvm-project/stage1_build/lib/Target/MSP430/MCTargetDesc && /home/tim911004/miniconda3/envs/cuda-quantum/lib/python3.10/site-packages/cmake/data/bin/cmake -DCMAKE_INSTALL_COMPONENT="LLVMMSP430Desc" -DCMAKE_INSTALL_DO_STRIP=1 -P /home/tim911004/.llvm-project/stage1_build/cmake_install.cmake
-- Install configuration: "Release"
-- Installing: /tmp/tmp.iH9s3v4NjZ/llvm/lib/libLLVMMSP430Desc.a
[128/254] cd /home/tim911004/.llvm-project/stage1_build/lib/Target/MSP430/TargetInfo && /home/tim911004/miniconda3/envs/cuda-quantum/lib/python3.10/site-packages/cmake/data/bin/cmake -DCMAKE_INSTALL_COMPONENT="LLVMMSP430Info" -DCMAKE_INSTALL_DO_STRIP=1 -P /home/tim911004/.llvm-project/stage1_build/cmake_install.cmake
-- Install configuration: "Release"
-- Installing: /tmp/tmp.iH9s3v4NjZ/llvm/lib/libLLVMMSP430Info.a
[129/254] cd /home/tim911004/.llvm-project/stage1_build/lib/Target/MSP430/AsmParser && /home/tim911004/miniconda3/envs/cuda-quantum/lib/python3.10/site-packages/cmake/data/bin/cmake -DCMAKE_INSTALL_COMPONENT="LLVMMSP430AsmParser" -DCMAKE_INSTALL_DO_STRIP=1 -P /home/tim911004/.llvm-project/stage1_build/cmake_install.cmake
-- Install configuration: "Release"
-- Installing: /tmp/tmp.iH9s3v4NjZ/llvm/lib/libLLVMMSP430AsmParser.a
[130/254] cd /home/tim911004/.llvm-project/stage1_build/lib/Target/MSP430/Disassembler && /home/tim911004/miniconda3/envs/cuda-quantum/lib/python3.10/site-packages/cmake/data/bin/cmake -DCMAKE_INSTALL_COMPONENT="LLVMMSP430Disassembler" -DCMAKE_INSTALL_DO_STRIP=1 -P /home/tim911004/.llvm-project/stage1_build/cmake_install.cmake
-- Install configuration: "Release"
-- Installing: /tmp/tmp.iH9s3v4NjZ/llvm/lib/libLLVMMSP430Disassembler.a
[131/254] cd /home/tim911004/.llvm-project/stage1_build/lib/Target/NVPTX && /home/tim911004/miniconda3/envs/cuda-quantum/lib/python3.10/site-packages/cmake/data/bin/cmake -DCMAKE_INSTALL_COMPONENT="LLVMNVPTXCodeGen" -DCMAKE_INSTALL_DO_STRIP=1 -P /home/tim911004/.llvm-project/stage1_build/cmake_install.cmake
-- Install configuration: "Release"
-- Installing: /tmp/tmp.iH9s3v4NjZ/llvm/lib/libLLVMNVPTXCodeGen.a
[132/254] cd /home/tim911004/.llvm-project/stage1_build/lib/Target/NVPTX/MCTargetDesc && /home/tim911004/miniconda3/envs/cuda-quantum/lib/python3.10/site-packages/cmake/data/bin/cmake -DCMAKE_INSTALL_COMPONENT="LLVMNVPTXDesc" -DCMAKE_INSTALL_DO_STRIP=1 -P /home/tim911004/.llvm-project/stage1_build/cmake_install.cmake
-- Install configuration: "Release"
-- Installing: /tmp/tmp.iH9s3v4NjZ/llvm/lib/libLLVMNVPTXDesc.a
[133/254] cd /home/tim911004/.llvm-project/stage1_build/lib/Target/NVPTX/TargetInfo && /home/tim911004/miniconda3/envs/cuda-quantum/lib/python3.10/site-packages/cmake/data/bin/cmake -DCMAKE_INSTALL_COMPONENT="LLVMNVPTXInfo" -DCMAKE_INSTALL_DO_STRIP=1 -P /home/tim911004/.llvm-project/stage1_build/cmake_install.cmake
-- Install configuration: "Release"
-- Installing: /tmp/tmp.iH9s3v4NjZ/llvm/lib/libLLVMNVPTXInfo.a
[134/254] cd /home/tim911004/.llvm-project/stage1_build/lib/Target/PowerPC && /home/tim911004/miniconda3/envs/cuda-quantum/lib/python3.10/site-packages/cmake/data/bin/cmake -DCMAKE_INSTALL_COMPONENT="LLVMPowerPCCodeGen" -DCMAKE_INSTALL_DO_STRIP=1 -P /home/tim911004/.llvm-project/stage1_build/cmake_install.cmake
-- Install configuration: "Release"
-- Installing: /tmp/tmp.iH9s3v4NjZ/llvm/lib/libLLVMPowerPCCodeGen.a
[135/254] cd /home/tim911004/.llvm-project/stage1_build/lib/Target/PowerPC/AsmParser && /home/tim911004/miniconda3/envs/cuda-quantum/lib/python3.10/site-packages/cmake/data/bin/cmake -DCMAKE_INSTALL_COMPONENT="LLVMPowerPCAsmParser" -DCMAKE_INSTALL_DO_STRIP=1 -P /home/tim911004/.llvm-project/stage1_build/cmake_install.cmake
-- Install configuration: "Release"
-- Installing: /tmp/tmp.iH9s3v4NjZ/llvm/lib/libLLVMPowerPCAsmParser.a
[136/254] cd /home/tim911004/.llvm-project/stage1_build/lib/Target/PowerPC/Disassembler && /home/tim911004/miniconda3/envs/cuda-quantum/lib/python3.10/site-packages/cmake/data/bin/cmake -DCMAKE_INSTALL_COMPONENT="LLVMPowerPCDisassembler" -DCMAKE_INSTALL_DO_STRIP=1 -P /home/tim911004/.llvm-project/stage1_build/cmake_install.cmake
-- Install configuration: "Release"
-- Installing: /tmp/tmp.iH9s3v4NjZ/llvm/lib/libLLVMPowerPCDisassembler.a
[137/254] cd /home/tim911004/.llvm-project/stage1_build/lib/Target/PowerPC/MCTargetDesc && /home/tim911004/miniconda3/envs/cuda-quantum/lib/python3.10/site-packages/cmake/data/bin/cmake -DCMAKE_INSTALL_COMPONENT="LLVMPowerPCDesc" -DCMAKE_INSTALL_DO_STRIP=1 -P /home/tim911004/.llvm-project/stage1_build/cmake_install.cmake
-- Install configuration: "Release"
-- Installing: /tmp/tmp.iH9s3v4NjZ/llvm/lib/libLLVMPowerPCDesc.a
[138/254] cd /home/tim911004/.llvm-project/stage1_build/lib/Target/PowerPC/TargetInfo && /home/tim911004/miniconda3/envs/cuda-quantum/lib/python3.10/site-packages/cmake/data/bin/cmake -DCMAKE_INSTALL_COMPONENT="LLVMPowerPCInfo" -DCMAKE_INSTALL_DO_STRIP=1 -P /home/tim911004/.llvm-project/stage1_build/cmake_install.cmake
-- Install configuration: "Release"
-- Installing: /tmp/tmp.iH9s3v4NjZ/llvm/lib/libLLVMPowerPCInfo.a
[139/254] cd /home/tim911004/.llvm-project/stage1_build/lib/Target/RISCV && /home/tim911004/miniconda3/envs/cuda-quantum/lib/python3.10/site-packages/cmake/data/bin/cmake -DCMAKE_INSTALL_COMPONENT="LLVMRISCVCodeGen" -DCMAKE_INSTALL_DO_STRIP=1 -P /home/tim911004/.llvm-project/stage1_build/cmake_install.cmake
-- Install configuration: "Release"
-- Installing: /tmp/tmp.iH9s3v4NjZ/llvm/lib/libLLVMRISCVCodeGen.a
[140/254] cd /home/tim911004/.llvm-project/stage1_build/lib/Target/RISCV/AsmParser && /home/tim911004/miniconda3/envs/cuda-quantum/lib/python3.10/site-packages/cmake/data/bin/cmake -DCMAKE_INSTALL_COMPONENT="LLVMRISCVAsmParser" -DCMAKE_INSTALL_DO_STRIP=1 -P /home/tim911004/.llvm-project/stage1_build/cmake_install.cmake
-- Install configuration: "Release"
-- Installing: /tmp/tmp.iH9s3v4NjZ/llvm/lib/libLLVMRISCVAsmParser.a
[141/254] cd /home/tim911004/.llvm-project/stage1_build/lib/Target/RISCV/Disassembler && /home/tim911004/miniconda3/envs/cuda-quantum/lib/python3.10/site-packages/cmake/data/bin/cmake -DCMAKE_INSTALL_COMPONENT="LLVMRISCVDisassembler" -DCMAKE_INSTALL_DO_STRIP=1 -P /home/tim911004/.llvm-project/stage1_build/cmake_install.cmake
-- Install configuration: "Release"
-- Installing: /tmp/tmp.iH9s3v4NjZ/llvm/lib/libLLVMRISCVDisassembler.a
[142/254] cd /home/tim911004/.llvm-project/stage1_build/lib/Target/RISCV/MCTargetDesc && /home/tim911004/miniconda3/envs/cuda-quantum/lib/python3.10/site-packages/cmake/data/bin/cmake -DCMAKE_INSTALL_COMPONENT="LLVMRISCVDesc" -DCMAKE_INSTALL_DO_STRIP=1 -P /home/tim911004/.llvm-project/stage1_build/cmake_install.cmake
-- Install configuration: "Release"
-- Installing: /tmp/tmp.iH9s3v4NjZ/llvm/lib/libLLVMRISCVDesc.a
[143/254] cd /home/tim911004/.llvm-project/stage1_build/lib/Target/RISCV/MCA && /home/tim911004/miniconda3/envs/cuda-quantum/lib/python3.10/site-packages/cmake/data/bin/cmake -DCMAKE_INSTALL_COMPONENT="LLVMRISCVTargetMCA" -DCMAKE_INSTALL_DO_STRIP=1 -P /home/tim911004/.llvm-project/stage1_build/cmake_install.cmake
-- Install configuration: "Release"
-- Installing: /tmp/tmp.iH9s3v4NjZ/llvm/lib/libLLVMRISCVTargetMCA.a
[144/254] cd /home/tim911004/.llvm-project/stage1_build/lib/Target/RISCV/TargetInfo && /home/tim911004/miniconda3/envs/cuda-quantum/lib/python3.10/site-packages/cmake/data/bin/cmake -DCMAKE_INSTALL_COMPONENT="LLVMRISCVInfo" -DCMAKE_INSTALL_DO_STRIP=1 -P /home/tim911004/.llvm-project/stage1_build/cmake_install.cmake
-- Install configuration: "Release"
-- Installing: /tmp/tmp.iH9s3v4NjZ/llvm/lib/libLLVMRISCVInfo.a
[145/254] cd /home/tim911004/.llvm-project/stage1_build/lib/Target/Sparc && /home/tim911004/miniconda3/envs/cuda-quantum/lib/python3.10/site-packages/cmake/data/bin/cmake -DCMAKE_INSTALL_COMPONENT="LLVMSparcCodeGen" -DCMAKE_INSTALL_DO_STRIP=1 -P /home/tim911004/.llvm-project/stage1_build/cmake_install.cmake
-- Install configuration: "Release"
-- Installing: /tmp/tmp.iH9s3v4NjZ/llvm/lib/libLLVMSparcCodeGen.a
[146/254] cd /home/tim911004/.llvm-project/stage1_build/lib/Target/Sparc/AsmParser && /home/tim911004/miniconda3/envs/cuda-quantum/lib/python3.10/site-packages/cmake/data/bin/cmake -DCMAKE_INSTALL_COMPONENT="LLVMSparcAsmParser" -DCMAKE_INSTALL_DO_STRIP=1 -P /home/tim911004/.llvm-project/stage1_build/cmake_install.cmake
-- Install configuration: "Release"
-- Installing: /tmp/tmp.iH9s3v4NjZ/llvm/lib/libLLVMSparcAsmParser.a
[147/254] cd /home/tim911004/.llvm-project/stage1_build/lib/Target/Sparc/Disassembler && /home/tim911004/miniconda3/envs/cuda-quantum/lib/python3.10/site-packages/cmake/data/bin/cmake -DCMAKE_INSTALL_COMPONENT="LLVMSparcDisassembler" -DCMAKE_INSTALL_DO_STRIP=1 -P /home/tim911004/.llvm-project/stage1_build/cmake_install.cmake
-- Install configuration: "Release"
-- Installing: /tmp/tmp.iH9s3v4NjZ/llvm/lib/libLLVMSparcDisassembler.a
[148/254] cd /home/tim911004/.llvm-project/stage1_build/lib/Target/Sparc/MCTargetDesc && /home/tim911004/miniconda3/envs/cuda-quantum/lib/python3.10/site-packages/cmake/data/bin/cmake -DCMAKE_INSTALL_COMPONENT="LLVMSparcDesc" -DCMAKE_INSTALL_DO_STRIP=1 -P /home/tim911004/.llvm-project/stage1_build/cmake_install.cmake
-- Install configuration: "Release"
-- Installing: /tmp/tmp.iH9s3v4NjZ/llvm/lib/libLLVMSparcDesc.a
[149/254] cd /home/tim911004/.llvm-project/stage1_build/lib/Target/Sparc/TargetInfo && /home/tim911004/miniconda3/envs/cuda-quantum/lib/python3.10/site-packages/cmake/data/bin/cmake -DCMAKE_INSTALL_COMPONENT="LLVMSparcInfo" -DCMAKE_INSTALL_DO_STRIP=1 -P /home/tim911004/.llvm-project/stage1_build/cmake_install.cmake
-- Install configuration: "Release"
-- Installing: /tmp/tmp.iH9s3v4NjZ/llvm/lib/libLLVMSparcInfo.a
[150/254] cd /home/tim911004/.llvm-project/stage1_build/lib/Target/SystemZ && /home/tim911004/miniconda3/envs/cuda-quantum/lib/python3.10/site-packages/cmake/data/bin/cmake -DCMAKE_INSTALL_COMPONENT="LLVMSystemZCodeGen" -DCMAKE_INSTALL_DO_STRIP=1 -P /home/tim911004/.llvm-project/stage1_build/cmake_install.cmake
-- Install configuration: "Release"
-- Installing: /tmp/tmp.iH9s3v4NjZ/llvm/lib/libLLVMSystemZCodeGen.a
[151/254] cd /home/tim911004/.llvm-project/stage1_build/lib/Target/SystemZ/AsmParser && /home/tim911004/miniconda3/envs/cuda-quantum/lib/python3.10/site-packages/cmake/data/bin/cmake -DCMAKE_INSTALL_COMPONENT="LLVMSystemZAsmParser" -DCMAKE_INSTALL_DO_STRIP=1 -P /home/tim911004/.llvm-project/stage1_build/cmake_install.cmake
-- Install configuration: "Release"
-- Installing: /tmp/tmp.iH9s3v4NjZ/llvm/lib/libLLVMSystemZAsmParser.a
[152/254] cd /home/tim911004/.llvm-project/stage1_build/lib/Target/SystemZ/Disassembler && /home/tim911004/miniconda3/envs/cuda-quantum/lib/python3.10/site-packages/cmake/data/bin/cmake -DCMAKE_INSTALL_COMPONENT="LLVMSystemZDisassembler" -DCMAKE_INSTALL_DO_STRIP=1 -P /home/tim911004/.llvm-project/stage1_build/cmake_install.cmake
-- Install configuration: "Release"
-- Installing: /tmp/tmp.iH9s3v4NjZ/llvm/lib/libLLVMSystemZDisassembler.a
[153/254] cd /home/tim911004/.llvm-project/stage1_build/lib/Target/SystemZ/MCTargetDesc && /home/tim911004/miniconda3/envs/cuda-quantum/lib/python3.10/site-packages/cmake/data/bin/cmake -DCMAKE_INSTALL_COMPONENT="LLVMSystemZDesc" -DCMAKE_INSTALL_DO_STRIP=1 -P /home/tim911004/.llvm-project/stage1_build/cmake_install.cmake
-- Install configuration: "Release"
-- Installing: /tmp/tmp.iH9s3v4NjZ/llvm/lib/libLLVMSystemZDesc.a
[154/254] cd /home/tim911004/.llvm-project/stage1_build/lib/Target/SystemZ/TargetInfo && /home/tim911004/miniconda3/envs/cuda-quantum/lib/python3.10/site-packages/cmake/data/bin/cmake -DCMAKE_INSTALL_COMPONENT="LLVMSystemZInfo" -DCMAKE_INSTALL_DO_STRIP=1 -P /home/tim911004/.llvm-project/stage1_build/cmake_install.cmake
-- Install configuration: "Release"
-- Installing: /tmp/tmp.iH9s3v4NjZ/llvm/lib/libLLVMSystemZInfo.a
[155/254] cd /home/tim911004/.llvm-project/stage1_build/lib/Target/VE && /home/tim911004/miniconda3/envs/cuda-quantum/lib/python3.10/site-packages/cmake/data/bin/cmake -DCMAKE_INSTALL_COMPONENT="LLVMVECodeGen" -DCMAKE_INSTALL_DO_STRIP=1 -P /home/tim911004/.llvm-project/stage1_build/cmake_install.cmake
-- Install configuration: "Release"
-- Installing: /tmp/tmp.iH9s3v4NjZ/llvm/lib/libLLVMVECodeGen.a
[156/254] cd /home/tim911004/.llvm-project/stage1_build/lib/Target/VE/AsmParser && /home/tim911004/miniconda3/envs/cuda-quantum/lib/python3.10/site-packages/cmake/data/bin/cmake -DCMAKE_INSTALL_COMPONENT="LLVMVEAsmParser" -DCMAKE_INSTALL_DO_STRIP=1 -P /home/tim911004/.llvm-project/stage1_build/cmake_install.cmake
-- Install configuration: "Release"
-- Installing: /tmp/tmp.iH9s3v4NjZ/llvm/lib/libLLVMVEAsmParser.a
[157/254] cd /home/tim911004/.llvm-project/stage1_build/lib/Target/VE/Disassembler && /home/tim911004/miniconda3/envs/cuda-quantum/lib/python3.10/site-packages/cmake/data/bin/cmake -DCMAKE_INSTALL_COMPONENT="LLVMVEDisassembler" -DCMAKE_INSTALL_DO_STRIP=1 -P /home/tim911004/.llvm-project/stage1_build/cmake_install.cmake
-- Install configuration: "Release"
-- Installing: /tmp/tmp.iH9s3v4NjZ/llvm/lib/libLLVMVEDisassembler.a
[158/254] cd /home/tim911004/.llvm-project/stage1_build/lib/Target/VE/TargetInfo && /home/tim911004/miniconda3/envs/cuda-quantum/lib/python3.10/site-packages/cmake/data/bin/cmake -DCMAKE_INSTALL_COMPONENT="LLVMVEInfo" -DCMAKE_INSTALL_DO_STRIP=1 -P /home/tim911004/.llvm-project/stage1_build/cmake_install.cmake
-- Install configuration: "Release"
-- Installing: /tmp/tmp.iH9s3v4NjZ/llvm/lib/libLLVMVEInfo.a
[159/254] cd /home/tim911004/.llvm-project/stage1_build/lib/Target/VE/MCTargetDesc && /home/tim911004/miniconda3/envs/cuda-quantum/lib/python3.10/site-packages/cmake/data/bin/cmake -DCMAKE_INSTALL_COMPONENT="LLVMVEDesc" -DCMAKE_INSTALL_DO_STRIP=1 -P /home/tim911004/.llvm-project/stage1_build/cmake_install.cmake
-- Install configuration: "Release"
-- Installing: /tmp/tmp.iH9s3v4NjZ/llvm/lib/libLLVMVEDesc.a
[160/254] cd /home/tim911004/.llvm-project/stage1_build/lib/Target/WebAssembly && /home/tim911004/miniconda3/envs/cuda-quantum/lib/python3.10/site-packages/cmake/data/bin/cmake -DCMAKE_INSTALL_COMPONENT="LLVMWebAssemblyCodeGen" -DCMAKE_INSTALL_DO_STRIP=1 -P /home/tim911004/.llvm-project/stage1_build/cmake_install.cmake
-- Install configuration: "Release"
-- Installing: /tmp/tmp.iH9s3v4NjZ/llvm/lib/libLLVMWebAssemblyCodeGen.a
[161/254] cd /home/tim911004/.llvm-project/stage1_build/lib/Target/WebAssembly/AsmParser && /home/tim911004/miniconda3/envs/cuda-quantum/lib/python3.10/site-packages/cmake/data/bin/cmake -DCMAKE_INSTALL_COMPONENT="LLVMWebAssemblyAsmParser" -DCMAKE_INSTALL_DO_STRIP=1 -P /home/tim911004/.llvm-project/stage1_build/cmake_install.cmake
-- Install configuration: "Release"
-- Installing: /tmp/tmp.iH9s3v4NjZ/llvm/lib/libLLVMWebAssemblyAsmParser.a
[162/254] cd /home/tim911004/.llvm-project/stage1_build/lib/Target/WebAssembly/Disassembler && /home/tim911004/miniconda3/envs/cuda-quantum/lib/python3.10/site-packages/cmake/data/bin/cmake -DCMAKE_INSTALL_COMPONENT="LLVMWebAssemblyDisassembler" -DCMAKE_INSTALL_DO_STRIP=1 -P /home/tim911004/.llvm-project/stage1_build/cmake_install.cmake
-- Install configuration: "Release"
-- Installing: /tmp/tmp.iH9s3v4NjZ/llvm/lib/libLLVMWebAssemblyDisassembler.a
[163/254] cd /home/tim911004/.llvm-project/stage1_build/lib/Target/WebAssembly/MCTargetDesc && /home/tim911004/miniconda3/envs/cuda-quantum/lib/python3.10/site-packages/cmake/data/bin/cmake -DCMAKE_INSTALL_COMPONENT="LLVMWebAssemblyDesc" -DCMAKE_INSTALL_DO_STRIP=1 -P /home/tim911004/.llvm-project/stage1_build/cmake_install.cmake
-- Install configuration: "Release"
-- Installing: /tmp/tmp.iH9s3v4NjZ/llvm/lib/libLLVMWebAssemblyDesc.a
[164/254] cd /home/tim911004/.llvm-project/stage1_build/lib/Target/WebAssembly/TargetInfo && /home/tim911004/miniconda3/envs/cuda-quantum/lib/python3.10/site-packages/cmake/data/bin/cmake -DCMAKE_INSTALL_COMPONENT="LLVMWebAssemblyInfo" -DCMAKE_INSTALL_DO_STRIP=1 -P /home/tim911004/.llvm-project/stage1_build/cmake_install.cmake
-- Install configuration: "Release"
-- Installing: /tmp/tmp.iH9s3v4NjZ/llvm/lib/libLLVMWebAssemblyInfo.a
[165/254] cd /home/tim911004/.llvm-project/stage1_build/lib/Target/WebAssembly/Utils && /home/tim911004/miniconda3/envs/cuda-quantum/lib/python3.10/site-packages/cmake/data/bin/cmake -DCMAKE_INSTALL_COMPONENT="LLVMWebAssemblyUtils" -DCMAKE_INSTALL_DO_STRIP=1 -P /home/tim911004/.llvm-project/stage1_build/cmake_install.cmake
-- Install configuration: "Release"
-- Installing: /tmp/tmp.iH9s3v4NjZ/llvm/lib/libLLVMWebAssemblyUtils.a
[166/254] cd /home/tim911004/.llvm-project/stage1_build/lib/Target/X86 && /home/tim911004/miniconda3/envs/cuda-quantum/lib/python3.10/site-packages/cmake/data/bin/cmake -DCMAKE_INSTALL_COMPONENT="LLVMX86CodeGen" -DCMAKE_INSTALL_DO_STRIP=1 -P /home/tim911004/.llvm-project/stage1_build/cmake_install.cmake
-- Install configuration: "Release"
-- Installing: /tmp/tmp.iH9s3v4NjZ/llvm/lib/libLLVMX86CodeGen.a
[167/254] cd /home/tim911004/.llvm-project/stage1_build/lib/Target/X86/AsmParser && /home/tim911004/miniconda3/envs/cuda-quantum/lib/python3.10/site-packages/cmake/data/bin/cmake -DCMAKE_INSTALL_COMPONENT="LLVMX86AsmParser" -DCMAKE_INSTALL_DO_STRIP=1 -P /home/tim911004/.llvm-project/stage1_build/cmake_install.cmake
-- Install configuration: "Release"
-- Installing: /tmp/tmp.iH9s3v4NjZ/llvm/lib/libLLVMX86AsmParser.a
[168/254] cd /home/tim911004/.llvm-project/stage1_build/lib/Target/X86/Disassembler && /home/tim911004/miniconda3/envs/cuda-quantum/lib/python3.10/site-packages/cmake/data/bin/cmake -DCMAKE_INSTALL_COMPONENT="LLVMX86Disassembler" -DCMAKE_INSTALL_DO_STRIP=1 -P /home/tim911004/.llvm-project/stage1_build/cmake_install.cmake
-- Install configuration: "Release"
-- Installing: /tmp/tmp.iH9s3v4NjZ/llvm/lib/libLLVMX86Disassembler.a
[169/254] cd /home/tim911004/.llvm-project/stage1_build/lib/Target/X86/MCA && /home/tim911004/miniconda3/envs/cuda-quantum/lib/python3.10/site-packages/cmake/data/bin/cmake -DCMAKE_INSTALL_COMPONENT="LLVMX86TargetMCA" -DCMAKE_INSTALL_DO_STRIP=1 -P /home/tim911004/.llvm-project/stage1_build/cmake_install.cmake
-- Install configuration: "Release"
-- Installing: /tmp/tmp.iH9s3v4NjZ/llvm/lib/libLLVMX86TargetMCA.a
[170/254] cd /home/tim911004/.llvm-project/stage1_build/lib/Target/X86/MCTargetDesc && /home/tim911004/miniconda3/envs/cuda-quantum/lib/python3.10/site-packages/cmake/data/bin/cmake -DCMAKE_INSTALL_COMPONENT="LLVMX86Desc" -DCMAKE_INSTALL_DO_STRIP=1 -P /home/tim911004/.llvm-project/stage1_build/cmake_install.cmake
-- Install configuration: "Release"
-- Installing: /tmp/tmp.iH9s3v4NjZ/llvm/lib/libLLVMX86Desc.a
[171/254] cd /home/tim911004/.llvm-project/stage1_build/lib/Target/X86/TargetInfo && /home/tim911004/miniconda3/envs/cuda-quantum/lib/python3.10/site-packages/cmake/data/bin/cmake -DCMAKE_INSTALL_COMPONENT="LLVMX86Info" -DCMAKE_INSTALL_DO_STRIP=1 -P /home/tim911004/.llvm-project/stage1_build/cmake_install.cmake
-- Install configuration: "Release"
-- Installing: /tmp/tmp.iH9s3v4NjZ/llvm/lib/libLLVMX86Info.a
[172/254] cd /home/tim911004/.llvm-project/stage1_build/lib/Target/XCore && /home/tim911004/miniconda3/envs/cuda-quantum/lib/python3.10/site-packages/cmake/data/bin/cmake -DCMAKE_INSTALL_COMPONENT="LLVMXCoreCodeGen" -DCMAKE_INSTALL_DO_STRIP=1 -P /home/tim911004/.llvm-project/stage1_build/cmake_install.cmake
-- Install configuration: "Release"
-- Installing: /tmp/tmp.iH9s3v4NjZ/llvm/lib/libLLVMXCoreCodeGen.a
[173/254] cd /home/tim911004/.llvm-project/stage1_build/lib/Target/XCore/Disassembler && /home/tim911004/miniconda3/envs/cuda-quantum/lib/python3.10/site-packages/cmake/data/bin/cmake -DCMAKE_INSTALL_COMPONENT="LLVMXCoreDisassembler" -DCMAKE_INSTALL_DO_STRIP=1 -P /home/tim911004/.llvm-project/stage1_build/cmake_install.cmake
-- Install configuration: "Release"
-- Installing: /tmp/tmp.iH9s3v4NjZ/llvm/lib/libLLVMXCoreDisassembler.a
[174/254] cd /home/tim911004/.llvm-project/stage1_build/lib/Target/XCore/MCTargetDesc && /home/tim911004/miniconda3/envs/cuda-quantum/lib/python3.10/site-packages/cmake/data/bin/cmake -DCMAKE_INSTALL_COMPONENT="LLVMXCoreDesc" -DCMAKE_INSTALL_DO_STRIP=1 -P /home/tim911004/.llvm-project/stage1_build/cmake_install.cmake
-- Install configuration: "Release"
-- Installing: /tmp/tmp.iH9s3v4NjZ/llvm/lib/libLLVMXCoreDesc.a
[175/254] cd /home/tim911004/.llvm-project/stage1_build/lib/Target/XCore/TargetInfo && /home/tim911004/miniconda3/envs/cuda-quantum/lib/python3.10/site-packages/cmake/data/bin/cmake -DCMAKE_INSTALL_COMPONENT="LLVMXCoreInfo" -DCMAKE_INSTALL_DO_STRIP=1 -P /home/tim911004/.llvm-project/stage1_build/cmake_install.cmake
-- Install configuration: "Release"
-- Installing: /tmp/tmp.iH9s3v4NjZ/llvm/lib/libLLVMXCoreInfo.a
[176/254] cd /home/tim911004/.llvm-project/stage1_build/lib/AsmParser && /home/tim911004/miniconda3/envs/cuda-quantum/lib/python3.10/site-packages/cmake/data/bin/cmake -DCMAKE_INSTALL_COMPONENT="LLVMAsmParser" -DCMAKE_INSTALL_DO_STRIP=1 -P /home/tim911004/.llvm-project/stage1_build/cmake_install.cmake
-- Install configuration: "Release"
-- Installing: /tmp/tmp.iH9s3v4NjZ/llvm/lib/libLLVMAsmParser.a
[177/254] cd /home/tim911004/.llvm-project/stage1_build/lib/ProfileData && /home/tim911004/miniconda3/envs/cuda-quantum/lib/python3.10/site-packages/cmake/data/bin/cmake -DCMAKE_INSTALL_COMPONENT="LLVMProfileData" -DCMAKE_INSTALL_DO_STRIP=1 -P /home/tim911004/.llvm-project/stage1_build/cmake_install.cmake
-- Install configuration: "Release"
-- Installing: /tmp/tmp.iH9s3v4NjZ/llvm/lib/libLLVMProfileData.a
[178/254] cd /home/tim911004/.llvm-project/stage1_build/lib/ProfileData/Coverage && /home/tim911004/miniconda3/envs/cuda-quantum/lib/python3.10/site-packages/cmake/data/bin/cmake -DCMAKE_INSTALL_COMPONENT="LLVMCoverage" -DCMAKE_INSTALL_DO_STRIP=1 -P /home/tim911004/.llvm-project/stage1_build/cmake_install.cmake
-- Install configuration: "Release"
-- Installing: /tmp/tmp.iH9s3v4NjZ/llvm/lib/libLLVMCoverage.a
[179/254] cd /home/tim911004/.llvm-project/stage1_build/lib/Passes && /home/tim911004/miniconda3/envs/cuda-quantum/lib/python3.10/site-packages/cmake/data/bin/cmake -DCMAKE_INSTALL_COMPONENT="LLVMPasses" -DCMAKE_INSTALL_DO_STRIP=1 -P /home/tim911004/.llvm-project/stage1_build/cmake_install.cmake
-- Install configuration: "Release"
-- Installing: /tmp/tmp.iH9s3v4NjZ/llvm/lib/libLLVMPasses.a
[180/254] cd /home/tim911004/.llvm-project/stage1_build/lib/TargetParser && /home/tim911004/miniconda3/envs/cuda-quantum/lib/python3.10/site-packages/cmake/data/bin/cmake -DCMAKE_INSTALL_COMPONENT="LLVMTargetParser" -DCMAKE_INSTALL_DO_STRIP=1 -P /home/tim911004/.llvm-project/stage1_build/cmake_install.cmake
-- Install configuration: "Release"
-- Installing: /tmp/tmp.iH9s3v4NjZ/llvm/lib/libLLVMTargetParser.a
[181/254] cd /home/tim911004/.llvm-project/stage1_build/lib/TextAPI && /home/tim911004/miniconda3/envs/cuda-quantum/lib/python3.10/site-packages/cmake/data/bin/cmake -DCMAKE_INSTALL_COMPONENT="LLVMTextAPI" -DCMAKE_INSTALL_DO_STRIP=1 -P /home/tim911004/.llvm-project/stage1_build/cmake_install.cmake
-- Install configuration: "Release"
-- Installing: /tmp/tmp.iH9s3v4NjZ/llvm/lib/libLLVMTextAPI.a
[182/254] cd /home/tim911004/.llvm-project/stage1_build/lib/ToolDrivers/llvm-dlltool && /home/tim911004/miniconda3/envs/cuda-quantum/lib/python3.10/site-packages/cmake/data/bin/cmake -DCMAKE_INSTALL_COMPONENT="LLVMDlltoolDriver" -DCMAKE_INSTALL_DO_STRIP=1 -P /home/tim911004/.llvm-project/stage1_build/cmake_install.cmake
-- Install configuration: "Release"
-- Installing: /tmp/tmp.iH9s3v4NjZ/llvm/lib/libLLVMDlltoolDriver.a
[183/254] cd /home/tim911004/.llvm-project/stage1_build/lib/ToolDrivers/llvm-lib && /home/tim911004/miniconda3/envs/cuda-quantum/lib/python3.10/site-packages/cmake/data/bin/cmake -DCMAKE_INSTALL_COMPONENT="LLVMLibDriver" -DCMAKE_INSTALL_DO_STRIP=1 -P /home/tim911004/.llvm-project/stage1_build/cmake_install.cmake
-- Install configuration: "Release"
-- Installing: /tmp/tmp.iH9s3v4NjZ/llvm/lib/libLLVMLibDriver.a
[184/254] cd /home/tim911004/.llvm-project/stage1_build/lib/XRay && /home/tim911004/miniconda3/envs/cuda-quantum/lib/python3.10/site-packages/cmake/data/bin/cmake -DCMAKE_INSTALL_COMPONENT="LLVMXRay" -DCMAKE_INSTALL_DO_STRIP=1 -P /home/tim911004/.llvm-project/stage1_build/cmake_install.cmake
-- Install configuration: "Release"
-- Installing: /tmp/tmp.iH9s3v4NjZ/llvm/lib/libLLVMXRay.a
[185/254] cd /home/tim911004/.llvm-project/stage1_build/lib/WindowsDriver && /home/tim911004/miniconda3/envs/cuda-quantum/lib/python3.10/site-packages/cmake/data/bin/cmake -DCMAKE_INSTALL_COMPONENT="LLVMWindowsDriver" -DCMAKE_INSTALL_DO_STRIP=1 -P /home/tim911004/.llvm-project/stage1_build/cmake_install.cmake
-- Install configuration: "Release"
-- Installing: /tmp/tmp.iH9s3v4NjZ/llvm/lib/libLLVMWindowsDriver.a
[186/254] cd /home/tim911004/.llvm-project/stage1_build/tools/lto && /home/tim911004/miniconda3/envs/cuda-quantum/lib/python3.10/site-packages/cmake/data/bin/cmake -DCMAKE_INSTALL_COMPONENT="LTO" -DCMAKE_INSTALL_DO_STRIP=1 -P /home/tim911004/.llvm-project/stage1_build/cmake_install.cmake
-- Install configuration: "Release"
-- Installing: /tmp/tmp.iH9s3v4NjZ/llvm/lib/libLTO.so.16
-- Set non-toolchain portion of runtime path of "/tmp/tmp.iH9s3v4NjZ/llvm/lib/libLTO.so.16" to "$ORIGIN/../lib"
-- Installing: /tmp/tmp.iH9s3v4NjZ/llvm/lib/libLTO.so
-- Installing: /tmp/tmp.iH9s3v4NjZ/llvm/include/llvm-c/lto.h
[187/254] cd /home/tim911004/.llvm-project/stage1_build/tools/clang/lib/Basic && /home/tim911004/miniconda3/envs/cuda-quantum/lib/python3.10/site-packages/cmake/data/bin/cmake -DCMAKE_INSTALL_COMPONENT="clangBasic" -DCMAKE_INSTALL_DO_STRIP=1 -P /home/tim911004/.llvm-project/stage1_build/cmake_install.cmake
-- Install configuration: "Release"
-- Installing: /tmp/tmp.iH9s3v4NjZ/llvm/lib/libclangBasic.a
[188/254] cd /home/tim911004/.llvm-project/stage1_build/tools/clang/lib/APINotes && /home/tim911004/miniconda3/envs/cuda-quantum/lib/python3.10/site-packages/cmake/data/bin/cmake -DCMAKE_INSTALL_COMPONENT="clangAPINotes" -DCMAKE_INSTALL_DO_STRIP=1 -P /home/tim911004/.llvm-project/stage1_build/cmake_install.cmake
-- Install configuration: "Release"
-- Installing: /tmp/tmp.iH9s3v4NjZ/llvm/lib/libclangAPINotes.a
[189/254] cd /home/tim911004/.llvm-project/stage1_build/tools/clang/lib/Lex && /home/tim911004/miniconda3/envs/cuda-quantum/lib/python3.10/site-packages/cmake/data/bin/cmake -DCMAKE_INSTALL_COMPONENT="clangLex" -DCMAKE_INSTALL_DO_STRIP=1 -P /home/tim911004/.llvm-project/stage1_build/cmake_install.cmake
-- Install configuration: "Release"
-- Installing: /tmp/tmp.iH9s3v4NjZ/llvm/lib/libclangLex.a
[190/254] cd /home/tim911004/.llvm-project/stage1_build/tools/clang/lib/Parse && /home/tim911004/miniconda3/envs/cuda-quantum/lib/python3.10/site-packages/cmake/data/bin/cmake -DCMAKE_INSTALL_COMPONENT="clangParse" -DCMAKE_INSTALL_DO_STRIP=1 -P /home/tim911004/.llvm-project/stage1_build/cmake_install.cmake
-- Install configuration: "Release"
-- Installing: /tmp/tmp.iH9s3v4NjZ/llvm/lib/libclangParse.a
[191/254] cd /home/tim911004/.llvm-project/stage1_build/tools/clang/lib/AST && /home/tim911004/miniconda3/envs/cuda-quantum/lib/python3.10/site-packages/cmake/data/bin/cmake -DCMAKE_INSTALL_COMPONENT="clangAST" -DCMAKE_INSTALL_DO_STRIP=1 -P /home/tim911004/.llvm-project/stage1_build/cmake_install.cmake
-- Install configuration: "Release"
-- Installing: /tmp/tmp.iH9s3v4NjZ/llvm/lib/libclangAST.a
[192/254] cd /home/tim911004/.llvm-project/stage1_build/tools/clang/lib/ASTMatchers && /home/tim911004/miniconda3/envs/cuda-quantum/lib/python3.10/site-packages/cmake/data/bin/cmake -DCMAKE_INSTALL_COMPONENT="clangASTMatchers" -DCMAKE_INSTALL_DO_STRIP=1 -P /home/tim911004/.llvm-project/stage1_build/cmake_install.cmake
-- Install configuration: "Release"
-- Installing: /tmp/tmp.iH9s3v4NjZ/llvm/lib/libclangASTMatchers.a
[193/254] cd /home/tim911004/.llvm-project/stage1_build/tools/clang/lib/ASTMatchers/Dynamic && /home/tim911004/miniconda3/envs/cuda-quantum/lib/python3.10/site-packages/cmake/data/bin/cmake -DCMAKE_INSTALL_COMPONENT="clangDynamicASTMatchers" -DCMAKE_INSTALL_DO_STRIP=1 -P /home/tim911004/.llvm-project/stage1_build/cmake_install.cmake
-- Install configuration: "Release"
-- Installing: /tmp/tmp.iH9s3v4NjZ/llvm/lib/libclangDynamicASTMatchers.a
[194/254] cd /home/tim911004/.llvm-project/stage1_build/tools/clang/lib/CrossTU && /home/tim911004/miniconda3/envs/cuda-quantum/lib/python3.10/site-packages/cmake/data/bin/cmake -DCMAKE_INSTALL_COMPONENT="clangCrossTU" -DCMAKE_INSTALL_DO_STRIP=1 -P /home/tim911004/.llvm-project/stage1_build/cmake_install.cmake
-- Install configuration: "Release"
-- Installing: /tmp/tmp.iH9s3v4NjZ/llvm/lib/libclangCrossTU.a
[195/254] cd /home/tim911004/.llvm-project/stage1_build/tools/clang/lib/Sema && /home/tim911004/miniconda3/envs/cuda-quantum/lib/python3.10/site-packages/cmake/data/bin/cmake -DCMAKE_INSTALL_COMPONENT="clangSema" -DCMAKE_INSTALL_DO_STRIP=1 -P /home/tim911004/.llvm-project/stage1_build/cmake_install.cmake
-- Install configuration: "Release"
-- Installing: /tmp/tmp.iH9s3v4NjZ/llvm/lib/libclangSema.a
[196/254] cd /home/tim911004/.llvm-project/stage1_build/tools/clang/lib/CodeGen && /home/tim911004/miniconda3/envs/cuda-quantum/lib/python3.10/site-packages/cmake/data/bin/cmake -DCMAKE_INSTALL_COMPONENT="clangCodeGen" -DCMAKE_INSTALL_DO_STRIP=1 -P /home/tim911004/.llvm-project/stage1_build/cmake_install.cmake
-- Install configuration: "Release"
-- Installing: /tmp/tmp.iH9s3v4NjZ/llvm/lib/libclangCodeGen.a
[197/254] cd /home/tim911004/.llvm-project/stage1_build/tools/clang/lib/Analysis && /home/tim911004/miniconda3/envs/cuda-quantum/lib/python3.10/site-packages/cmake/data/bin/cmake -DCMAKE_INSTALL_COMPONENT="clangAnalysis" -DCMAKE_INSTALL_DO_STRIP=1 -P /home/tim911004/.llvm-project/stage1_build/cmake_install.cmake
-- Install configuration: "Release"
-- Installing: /tmp/tmp.iH9s3v4NjZ/llvm/lib/libclangAnalysis.a
[198/254] cd /home/tim911004/.llvm-project/stage1_build/tools/clang/lib/Analysis/FlowSensitive && /home/tim911004/miniconda3/envs/cuda-quantum/lib/python3.10/site-packages/cmake/data/bin/cmake -DCMAKE_INSTALL_COMPONENT="clangAnalysisFlowSensitive" -DCMAKE_INSTALL_DO_STRIP=1 -P /home/tim911004/.llvm-project/stage1_build/cmake_install.cmake
-- Install configuration: "Release"
-- Installing: /tmp/tmp.iH9s3v4NjZ/llvm/lib/libclangAnalysisFlowSensitive.a
[199/254] cd /home/tim911004/.llvm-project/stage1_build/tools/clang/lib/Analysis/FlowSensitive/Models && /home/tim911004/miniconda3/envs/cuda-quantum/lib/python3.10/site-packages/cmake/data/bin/cmake -DCMAKE_INSTALL_COMPONENT="clangAnalysisFlowSensitiveModels" -DCMAKE_INSTALL_DO_STRIP=1 -P /home/tim911004/.llvm-project/stage1_build/cmake_install.cmake
-- Install configuration: "Release"
-- Installing: /tmp/tmp.iH9s3v4NjZ/llvm/lib/libclangAnalysisFlowSensitiveModels.a
[200/254] cd /home/tim911004/.llvm-project/stage1_build/tools/clang/lib/Edit && /home/tim911004/miniconda3/envs/cuda-quantum/lib/python3.10/site-packages/cmake/data/bin/cmake -DCMAKE_INSTALL_COMPONENT="clangEdit" -DCMAKE_INSTALL_DO_STRIP=1 -P /home/tim911004/.llvm-project/stage1_build/cmake_install.cmake
-- Install configuration: "Release"
-- Installing: /tmp/tmp.iH9s3v4NjZ/llvm/lib/libclangEdit.a
[201/254] cd /home/tim911004/.llvm-project/stage1_build/tools/clang/lib/ExtractAPI && /home/tim911004/miniconda3/envs/cuda-quantum/lib/python3.10/site-packages/cmake/data/bin/cmake -DCMAKE_INSTALL_COMPONENT="clangExtractAPI" -DCMAKE_INSTALL_DO_STRIP=1 -P /home/tim911004/.llvm-project/stage1_build/cmake_install.cmake
-- Install configuration: "Release"
-- Installing: /tmp/tmp.iH9s3v4NjZ/llvm/lib/libclangExtractAPI.a
[202/254] cd /home/tim911004/.llvm-project/stage1_build/tools/clang/lib/Rewrite && /home/tim911004/miniconda3/envs/cuda-quantum/lib/python3.10/site-packages/cmake/data/bin/cmake -DCMAKE_INSTALL_COMPONENT="clangRewrite" -DCMAKE_INSTALL_DO_STRIP=1 -P /home/tim911004/.llvm-project/stage1_build/cmake_install.cmake
-- Install configuration: "Release"
-- Installing: /tmp/tmp.iH9s3v4NjZ/llvm/lib/libclangRewrite.a
[203/254] cd /home/tim911004/.llvm-project/stage1_build/tools/clang/lib/ARCMigrate && /home/tim911004/miniconda3/envs/cuda-quantum/lib/python3.10/site-packages/cmake/data/bin/cmake -DCMAKE_INSTALL_COMPONENT="clangARCMigrate" -DCMAKE_INSTALL_DO_STRIP=1 -P /home/tim911004/.llvm-project/stage1_build/cmake_install.cmake
-- Install configuration: "Release"
-- Installing: /tmp/tmp.iH9s3v4NjZ/llvm/lib/libclangARCMigrate.a
[204/254] cd /home/tim911004/.llvm-project/stage1_build/tools/clang/lib/Driver && /home/tim911004/miniconda3/envs/cuda-quantum/lib/python3.10/site-packages/cmake/data/bin/cmake -DCMAKE_INSTALL_COMPONENT="clangDriver" -DCMAKE_INSTALL_DO_STRIP=1 -P /home/tim911004/.llvm-project/stage1_build/cmake_install.cmake
-- Install configuration: "Release"
-- Installing: /tmp/tmp.iH9s3v4NjZ/llvm/lib/libclangDriver.a
[205/254] cd /home/tim911004/.llvm-project/stage1_build/tools/clang/lib/Serialization && /home/tim911004/miniconda3/envs/cuda-quantum/lib/python3.10/site-packages/cmake/data/bin/cmake -DCMAKE_INSTALL_COMPONENT="clangSerialization" -DCMAKE_INSTALL_DO_STRIP=1 -P /home/tim911004/.llvm-project/stage1_build/cmake_install.cmake
-- Install configuration: "Release"
-- Installing: /tmp/tmp.iH9s3v4NjZ/llvm/lib/libclangSerialization.a
[206/254] cd /home/tim911004/.llvm-project/stage1_build/tools/clang/lib/Frontend && /home/tim911004/miniconda3/envs/cuda-quantum/lib/python3.10/site-packages/cmake/data/bin/cmake -DCMAKE_INSTALL_COMPONENT="clangFrontend" -DCMAKE_INSTALL_DO_STRIP=1 -P /home/tim911004/.llvm-project/stage1_build/cmake_install.cmake
-- Install configuration: "Release"
-- Installing: /tmp/tmp.iH9s3v4NjZ/llvm/lib/libclangFrontend.a
[207/254] cd /home/tim911004/.llvm-project/stage1_build/tools/clang/lib/Frontend/Rewrite && /home/tim911004/miniconda3/envs/cuda-quantum/lib/python3.10/site-packages/cmake/data/bin/cmake -DCMAKE_INSTALL_COMPONENT="clangRewriteFrontend" -DCMAKE_INSTALL_DO_STRIP=1 -P /home/tim911004/.llvm-project/stage1_build/cmake_install.cmake
-- Install configuration: "Release"
-- Installing: /tmp/tmp.iH9s3v4NjZ/llvm/lib/libclangRewriteFrontend.a
[208/254] cd /home/tim911004/.llvm-project/stage1_build/tools/clang/lib/FrontendTool && /home/tim911004/miniconda3/envs/cuda-quantum/lib/python3.10/site-packages/cmake/data/bin/cmake -DCMAKE_INSTALL_COMPONENT="clangFrontendTool" -DCMAKE_INSTALL_DO_STRIP=1 -P /home/tim911004/.llvm-project/stage1_build/cmake_install.cmake
-- Install configuration: "Release"
-- Installing: /tmp/tmp.iH9s3v4NjZ/llvm/lib/libclangFrontendTool.a
[209/254] cd /home/tim911004/.llvm-project/stage1_build/tools/clang/lib/Tooling && /home/tim911004/miniconda3/envs/cuda-quantum/lib/python3.10/site-packages/cmake/data/bin/cmake -DCMAKE_INSTALL_COMPONENT="clangTooling" -DCMAKE_INSTALL_DO_STRIP=1 -P /home/tim911004/.llvm-project/stage1_build/cmake_install.cmake
-- Install configuration: "Release"
-- Installing: /tmp/tmp.iH9s3v4NjZ/llvm/lib/libclangTooling.a
[210/254] cd /home/tim911004/.llvm-project/stage1_build/tools/clang/lib/Tooling/Core && /home/tim911004/miniconda3/envs/cuda-quantum/lib/python3.10/site-packages/cmake/data/bin/cmake -DCMAKE_INSTALL_COMPONENT="clangToolingCore" -DCMAKE_INSTALL_DO_STRIP=1 -P /home/tim911004/.llvm-project/stage1_build/cmake_install.cmake
-- Install configuration: "Release"
-- Installing: /tmp/tmp.iH9s3v4NjZ/llvm/lib/libclangToolingCore.a
[211/254] cd /home/tim911004/.llvm-project/stage1_build/tools/clang/lib/Tooling/Inclusions && /home/tim911004/miniconda3/envs/cuda-quantum/lib/python3.10/site-packages/cmake/data/bin/cmake -DCMAKE_INSTALL_COMPONENT="clangToolingInclusions" -DCMAKE_INSTALL_DO_STRIP=1 -P /home/tim911004/.llvm-project/stage1_build/cmake_install.cmake
-- Install configuration: "Release"
-- Installing: /tmp/tmp.iH9s3v4NjZ/llvm/lib/libclangToolingInclusions.a
[212/254] cd /home/tim911004/.llvm-project/stage1_build/tools/clang/lib/Tooling/Inclusions/Stdlib && /home/tim911004/miniconda3/envs/cuda-quantum/lib/python3.10/site-packages/cmake/data/bin/cmake -DCMAKE_INSTALL_COMPONENT="clangToolingInclusionsStdlib" -DCMAKE_INSTALL_DO_STRIP=1 -P /home/tim911004/.llvm-project/stage1_build/cmake_install.cmake
-- Install configuration: "Release"
-- Installing: /tmp/tmp.iH9s3v4NjZ/llvm/lib/libclangToolingInclusionsStdlib.a
[213/254] cd /home/tim911004/.llvm-project/stage1_build/tools/clang/lib/Tooling/Refactoring && /home/tim911004/miniconda3/envs/cuda-quantum/lib/python3.10/site-packages/cmake/data/bin/cmake -DCMAKE_INSTALL_COMPONENT="clangToolingRefactoring" -DCMAKE_INSTALL_DO_STRIP=1 -P /home/tim911004/.llvm-project/stage1_build/cmake_install.cmake
-- Install configuration: "Release"
-- Installing: /tmp/tmp.iH9s3v4NjZ/llvm/lib/libclangToolingRefactoring.a
[214/254] cd /home/tim911004/.llvm-project/stage1_build/tools/clang/lib/Tooling/ASTDiff && /home/tim911004/miniconda3/envs/cuda-quantum/lib/python3.10/site-packages/cmake/data/bin/cmake -DCMAKE_INSTALL_COMPONENT="clangToolingASTDiff" -DCMAKE_INSTALL_DO_STRIP=1 -P /home/tim911004/.llvm-project/stage1_build/cmake_install.cmake
-- Install configuration: "Release"
-- Installing: /tmp/tmp.iH9s3v4NjZ/llvm/lib/libclangToolingASTDiff.a
[215/254] cd /home/tim911004/.llvm-project/stage1_build/tools/clang/lib/Tooling/Syntax && /home/tim911004/miniconda3/envs/cuda-quantum/lib/python3.10/site-packages/cmake/data/bin/cmake -DCMAKE_INSTALL_COMPONENT="clangToolingSyntax" -DCMAKE_INSTALL_DO_STRIP=1 -P /home/tim911004/.llvm-project/stage1_build/cmake_install.cmake
-- Install configuration: "Release"
-- Installing: /tmp/tmp.iH9s3v4NjZ/llvm/lib/libclangToolingSyntax.a
[216/254] cd /home/tim911004/.llvm-project/stage1_build/tools/clang/lib/Tooling/DependencyScanning && /home/tim911004/miniconda3/envs/cuda-quantum/lib/python3.10/site-packages/cmake/data/bin/cmake -DCMAKE_INSTALL_COMPONENT="clangDependencyScanning" -DCMAKE_INSTALL_DO_STRIP=1 -P /home/tim911004/.llvm-project/stage1_build/cmake_install.cmake
-- Install configuration: "Release"
-- Installing: /tmp/tmp.iH9s3v4NjZ/llvm/lib/libclangDependencyScanning.a
[217/254] cd /home/tim911004/.llvm-project/stage1_build/tools/clang/lib/Tooling/Transformer && /home/tim911004/miniconda3/envs/cuda-quantum/lib/python3.10/site-packages/cmake/data/bin/cmake -DCMAKE_INSTALL_COMPONENT="clangTransformer" -DCMAKE_INSTALL_DO_STRIP=1 -P /home/tim911004/.llvm-project/stage1_build/cmake_install.cmake
-- Install configuration: "Release"
-- Installing: /tmp/tmp.iH9s3v4NjZ/llvm/lib/libclangTransformer.a
[218/254] cd /home/tim911004/.llvm-project/stage1_build/tools/clang/lib/DirectoryWatcher && /home/tim911004/miniconda3/envs/cuda-quantum/lib/python3.10/site-packages/cmake/data/bin/cmake -DCMAKE_INSTALL_COMPONENT="clangDirectoryWatcher" -DCMAKE_INSTALL_DO_STRIP=1 -P /home/tim911004/.llvm-project/stage1_build/cmake_install.cmake
-- Install configuration: "Release"
-- Installing: /tmp/tmp.iH9s3v4NjZ/llvm/lib/libclangDirectoryWatcher.a
[219/254] cd /home/tim911004/.llvm-project/stage1_build/tools/clang/lib/Index && /home/tim911004/miniconda3/envs/cuda-quantum/lib/python3.10/site-packages/cmake/data/bin/cmake -DCMAKE_INSTALL_COMPONENT="clangIndex" -DCMAKE_INSTALL_DO_STRIP=1 -P /home/tim911004/.llvm-project/stage1_build/cmake_install.cmake
-- Install configuration: "Release"
-- Installing: /tmp/tmp.iH9s3v4NjZ/llvm/lib/libclangIndex.a
[220/254] cd /home/tim911004/.llvm-project/stage1_build/tools/clang/lib/IndexSerialization && /home/tim911004/miniconda3/envs/cuda-quantum/lib/python3.10/site-packages/cmake/data/bin/cmake -DCMAKE_INSTALL_COMPONENT="clangIndexSerialization" -DCMAKE_INSTALL_DO_STRIP=1 -P /home/tim911004/.llvm-project/stage1_build/cmake_install.cmake
-- Install configuration: "Release"
-- Installing: /tmp/tmp.iH9s3v4NjZ/llvm/lib/libclangIndexSerialization.a
[221/254] cd /home/tim911004/.llvm-project/stage1_build/tools/clang/lib/StaticAnalyzer/Core && /home/tim911004/miniconda3/envs/cuda-quantum/lib/python3.10/site-packages/cmake/data/bin/cmake -DCMAKE_INSTALL_COMPONENT="clangStaticAnalyzerCore" -DCMAKE_INSTALL_DO_STRIP=1 -P /home/tim911004/.llvm-project/stage1_build/cmake_install.cmake
-- Install configuration: "Release"
-- Installing: /tmp/tmp.iH9s3v4NjZ/llvm/lib/libclangStaticAnalyzerCore.a
[222/254] cd /home/tim911004/.llvm-project/stage1_build/tools/clang/lib/StaticAnalyzer/Checkers && /home/tim911004/miniconda3/envs/cuda-quantum/lib/python3.10/site-packages/cmake/data/bin/cmake -DCMAKE_INSTALL_COMPONENT="clangStaticAnalyzerCheckers" -DCMAKE_INSTALL_DO_STRIP=1 -P /home/tim911004/.llvm-project/stage1_build/cmake_install.cmake
-- Install configuration: "Release"
-- Installing: /tmp/tmp.iH9s3v4NjZ/llvm/lib/libclangStaticAnalyzerCheckers.a
[223/254] cd /home/tim911004/.llvm-project/stage1_build/tools/clang/lib/StaticAnalyzer/Frontend && /home/tim911004/miniconda3/envs/cuda-quantum/lib/python3.10/site-packages/cmake/data/bin/cmake -DCMAKE_INSTALL_COMPONENT="clangStaticAnalyzerFrontend" -DCMAKE_INSTALL_DO_STRIP=1 -P /home/tim911004/.llvm-project/stage1_build/cmake_install.cmake
-- Install configuration: "Release"
-- Installing: /tmp/tmp.iH9s3v4NjZ/llvm/lib/libclangStaticAnalyzerFrontend.a
[224/254] cd /home/tim911004/.llvm-project/stage1_build/tools/clang/lib/Format && /home/tim911004/miniconda3/envs/cuda-quantum/lib/python3.10/site-packages/cmake/data/bin/cmake -DCMAKE_INSTALL_COMPONENT="clangFormat" -DCMAKE_INSTALL_DO_STRIP=1 -P /home/tim911004/.llvm-project/stage1_build/cmake_install.cmake
-- Install configuration: "Release"
-- Installing: /tmp/tmp.iH9s3v4NjZ/llvm/lib/libclangFormat.a
[225/254] cd /home/tim911004/.llvm-project/stage1_build/tools/clang/lib/Interpreter && /home/tim911004/miniconda3/envs/cuda-quantum/lib/python3.10/site-packages/cmake/data/bin/cmake -DCMAKE_INSTALL_COMPONENT="clangInterpreter" -DCMAKE_INSTALL_DO_STRIP=1 -P /home/tim911004/.llvm-project/stage1_build/cmake_install.cmake
-- Install configuration: "Release"
-- Installing: /tmp/tmp.iH9s3v4NjZ/llvm/lib/libclangInterpreter.a
[226/254] cd /home/tim911004/.llvm-project/stage1_build/tools/clang/tools/clang-fuzzer/handle-cxx && /home/tim911004/miniconda3/envs/cuda-quantum/lib/python3.10/site-packages/cmake/data/bin/cmake -DCMAKE_INSTALL_COMPONENT="clangHandleCXX" -DCMAKE_INSTALL_DO_STRIP=1 -P /home/tim911004/.llvm-project/stage1_build/cmake_install.cmake
-- Install configuration: "Release"
-- Installing: /tmp/tmp.iH9s3v4NjZ/llvm/lib/libclangHandleCXX.a
[227/254] cd /home/tim911004/.llvm-project/stage1_build/tools/clang/tools/clang-fuzzer/handle-llvm && /home/tim911004/miniconda3/envs/cuda-quantum/lib/python3.10/site-packages/cmake/data/bin/cmake -DCMAKE_INSTALL_COMPONENT="clangHandleLLVM" -DCMAKE_INSTALL_DO_STRIP=1 -P /home/tim911004/.llvm-project/stage1_build/cmake_install.cmake
-- Install configuration: "Release"
-- Installing: /tmp/tmp.iH9s3v4NjZ/llvm/lib/libclangHandleLLVM.a
[228/254] cd /home/tim911004/.llvm-project/stage1_build/tools/clang/tools/clang-shlib && /home/tim911004/miniconda3/envs/cuda-quantum/lib/python3.10/site-packages/cmake/data/bin/cmake -DCMAKE_INSTALL_COMPONENT="clang-cpp" -DCMAKE_INSTALL_DO_STRIP=1 -P /home/tim911004/.llvm-project/stage1_build/cmake_install.cmake
-- Install configuration: "Release"
-- Installing: /tmp/tmp.iH9s3v4NjZ/llvm/lib/libclang-cpp.so.16
-- Set non-toolchain portion of runtime path of "/tmp/tmp.iH9s3v4NjZ/llvm/lib/libclang-cpp.so.16" to "$ORIGIN/../lib"
-- Installing: /tmp/tmp.iH9s3v4NjZ/llvm/lib/libclang-cpp.so
[229/254] cd /home/tim911004/.llvm-project/stage1_build/tools/clang/tools/libclang && /home/tim911004/miniconda3/envs/cuda-quantum/lib/python3.10/site-packages/cmake/data/bin/cmake -DCMAKE_INSTALL_COMPONENT="libclang" -DCMAKE_INSTALL_DO_STRIP=1 -P /home/tim911004/.llvm-project/stage1_build/cmake_install.cmake
-- Install configuration: "Release"
-- Installing: /tmp/tmp.iH9s3v4NjZ/llvm/lib/libclang.so.16.0.6
-- Installing: /tmp/tmp.iH9s3v4NjZ/llvm/lib/libclang.so.16
-- Set non-toolchain portion of runtime path of "/tmp/tmp.iH9s3v4NjZ/llvm/lib/libclang.so.16.0.6" to "$ORIGIN/../lib"
-- Installing: /tmp/tmp.iH9s3v4NjZ/llvm/lib/libclang.so
[230/254] cd /home/tim911004/.llvm-project/stage1_build/tools/llvm-cfi-verify/lib && /home/tim911004/miniconda3/envs/cuda-quantum/lib/python3.10/site-packages/cmake/data/bin/cmake -DCMAKE_INSTALL_COMPONENT="LLVMCFIVerify" -DCMAKE_INSTALL_DO_STRIP=1 -P /home/tim911004/.llvm-project/stage1_build/cmake_install.cmake
-- Install configuration: "Release"
-- Installing: /tmp/tmp.iH9s3v4NjZ/llvm/lib/libLLVMCFIVerify.a
[231/254] cd /home/tim911004/.llvm-project/stage1_build/tools/llvm-diff/lib && /home/tim911004/miniconda3/envs/cuda-quantum/lib/python3.10/site-packages/cmake/data/bin/cmake -DCMAKE_INSTALL_COMPONENT="LLVMDiff" -DCMAKE_INSTALL_DO_STRIP=1 -P /home/tim911004/.llvm-project/stage1_build/cmake_install.cmake
-- Install configuration: "Release"
-- Installing: /tmp/tmp.iH9s3v4NjZ/llvm/lib/libLLVMDiff.a
[232/254] cd /home/tim911004/.llvm-project/stage1_build/tools/llvm-exegesis/lib && /home/tim911004/miniconda3/envs/cuda-quantum/lib/python3.10/site-packages/cmake/data/bin/cmake -DCMAKE_INSTALL_COMPONENT="LLVMExegesis" -DCMAKE_INSTALL_DO_STRIP=1 -P /home/tim911004/.llvm-project/stage1_build/cmake_install.cmake
-- Install configuration: "Release"
-- Installing: /tmp/tmp.iH9s3v4NjZ/llvm/lib/libLLVMExegesis.a
[233/254] cd /home/tim911004/.llvm-project/stage1_build/tools/llvm-exegesis/lib/X86 && /home/tim911004/miniconda3/envs/cuda-quantum/lib/python3.10/site-packages/cmake/data/bin/cmake -DCMAKE_INSTALL_COMPONENT="LLVMExegesisX86" -DCMAKE_INSTALL_DO_STRIP=1 -P /home/tim911004/.llvm-project/stage1_build/cmake_install.cmake
-- Install configuration: "Release"
-- Installing: /tmp/tmp.iH9s3v4NjZ/llvm/lib/libLLVMExegesisX86.a
[234/254] cd /home/tim911004/.llvm-project/stage1_build/tools/llvm-exegesis/lib/AArch64 && /home/tim911004/miniconda3/envs/cuda-quantum/lib/python3.10/site-packages/cmake/data/bin/cmake -DCMAKE_INSTALL_COMPONENT="LLVMExegesisAArch64" -DCMAKE_INSTALL_DO_STRIP=1 -P /home/tim911004/.llvm-project/stage1_build/cmake_install.cmake
-- Install configuration: "Release"
-- Installing: /tmp/tmp.iH9s3v4NjZ/llvm/lib/libLLVMExegesisAArch64.a
[235/254] cd /home/tim911004/.llvm-project/stage1_build/tools/llvm-exegesis/lib/PowerPC && /home/tim911004/miniconda3/envs/cuda-quantum/lib/python3.10/site-packages/cmake/data/bin/cmake -DCMAKE_INSTALL_COMPONENT="LLVMExegesisPowerPC" -DCMAKE_INSTALL_DO_STRIP=1 -P /home/tim911004/.llvm-project/stage1_build/cmake_install.cmake
-- Install configuration: "Release"
-- Installing: /tmp/tmp.iH9s3v4NjZ/llvm/lib/libLLVMExegesisPowerPC.a
[236/254] cd /home/tim911004/.llvm-project/stage1_build/tools/llvm-exegesis/lib/Mips && /home/tim911004/miniconda3/envs/cuda-quantum/lib/python3.10/site-packages/cmake/data/bin/cmake -DCMAKE_INSTALL_COMPONENT="LLVMExegesisMips" -DCMAKE_INSTALL_DO_STRIP=1 -P /home/tim911004/.llvm-project/stage1_build/cmake_install.cmake
-- Install configuration: "Release"
-- Installing: /tmp/tmp.iH9s3v4NjZ/llvm/lib/libLLVMExegesisMips.a
[237/254] cd /home/tim911004/.llvm-project/stage1_build/tools/remarks-shlib && /home/tim911004/miniconda3/envs/cuda-quantum/lib/python3.10/site-packages/cmake/data/bin/cmake -DCMAKE_INSTALL_COMPONENT="Remarks" -DCMAKE_INSTALL_DO_STRIP=1 -P /home/tim911004/.llvm-project/stage1_build/cmake_install.cmake
-- Install configuration: "Release"
-- Installing: /tmp/tmp.iH9s3v4NjZ/llvm/lib/libRemarks.so.16
-- Set non-toolchain portion of runtime path of "/tmp/tmp.iH9s3v4NjZ/llvm/lib/libRemarks.so.16" to "$ORIGIN/../lib"
-- Installing: /tmp/tmp.iH9s3v4NjZ/llvm/lib/libRemarks.so
-- Installing: /tmp/tmp.iH9s3v4NjZ/llvm/include/llvm-c/Remarks.h
[238/254] cd /home/tim911004/.llvm-project/stage1_build && /home/tim911004/miniconda3/envs/cuda-quantum/lib/python3.10/site-packages/cmake/data/bin/cmake -DCMAKE_INSTALL_COMPONENT="llvm-headers" -DCMAKE_INSTALL_DO_STRIP=1 -P /home/tim911004/.llvm-project/stage1_build/cmake_install.cmake
-- Install configuration: "Release"
-- Installing: /tmp/tmp.iH9s3v4NjZ/llvm/include/llvm
-- Installing: /tmp/tmp.iH9s3v4NjZ/llvm/include/llvm/BinaryFormat
-- Installing: /tmp/tmp.iH9s3v4NjZ/llvm/include/llvm/BinaryFormat/WasmTraits.h
-- Installing: /tmp/tmp.iH9s3v4NjZ/llvm/include/llvm/BinaryFormat/GOFF.h
-- Installing: /tmp/tmp.iH9s3v4NjZ/llvm/include/llvm/BinaryFormat/MsgPack.def
-- Installing: /tmp/tmp.iH9s3v4NjZ/llvm/include/llvm/BinaryFormat/WasmRelocs.def
-- Installing: /tmp/tmp.iH9s3v4NjZ/llvm/include/llvm/BinaryFormat/XCOFF.h
-- Installing: /tmp/tmp.iH9s3v4NjZ/llvm/include/llvm/BinaryFormat/Dwarf.def
-- Installing: /tmp/tmp.iH9s3v4NjZ/llvm/include/llvm/BinaryFormat/DynamicTags.def
-- Installing: /tmp/tmp.iH9s3v4NjZ/llvm/include/llvm/BinaryFormat/MachO.h
-- Installing: /tmp/tmp.iH9s3v4NjZ/llvm/include/llvm/BinaryFormat/DXContainer.h
-- Installing: /tmp/tmp.iH9s3v4NjZ/llvm/include/llvm/BinaryFormat/MsgPackDocument.h
-- Installing: /tmp/tmp.iH9s3v4NjZ/llvm/include/llvm/BinaryFormat/MsgPackReader.h
-- Installing: /tmp/tmp.iH9s3v4NjZ/llvm/include/llvm/BinaryFormat/Wasm.h
-- Installing: /tmp/tmp.iH9s3v4NjZ/llvm/include/llvm/BinaryFormat/Swift.h
-- Installing: /tmp/tmp.iH9s3v4NjZ/llvm/include/llvm/BinaryFormat/MinidumpConstants.def
-- Installing: /tmp/tmp.iH9s3v4NjZ/llvm/include/llvm/BinaryFormat/AMDGPUMetadataVerifier.h
-- Installing: /tmp/tmp.iH9s3v4NjZ/llvm/include/llvm/BinaryFormat/Magic.h
-- Installing: /tmp/tmp.iH9s3v4NjZ/llvm/include/llvm/BinaryFormat/MsgPack.h
-- Installing: /tmp/tmp.iH9s3v4NjZ/llvm/include/llvm/BinaryFormat/DXContainerConstants.def
-- Installing: /tmp/tmp.iH9s3v4NjZ/llvm/include/llvm/BinaryFormat/ELFRelocs
-- Installing: /tmp/tmp.iH9s3v4NjZ/llvm/include/llvm/BinaryFormat/ELFRelocs/x86_64.def
-- Installing: /tmp/tmp.iH9s3v4NjZ/llvm/include/llvm/BinaryFormat/ELFRelocs/RISCV.def
-- Installing: /tmp/tmp.iH9s3v4NjZ/llvm/include/llvm/BinaryFormat/ELFRelocs/Mips.def
-- Installing: /tmp/tmp.iH9s3v4NjZ/llvm/include/llvm/BinaryFormat/ELFRelocs/ARM.def
-- Installing: /tmp/tmp.iH9s3v4NjZ/llvm/include/llvm/BinaryFormat/ELFRelocs/Hexagon.def
-- Installing: /tmp/tmp.iH9s3v4NjZ/llvm/include/llvm/BinaryFormat/ELFRelocs/PowerPC.def
-- Installing: /tmp/tmp.iH9s3v4NjZ/llvm/include/llvm/BinaryFormat/ELFRelocs/Sparc.def
-- Installing: /tmp/tmp.iH9s3v4NjZ/llvm/include/llvm/BinaryFormat/ELFRelocs/VE.def
-- Installing: /tmp/tmp.iH9s3v4NjZ/llvm/include/llvm/BinaryFormat/ELFRelocs/M68k.def
-- Installing: /tmp/tmp.iH9s3v4NjZ/llvm/include/llvm/BinaryFormat/ELFRelocs/PowerPC64.def
-- Installing: /tmp/tmp.iH9s3v4NjZ/llvm/include/llvm/BinaryFormat/ELFRelocs/CSKY.def
-- Installing: /tmp/tmp.iH9s3v4NjZ/llvm/include/llvm/BinaryFormat/ELFRelocs/AVR.def
-- Installing: /tmp/tmp.iH9s3v4NjZ/llvm/include/llvm/BinaryFormat/ELFRelocs/BPF.def
-- Installing: /tmp/tmp.iH9s3v4NjZ/llvm/include/llvm/BinaryFormat/ELFRelocs/i386.def
-- Installing: /tmp/tmp.iH9s3v4NjZ/llvm/include/llvm/BinaryFormat/ELFRelocs/Lanai.def
-- Installing: /tmp/tmp.iH9s3v4NjZ/llvm/include/llvm/BinaryFormat/ELFRelocs/Xtensa.def
-- Installing: /tmp/tmp.iH9s3v4NjZ/llvm/include/llvm/BinaryFormat/ELFRelocs/LoongArch.def
-- Installing: /tmp/tmp.iH9s3v4NjZ/llvm/include/llvm/BinaryFormat/ELFRelocs/MSP430.def
-- Installing: /tmp/tmp.iH9s3v4NjZ/llvm/include/llvm/BinaryFormat/ELFRelocs/AMDGPU.def
-- Installing: /tmp/tmp.iH9s3v4NjZ/llvm/include/llvm/BinaryFormat/ELFRelocs/AArch64.def
-- Installing: /tmp/tmp.iH9s3v4NjZ/llvm/include/llvm/BinaryFormat/ELFRelocs/SystemZ.def
-- Installing: /tmp/tmp.iH9s3v4NjZ/llvm/include/llvm/BinaryFormat/ELFRelocs/ARC.def
-- Installing: /tmp/tmp.iH9s3v4NjZ/llvm/include/llvm/BinaryFormat/MsgPackWriter.h
-- Installing: /tmp/tmp.iH9s3v4NjZ/llvm/include/llvm/BinaryFormat/Swift.def
-- Installing: /tmp/tmp.iH9s3v4NjZ/llvm/include/llvm/BinaryFormat/MachO.def
-- Installing: /tmp/tmp.iH9s3v4NjZ/llvm/include/llvm/BinaryFormat/COFF.h
-- Installing: /tmp/tmp.iH9s3v4NjZ/llvm/include/llvm/BinaryFormat/ELF.h
-- Installing: /tmp/tmp.iH9s3v4NjZ/llvm/include/llvm/BinaryFormat/Dwarf.h
-- Installing: /tmp/tmp.iH9s3v4NjZ/llvm/include/llvm/BinaryFormat/Minidump.h
-- Installing: /tmp/tmp.iH9s3v4NjZ/llvm/include/llvm/Remarks
-- Installing: /tmp/tmp.iH9s3v4NjZ/llvm/include/llvm/Remarks/Remark.h
-- Installing: /tmp/tmp.iH9s3v4NjZ/llvm/include/llvm/Remarks/RemarkFormat.h
-- Installing: /tmp/tmp.iH9s3v4NjZ/llvm/include/llvm/Remarks/RemarkLinker.h
-- Installing: /tmp/tmp.iH9s3v4NjZ/llvm/include/llvm/Remarks/RemarkStringTable.h
-- Installing: /tmp/tmp.iH9s3v4NjZ/llvm/include/llvm/Remarks/BitstreamRemarkContainer.h
-- Installing: /tmp/tmp.iH9s3v4NjZ/llvm/include/llvm/Remarks/RemarkStreamer.h
-- Installing: /tmp/tmp.iH9s3v4NjZ/llvm/include/llvm/Remarks/HotnessThresholdParser.h
-- Installing: /tmp/tmp.iH9s3v4NjZ/llvm/include/llvm/Remarks/BitstreamRemarkSerializer.h
-- Installing: /tmp/tmp.iH9s3v4NjZ/llvm/include/llvm/Remarks/YAMLRemarkSerializer.h
-- Installing: /tmp/tmp.iH9s3v4NjZ/llvm/include/llvm/Remarks/RemarkSerializer.h
-- Installing: /tmp/tmp.iH9s3v4NjZ/llvm/include/llvm/Remarks/BitstreamRemarkParser.h
-- Installing: /tmp/tmp.iH9s3v4NjZ/llvm/include/llvm/Remarks/RemarkParser.h
-- Installing: /tmp/tmp.iH9s3v4NjZ/llvm/include/llvm/Debuginfod
-- Installing: /tmp/tmp.iH9s3v4NjZ/llvm/include/llvm/Debuginfod/Debuginfod.h
-- Installing: /tmp/tmp.iH9s3v4NjZ/llvm/include/llvm/Debuginfod/HTTPServer.h
-- Installing: /tmp/tmp.iH9s3v4NjZ/llvm/include/llvm/Debuginfod/BuildIDFetcher.h
-- Installing: /tmp/tmp.iH9s3v4NjZ/llvm/include/llvm/Debuginfod/HTTPClient.h
-- Installing: /tmp/tmp.iH9s3v4NjZ/llvm/include/llvm/WindowsManifest
-- Installing: /tmp/tmp.iH9s3v4NjZ/llvm/include/llvm/WindowsManifest/WindowsManifestMerger.h
-- Installing: /tmp/tmp.iH9s3v4NjZ/llvm/include/llvm/ProfileData
-- Installing: /tmp/tmp.iH9s3v4NjZ/llvm/include/llvm/ProfileData/GCOV.h
-- Installing: /tmp/tmp.iH9s3v4NjZ/llvm/include/llvm/ProfileData/InstrProfWriter.h
-- Installing: /tmp/tmp.iH9s3v4NjZ/llvm/include/llvm/ProfileData/RawMemProfReader.h
-- Installing: /tmp/tmp.iH9s3v4NjZ/llvm/include/llvm/ProfileData/InstrProfReader.h
-- Installing: /tmp/tmp.iH9s3v4NjZ/llvm/include/llvm/ProfileData/InstrProfData.inc
-- Installing: /tmp/tmp.iH9s3v4NjZ/llvm/include/llvm/ProfileData/ProfileCommon.h
-- Installing: /tmp/tmp.iH9s3v4NjZ/llvm/include/llvm/ProfileData/SampleProfReader.h
-- Installing: /tmp/tmp.iH9s3v4NjZ/llvm/include/llvm/ProfileData/SampleProf.h
-- Installing: /tmp/tmp.iH9s3v4NjZ/llvm/include/llvm/ProfileData/SampleProfWriter.h
-- Installing: /tmp/tmp.iH9s3v4NjZ/llvm/include/llvm/ProfileData/InstrProf.h
-- Installing: /tmp/tmp.iH9s3v4NjZ/llvm/include/llvm/ProfileData/Coverage
-- Installing: /tmp/tmp.iH9s3v4NjZ/llvm/include/llvm/ProfileData/Coverage/CoverageMapping.h
-- Installing: /tmp/tmp.iH9s3v4NjZ/llvm/include/llvm/ProfileData/Coverage/CoverageMappingReader.h
-- Installing: /tmp/tmp.iH9s3v4NjZ/llvm/include/llvm/ProfileData/Coverage/CoverageMappingWriter.h
-- Installing: /tmp/tmp.iH9s3v4NjZ/llvm/include/llvm/ProfileData/MemProfData.inc
-- Installing: /tmp/tmp.iH9s3v4NjZ/llvm/include/llvm/ProfileData/MIBEntryDef.inc
-- Installing: /tmp/tmp.iH9s3v4NjZ/llvm/include/llvm/ProfileData/InstrProfCorrelator.h
-- Installing: /tmp/tmp.iH9s3v4NjZ/llvm/include/llvm/ProfileData/MemProf.h
-- Installing: /tmp/tmp.iH9s3v4NjZ/llvm/include/llvm/WindowsDriver
-- Installing: /tmp/tmp.iH9s3v4NjZ/llvm/include/llvm/WindowsDriver/MSVCSetupApi.h
-- Installing: /tmp/tmp.iH9s3v4NjZ/llvm/include/llvm/WindowsDriver/MSVCPaths.h
-- Installing: /tmp/tmp.iH9s3v4NjZ/llvm/include/llvm/IRPrinter
-- Installing: /tmp/tmp.iH9s3v4NjZ/llvm/include/llvm/IRPrinter/IRPrintingPasses.h
-- Installing: /tmp/tmp.iH9s3v4NjZ/llvm/include/llvm/MC
-- Installing: /tmp/tmp.iH9s3v4NjZ/llvm/include/llvm/MC/MCWin64EH.h
-- Installing: /tmp/tmp.iH9s3v4NjZ/llvm/include/llvm/MC/MCDwarf.h
-- Installing: /tmp/tmp.iH9s3v4NjZ/llvm/include/llvm/MC/MCSymbolXCOFF.h
-- Installing: /tmp/tmp.iH9s3v4NjZ/llvm/include/llvm/MC/MCWasmStreamer.h
-- Installing: /tmp/tmp.iH9s3v4NjZ/llvm/include/llvm/MC/MCInstrInfo.h
-- Installing: /tmp/tmp.iH9s3v4NjZ/llvm/include/llvm/MC/MCDecoderOps.h
-- Installing: /tmp/tmp.iH9s3v4NjZ/llvm/include/llvm/MC/SubtargetFeature.h
-- Installing: /tmp/tmp.iH9s3v4NjZ/llvm/include/llvm/MC/MCTargetOptionsCommandFlags.h
-- Installing: /tmp/tmp.iH9s3v4NjZ/llvm/include/llvm/MC/MCRegister.h
-- Installing: /tmp/tmp.iH9s3v4NjZ/llvm/include/llvm/MC/MCPseudoProbe.h
-- Installing: /tmp/tmp.iH9s3v4NjZ/llvm/include/llvm/MC/TargetRegistry.h
-- Installing: /tmp/tmp.iH9s3v4NjZ/llvm/include/llvm/MC/MCExpr.h
-- Installing: /tmp/tmp.iH9s3v4NjZ/llvm/include/llvm/MC/MCSymbolMachO.h
-- Installing: /tmp/tmp.iH9s3v4NjZ/llvm/include/llvm/MC/MCDXContainerStreamer.h
-- Installing: /tmp/tmp.iH9s3v4NjZ/llvm/include/llvm/MC/MCAsmBackend.h
-- Installing: /tmp/tmp.iH9s3v4NjZ/llvm/include/llvm/MC/StringTableBuilder.h
-- Installing: /tmp/tmp.iH9s3v4NjZ/llvm/include/llvm/MC/MCAsmInfoGOFF.h
-- Installing: /tmp/tmp.iH9s3v4NjZ/llvm/include/llvm/MC/MCCodeView.h
-- Installing: /tmp/tmp.iH9s3v4NjZ/llvm/include/llvm/MC/MCWinCOFFObjectWriter.h
-- Installing: /tmp/tmp.iH9s3v4NjZ/llvm/include/llvm/MC/MCLinkerOptimizationHint.h
-- Installing: /tmp/tmp.iH9s3v4NjZ/llvm/include/llvm/MC/MCRegisterInfo.h
-- Installing: /tmp/tmp.iH9s3v4NjZ/llvm/include/llvm/MC/MCContext.h
-- Installing: /tmp/tmp.iH9s3v4NjZ/llvm/include/llvm/MC/MCXCOFFObjectWriter.h
-- Installing: /tmp/tmp.iH9s3v4NjZ/llvm/include/llvm/MC/MCSymbolGOFF.h
-- Installing: /tmp/tmp.iH9s3v4NjZ/llvm/include/llvm/MC/MCSectionMachO.h
-- Installing: /tmp/tmp.iH9s3v4NjZ/llvm/include/llvm/MC/MCAssembler.h
-- Installing: /tmp/tmp.iH9s3v4NjZ/llvm/include/llvm/MC/MCSectionCOFF.h
-- Installing: /tmp/tmp.iH9s3v4NjZ/llvm/include/llvm/MC/MCInstPrinter.h
-- Installing: /tmp/tmp.iH9s3v4NjZ/llvm/include/llvm/MC/MCSymbolCOFF.h
-- Installing: /tmp/tmp.iH9s3v4NjZ/llvm/include/llvm/MC/MCELFStreamer.h
-- Installing: /tmp/tmp.iH9s3v4NjZ/llvm/include/llvm/MC/MCWinEH.h
-- Installing: /tmp/tmp.iH9s3v4NjZ/llvm/include/llvm/MC/MCLabel.h
-- Installing: /tmp/tmp.iH9s3v4NjZ/llvm/include/llvm/MC/MCInstBuilder.h
-- Installing: /tmp/tmp.iH9s3v4NjZ/llvm/include/llvm/MC/MCAsmInfo.h
-- Installing: /tmp/tmp.iH9s3v4NjZ/llvm/include/llvm/MC/MCAsmInfoDarwin.h
-- Installing: /tmp/tmp.iH9s3v4NjZ/llvm/include/llvm/MC/MCInstrItineraries.h
-- Installing: /tmp/tmp.iH9s3v4NjZ/llvm/include/llvm/MC/MCSchedule.h
-- Installing: /tmp/tmp.iH9s3v4NjZ/llvm/include/llvm/MC/MCWinCOFFStreamer.h
-- Installing: /tmp/tmp.iH9s3v4NjZ/llvm/include/llvm/MC/MCAsmLayout.h
-- Installing: /tmp/tmp.iH9s3v4NjZ/llvm/include/llvm/MC/LaneBitmask.h
-- Installing: /tmp/tmp.iH9s3v4NjZ/llvm/include/llvm/MC/MCSPIRVObjectWriter.h
-- Installing: /tmp/tmp.iH9s3v4NjZ/llvm/include/llvm/MC/MCAsmInfoELF.h
-- Installing: /tmp/tmp.iH9s3v4NjZ/llvm/include/llvm/MC/MCFixupKindInfo.h
-- Installing: /tmp/tmp.iH9s3v4NjZ/llvm/include/llvm/MC/MCSectionXCOFF.h
-- Installing: /tmp/tmp.iH9s3v4NjZ/llvm/include/llvm/MC/MCDisassembler
-- Installing: /tmp/tmp.iH9s3v4NjZ/llvm/include/llvm/MC/MCDisassembler/MCSymbolizer.h
-- Installing: /tmp/tmp.iH9s3v4NjZ/llvm/include/llvm/MC/MCDisassembler/MCRelocationInfo.h
-- Installing: /tmp/tmp.iH9s3v4NjZ/llvm/include/llvm/MC/MCDisassembler/MCDisassembler.h
-- Installing: /tmp/tmp.iH9s3v4NjZ/llvm/include/llvm/MC/MCDisassembler/MCExternalSymbolizer.h
-- Installing: /tmp/tmp.iH9s3v4NjZ/llvm/include/llvm/MC/MCInst.h
-- Installing: /tmp/tmp.iH9s3v4NjZ/llvm/include/llvm/MC/MCAsmMacro.h
-- Installing: /tmp/tmp.iH9s3v4NjZ/llvm/include/llvm/MC/SectionKind.h
-- Installing: /tmp/tmp.iH9s3v4NjZ/llvm/include/llvm/MC/MCAsmInfoCOFF.h
-- Installing: /tmp/tmp.iH9s3v4NjZ/llvm/include/llvm/MC/MCFixup.h
-- Installing: /tmp/tmp.iH9s3v4NjZ/llvm/include/llvm/MC/MCStreamer.h
-- Installing: /tmp/tmp.iH9s3v4NjZ/llvm/include/llvm/MC/MCDirectives.h
-- Installing: /tmp/tmp.iH9s3v4NjZ/llvm/include/llvm/MC/MCFragment.h
-- Installing: /tmp/tmp.iH9s3v4NjZ/llvm/include/llvm/MC/MCMachObjectWriter.h
-- Installing: /tmp/tmp.iH9s3v4NjZ/llvm/include/llvm/MC/MCWasmObjectWriter.h
-- Installing: /tmp/tmp.iH9s3v4NjZ/llvm/include/llvm/MC/ConstantPools.h
-- Installing: /tmp/tmp.iH9s3v4NjZ/llvm/include/llvm/MC/MCParser
-- Installing: /tmp/tmp.iH9s3v4NjZ/llvm/include/llvm/MC/MCParser/MCAsmParserUtils.h
-- Installing: /tmp/tmp.iH9s3v4NjZ/llvm/include/llvm/MC/MCParser/AsmCond.h
-- Installing: /tmp/tmp.iH9s3v4NjZ/llvm/include/llvm/MC/MCParser/MCAsmLexer.h
-- Installing: /tmp/tmp.iH9s3v4NjZ/llvm/include/llvm/MC/MCParser/MCAsmParserExtension.h
-- Installing: /tmp/tmp.iH9s3v4NjZ/llvm/include/llvm/MC/MCParser/AsmLexer.h
-- Installing: /tmp/tmp.iH9s3v4NjZ/llvm/include/llvm/MC/MCParser/MCAsmParser.h
-- Installing: /tmp/tmp.iH9s3v4NjZ/llvm/include/llvm/MC/MCParser/MCTargetAsmParser.h
-- Installing: /tmp/tmp.iH9s3v4NjZ/llvm/include/llvm/MC/MCParser/MCParsedAsmOperand.h
-- Installing: /tmp/tmp.iH9s3v4NjZ/llvm/include/llvm/MC/MCSectionSPIRV.h
-- Installing: /tmp/tmp.iH9s3v4NjZ/llvm/include/llvm/MC/MCELFObjectWriter.h
-- Installing: /tmp/tmp.iH9s3v4NjZ/llvm/include/llvm/MC/MCSubtargetInfo.h
-- Installing: /tmp/tmp.iH9s3v4NjZ/llvm/include/llvm/MC/MCValue.h
-- Installing: /tmp/tmp.iH9s3v4NjZ/llvm/include/llvm/MC/MachineLocation.h
-- Installing: /tmp/tmp.iH9s3v4NjZ/llvm/include/llvm/MC/MCSPIRVStreamer.h
-- Installing: /tmp/tmp.iH9s3v4NjZ/llvm/include/llvm/MC/MCSectionGOFF.h
-- Installing: /tmp/tmp.iH9s3v4NjZ/llvm/include/llvm/MC/MCObjectStreamer.h
-- Installing: /tmp/tmp.iH9s3v4NjZ/llvm/include/llvm/MC/MCInstrAnalysis.h
-- Installing: /tmp/tmp.iH9s3v4NjZ/llvm/include/llvm/MC/MCTargetOptions.h
-- Installing: /tmp/tmp.iH9s3v4NjZ/llvm/include/llvm/MC/MCSymbolELF.h
-- Installing: /tmp/tmp.iH9s3v4NjZ/llvm/include/llvm/MC/MCAsmInfoXCOFF.h
-- Installing: /tmp/tmp.iH9s3v4NjZ/llvm/include/llvm/MC/MCInstrDesc.h
-- Installing: /tmp/tmp.iH9s3v4NjZ/llvm/include/llvm/MC/MCSectionDXContainer.h
-- Installing: /tmp/tmp.iH9s3v4NjZ/llvm/include/llvm/MC/MCDXContainerWriter.h
-- Installing: /tmp/tmp.iH9s3v4NjZ/llvm/include/llvm/MC/MCCodeEmitter.h
-- Installing: /tmp/tmp.iH9s3v4NjZ/llvm/include/llvm/MC/MCSection.h
-- Installing: /tmp/tmp.iH9s3v4NjZ/llvm/include/llvm/MC/MCObjectFileInfo.h
-- Installing: /tmp/tmp.iH9s3v4NjZ/llvm/include/llvm/MC/MCXCOFFStreamer.h
-- Installing: /tmp/tmp.iH9s3v4NjZ/llvm/include/llvm/MC/MCAsmInfoWasm.h
-- Installing: /tmp/tmp.iH9s3v4NjZ/llvm/include/llvm/MC/MCSectionELF.h
-- Installing: /tmp/tmp.iH9s3v4NjZ/llvm/include/llvm/MC/MCSymbol.h
-- Installing: /tmp/tmp.iH9s3v4NjZ/llvm/include/llvm/MC/MCSymbolWasm.h
-- Installing: /tmp/tmp.iH9s3v4NjZ/llvm/include/llvm/MC/MCObjectWriter.h
-- Installing: /tmp/tmp.iH9s3v4NjZ/llvm/include/llvm/MC/MCSectionWasm.h
-- Installing: /tmp/tmp.iH9s3v4NjZ/llvm/include/llvm/Linker
-- Installing: /tmp/tmp.iH9s3v4NjZ/llvm/include/llvm/Linker/IRMover.h
-- Installing: /tmp/tmp.iH9s3v4NjZ/llvm/include/llvm/Linker/Linker.h
-- Installing: /tmp/tmp.iH9s3v4NjZ/llvm/include/llvm/PassSupport.h
-- Installing: /tmp/tmp.iH9s3v4NjZ/llvm/include/llvm/Frontend
-- Installing: /tmp/tmp.iH9s3v4NjZ/llvm/include/llvm/Frontend/HLSL
-- Installing: /tmp/tmp.iH9s3v4NjZ/llvm/include/llvm/Frontend/HLSL/HLSLResource.h
-- Installing: /tmp/tmp.iH9s3v4NjZ/llvm/include/llvm/Frontend/OpenACC
-- Installing: /tmp/tmp.iH9s3v4NjZ/llvm/include/llvm/Frontend/OpenACC/ACC.td
-- Installing: /tmp/tmp.iH9s3v4NjZ/llvm/include/llvm/Frontend/OpenMP
-- Installing: /tmp/tmp.iH9s3v4NjZ/llvm/include/llvm/Frontend/OpenMP/OMP.td
-- Installing: /tmp/tmp.iH9s3v4NjZ/llvm/include/llvm/Frontend/OpenMP/OMPKinds.def
-- Installing: /tmp/tmp.iH9s3v4NjZ/llvm/include/llvm/Frontend/OpenMP/OMPIRBuilder.h
-- Installing: /tmp/tmp.iH9s3v4NjZ/llvm/include/llvm/Frontend/OpenMP/OMPGridValues.h
-- Installing: /tmp/tmp.iH9s3v4NjZ/llvm/include/llvm/Frontend/OpenMP/OMPAssume.h
-- Installing: /tmp/tmp.iH9s3v4NjZ/llvm/include/llvm/Frontend/OpenMP/OMPDeviceConstants.h
-- Installing: /tmp/tmp.iH9s3v4NjZ/llvm/include/llvm/Frontend/OpenMP/OMPConstants.h
-- Installing: /tmp/tmp.iH9s3v4NjZ/llvm/include/llvm/Frontend/OpenMP/OMPContext.h
-- Installing: /tmp/tmp.iH9s3v4NjZ/llvm/include/llvm/Frontend/Directive
-- Installing: /tmp/tmp.iH9s3v4NjZ/llvm/include/llvm/Frontend/Directive/DirectiveBase.td
-- Installing: /tmp/tmp.iH9s3v4NjZ/llvm/include/llvm/Demangle
-- Installing: /tmp/tmp.iH9s3v4NjZ/llvm/include/llvm/Demangle/ItaniumDemangle.h
-- Installing: /tmp/tmp.iH9s3v4NjZ/llvm/include/llvm/Demangle/Demangle.h
-- Installing: /tmp/tmp.iH9s3v4NjZ/llvm/include/llvm/Demangle/StringView.h
-- Installing: /tmp/tmp.iH9s3v4NjZ/llvm/include/llvm/Demangle/Utility.h
-- Installing: /tmp/tmp.iH9s3v4NjZ/llvm/include/llvm/Demangle/MicrosoftDemangleNodes.h
-- Installing: /tmp/tmp.iH9s3v4NjZ/llvm/include/llvm/Demangle/DemangleConfig.h
-- Installing: /tmp/tmp.iH9s3v4NjZ/llvm/include/llvm/Demangle/ItaniumNodes.def
-- Installing: /tmp/tmp.iH9s3v4NjZ/llvm/include/llvm/Demangle/MicrosoftDemangle.h
-- Installing: /tmp/tmp.iH9s3v4NjZ/llvm/include/llvm/AsmParser
-- Installing: /tmp/tmp.iH9s3v4NjZ/llvm/include/llvm/AsmParser/Parser.h
-- Installing: /tmp/tmp.iH9s3v4NjZ/llvm/include/llvm/AsmParser/SlotMapping.h
-- Installing: /tmp/tmp.iH9s3v4NjZ/llvm/include/llvm/AsmParser/LLToken.h
-- Installing: /tmp/tmp.iH9s3v4NjZ/llvm/include/llvm/AsmParser/LLParser.h
-- Installing: /tmp/tmp.iH9s3v4NjZ/llvm/include/llvm/AsmParser/LLLexer.h
-- Installing: /tmp/tmp.iH9s3v4NjZ/llvm/include/llvm/Target
-- Installing: /tmp/tmp.iH9s3v4NjZ/llvm/include/llvm/Target/TargetCallingConv.td
-- Installing: /tmp/tmp.iH9s3v4NjZ/llvm/include/llvm/Target/TargetLoweringObjectFile.h
-- Installing: /tmp/tmp.iH9s3v4NjZ/llvm/include/llvm/Target/TargetSelectionDAG.td
-- Installing: /tmp/tmp.iH9s3v4NjZ/llvm/include/llvm/Target/TargetItinerary.td
-- Installing: /tmp/tmp.iH9s3v4NjZ/llvm/include/llvm/Target/GenericOpcodes.td
-- Installing: /tmp/tmp.iH9s3v4NjZ/llvm/include/llvm/Target/TargetSchedule.td
-- Installing: /tmp/tmp.iH9s3v4NjZ/llvm/include/llvm/Target/TargetMachine.h
-- Installing: /tmp/tmp.iH9s3v4NjZ/llvm/include/llvm/Target/Target.td
-- Installing: /tmp/tmp.iH9s3v4NjZ/llvm/include/llvm/Target/TargetInstrPredicate.td
-- Installing: /tmp/tmp.iH9s3v4NjZ/llvm/include/llvm/Target/TargetOptions.h
-- Installing: /tmp/tmp.iH9s3v4NjZ/llvm/include/llvm/Target/TargetPfmCounters.td
-- Installing: /tmp/tmp.iH9s3v4NjZ/llvm/include/llvm/Target/CGPassBuilderOption.h
-- Installing: /tmp/tmp.iH9s3v4NjZ/llvm/include/llvm/Target/CodeGenCWrappers.h
-- Installing: /tmp/tmp.iH9s3v4NjZ/llvm/include/llvm/Target/TargetIntrinsicInfo.h
-- Installing: /tmp/tmp.iH9s3v4NjZ/llvm/include/llvm/Target/GlobalISel
-- Installing: /tmp/tmp.iH9s3v4NjZ/llvm/include/llvm/Target/GlobalISel/Combine.td
-- Installing: /tmp/tmp.iH9s3v4NjZ/llvm/include/llvm/Target/GlobalISel/Target.td
-- Installing: /tmp/tmp.iH9s3v4NjZ/llvm/include/llvm/Target/GlobalISel/SelectionDAGCompat.td
-- Installing: /tmp/tmp.iH9s3v4NjZ/llvm/include/llvm/Target/GlobalISel/RegisterBank.td
-- Installing: /tmp/tmp.iH9s3v4NjZ/llvm/include/llvm/DebugInfo
-- Installing: /tmp/tmp.iH9s3v4NjZ/llvm/include/llvm/DebugInfo/MSF
-- Installing: /tmp/tmp.iH9s3v4NjZ/llvm/include/llvm/DebugInfo/MSF/MSFBuilder.h
-- Installing: /tmp/tmp.iH9s3v4NjZ/llvm/include/llvm/DebugInfo/MSF/IMSFFile.h
-- Installing: /tmp/tmp.iH9s3v4NjZ/llvm/include/llvm/DebugInfo/MSF/MSFError.h
-- Installing: /tmp/tmp.iH9s3v4NjZ/llvm/include/llvm/DebugInfo/MSF/MSFCommon.h
-- Installing: /tmp/tmp.iH9s3v4NjZ/llvm/include/llvm/DebugInfo/MSF/MappedBlockStream.h
-- Installing: /tmp/tmp.iH9s3v4NjZ/llvm/include/llvm/DebugInfo/DIContext.h
-- Installing: /tmp/tmp.iH9s3v4NjZ/llvm/include/llvm/DebugInfo/LogicalView
-- Installing: /tmp/tmp.iH9s3v4NjZ/llvm/include/llvm/DebugInfo/LogicalView/LVReaderHandler.h
-- Installing: /tmp/tmp.iH9s3v4NjZ/llvm/include/llvm/DebugInfo/LogicalView/Core
-- Installing: /tmp/tmp.iH9s3v4NjZ/llvm/include/llvm/DebugInfo/LogicalView/Core/LVElement.h
-- Installing: /tmp/tmp.iH9s3v4NjZ/llvm/include/llvm/DebugInfo/LogicalView/Core/LVScope.h
-- Installing: /tmp/tmp.iH9s3v4NjZ/llvm/include/llvm/DebugInfo/LogicalView/Core/LVLocation.h
-- Installing: /tmp/tmp.iH9s3v4NjZ/llvm/include/llvm/DebugInfo/LogicalView/Core/LVSupport.h
-- Installing: /tmp/tmp.iH9s3v4NjZ/llvm/include/llvm/DebugInfo/LogicalView/Core/LVCompare.h
-- Installing: /tmp/tmp.iH9s3v4NjZ/llvm/include/llvm/DebugInfo/LogicalView/Core/LVSymbol.h
-- Installing: /tmp/tmp.iH9s3v4NjZ/llvm/include/llvm/DebugInfo/LogicalView/Core/LVOptions.h
-- Installing: /tmp/tmp.iH9s3v4NjZ/llvm/include/llvm/DebugInfo/LogicalView/Core/LVStringPool.h
-- Installing: /tmp/tmp.iH9s3v4NjZ/llvm/include/llvm/DebugInfo/LogicalView/Core/LVRange.h
-- Installing: /tmp/tmp.iH9s3v4NjZ/llvm/include/llvm/DebugInfo/LogicalView/Core/LVSort.h
-- Installing: /tmp/tmp.iH9s3v4NjZ/llvm/include/llvm/DebugInfo/LogicalView/Core/LVType.h
-- Installing: /tmp/tmp.iH9s3v4NjZ/llvm/include/llvm/DebugInfo/LogicalView/Core/LVLine.h
-- Installing: /tmp/tmp.iH9s3v4NjZ/llvm/include/llvm/DebugInfo/LogicalView/Core/LVObject.h
-- Installing: /tmp/tmp.iH9s3v4NjZ/llvm/include/llvm/DebugInfo/LogicalView/Core/LVReader.h
-- Installing: /tmp/tmp.iH9s3v4NjZ/llvm/include/llvm/DebugInfo/LogicalView/Readers
-- Installing: /tmp/tmp.iH9s3v4NjZ/llvm/include/llvm/DebugInfo/LogicalView/Readers/LVBinaryReader.h
-- Installing: /tmp/tmp.iH9s3v4NjZ/llvm/include/llvm/DebugInfo/LogicalView/Readers/LVELFReader.h
-- Installing: /tmp/tmp.iH9s3v4NjZ/llvm/include/llvm/DebugInfo/PDB
-- Installing: /tmp/tmp.iH9s3v4NjZ/llvm/include/llvm/DebugInfo/PDB/PDBSymbolTypeDimension.h
-- Installing: /tmp/tmp.iH9s3v4NjZ/llvm/include/llvm/DebugInfo/PDB/PDBSymbolTypeVTable.h
-- Installing: /tmp/tmp.iH9s3v4NjZ/llvm/include/llvm/DebugInfo/PDB/IPDBSourceFile.h
-- Installing: /tmp/tmp.iH9s3v4NjZ/llvm/include/llvm/DebugInfo/PDB/PDBSymbolAnnotation.h
-- Installing: /tmp/tmp.iH9s3v4NjZ/llvm/include/llvm/DebugInfo/PDB/PDBSymbolTypePointer.h
-- Installing: /tmp/tmp.iH9s3v4NjZ/llvm/include/llvm/DebugInfo/PDB/PDBSymbolCompilandDetails.h
-- Installing: /tmp/tmp.iH9s3v4NjZ/llvm/include/llvm/DebugInfo/PDB/IPDBRawSymbol.h
-- Installing: /tmp/tmp.iH9s3v4NjZ/llvm/include/llvm/DebugInfo/PDB/PDBSymbolCompilandEnv.h
-- Installing: /tmp/tmp.iH9s3v4NjZ/llvm/include/llvm/DebugInfo/PDB/PDBSymbolCompiland.h
-- Installing: /tmp/tmp.iH9s3v4NjZ/llvm/include/llvm/DebugInfo/PDB/PDBSymbolFuncDebugEnd.h
-- Installing: /tmp/tmp.iH9s3v4NjZ/llvm/include/llvm/DebugInfo/PDB/PDBSymbolTypeBaseClass.h
-- Installing: /tmp/tmp.iH9s3v4NjZ/llvm/include/llvm/DebugInfo/PDB/PDBSymbolTypeVTableShape.h
-- Installing: /tmp/tmp.iH9s3v4NjZ/llvm/include/llvm/DebugInfo/PDB/PDBSymbolTypeArray.h
-- Installing: /tmp/tmp.iH9s3v4NjZ/llvm/include/llvm/DebugInfo/PDB/PDBSymbolBlock.h
-- Installing: /tmp/tmp.iH9s3v4NjZ/llvm/include/llvm/DebugInfo/PDB/IPDBLineNumber.h
-- Installing: /tmp/tmp.iH9s3v4NjZ/llvm/include/llvm/DebugInfo/PDB/PDBContext.h
-- Installing: /tmp/tmp.iH9s3v4NjZ/llvm/include/llvm/DebugInfo/PDB/PDBSymbolTypeFunctionArg.h
-- Installing: /tmp/tmp.iH9s3v4NjZ/llvm/include/llvm/DebugInfo/PDB/DIA
-- Installing: /tmp/tmp.iH9s3v4NjZ/llvm/include/llvm/DebugInfo/PDB/DIA/DIAEnumInjectedSources.h
-- Installing: /tmp/tmp.iH9s3v4NjZ/llvm/include/llvm/DebugInfo/PDB/DIA/DIAEnumSourceFiles.h
-- Installing: /tmp/tmp.iH9s3v4NjZ/llvm/include/llvm/DebugInfo/PDB/DIA/DIALineNumber.h
-- Installing: /tmp/tmp.iH9s3v4NjZ/llvm/include/llvm/DebugInfo/PDB/DIA/DIAEnumDebugStreams.h
-- Installing: /tmp/tmp.iH9s3v4NjZ/llvm/include/llvm/DebugInfo/PDB/DIA/DIASectionContrib.h
-- Installing: /tmp/tmp.iH9s3v4NjZ/llvm/include/llvm/DebugInfo/PDB/DIA/DIAEnumSymbols.h
-- Installing: /tmp/tmp.iH9s3v4NjZ/llvm/include/llvm/DebugInfo/PDB/DIA/DIASession.h
-- Installing: /tmp/tmp.iH9s3v4NjZ/llvm/include/llvm/DebugInfo/PDB/DIA/DIADataStream.h
-- Installing: /tmp/tmp.iH9s3v4NjZ/llvm/include/llvm/DebugInfo/PDB/DIA/DIAUtils.h
-- Installing: /tmp/tmp.iH9s3v4NjZ/llvm/include/llvm/DebugInfo/PDB/DIA/DIARawSymbol.h
-- Installing: /tmp/tmp.iH9s3v4NjZ/llvm/include/llvm/DebugInfo/PDB/DIA/DIAError.h
-- Installing: /tmp/tmp.iH9s3v4NjZ/llvm/include/llvm/DebugInfo/PDB/DIA/DIASourceFile.h
-- Installing: /tmp/tmp.iH9s3v4NjZ/llvm/include/llvm/DebugInfo/PDB/DIA/DIAFrameData.h
-- Installing: /tmp/tmp.iH9s3v4NjZ/llvm/include/llvm/DebugInfo/PDB/DIA/DIAEnumSectionContribs.h
-- Installing: /tmp/tmp.iH9s3v4NjZ/llvm/include/llvm/DebugInfo/PDB/DIA/DIAEnumLineNumbers.h
-- Installing: /tmp/tmp.iH9s3v4NjZ/llvm/include/llvm/DebugInfo/PDB/DIA/DIAEnumFrameData.h
-- Installing: /tmp/tmp.iH9s3v4NjZ/llvm/include/llvm/DebugInfo/PDB/DIA/DIASupport.h
-- Installing: /tmp/tmp.iH9s3v4NjZ/llvm/include/llvm/DebugInfo/PDB/DIA/DIATable.h
-- Installing: /tmp/tmp.iH9s3v4NjZ/llvm/include/llvm/DebugInfo/PDB/DIA/DIAInjectedSource.h
-- Installing: /tmp/tmp.iH9s3v4NjZ/llvm/include/llvm/DebugInfo/PDB/DIA/DIAEnumTables.h
-- Installing: /tmp/tmp.iH9s3v4NjZ/llvm/include/llvm/DebugInfo/PDB/PDBSymbolExe.h
-- Installing: /tmp/tmp.iH9s3v4NjZ/llvm/include/llvm/DebugInfo/PDB/IPDBSectionContrib.h
-- Installing: /tmp/tmp.iH9s3v4NjZ/llvm/include/llvm/DebugInfo/PDB/IPDBEnumChildren.h
-- Installing: /tmp/tmp.iH9s3v4NjZ/llvm/include/llvm/DebugInfo/PDB/PDBSymbolPublicSymbol.h
-- Installing: /tmp/tmp.iH9s3v4NjZ/llvm/include/llvm/DebugInfo/PDB/PDBSymbolUnknown.h
-- Installing: /tmp/tmp.iH9s3v4NjZ/llvm/include/llvm/DebugInfo/PDB/PDB.h
-- Installing: /tmp/tmp.iH9s3v4NjZ/llvm/include/llvm/DebugInfo/PDB/UDTLayout.h
-- Installing: /tmp/tmp.iH9s3v4NjZ/llvm/include/llvm/DebugInfo/PDB/IPDBTable.h
-- Installing: /tmp/tmp.iH9s3v4NjZ/llvm/include/llvm/DebugInfo/PDB/PDBSymbolUsingNamespace.h
-- Installing: /tmp/tmp.iH9s3v4NjZ/llvm/include/llvm/DebugInfo/PDB/PDBSymbolThunk.h
-- Installing: /tmp/tmp.iH9s3v4NjZ/llvm/include/llvm/DebugInfo/PDB/IPDBDataStream.h
-- Installing: /tmp/tmp.iH9s3v4NjZ/llvm/include/llvm/DebugInfo/PDB/PDBSymbolCustom.h
-- Installing: /tmp/tmp.iH9s3v4NjZ/llvm/include/llvm/DebugInfo/PDB/PDBSymbolTypeFunctionSig.h
-- Installing: /tmp/tmp.iH9s3v4NjZ/llvm/include/llvm/DebugInfo/PDB/PDBTypes.h
-- Installing: /tmp/tmp.iH9s3v4NjZ/llvm/include/llvm/DebugInfo/PDB/GenericError.h
-- Installing: /tmp/tmp.iH9s3v4NjZ/llvm/include/llvm/DebugInfo/PDB/PDBSymbolFunc.h
-- Installing: /tmp/tmp.iH9s3v4NjZ/llvm/include/llvm/DebugInfo/PDB/IPDBFrameData.h
-- Installing: /tmp/tmp.iH9s3v4NjZ/llvm/include/llvm/DebugInfo/PDB/PDBSymbolFuncDebugStart.h
-- Installing: /tmp/tmp.iH9s3v4NjZ/llvm/include/llvm/DebugInfo/PDB/PDBSymDumper.h
-- Installing: /tmp/tmp.iH9s3v4NjZ/llvm/include/llvm/DebugInfo/PDB/PDBSymbolLabel.h
-- Installing: /tmp/tmp.iH9s3v4NjZ/llvm/include/llvm/DebugInfo/PDB/Native
-- Installing: /tmp/tmp.iH9s3v4NjZ/llvm/include/llvm/DebugInfo/PDB/Native/Hash.h
-- Installing: /tmp/tmp.iH9s3v4NjZ/llvm/include/llvm/DebugInfo/PDB/Native/Formatters.h
-- Installing: /tmp/tmp.iH9s3v4NjZ/llvm/include/llvm/DebugInfo/PDB/Native/HashTable.h
-- Installing: /tmp/tmp.iH9s3v4NjZ/llvm/include/llvm/DebugInfo/PDB/Native/NativeEnumGlobals.h
-- Installing: /tmp/tmp.iH9s3v4NjZ/llvm/include/llvm/DebugInfo/PDB/Native/NativeTypeFunctionSig.h
-- Installing: /tmp/tmp.iH9s3v4NjZ/llvm/include/llvm/DebugInfo/PDB/Native/NativeTypeUDT.h
-- Installing: /tmp/tmp.iH9s3v4NjZ/llvm/include/llvm/DebugInfo/PDB/Native/NativeEnumModules.h
-- Installing: /tmp/tmp.iH9s3v4NjZ/llvm/include/llvm/DebugInfo/PDB/Native/RawConstants.h
-- Installing: /tmp/tmp.iH9s3v4NjZ/llvm/include/llvm/DebugInfo/PDB/Native/TpiStream.h
-- Installing: /tmp/tmp.iH9s3v4NjZ/llvm/include/llvm/DebugInfo/PDB/Native/NativeTypePointer.h
-- Installing: /tmp/tmp.iH9s3v4NjZ/llvm/include/llvm/DebugInfo/PDB/Native/PDBStringTableBuilder.h
-- Installing: /tmp/tmp.iH9s3v4NjZ/llvm/include/llvm/DebugInfo/PDB/Native/NativeTypeBuiltin.h
-- Installing: /tmp/tmp.iH9s3v4NjZ/llvm/include/llvm/DebugInfo/PDB/Native/NativeSymbolEnumerator.h
-- Installing: /tmp/tmp.iH9s3v4NjZ/llvm/include/llvm/DebugInfo/PDB/Native/NativeEnumInjectedSources.h
-- Installing: /tmp/tmp.iH9s3v4NjZ/llvm/include/llvm/DebugInfo/PDB/Native/TpiStreamBuilder.h
-- Installing: /tmp/tmp.iH9s3v4NjZ/llvm/include/llvm/DebugInfo/PDB/Native/DbiModuleDescriptorBuilder.h
-- Installing: /tmp/tmp.iH9s3v4NjZ/llvm/include/llvm/DebugInfo/PDB/Native/InjectedSourceStream.h
-- Installing: /tmp/tmp.iH9s3v4NjZ/llvm/include/llvm/DebugInfo/PDB/Native/SymbolCache.h
-- Installing: /tmp/tmp.iH9s3v4NjZ/llvm/include/llvm/DebugInfo/PDB/Native/DbiStreamBuilder.h
-- Installing: /tmp/tmp.iH9s3v4NjZ/llvm/include/llvm/DebugInfo/PDB/Native/NativeTypeTypedef.h
-- Installing: /tmp/tmp.iH9s3v4NjZ/llvm/include/llvm/DebugInfo/PDB/Native/NativePublicSymbol.h
-- Installing: /tmp/tmp.iH9s3v4NjZ/llvm/include/llvm/DebugInfo/PDB/Native/NativeLineNumber.h
-- Installing: /tmp/tmp.iH9s3v4NjZ/llvm/include/llvm/DebugInfo/PDB/Native/SymbolStream.h
-- Installing: /tmp/tmp.iH9s3v4NjZ/llvm/include/llvm/DebugInfo/PDB/Native/InfoStream.h
-- Installing: /tmp/tmp.iH9s3v4NjZ/llvm/include/llvm/DebugInfo/PDB/Native/GlobalsStream.h
-- Installing: /tmp/tmp.iH9s3v4NjZ/llvm/include/llvm/DebugInfo/PDB/Native/DbiModuleDescriptor.h
-- Installing: /tmp/tmp.iH9s3v4NjZ/llvm/include/llvm/DebugInfo/PDB/Native/NativeRawSymbol.h
-- Installing: /tmp/tmp.iH9s3v4NjZ/llvm/include/llvm/DebugInfo/PDB/Native/LinePrinter.h
-- Installing: /tmp/tmp.iH9s3v4NjZ/llvm/include/llvm/DebugInfo/PDB/Native/TpiHashing.h
-- Installing: /tmp/tmp.iH9s3v4NjZ/llvm/include/llvm/DebugInfo/PDB/Native/NativeTypeArray.h
-- Installing: /tmp/tmp.iH9s3v4NjZ/llvm/include/llvm/DebugInfo/PDB/Native/NativeSourceFile.h
-- Installing: /tmp/tmp.iH9s3v4NjZ/llvm/include/llvm/DebugInfo/PDB/Native/NativeExeSymbol.h
-- Installing: /tmp/tmp.iH9s3v4NjZ/llvm/include/llvm/DebugInfo/PDB/Native/NativeSession.h
-- Installing: /tmp/tmp.iH9s3v4NjZ/llvm/include/llvm/DebugInfo/PDB/Native/NativeCompilandSymbol.h
-- Installing: /tmp/tmp.iH9s3v4NjZ/llvm/include/llvm/DebugInfo/PDB/Native/ISectionContribVisitor.h
-- Installing: /tmp/tmp.iH9s3v4NjZ/llvm/include/llvm/DebugInfo/PDB/Native/NamedStreamMap.h
-- Installing: /tmp/tmp.iH9s3v4NjZ/llvm/include/llvm/DebugInfo/PDB/Native/RawError.h
-- Installing: /tmp/tmp.iH9s3v4NjZ/llvm/include/llvm/DebugInfo/PDB/Native/RawTypes.h
-- Installing: /tmp/tmp.iH9s3v4NjZ/llvm/include/llvm/DebugInfo/PDB/Native/NativeTypeVTShape.h
-- Installing: /tmp/tmp.iH9s3v4NjZ/llvm/include/llvm/DebugInfo/PDB/Native/InputFile.h
-- Installing: /tmp/tmp.iH9s3v4NjZ/llvm/include/llvm/DebugInfo/PDB/Native/PDBFileBuilder.h
-- Installing: /tmp/tmp.iH9s3v4NjZ/llvm/include/llvm/DebugInfo/PDB/Native/PDBStringTable.h
-- Installing: /tmp/tmp.iH9s3v4NjZ/llvm/include/llvm/DebugInfo/PDB/Native/ModuleDebugStream.h
-- Installing: /tmp/tmp.iH9s3v4NjZ/llvm/include/llvm/DebugInfo/PDB/Native/NativeInlineSiteSymbol.h
-- Installing: /tmp/tmp.iH9s3v4NjZ/llvm/include/llvm/DebugInfo/PDB/Native/FormatUtil.h
-- Installing: /tmp/tmp.iH9s3v4NjZ/llvm/include/llvm/DebugInfo/PDB/Native/NativeEnumSymbols.h
-- Installing: /tmp/tmp.iH9s3v4NjZ/llvm/include/llvm/DebugInfo/PDB/Native/PDBFile.h
-- Installing: /tmp/tmp.iH9s3v4NjZ/llvm/include/llvm/DebugInfo/PDB/Native/NativeEnumTypes.h
-- Installing: /tmp/tmp.iH9s3v4NjZ/llvm/include/llvm/DebugInfo/PDB/Native/NativeEnumLineNumbers.h
-- Installing: /tmp/tmp.iH9s3v4NjZ/llvm/include/llvm/DebugInfo/PDB/Native/NativeFunctionSymbol.h
-- Installing: /tmp/tmp.iH9s3v4NjZ/llvm/include/llvm/DebugInfo/PDB/Native/NativeTypeEnum.h
-- Installing: /tmp/tmp.iH9s3v4NjZ/llvm/include/llvm/DebugInfo/PDB/Native/InfoStreamBuilder.h
-- Installing: /tmp/tmp.iH9s3v4NjZ/llvm/include/llvm/DebugInfo/PDB/Native/DbiModuleList.h
-- Installing: /tmp/tmp.iH9s3v4NjZ/llvm/include/llvm/DebugInfo/PDB/Native/GSIStreamBuilder.h
-- Installing: /tmp/tmp.iH9s3v4NjZ/llvm/include/llvm/DebugInfo/PDB/Native/DbiStream.h
-- Installing: /tmp/tmp.iH9s3v4NjZ/llvm/include/llvm/DebugInfo/PDB/Native/EnumTables.h
-- Installing: /tmp/tmp.iH9s3v4NjZ/llvm/include/llvm/DebugInfo/PDB/Native/PublicsStream.h
-- Installing: /tmp/tmp.iH9s3v4NjZ/llvm/include/llvm/DebugInfo/PDB/PDBSymbolTypeTypedef.h
-- Installing: /tmp/tmp.iH9s3v4NjZ/llvm/include/llvm/DebugInfo/PDB/PDBSymbolTypeBuiltin.h
-- Installing: /tmp/tmp.iH9s3v4NjZ/llvm/include/llvm/DebugInfo/PDB/IPDBSession.h
-- Installing: /tmp/tmp.iH9s3v4NjZ/llvm/include/llvm/DebugInfo/PDB/PDBSymbolData.h
-- Installing: /tmp/tmp.iH9s3v4NjZ/llvm/include/llvm/DebugInfo/PDB/PDBSymbolTypeEnum.h
-- Installing: /tmp/tmp.iH9s3v4NjZ/llvm/include/llvm/DebugInfo/PDB/ConcreteSymbolEnumerator.h
-- Installing: /tmp/tmp.iH9s3v4NjZ/llvm/include/llvm/DebugInfo/PDB/PDBSymbolTypeCustom.h
-- Installing: /tmp/tmp.iH9s3v4NjZ/llvm/include/llvm/DebugInfo/PDB/PDBExtras.h
-- Installing: /tmp/tmp.iH9s3v4NjZ/llvm/include/llvm/DebugInfo/PDB/PDBSymbolTypeManaged.h
-- Installing: /tmp/tmp.iH9s3v4NjZ/llvm/include/llvm/DebugInfo/PDB/PDBSymbolTypeUDT.h
-- Installing: /tmp/tmp.iH9s3v4NjZ/llvm/include/llvm/DebugInfo/PDB/PDBSymbol.h
-- Installing: /tmp/tmp.iH9s3v4NjZ/llvm/include/llvm/DebugInfo/PDB/PDBSymbolTypeFriend.h
-- Installing: /tmp/tmp.iH9s3v4NjZ/llvm/include/llvm/DebugInfo/PDB/IPDBInjectedSource.h
-- Installing: /tmp/tmp.iH9s3v4NjZ/llvm/include/llvm/DebugInfo/CodeView
-- Installing: /tmp/tmp.iH9s3v4NjZ/llvm/include/llvm/DebugInfo/CodeView/TypeIndex.h
-- Installing: /tmp/tmp.iH9s3v4NjZ/llvm/include/llvm/DebugInfo/CodeView/CVTypeVisitor.h
-- Installing: /tmp/tmp.iH9s3v4NjZ/llvm/include/llvm/DebugInfo/CodeView/CVRecord.h
-- Installing: /tmp/tmp.iH9s3v4NjZ/llvm/include/llvm/DebugInfo/CodeView/SymbolSerializer.h
-- Installing: /tmp/tmp.iH9s3v4NjZ/llvm/include/llvm/DebugInfo/CodeView/DebugSubsectionRecord.h
-- Installing: /tmp/tmp.iH9s3v4NjZ/llvm/include/llvm/DebugInfo/CodeView/CodeViewRecordIO.h
-- Installing: /tmp/tmp.iH9s3v4NjZ/llvm/include/llvm/DebugInfo/CodeView/TypeVisitorCallbackPipeline.h
-- Installing: /tmp/tmp.iH9s3v4NjZ/llvm/include/llvm/DebugInfo/CodeView/GUID.h
-- Installing: /tmp/tmp.iH9s3v4NjZ/llvm/include/llvm/DebugInfo/CodeView/EnumTables.h
-- Installing: /tmp/tmp.iH9s3v4NjZ/llvm/include/llvm/DebugInfo/CodeView/RecordName.h
-- Installing: /tmp/tmp.iH9s3v4NjZ/llvm/include/llvm/DebugInfo/CodeView/CVSymbolVisitor.h
-- Installing: /tmp/tmp.iH9s3v4NjZ/llvm/include/llvm/DebugInfo/CodeView/GlobalTypeTableBuilder.h
-- Installing: /tmp/tmp.iH9s3v4NjZ/llvm/include/llvm/DebugInfo/CodeView/CodeViewTypes.def
-- Installing: /tmp/tmp.iH9s3v4NjZ/llvm/include/llvm/DebugInfo/CodeView/TypeRecordHelpers.h
-- Installing: /tmp/tmp.iH9s3v4NjZ/llvm/include/llvm/DebugInfo/CodeView/TypeRecord.h
-- Installing: /tmp/tmp.iH9s3v4NjZ/llvm/include/llvm/DebugInfo/CodeView/DebugCrossImpSubsection.h
-- Installing: /tmp/tmp.iH9s3v4NjZ/llvm/include/llvm/DebugInfo/CodeView/ContinuationRecordBuilder.h
-- Installing: /tmp/tmp.iH9s3v4NjZ/llvm/include/llvm/DebugInfo/CodeView/SymbolRecordHelpers.h
-- Installing: /tmp/tmp.iH9s3v4NjZ/llvm/include/llvm/DebugInfo/CodeView/DebugInlineeLinesSubsection.h
-- Installing: /tmp/tmp.iH9s3v4NjZ/llvm/include/llvm/DebugInfo/CodeView/DebugSymbolsSubsection.h
-- Installing: /tmp/tmp.iH9s3v4NjZ/llvm/include/llvm/DebugInfo/CodeView/FunctionId.h
-- Installing: /tmp/tmp.iH9s3v4NjZ/llvm/include/llvm/DebugInfo/CodeView/TypeIndexDiscovery.h
-- Installing: /tmp/tmp.iH9s3v4NjZ/llvm/include/llvm/DebugInfo/CodeView/DebugStringTableSubsection.h
-- Installing: /tmp/tmp.iH9s3v4NjZ/llvm/include/llvm/DebugInfo/CodeView/SimpleTypeSerializer.h
-- Installing: /tmp/tmp.iH9s3v4NjZ/llvm/include/llvm/DebugInfo/CodeView/SymbolRecord.h
-- Installing: /tmp/tmp.iH9s3v4NjZ/llvm/include/llvm/DebugInfo/CodeView/MergingTypeTableBuilder.h
-- Installing: /tmp/tmp.iH9s3v4NjZ/llvm/include/llvm/DebugInfo/CodeView/SymbolDumper.h
-- Installing: /tmp/tmp.iH9s3v4NjZ/llvm/include/llvm/DebugInfo/CodeView/DebugSubsectionVisitor.h
-- Installing: /tmp/tmp.iH9s3v4NjZ/llvm/include/llvm/DebugInfo/CodeView/TypeStreamMerger.h
-- Installing: /tmp/tmp.iH9s3v4NjZ/llvm/include/llvm/DebugInfo/CodeView/SymbolDumpDelegate.h
-- Installing: /tmp/tmp.iH9s3v4NjZ/llvm/include/llvm/DebugInfo/CodeView/TypeHashing.h
-- Installing: /tmp/tmp.iH9s3v4NjZ/llvm/include/llvm/DebugInfo/CodeView/SymbolVisitorCallbacks.h
-- Installing: /tmp/tmp.iH9s3v4NjZ/llvm/include/llvm/DebugInfo/CodeView/DebugCrossExSubsection.h
-- Installing: /tmp/tmp.iH9s3v4NjZ/llvm/include/llvm/DebugInfo/CodeView/TypeRecordMapping.h
-- Installing: /tmp/tmp.iH9s3v4NjZ/llvm/include/llvm/DebugInfo/CodeView/DebugSubsection.h
-- Installing: /tmp/tmp.iH9s3v4NjZ/llvm/include/llvm/DebugInfo/CodeView/DebugSymbolRVASubsection.h
-- Installing: /tmp/tmp.iH9s3v4NjZ/llvm/include/llvm/DebugInfo/CodeView/CodeViewSymbols.def
-- Installing: /tmp/tmp.iH9s3v4NjZ/llvm/include/llvm/DebugInfo/CodeView/SymbolDeserializer.h
-- Installing: /tmp/tmp.iH9s3v4NjZ/llvm/include/llvm/DebugInfo/CodeView/TypeCollection.h
-- Installing: /tmp/tmp.iH9s3v4NjZ/llvm/include/llvm/DebugInfo/CodeView/DebugLinesSubsection.h
-- Installing: /tmp/tmp.iH9s3v4NjZ/llvm/include/llvm/DebugInfo/CodeView/DebugFrameDataSubsection.h
-- Installing: /tmp/tmp.iH9s3v4NjZ/llvm/include/llvm/DebugInfo/CodeView/StringsAndChecksums.h
-- Installing: /tmp/tmp.iH9s3v4NjZ/llvm/include/llvm/DebugInfo/CodeView/Formatters.h
-- Installing: /tmp/tmp.iH9s3v4NjZ/llvm/include/llvm/DebugInfo/CodeView/SymbolVisitorDelegate.h
-- Installing: /tmp/tmp.iH9s3v4NjZ/llvm/include/llvm/DebugInfo/CodeView/TypeSymbolEmitter.h
-- Installing: /tmp/tmp.iH9s3v4NjZ/llvm/include/llvm/DebugInfo/CodeView/RecordSerialization.h
-- Installing: /tmp/tmp.iH9s3v4NjZ/llvm/include/llvm/DebugInfo/CodeView/CodeViewRegisters.def
-- Installing: /tmp/tmp.iH9s3v4NjZ/llvm/include/llvm/DebugInfo/CodeView/SymbolVisitorCallbackPipeline.h
-- Installing: /tmp/tmp.iH9s3v4NjZ/llvm/include/llvm/DebugInfo/CodeView/DebugChecksumsSubsection.h
-- Installing: /tmp/tmp.iH9s3v4NjZ/llvm/include/llvm/DebugInfo/CodeView/DebugUnknownSubsection.h
-- Installing: /tmp/tmp.iH9s3v4NjZ/llvm/include/llvm/DebugInfo/CodeView/CodeView.h
-- Installing: /tmp/tmp.iH9s3v4NjZ/llvm/include/llvm/DebugInfo/CodeView/TypeDeserializer.h
-- Installing: /tmp/tmp.iH9s3v4NjZ/llvm/include/llvm/DebugInfo/CodeView/CodeViewError.h
-- Installing: /tmp/tmp.iH9s3v4NjZ/llvm/include/llvm/DebugInfo/CodeView/AppendingTypeTableBuilder.h
-- Installing: /tmp/tmp.iH9s3v4NjZ/llvm/include/llvm/DebugInfo/CodeView/Line.h
-- Installing: /tmp/tmp.iH9s3v4NjZ/llvm/include/llvm/DebugInfo/CodeView/SymbolRecordMapping.h
-- Installing: /tmp/tmp.iH9s3v4NjZ/llvm/include/llvm/DebugInfo/CodeView/TypeTableCollection.h
-- Installing: /tmp/tmp.iH9s3v4NjZ/llvm/include/llvm/DebugInfo/CodeView/TypeVisitorCallbacks.h
-- Installing: /tmp/tmp.iH9s3v4NjZ/llvm/include/llvm/DebugInfo/CodeView/LazyRandomTypeCollection.h
-- Installing: /tmp/tmp.iH9s3v4NjZ/llvm/include/llvm/DebugInfo/CodeView/TypeDumpVisitor.h
-- Installing: /tmp/tmp.iH9s3v4NjZ/llvm/include/llvm/DebugInfo/DWARF
-- Installing: /tmp/tmp.iH9s3v4NjZ/llvm/include/llvm/DebugInfo/DWARF/DWARFDebugAbbrev.h
-- Installing: /tmp/tmp.iH9s3v4NjZ/llvm/include/llvm/DebugInfo/DWARF/DWARFDie.h
-- Installing: /tmp/tmp.iH9s3v4NjZ/llvm/include/llvm/DebugInfo/DWARF/DWARFUnit.h
-- Installing: /tmp/tmp.iH9s3v4NjZ/llvm/include/llvm/DebugInfo/DWARF/DWARFVerifier.h
-- Installing: /tmp/tmp.iH9s3v4NjZ/llvm/include/llvm/DebugInfo/DWARF/DWARFDebugArangeSet.h
-- Installing: /tmp/tmp.iH9s3v4NjZ/llvm/include/llvm/DebugInfo/DWARF/DWARFDebugMacro.h
-- Installing: /tmp/tmp.iH9s3v4NjZ/llvm/include/llvm/DebugInfo/DWARF/DWARFDebugLoc.h
-- Installing: /tmp/tmp.iH9s3v4NjZ/llvm/include/llvm/DebugInfo/DWARF/DWARFListTable.h
-- Installing: /tmp/tmp.iH9s3v4NjZ/llvm/include/llvm/DebugInfo/DWARF/DWARFDebugAddr.h
-- Installing: /tmp/tmp.iH9s3v4NjZ/llvm/include/llvm/DebugInfo/DWARF/DWARFDebugRangeList.h
-- Installing: /tmp/tmp.iH9s3v4NjZ/llvm/include/llvm/DebugInfo/DWARF/DWARFDebugPubTable.h
-- Installing: /tmp/tmp.iH9s3v4NjZ/llvm/include/llvm/DebugInfo/DWARF/DWARFExpression.h
-- Installing: /tmp/tmp.iH9s3v4NjZ/llvm/include/llvm/DebugInfo/DWARF/DWARFObject.h
-- Installing: /tmp/tmp.iH9s3v4NjZ/llvm/include/llvm/DebugInfo/DWARF/DWARFTypePrinter.h
-- Installing: /tmp/tmp.iH9s3v4NjZ/llvm/include/llvm/DebugInfo/DWARF/DWARFAddressRange.h
-- Installing: /tmp/tmp.iH9s3v4NjZ/llvm/include/llvm/DebugInfo/DWARF/DWARFSection.h
-- Installing: /tmp/tmp.iH9s3v4NjZ/llvm/include/llvm/DebugInfo/DWARF/DWARFRelocMap.h
-- Installing: /tmp/tmp.iH9s3v4NjZ/llvm/include/llvm/DebugInfo/DWARF/DWARFAcceleratorTable.h
-- Installing: /tmp/tmp.iH9s3v4NjZ/llvm/include/llvm/DebugInfo/DWARF/DWARFGdbIndex.h
-- Installing: /tmp/tmp.iH9s3v4NjZ/llvm/include/llvm/DebugInfo/DWARF/DWARFDataExtractor.h
-- Installing: /tmp/tmp.iH9s3v4NjZ/llvm/include/llvm/DebugInfo/DWARF/DWARFFormValue.h
-- Installing: /tmp/tmp.iH9s3v4NjZ/llvm/include/llvm/DebugInfo/DWARF/DWARFAbbreviationDeclaration.h
-- Installing: /tmp/tmp.iH9s3v4NjZ/llvm/include/llvm/DebugInfo/DWARF/DWARFLocationExpression.h
-- Installing: /tmp/tmp.iH9s3v4NjZ/llvm/include/llvm/DebugInfo/DWARF/DWARFAttribute.h
-- Installing: /tmp/tmp.iH9s3v4NjZ/llvm/include/llvm/DebugInfo/DWARF/DWARFCompileUnit.h
-- Installing: /tmp/tmp.iH9s3v4NjZ/llvm/include/llvm/DebugInfo/DWARF/DWARFUnitIndex.h
-- Installing: /tmp/tmp.iH9s3v4NjZ/llvm/include/llvm/DebugInfo/DWARF/DWARFDebugRnglists.h
-- Installing: /tmp/tmp.iH9s3v4NjZ/llvm/include/llvm/DebugInfo/DWARF/DWARFDebugFrame.h
-- Installing: /tmp/tmp.iH9s3v4NjZ/llvm/include/llvm/DebugInfo/DWARF/DWARFDebugLine.h
-- Installing: /tmp/tmp.iH9s3v4NjZ/llvm/include/llvm/DebugInfo/DWARF/DWARFContext.h
-- Installing: /tmp/tmp.iH9s3v4NjZ/llvm/include/llvm/DebugInfo/DWARF/DWARFTypeUnit.h
-- Installing: /tmp/tmp.iH9s3v4NjZ/llvm/include/llvm/DebugInfo/DWARF/DWARFDebugAranges.h
-- Installing: /tmp/tmp.iH9s3v4NjZ/llvm/include/llvm/DebugInfo/DWARF/DWARFDebugInfoEntry.h
-- Installing: /tmp/tmp.iH9s3v4NjZ/llvm/include/llvm/DebugInfo/Symbolize
-- Installing: /tmp/tmp.iH9s3v4NjZ/llvm/include/llvm/DebugInfo/Symbolize/MarkupFilter.h
-- Installing: /tmp/tmp.iH9s3v4NjZ/llvm/include/llvm/DebugInfo/Symbolize/SymbolizableModule.h
-- Installing: /tmp/tmp.iH9s3v4NjZ/llvm/include/llvm/DebugInfo/Symbolize/DIPrinter.h
-- Installing: /tmp/tmp.iH9s3v4NjZ/llvm/include/llvm/DebugInfo/Symbolize/Symbolize.h
-- Installing: /tmp/tmp.iH9s3v4NjZ/llvm/include/llvm/DebugInfo/Symbolize/Markup.h
-- Installing: /tmp/tmp.iH9s3v4NjZ/llvm/include/llvm/DebugInfo/Symbolize/SymbolizableObjectFile.h
-- Installing: /tmp/tmp.iH9s3v4NjZ/llvm/include/llvm/DebugInfo/GSYM
-- Installing: /tmp/tmp.iH9s3v4NjZ/llvm/include/llvm/DebugInfo/GSYM/Header.h
-- Installing: /tmp/tmp.iH9s3v4NjZ/llvm/include/llvm/DebugInfo/GSYM/GsymReader.h
-- Installing: /tmp/tmp.iH9s3v4NjZ/llvm/include/llvm/DebugInfo/GSYM/FileEntry.h
-- Installing: /tmp/tmp.iH9s3v4NjZ/llvm/include/llvm/DebugInfo/GSYM/FunctionInfo.h
-- Installing: /tmp/tmp.iH9s3v4NjZ/llvm/include/llvm/DebugInfo/GSYM/GsymCreator.h
-- Installing: /tmp/tmp.iH9s3v4NjZ/llvm/include/llvm/DebugInfo/GSYM/LookupResult.h
-- Installing: /tmp/tmp.iH9s3v4NjZ/llvm/include/llvm/DebugInfo/GSYM/FileWriter.h
-- Installing: /tmp/tmp.iH9s3v4NjZ/llvm/include/llvm/DebugInfo/GSYM/LineEntry.h
-- Installing: /tmp/tmp.iH9s3v4NjZ/llvm/include/llvm/DebugInfo/GSYM/ObjectFileTransformer.h
-- Installing: /tmp/tmp.iH9s3v4NjZ/llvm/include/llvm/DebugInfo/GSYM/ExtractRanges.h
-- Installing: /tmp/tmp.iH9s3v4NjZ/llvm/include/llvm/DebugInfo/GSYM/InlineInfo.h
-- Installing: /tmp/tmp.iH9s3v4NjZ/llvm/include/llvm/DebugInfo/GSYM/LineTable.h
-- Installing: /tmp/tmp.iH9s3v4NjZ/llvm/include/llvm/DebugInfo/GSYM/DwarfTransformer.h
-- Installing: /tmp/tmp.iH9s3v4NjZ/llvm/include/llvm/DebugInfo/GSYM/StringTable.h
-- Installing: /tmp/tmp.iH9s3v4NjZ/llvm/include/llvm/ExecutionEngine
-- Installing: /tmp/tmp.iH9s3v4NjZ/llvm/include/llvm/ExecutionEngine/GenericValue.h
-- Installing: /tmp/tmp.iH9s3v4NjZ/llvm/include/llvm/ExecutionEngine/JITSymbol.h
-- Installing: /tmp/tmp.iH9s3v4NjZ/llvm/include/llvm/ExecutionEngine/JITEventListener.h
-- Installing: /tmp/tmp.iH9s3v4NjZ/llvm/include/llvm/ExecutionEngine/RTDyldMemoryManager.h
-- Installing: /tmp/tmp.iH9s3v4NjZ/llvm/include/llvm/ExecutionEngine/SectionMemoryManager.h
-- Installing: /tmp/tmp.iH9s3v4NjZ/llvm/include/llvm/ExecutionEngine/Orc
-- Installing: /tmp/tmp.iH9s3v4NjZ/llvm/include/llvm/ExecutionEngine/Orc/MapperJITLinkMemoryManager.h
-- Installing: /tmp/tmp.iH9s3v4NjZ/llvm/include/llvm/ExecutionEngine/Orc/EPCEHFrameRegistrar.h
-- Installing: /tmp/tmp.iH9s3v4NjZ/llvm/include/llvm/ExecutionEngine/Orc/MemoryMapper.h
-- Installing: /tmp/tmp.iH9s3v4NjZ/llvm/include/llvm/ExecutionEngine/Orc/Layer.h
-- Installing: /tmp/tmp.iH9s3v4NjZ/llvm/include/llvm/ExecutionEngine/Orc/DebuggerSupportPlugin.h
-- Installing: /tmp/tmp.iH9s3v4NjZ/llvm/include/llvm/ExecutionEngine/Orc/ELFNixPlatform.h
-- Installing: /tmp/tmp.iH9s3v4NjZ/llvm/include/llvm/ExecutionEngine/Orc/DebugObjectManagerPlugin.h
-- Installing: /tmp/tmp.iH9s3v4NjZ/llvm/include/llvm/ExecutionEngine/Orc/ObjectTransformLayer.h
-- Installing: /tmp/tmp.iH9s3v4NjZ/llvm/include/llvm/ExecutionEngine/Orc/TaskDispatch.h
-- Installing: /tmp/tmp.iH9s3v4NjZ/llvm/include/llvm/ExecutionEngine/Orc/SpeculateAnalyses.h
-- Installing: /tmp/tmp.iH9s3v4NjZ/llvm/include/llvm/ExecutionEngine/Orc/SymbolStringPool.h
-- Installing: /tmp/tmp.iH9s3v4NjZ/llvm/include/llvm/ExecutionEngine/Orc/IndirectionUtils.h
-- Installing: /tmp/tmp.iH9s3v4NjZ/llvm/include/llvm/ExecutionEngine/Orc/EPCDebugObjectRegistrar.h
-- Installing: /tmp/tmp.iH9s3v4NjZ/llvm/include/llvm/ExecutionEngine/Orc/ObjectFileInterface.h
-- Installing: /tmp/tmp.iH9s3v4NjZ/llvm/include/llvm/ExecutionEngine/Orc/EPCIndirectionUtils.h
-- Installing: /tmp/tmp.iH9s3v4NjZ/llvm/include/llvm/ExecutionEngine/Orc/IRTransformLayer.h
-- Installing: /tmp/tmp.iH9s3v4NjZ/llvm/include/llvm/ExecutionEngine/Orc/JITTargetMachineBuilder.h
-- Installing: /tmp/tmp.iH9s3v4NjZ/llvm/include/llvm/ExecutionEngine/Orc/CompileUtils.h
-- Installing: /tmp/tmp.iH9s3v4NjZ/llvm/include/llvm/ExecutionEngine/Orc/DebugUtils.h
-- Installing: /tmp/tmp.iH9s3v4NjZ/llvm/include/llvm/ExecutionEngine/Orc/SimpleRemoteEPC.h
-- Installing: /tmp/tmp.iH9s3v4NjZ/llvm/include/llvm/ExecutionEngine/Orc/Core.h
-- Installing: /tmp/tmp.iH9s3v4NjZ/llvm/include/llvm/ExecutionEngine/Orc/LLJIT.h
-- Installing: /tmp/tmp.iH9s3v4NjZ/llvm/include/llvm/ExecutionEngine/Orc/COFFPlatform.h
-- Installing: /tmp/tmp.iH9s3v4NjZ/llvm/include/llvm/ExecutionEngine/Orc/RTDyldObjectLinkingLayer.h
-- Installing: /tmp/tmp.iH9s3v4NjZ/llvm/include/llvm/ExecutionEngine/Orc/Speculation.h
-- Installing: /tmp/tmp.iH9s3v4NjZ/llvm/include/llvm/ExecutionEngine/Orc/EPCGenericRTDyldMemoryManager.h
-- Installing: /tmp/tmp.iH9s3v4NjZ/llvm/include/llvm/ExecutionEngine/Orc/ObjectLinkingLayer.h
-- Installing: /tmp/tmp.iH9s3v4NjZ/llvm/include/llvm/ExecutionEngine/Orc/ThreadSafeModule.h
-- Installing: /tmp/tmp.iH9s3v4NjZ/llvm/include/llvm/ExecutionEngine/Orc/LazyReexports.h
-- Installing: /tmp/tmp.iH9s3v4NjZ/llvm/include/llvm/ExecutionEngine/Orc/EPCGenericMemoryAccess.h
-- Installing: /tmp/tmp.iH9s3v4NjZ/llvm/include/llvm/ExecutionEngine/Orc/MachOPlatform.h
-- Installing: /tmp/tmp.iH9s3v4NjZ/llvm/include/llvm/ExecutionEngine/Orc/OrcABISupport.h
-- Installing: /tmp/tmp.iH9s3v4NjZ/llvm/include/llvm/ExecutionEngine/Orc/EPCGenericDylibManager.h
-- Installing: /tmp/tmp.iH9s3v4NjZ/llvm/include/llvm/ExecutionEngine/Orc/Shared
-- Installing: /tmp/tmp.iH9s3v4NjZ/llvm/include/llvm/ExecutionEngine/Orc/Shared/ExecutorAddress.h
-- Installing: /tmp/tmp.iH9s3v4NjZ/llvm/include/llvm/ExecutionEngine/Orc/Shared/MemoryFlags.h
-- Installing: /tmp/tmp.iH9s3v4NjZ/llvm/include/llvm/ExecutionEngine/Orc/Shared/OrcError.h
-- Installing: /tmp/tmp.iH9s3v4NjZ/llvm/include/llvm/ExecutionEngine/Orc/Shared/WrapperFunctionUtils.h
-- Installing: /tmp/tmp.iH9s3v4NjZ/llvm/include/llvm/ExecutionEngine/Orc/Shared/TargetProcessControlTypes.h
-- Installing: /tmp/tmp.iH9s3v4NjZ/llvm/include/llvm/ExecutionEngine/Orc/Shared/AllocationActions.h
-- Installing: /tmp/tmp.iH9s3v4NjZ/llvm/include/llvm/ExecutionEngine/Orc/Shared/OrcRTBridge.h
-- Installing: /tmp/tmp.iH9s3v4NjZ/llvm/include/llvm/ExecutionEngine/Orc/Shared/SimpleRemoteEPCUtils.h
-- Installing: /tmp/tmp.iH9s3v4NjZ/llvm/include/llvm/ExecutionEngine/Orc/Shared/SimplePackedSerialization.h
-- Installing: /tmp/tmp.iH9s3v4NjZ/llvm/include/llvm/ExecutionEngine/Orc/EPCGenericJITLinkMemoryManager.h
-- Installing: /tmp/tmp.iH9s3v4NjZ/llvm/include/llvm/ExecutionEngine/Orc/Mangling.h
-- Installing: /tmp/tmp.iH9s3v4NjZ/llvm/include/llvm/ExecutionEngine/Orc/ExecutionUtils.h
-- Installing: /tmp/tmp.iH9s3v4NjZ/llvm/include/llvm/ExecutionEngine/Orc/ExecutorProcessControl.h
-- Installing: /tmp/tmp.iH9s3v4NjZ/llvm/include/llvm/ExecutionEngine/Orc/CompileOnDemandLayer.h
-- Installing: /tmp/tmp.iH9s3v4NjZ/llvm/include/llvm/ExecutionEngine/Orc/EPCDynamicLibrarySearchGenerator.h
-- Installing: /tmp/tmp.iH9s3v4NjZ/llvm/include/llvm/ExecutionEngine/Orc/TargetProcess
-- Installing: /tmp/tmp.iH9s3v4NjZ/llvm/include/llvm/ExecutionEngine/Orc/TargetProcess/JITLoaderGDB.h
-- Installing: /tmp/tmp.iH9s3v4NjZ/llvm/include/llvm/ExecutionEngine/Orc/TargetProcess/SimpleExecutorMemoryManager.h
-- Installing: /tmp/tmp.iH9s3v4NjZ/llvm/include/llvm/ExecutionEngine/Orc/TargetProcess/TargetExecutionUtils.h
-- Installing: /tmp/tmp.iH9s3v4NjZ/llvm/include/llvm/ExecutionEngine/Orc/TargetProcess/RegisterEHFrames.h
-- Installing: /tmp/tmp.iH9s3v4NjZ/llvm/include/llvm/ExecutionEngine/Orc/TargetProcess/SimpleRemoteEPCServer.h
-- Installing: /tmp/tmp.iH9s3v4NjZ/llvm/include/llvm/ExecutionEngine/Orc/TargetProcess/ExecutorBootstrapService.h
-- Installing: /tmp/tmp.iH9s3v4NjZ/llvm/include/llvm/ExecutionEngine/Orc/TargetProcess/SimpleExecutorDylibManager.h
-- Installing: /tmp/tmp.iH9s3v4NjZ/llvm/include/llvm/ExecutionEngine/Orc/TargetProcess/ExecutorSharedMemoryMapperService.h
-- Installing: /tmp/tmp.iH9s3v4NjZ/llvm/include/llvm/ExecutionEngine/Orc/COFFVCRuntimeSupport.h
-- Installing: /tmp/tmp.iH9s3v4NjZ/llvm/include/llvm/ExecutionEngine/Orc/IRCompileLayer.h
-- Installing: /tmp/tmp.iH9s3v4NjZ/llvm/include/llvm/ExecutionEngine/Orc/LookupAndRecordAddrs.h
-- Installing: /tmp/tmp.iH9s3v4NjZ/llvm/include/llvm/ExecutionEngine/OProfileWrapper.h
-- Installing: /tmp/tmp.iH9s3v4NjZ/llvm/include/llvm/ExecutionEngine/JITLink
-- Installing: /tmp/tmp.iH9s3v4NjZ/llvm/include/llvm/ExecutionEngine/JITLink/JITLinkDylib.h
-- Installing: /tmp/tmp.iH9s3v4NjZ/llvm/include/llvm/ExecutionEngine/JITLink/TableManager.h
-- Installing: /tmp/tmp.iH9s3v4NjZ/llvm/include/llvm/ExecutionEngine/JITLink/i386.h
-- Installing: /tmp/tmp.iH9s3v4NjZ/llvm/include/llvm/ExecutionEngine/JITLink/ELF_x86_64.h
-- Installing: /tmp/tmp.iH9s3v4NjZ/llvm/include/llvm/ExecutionEngine/JITLink/riscv.h
-- Installing: /tmp/tmp.iH9s3v4NjZ/llvm/include/llvm/ExecutionEngine/JITLink/ELF_i386.h
-- Installing: /tmp/tmp.iH9s3v4NjZ/llvm/include/llvm/ExecutionEngine/JITLink/DWARFRecordSectionSplitter.h
-- Installing: /tmp/tmp.iH9s3v4NjZ/llvm/include/llvm/ExecutionEngine/JITLink/MachO.h
-- Installing: /tmp/tmp.iH9s3v4NjZ/llvm/include/llvm/ExecutionEngine/JITLink/MachO_x86_64.h
-- Installing: /tmp/tmp.iH9s3v4NjZ/llvm/include/llvm/ExecutionEngine/JITLink/JITLink.h
-- Installing: /tmp/tmp.iH9s3v4NjZ/llvm/include/llvm/ExecutionEngine/JITLink/COFF_x86_64.h
-- Installing: /tmp/tmp.iH9s3v4NjZ/llvm/include/llvm/ExecutionEngine/JITLink/JITLinkMemoryManager.h
-- Installing: /tmp/tmp.iH9s3v4NjZ/llvm/include/llvm/ExecutionEngine/JITLink/ELF.h
-- Installing: /tmp/tmp.iH9s3v4NjZ/llvm/include/llvm/ExecutionEngine/JITLink/ELF_loongarch.h
-- Installing: /tmp/tmp.iH9s3v4NjZ/llvm/include/llvm/ExecutionEngine/JITLink/COFF.h
-- Installing: /tmp/tmp.iH9s3v4NjZ/llvm/include/llvm/ExecutionEngine/JITLink/ELF_riscv.h
-- Installing: /tmp/tmp.iH9s3v4NjZ/llvm/include/llvm/ExecutionEngine/JITLink/loongarch.h
-- Installing: /tmp/tmp.iH9s3v4NjZ/llvm/include/llvm/ExecutionEngine/JITLink/EHFrameSupport.h
-- Installing: /tmp/tmp.iH9s3v4NjZ/llvm/include/llvm/ExecutionEngine/JITLink/aarch64.h
-- Installing: /tmp/tmp.iH9s3v4NjZ/llvm/include/llvm/ExecutionEngine/JITLink/MachO_arm64.h
-- Installing: /tmp/tmp.iH9s3v4NjZ/llvm/include/llvm/ExecutionEngine/JITLink/ELF_aarch64.h
-- Installing: /tmp/tmp.iH9s3v4NjZ/llvm/include/llvm/ExecutionEngine/JITLink/x86_64.h
-- Installing: /tmp/tmp.iH9s3v4NjZ/llvm/include/llvm/ExecutionEngine/RuntimeDyld.h
-- Installing: /tmp/tmp.iH9s3v4NjZ/llvm/include/llvm/ExecutionEngine/RuntimeDyldChecker.h
-- Installing: /tmp/tmp.iH9s3v4NjZ/llvm/include/llvm/ExecutionEngine/ObjectCache.h
-- Installing: /tmp/tmp.iH9s3v4NjZ/llvm/include/llvm/ExecutionEngine/ExecutionEngine.h
-- Installing: /tmp/tmp.iH9s3v4NjZ/llvm/include/llvm/ExecutionEngine/Interpreter.h
-- Installing: /tmp/tmp.iH9s3v4NjZ/llvm/include/llvm/ExecutionEngine/MCJIT.h
-- Installing: /tmp/tmp.iH9s3v4NjZ/llvm/include/llvm/Pass.h
-- Installing: /tmp/tmp.iH9s3v4NjZ/llvm/include/llvm/FileCheck
-- Installing: /tmp/tmp.iH9s3v4NjZ/llvm/include/llvm/FileCheck/FileCheck.h
-- Installing: /tmp/tmp.iH9s3v4NjZ/llvm/include/llvm/FuzzMutate
-- Installing: /tmp/tmp.iH9s3v4NjZ/llvm/include/llvm/FuzzMutate/RandomIRBuilder.h
-- Installing: /tmp/tmp.iH9s3v4NjZ/llvm/include/llvm/FuzzMutate/Random.h
-- Installing: /tmp/tmp.iH9s3v4NjZ/llvm/include/llvm/FuzzMutate/IRMutator.h
-- Installing: /tmp/tmp.iH9s3v4NjZ/llvm/include/llvm/FuzzMutate/OpDescriptor.h
-- Installing: /tmp/tmp.iH9s3v4NjZ/llvm/include/llvm/FuzzMutate/FuzzerCLI.h
-- Installing: /tmp/tmp.iH9s3v4NjZ/llvm/include/llvm/FuzzMutate/Operations.h
-- Installing: /tmp/tmp.iH9s3v4NjZ/llvm/include/llvm/IR
-- Installing: /tmp/tmp.iH9s3v4NjZ/llvm/include/llvm/IR/PassManagerImpl.h
-- Installing: /tmp/tmp.iH9s3v4NjZ/llvm/include/llvm/IR/Metadata.h
-- Installing: /tmp/tmp.iH9s3v4NjZ/llvm/include/llvm/IR/ValueMap.h
-- Installing: /tmp/tmp.iH9s3v4NjZ/llvm/include/llvm/IR/BuiltinGCs.h
-- Installing: /tmp/tmp.iH9s3v4NjZ/llvm/include/llvm/IR/IntrinsicsAMDGPU.td
-- Installing: /tmp/tmp.iH9s3v4NjZ/llvm/include/llvm/IR/IntrinsicsVE.td
-- Installing: /tmp/tmp.iH9s3v4NjZ/llvm/include/llvm/IR/DiagnosticInfo.h
-- Installing: /tmp/tmp.iH9s3v4NjZ/llvm/include/llvm/IR/IntrinsicsHexagon.td
-- Installing: /tmp/tmp.iH9s3v4NjZ/llvm/include/llvm/IR/GlobalValue.h
-- Installing: /tmp/tmp.iH9s3v4NjZ/llvm/include/llvm/IR/GCStrategy.h
-- Installing: /tmp/tmp.iH9s3v4NjZ/llvm/include/llvm/IR/Attributes.td
-- Installing: /tmp/tmp.iH9s3v4NjZ/llvm/include/llvm/IR/GVMaterializer.h
-- Installing: /tmp/tmp.iH9s3v4NjZ/llvm/include/llvm/IR/BasicBlock.h
-- Installing: /tmp/tmp.iH9s3v4NjZ/llvm/include/llvm/IR/ModuleSummaryIndexYAML.h
-- Installing: /tmp/tmp.iH9s3v4NjZ/llvm/include/llvm/IR/Comdat.h
-- Installing: /tmp/tmp.iH9s3v4NjZ/llvm/include/llvm/IR/DebugInfoMetadata.h
-- Installing: /tmp/tmp.iH9s3v4NjZ/llvm/include/llvm/IR/LegacyPassNameParser.h
-- Installing: /tmp/tmp.iH9s3v4NjZ/llvm/include/llvm/IR/OperandTraits.h
-- Installing: /tmp/tmp.iH9s3v4NjZ/llvm/include/llvm/IR/Instruction.h
-- Installing: /tmp/tmp.iH9s3v4NjZ/llvm/include/llvm/IR/Instruction.def
-- Installing: /tmp/tmp.iH9s3v4NjZ/llvm/include/llvm/IR/DebugLoc.h
-- Installing: /tmp/tmp.iH9s3v4NjZ/llvm/include/llvm/IR/Function.h
-- Installing: /tmp/tmp.iH9s3v4NjZ/llvm/include/llvm/IR/RuntimeLibcalls.def
-- Installing: /tmp/tmp.iH9s3v4NjZ/llvm/include/llvm/IR/Type.h
-- Installing: /tmp/tmp.iH9s3v4NjZ/llvm/include/llvm/IR/StructuralHash.h
-- Installing: /tmp/tmp.iH9s3v4NjZ/llvm/include/llvm/IR/PassInstrumentation.h
-- Installing: /tmp/tmp.iH9s3v4NjZ/llvm/include/llvm/IR/ValueSymbolTable.h
-- Installing: /tmp/tmp.iH9s3v4NjZ/llvm/include/llvm/IR/GlobalObject.h
-- Installing: /tmp/tmp.iH9s3v4NjZ/llvm/include/llvm/IR/Metadata.def
-- Installing: /tmp/tmp.iH9s3v4NjZ/llvm/include/llvm/IR/ConstantFolder.h
-- Installing: /tmp/tmp.iH9s3v4NjZ/llvm/include/llvm/IR/GlobalAlias.h
-- Installing: /tmp/tmp.iH9s3v4NjZ/llvm/include/llvm/IR/VPIntrinsics.def
-- Installing: /tmp/tmp.iH9s3v4NjZ/llvm/include/llvm/IR/PrintPasses.h
-- Installing: /tmp/tmp.iH9s3v4NjZ/llvm/include/llvm/IR/Constant.h
-- Installing: /tmp/tmp.iH9s3v4NjZ/llvm/include/llvm/IR/Constants.h
-- Installing: /tmp/tmp.iH9s3v4NjZ/llvm/include/llvm/IR/Argument.h
-- Installing: /tmp/tmp.iH9s3v4NjZ/llvm/include/llvm/IR/IntrinsicsBPF.td
-- Installing: /tmp/tmp.iH9s3v4NjZ/llvm/include/llvm/IR/FPEnv.h
-- Installing: /tmp/tmp.iH9s3v4NjZ/llvm/include/llvm/IR/IntrinsicsVEVL.gen.td
-- Installing: /tmp/tmp.iH9s3v4NjZ/llvm/include/llvm/IR/Intrinsics.h
-- Installing: /tmp/tmp.iH9s3v4NjZ/llvm/include/llvm/IR/IRPrintingPasses.h
-- Installing: /tmp/tmp.iH9s3v4NjZ/llvm/include/llvm/IR/IntrinsicsNVVM.td
-- Installing: /tmp/tmp.iH9s3v4NjZ/llvm/include/llvm/IR/IntrinsicInst.h
-- Installing: /tmp/tmp.iH9s3v4NjZ/llvm/include/llvm/IR/FixedMetadataKinds.def
-- Installing: /tmp/tmp.iH9s3v4NjZ/llvm/include/llvm/IR/CFG.h
-- Installing: /tmp/tmp.iH9s3v4NjZ/llvm/include/llvm/IR/PassManagerInternal.h
-- Installing: /tmp/tmp.iH9s3v4NjZ/llvm/include/llvm/IR/IntrinsicsSystemZ.td
-- Installing: /tmp/tmp.iH9s3v4NjZ/llvm/include/llvm/IR/AutoUpgrade.h
-- Installing: /tmp/tmp.iH9s3v4NjZ/llvm/include/llvm/IR/User.h
-- Installing: /tmp/tmp.iH9s3v4NjZ/llvm/include/llvm/IR/ConstantFold.h
-- Installing: /tmp/tmp.iH9s3v4NjZ/llvm/include/llvm/IR/AbstractCallSite.h
-- Installing: /tmp/tmp.iH9s3v4NjZ/llvm/include/llvm/IR/PassManager.h
-- Installing: /tmp/tmp.iH9s3v4NjZ/llvm/include/llvm/IR/IntrinsicsRISCVXTHead.td
-- Installing: /tmp/tmp.iH9s3v4NjZ/llvm/include/llvm/IR/FixedPointBuilder.h
-- Installing: /tmp/tmp.iH9s3v4NjZ/llvm/include/llvm/IR/DiagnosticPrinter.h
-- Installing: /tmp/tmp.iH9s3v4NjZ/llvm/include/llvm/IR/PassTimingInfo.h
-- Installing: /tmp/tmp.iH9s3v4NjZ/llvm/include/llvm/IR/PseudoProbe.h
-- Installing: /tmp/tmp.iH9s3v4NjZ/llvm/include/llvm/IR/LegacyPassManager.h
-- Installing: /tmp/tmp.iH9s3v4NjZ/llvm/include/llvm/IR/ValueHandle.h
-- Installing: /tmp/tmp.iH9s3v4NjZ/llvm/include/llvm/IR/IntrinsicsPowerPC.td
-- Installing: /tmp/tmp.iH9s3v4NjZ/llvm/include/llvm/IR/IntrinsicsLoongArch.td
-- Installing: /tmp/tmp.iH9s3v4NjZ/llvm/include/llvm/IR/SymbolTableListTraits.h
-- Installing: /tmp/tmp.iH9s3v4NjZ/llvm/include/llvm/IR/TrackingMDRef.h
-- Installing: /tmp/tmp.iH9s3v4NjZ/llvm/include/llvm/IR/NoFolder.h
-- Installing: /tmp/tmp.iH9s3v4NjZ/llvm/include/llvm/IR/InlineAsm.h
-- Installing: /tmp/tmp.iH9s3v4NjZ/llvm/include/llvm/IR/Statepoint.h
-- Installing: /tmp/tmp.iH9s3v4NjZ/llvm/include/llvm/IR/DerivedUser.h
-- Installing: /tmp/tmp.iH9s3v4NjZ/llvm/include/llvm/IR/IntrinsicsAArch64.td
-- Installing: /tmp/tmp.iH9s3v4NjZ/llvm/include/llvm/IR/Verifier.h
-- Installing: /tmp/tmp.iH9s3v4NjZ/llvm/include/llvm/IR/Value.h
-- Installing: /tmp/tmp.iH9s3v4NjZ/llvm/include/llvm/IR/ReplaceConstant.h
-- Installing: /tmp/tmp.iH9s3v4NjZ/llvm/include/llvm/IR/IntrinsicsARM.td
-- Installing: /tmp/tmp.iH9s3v4NjZ/llvm/include/llvm/IR/InstrTypes.h
-- Installing: /tmp/tmp.iH9s3v4NjZ/llvm/include/llvm/IR/InstIterator.h
-- Installing: /tmp/tmp.iH9s3v4NjZ/llvm/include/llvm/IR/IntrinsicsXCore.td
-- Installing: /tmp/tmp.iH9s3v4NjZ/llvm/include/llvm/IR/Module.h
-- Installing: /tmp/tmp.iH9s3v4NjZ/llvm/include/llvm/IR/Intrinsics.td
-- Installing: /tmp/tmp.iH9s3v4NjZ/llvm/include/llvm/IR/Operator.h
-- Installing: /tmp/tmp.iH9s3v4NjZ/llvm/include/llvm/IR/SSAContext.h
-- Installing: /tmp/tmp.iH9s3v4NjZ/llvm/include/llvm/IR/ConstrainedOps.def
-- Installing: /tmp/tmp.iH9s3v4NjZ/llvm/include/llvm/IR/OptBisect.h
-- Installing: /tmp/tmp.iH9s3v4NjZ/llvm/include/llvm/IR/Value.def
-- Installing: /tmp/tmp.iH9s3v4NjZ/llvm/include/llvm/IR/IntrinsicsSPIRV.td
-- Installing: /tmp/tmp.iH9s3v4NjZ/llvm/include/llvm/IR/LLVMContext.h
-- Installing: /tmp/tmp.iH9s3v4NjZ/llvm/include/llvm/IR/DebugInfo.h
-- Installing: /tmp/tmp.iH9s3v4NjZ/llvm/include/llvm/IR/DIBuilder.h
-- Installing: /tmp/tmp.iH9s3v4NjZ/llvm/include/llvm/IR/Use.h
-- Installing: /tmp/tmp.iH9s3v4NjZ/llvm/include/llvm/IR/GetElementPtrTypeIterator.h
-- Installing: /tmp/tmp.iH9s3v4NjZ/llvm/include/llvm/IR/InstVisitor.h
-- Installing: /tmp/tmp.iH9s3v4NjZ/llvm/include/llvm/IR/IntrinsicsHexagonDep.td
-- Installing: /tmp/tmp.iH9s3v4NjZ/llvm/include/llvm/IR/IRBuilderFolder.h
-- Installing: /tmp/tmp.iH9s3v4NjZ/llvm/include/llvm/IR/FMF.h
-- Installing: /tmp/tmp.iH9s3v4NjZ/llvm/include/llvm/IR/MatrixBuilder.h
-- Installing: /tmp/tmp.iH9s3v4NjZ/llvm/include/llvm/IR/IntrinsicsX86.td
-- Installing: /tmp/tmp.iH9s3v4NjZ/llvm/include/llvm/IR/ConstantRange.h
-- Installing: /tmp/tmp.iH9s3v4NjZ/llvm/include/llvm/IR/GlobalIFunc.h
-- Installing: /tmp/tmp.iH9s3v4NjZ/llvm/include/llvm/IR/SafepointIRVerifier.h
-- Installing: /tmp/tmp.iH9s3v4NjZ/llvm/include/llvm/IR/Assumptions.h
-- Installing: /tmp/tmp.iH9s3v4NjZ/llvm/include/llvm/IR/TypeFinder.h
-- Installing: /tmp/tmp.iH9s3v4NjZ/llvm/include/llvm/IR/Attributes.h
-- Installing: /tmp/tmp.iH9s3v4NjZ/llvm/include/llvm/IR/DataLayout.h
-- Installing: /tmp/tmp.iH9s3v4NjZ/llvm/include/llvm/IR/MDBuilder.h
-- Installing: /tmp/tmp.iH9s3v4NjZ/llvm/include/llvm/IR/LegacyPassManagers.h
-- Installing: /tmp/tmp.iH9s3v4NjZ/llvm/include/llvm/IR/DiagnosticHandler.h
-- Installing: /tmp/tmp.iH9s3v4NjZ/llvm/include/llvm/IR/DebugInfoFlags.def
-- Installing: /tmp/tmp.iH9s3v4NjZ/llvm/include/llvm/IR/GlobalVariable.h
-- Installing: /tmp/tmp.iH9s3v4NjZ/llvm/include/llvm/IR/UseListOrder.h
-- Installing: /tmp/tmp.iH9s3v4NjZ/llvm/include/llvm/IR/ProfDataUtils.h
-- Installing: /tmp/tmp.iH9s3v4NjZ/llvm/include/llvm/IR/IntrinsicsRISCV.td
-- Installing: /tmp/tmp.iH9s3v4NjZ/llvm/include/llvm/IR/Instructions.h
-- Installing: /tmp/tmp.iH9s3v4NjZ/llvm/include/llvm/IR/CallingConv.h
-- Installing: /tmp/tmp.iH9s3v4NjZ/llvm/include/llvm/IR/DerivedTypes.h
-- Installing: /tmp/tmp.iH9s3v4NjZ/llvm/include/llvm/IR/IntrinsicsWebAssembly.td
-- Installing: /tmp/tmp.iH9s3v4NjZ/llvm/include/llvm/IR/ProfileSummary.h
-- Installing: /tmp/tmp.iH9s3v4NjZ/llvm/include/llvm/IR/IntrinsicsDirectX.td
-- Installing: /tmp/tmp.iH9s3v4NjZ/llvm/include/llvm/IR/VectorBuilder.h
-- Installing: /tmp/tmp.iH9s3v4NjZ/llvm/include/llvm/IR/IntrinsicsMips.td
-- Installing: /tmp/tmp.iH9s3v4NjZ/llvm/include/llvm/IR/Dominators.h
-- Installing: /tmp/tmp.iH9s3v4NjZ/llvm/include/llvm/IR/AssemblyAnnotationWriter.h
-- Installing: /tmp/tmp.iH9s3v4NjZ/llvm/include/llvm/IR/PredIteratorCache.h
-- Installing: /tmp/tmp.iH9s3v4NjZ/llvm/include/llvm/IR/PatternMatch.h
-- Installing: /tmp/tmp.iH9s3v4NjZ/llvm/include/llvm/IR/LLVMRemarkStreamer.h
-- Installing: /tmp/tmp.iH9s3v4NjZ/llvm/include/llvm/IR/ModuleSummaryIndex.h
-- Installing: /tmp/tmp.iH9s3v4NjZ/llvm/include/llvm/IR/ModuleSlotTracker.h
-- Installing: /tmp/tmp.iH9s3v4NjZ/llvm/include/llvm/IR/IRBuilder.h
-- Installing: /tmp/tmp.iH9s3v4NjZ/llvm/include/llvm/IR/TypedPointerType.h
-- Installing: /tmp/tmp.iH9s3v4NjZ/llvm/include/llvm/IR/Mangler.h
-- Installing: /tmp/tmp.iH9s3v4NjZ/llvm/include/llvm/LinkAllPasses.h
-- Installing: /tmp/tmp.iH9s3v4NjZ/llvm/include/llvm/PassInfo.h
-- Installing: /tmp/tmp.iH9s3v4NjZ/llvm/include/llvm/DWP
-- Installing: /tmp/tmp.iH9s3v4NjZ/llvm/include/llvm/DWP/DWP.h
-- Installing: /tmp/tmp.iH9s3v4NjZ/llvm/include/llvm/DWP/DWPStringPool.h
-- Installing: /tmp/tmp.iH9s3v4NjZ/llvm/include/llvm/DWP/DWPError.h
-- Installing: /tmp/tmp.iH9s3v4NjZ/llvm/include/llvm/Config
-- Installing: /tmp/tmp.iH9s3v4NjZ/llvm/include/llvm/Bitstream
-- Installing: /tmp/tmp.iH9s3v4NjZ/llvm/include/llvm/Bitstream/BitCodes.h
-- Installing: /tmp/tmp.iH9s3v4NjZ/llvm/include/llvm/Bitstream/BitstreamReader.h
-- Installing: /tmp/tmp.iH9s3v4NjZ/llvm/include/llvm/Bitstream/BitstreamWriter.h
-- Installing: /tmp/tmp.iH9s3v4NjZ/llvm/include/llvm/Bitstream/BitCodeEnums.h
-- Installing: /tmp/tmp.iH9s3v4NjZ/llvm/include/llvm/Analysis
-- Installing: /tmp/tmp.iH9s3v4NjZ/llvm/include/llvm/Analysis/InstructionSimplify.h
-- Installing: /tmp/tmp.iH9s3v4NjZ/llvm/include/llvm/Analysis/ConstantFolding.h
-- Installing: /tmp/tmp.iH9s3v4NjZ/llvm/include/llvm/Analysis/GuardUtils.h
-- Installing: /tmp/tmp.iH9s3v4NjZ/llvm/include/llvm/Analysis/CallPrinter.h
-- Installing: /tmp/tmp.iH9s3v4NjZ/llvm/include/llvm/Analysis/DDG.h
-- Installing: /tmp/tmp.iH9s3v4NjZ/llvm/include/llvm/Analysis/DivergenceAnalysis.h
-- Installing: /tmp/tmp.iH9s3v4NjZ/llvm/include/llvm/Analysis/CostModel.h
-- Installing: /tmp/tmp.iH9s3v4NjZ/llvm/include/llvm/Analysis/DominanceFrontier.h
-- Installing: /tmp/tmp.iH9s3v4NjZ/llvm/include/llvm/Analysis/ModuleDebugInfoPrinter.h
-- Installing: /tmp/tmp.iH9s3v4NjZ/llvm/include/llvm/Analysis/AssumptionCache.h
-- Installing: /tmp/tmp.iH9s3v4NjZ/llvm/include/llvm/Analysis/InlineSizeEstimatorAnalysis.h
-- Installing: /tmp/tmp.iH9s3v4NjZ/llvm/include/llvm/Analysis/LoopInfoImpl.h
-- Installing: /tmp/tmp.iH9s3v4NjZ/llvm/include/llvm/Analysis/MLInlineAdvisor.h
-- Installing: /tmp/tmp.iH9s3v4NjZ/llvm/include/llvm/Analysis/MemoryBuiltins.h
-- Installing: /tmp/tmp.iH9s3v4NjZ/llvm/include/llvm/Analysis/BlockFrequencyInfoImpl.h
-- Installing: /tmp/tmp.iH9s3v4NjZ/llvm/include/llvm/Analysis/CodeMetrics.h
-- Installing: /tmp/tmp.iH9s3v4NjZ/llvm/include/llvm/Analysis/PhiValues.h
-- Installing: /tmp/tmp.iH9s3v4NjZ/llvm/include/llvm/Analysis/TargetTransformInfoImpl.h
-- Installing: /tmp/tmp.iH9s3v4NjZ/llvm/include/llvm/Analysis/LoopAnalysisManager.h
-- Installing: /tmp/tmp.iH9s3v4NjZ/llvm/include/llvm/Analysis/DDGPrinter.h
-- Installing: /tmp/tmp.iH9s3v4NjZ/llvm/include/llvm/Analysis/ReplayInlineAdvisor.h
-- Installing: /tmp/tmp.iH9s3v4NjZ/llvm/include/llvm/Analysis/CFGPrinter.h
-- Installing: /tmp/tmp.iH9s3v4NjZ/llvm/include/llvm/Analysis/BlockFrequencyInfo.h
-- Installing: /tmp/tmp.iH9s3v4NjZ/llvm/include/llvm/Analysis/ScalarEvolutionNormalization.h
-- Installing: /tmp/tmp.iH9s3v4NjZ/llvm/include/llvm/Analysis/Utils
-- Installing: /tmp/tmp.iH9s3v4NjZ/llvm/include/llvm/Analysis/Utils/ImportedFunctionsInliningStatistics.h
-- Installing: /tmp/tmp.iH9s3v4NjZ/llvm/include/llvm/Analysis/Utils/Local.h
-- Installing: /tmp/tmp.iH9s3v4NjZ/llvm/include/llvm/Analysis/Utils/TrainingLogger.h
-- Installing: /tmp/tmp.iH9s3v4NjZ/llvm/include/llvm/Analysis/Utils/TFUtils.h
-- Installing: /tmp/tmp.iH9s3v4NjZ/llvm/include/llvm/Analysis/ObjCARCInstKind.h
-- Installing: /tmp/tmp.iH9s3v4NjZ/llvm/include/llvm/Analysis/LegacyDivergenceAnalysis.h
-- Installing: /tmp/tmp.iH9s3v4NjZ/llvm/include/llvm/Analysis/TargetFolder.h
-- Installing: /tmp/tmp.iH9s3v4NjZ/llvm/include/llvm/Analysis/SyncDependenceAnalysis.h
-- Installing: /tmp/tmp.iH9s3v4NjZ/llvm/include/llvm/Analysis/TensorSpec.h
-- Installing: /tmp/tmp.iH9s3v4NjZ/llvm/include/llvm/Analysis/RegionPass.h
-- Installing: /tmp/tmp.iH9s3v4NjZ/llvm/include/llvm/Analysis/LazyBlockFrequencyInfo.h
-- Installing: /tmp/tmp.iH9s3v4NjZ/llvm/include/llvm/Analysis/TypeMetadataUtils.h
-- Installing: /tmp/tmp.iH9s3v4NjZ/llvm/include/llvm/Analysis/ModuleSummaryAnalysis.h
-- Installing: /tmp/tmp.iH9s3v4NjZ/llvm/include/llvm/Analysis/ScalarFuncs.def
-- Installing: /tmp/tmp.iH9s3v4NjZ/llvm/include/llvm/Analysis/ScalarEvolutionExpressions.h
-- Installing: /tmp/tmp.iH9s3v4NjZ/llvm/include/llvm/Analysis/PostDominators.h
-- Installing: /tmp/tmp.iH9s3v4NjZ/llvm/include/llvm/Analysis/LoopPass.h
-- Installing: /tmp/tmp.iH9s3v4NjZ/llvm/include/llvm/Analysis/ScalarEvolution.h
-- Installing: /tmp/tmp.iH9s3v4NjZ/llvm/include/llvm/Analysis/CaptureTracking.h
-- Installing: /tmp/tmp.iH9s3v4NjZ/llvm/include/llvm/Analysis/SparsePropagation.h
-- Installing: /tmp/tmp.iH9s3v4NjZ/llvm/include/llvm/Analysis/RegionInfoImpl.h
-- Installing: /tmp/tmp.iH9s3v4NjZ/llvm/include/llvm/Analysis/ObjCARCAliasAnalysis.h
-- Installing: /tmp/tmp.iH9s3v4NjZ/llvm/include/llvm/Analysis/InlineCost.h
-- Installing: /tmp/tmp.iH9s3v4NjZ/llvm/include/llvm/Analysis/SyntheticCountsUtils.h
-- Installing: /tmp/tmp.iH9s3v4NjZ/llvm/include/llvm/Analysis/MemoryDependenceAnalysis.h
-- Installing: /tmp/tmp.iH9s3v4NjZ/llvm/include/llvm/Analysis/Interval.h
-- Installing: /tmp/tmp.iH9s3v4NjZ/llvm/include/llvm/Analysis/AssumeBundleQueries.h
-- Installing: /tmp/tmp.iH9s3v4NjZ/llvm/include/llvm/Analysis/MustExecute.h
-- Installing: /tmp/tmp.iH9s3v4NjZ/llvm/include/llvm/Analysis/DomTreeUpdater.h
-- Installing: /tmp/tmp.iH9s3v4NjZ/llvm/include/llvm/Analysis/Delinearization.h
-- Installing: /tmp/tmp.iH9s3v4NjZ/llvm/include/llvm/Analysis/InstructionPrecedenceTracking.h
-- Installing: /tmp/tmp.iH9s3v4NjZ/llvm/include/llvm/Analysis/ScopedNoAliasAA.h
-- Installing: /tmp/tmp.iH9s3v4NjZ/llvm/include/llvm/Analysis/CmpInstAnalysis.h
-- Installing: /tmp/tmp.iH9s3v4NjZ/llvm/include/llvm/Analysis/ScalarEvolutionDivision.h
-- Installing: /tmp/tmp.iH9s3v4NjZ/llvm/include/llvm/Analysis/CFGSCCPrinter.h
-- Installing: /tmp/tmp.iH9s3v4NjZ/llvm/include/llvm/Analysis/BasicAliasAnalysis.h
-- Installing: /tmp/tmp.iH9s3v4NjZ/llvm/include/llvm/Analysis/LazyCallGraph.h
-- Installing: /tmp/tmp.iH9s3v4NjZ/llvm/include/llvm/Analysis/IntervalIterator.h
-- Installing: /tmp/tmp.iH9s3v4NjZ/llvm/include/llvm/Analysis/LoopInfo.h
-- Installing: /tmp/tmp.iH9s3v4NjZ/llvm/include/llvm/Analysis/IndirectCallPromotionAnalysis.h
-- Installing: /tmp/tmp.iH9s3v4NjZ/llvm/include/llvm/Analysis/Passes.h
-- Installing: /tmp/tmp.iH9s3v4NjZ/llvm/include/llvm/Analysis/DomPrinter.h
-- Installing: /tmp/tmp.iH9s3v4NjZ/llvm/include/llvm/Analysis/LoopIterator.h
-- Installing: /tmp/tmp.iH9s3v4NjZ/llvm/include/llvm/Analysis/ModelUnderTrainingRunner.h
-- Installing: /tmp/tmp.iH9s3v4NjZ/llvm/include/llvm/Analysis/ConstraintSystem.h
-- Installing: /tmp/tmp.iH9s3v4NjZ/llvm/include/llvm/Analysis/MemDerefPrinter.h
-- Installing: /tmp/tmp.iH9s3v4NjZ/llvm/include/llvm/Analysis/LoopAccessAnalysis.h
-- Installing: /tmp/tmp.iH9s3v4NjZ/llvm/include/llvm/Analysis/MemorySSAUpdater.h
-- Installing: /tmp/tmp.iH9s3v4NjZ/llvm/include/llvm/Analysis/PHITransAddr.h
-- Installing: /tmp/tmp.iH9s3v4NjZ/llvm/include/llvm/Analysis/RegionPrinter.h
-- Installing: /tmp/tmp.iH9s3v4NjZ/llvm/include/llvm/Analysis/LoopNestAnalysis.h
-- Installing: /tmp/tmp.iH9s3v4NjZ/llvm/include/llvm/Analysis/FunctionPropertiesAnalysis.h
-- Installing: /tmp/tmp.iH9s3v4NjZ/llvm/include/llvm/Analysis/DominanceFrontierImpl.h
-- Installing: /tmp/tmp.iH9s3v4NjZ/llvm/include/llvm/Analysis/LazyBranchProbabilityInfo.h
-- Installing: /tmp/tmp.iH9s3v4NjZ/llvm/include/llvm/Analysis/AliasAnalysisEvaluator.h
-- Installing: /tmp/tmp.iH9s3v4NjZ/llvm/include/llvm/Analysis/Trace.h
-- Installing: /tmp/tmp.iH9s3v4NjZ/llvm/include/llvm/Analysis/ObjCARCAnalysisUtils.h
-- Installing: /tmp/tmp.iH9s3v4NjZ/llvm/include/llvm/Analysis/VectorUtils.h
-- Installing: /tmp/tmp.iH9s3v4NjZ/llvm/include/llvm/Analysis/ObjCARCUtil.h
-- Installing: /tmp/tmp.iH9s3v4NjZ/llvm/include/llvm/Analysis/IVDescriptors.h
-- Installing: /tmp/tmp.iH9s3v4NjZ/llvm/include/llvm/Analysis/TargetLibraryInfo.def
-- Installing: /tmp/tmp.iH9s3v4NjZ/llvm/include/llvm/Analysis/CycleAnalysis.h
-- Installing: /tmp/tmp.iH9s3v4NjZ/llvm/include/llvm/Analysis/ValueLatticeUtils.h
-- Installing: /tmp/tmp.iH9s3v4NjZ/llvm/include/llvm/Analysis/DependenceAnalysis.h
-- Installing: /tmp/tmp.iH9s3v4NjZ/llvm/include/llvm/Analysis/DependenceGraphBuilder.h
-- Installing: /tmp/tmp.iH9s3v4NjZ/llvm/include/llvm/Analysis/StackLifetime.h
-- Installing: /tmp/tmp.iH9s3v4NjZ/llvm/include/llvm/Analysis/LoopCacheAnalysis.h
-- Installing: /tmp/tmp.iH9s3v4NjZ/llvm/include/llvm/Analysis/Loads.h
-- Installing: /tmp/tmp.iH9s3v4NjZ/llvm/include/llvm/Analysis/OptimizationRemarkEmitter.h
-- Installing: /tmp/tmp.iH9s3v4NjZ/llvm/include/llvm/Analysis/IVUsers.h
-- Installing: /tmp/tmp.iH9s3v4NjZ/llvm/include/llvm/Analysis/IndirectCallVisitor.h
-- Installing: /tmp/tmp.iH9s3v4NjZ/llvm/include/llvm/Analysis/MLModelRunner.h
-- Installing: /tmp/tmp.iH9s3v4NjZ/llvm/include/llvm/Analysis/TargetTransformInfo.h
-- Installing: /tmp/tmp.iH9s3v4NjZ/llvm/include/llvm/Analysis/InlineOrder.h
-- Installing: /tmp/tmp.iH9s3v4NjZ/llvm/include/llvm/Analysis/RegionIterator.h
-- Installing: /tmp/tmp.iH9s3v4NjZ/llvm/include/llvm/Analysis/IteratedDominanceFrontier.h
-- Installing: /tmp/tmp.iH9s3v4NjZ/llvm/include/llvm/Analysis/MemoryProfileInfo.h
-- Installing: /tmp/tmp.iH9s3v4NjZ/llvm/include/llvm/Analysis/MemorySSA.h
-- Installing: /tmp/tmp.iH9s3v4NjZ/llvm/include/llvm/Analysis/CFG.h
-- Installing: /tmp/tmp.iH9s3v4NjZ/llvm/include/llvm/Analysis/InstSimplifyFolder.h
-- Installing: /tmp/tmp.iH9s3v4NjZ/llvm/include/llvm/Analysis/LazyValueInfo.h
-- Installing: /tmp/tmp.iH9s3v4NjZ/llvm/include/llvm/Analysis/HeatUtils.h
-- Installing: /tmp/tmp.iH9s3v4NjZ/llvm/include/llvm/Analysis/IntervalPartition.h
-- Installing: /tmp/tmp.iH9s3v4NjZ/llvm/include/llvm/Analysis/DOTGraphTraitsPass.h
-- Installing: /tmp/tmp.iH9s3v4NjZ/llvm/include/llvm/Analysis/ProfileSummaryInfo.h
-- Installing: /tmp/tmp.iH9s3v4NjZ/llvm/include/llvm/Analysis/BranchProbabilityInfo.h
-- Installing: /tmp/tmp.iH9s3v4NjZ/llvm/include/llvm/Analysis/CGSCCPassManager.h
-- Installing: /tmp/tmp.iH9s3v4NjZ/llvm/include/llvm/Analysis/ValueTracking.h
-- Installing: /tmp/tmp.iH9s3v4NjZ/llvm/include/llvm/Analysis/AliasSetTracker.h
-- Installing: /tmp/tmp.iH9s3v4NjZ/llvm/include/llvm/Analysis/DemandedBits.h
-- Installing: /tmp/tmp.iH9s3v4NjZ/llvm/include/llvm/Analysis/InstCount.h
-- Installing: /tmp/tmp.iH9s3v4NjZ/llvm/include/llvm/Analysis/ValueLattice.h
-- Installing: /tmp/tmp.iH9s3v4NjZ/llvm/include/llvm/Analysis/InlineAdvisor.h
-- Installing: /tmp/tmp.iH9s3v4NjZ/llvm/include/llvm/Analysis/StackSafetyAnalysis.h
-- Installing: /tmp/tmp.iH9s3v4NjZ/llvm/include/llvm/Analysis/EHPersonalities.h
-- Installing: /tmp/tmp.iH9s3v4NjZ/llvm/include/llvm/Analysis/AliasAnalysis.h
-- Installing: /tmp/tmp.iH9s3v4NjZ/llvm/include/llvm/Analysis/NoInferenceModelRunner.h
-- Installing: /tmp/tmp.iH9s3v4NjZ/llvm/include/llvm/Analysis/TargetLibraryInfo.h
-- Installing: /tmp/tmp.iH9s3v4NjZ/llvm/include/llvm/Analysis/IRSimilarityIdentifier.h
-- Installing: /tmp/tmp.iH9s3v4NjZ/llvm/include/llvm/Analysis/CallGraph.h
-- Installing: /tmp/tmp.iH9s3v4NjZ/llvm/include/llvm/Analysis/MemoryLocation.h
-- Installing: /tmp/tmp.iH9s3v4NjZ/llvm/include/llvm/Analysis/PtrUseVisitor.h
-- Installing: /tmp/tmp.iH9s3v4NjZ/llvm/include/llvm/Analysis/TypeBasedAliasAnalysis.h
-- Installing: /tmp/tmp.iH9s3v4NjZ/llvm/include/llvm/Analysis/UniformityAnalysis.h
-- Installing: /tmp/tmp.iH9s3v4NjZ/llvm/include/llvm/Analysis/ReleaseModeModelRunner.h
-- Installing: /tmp/tmp.iH9s3v4NjZ/llvm/include/llvm/Analysis/RegionInfo.h
-- Installing: /tmp/tmp.iH9s3v4NjZ/llvm/include/llvm/Analysis/GlobalsModRef.h
-- Installing: /tmp/tmp.iH9s3v4NjZ/llvm/include/llvm/Analysis/CallGraphSCCPass.h
-- Installing: /tmp/tmp.iH9s3v4NjZ/llvm/include/llvm/Analysis/ScalarEvolutionAliasAnalysis.h
-- Installing: /tmp/tmp.iH9s3v4NjZ/llvm/include/llvm/Analysis/VecFuncs.def
-- Installing: /tmp/tmp.iH9s3v4NjZ/llvm/include/llvm/Analysis/InlineModelFeatureMaps.h
-- Installing: /tmp/tmp.iH9s3v4NjZ/llvm/include/llvm/Analysis/OverflowInstAnalysis.h
-- Installing: /tmp/tmp.iH9s3v4NjZ/llvm/include/llvm/Analysis/Lint.h
-- Installing: /tmp/tmp.iH9s3v4NjZ/llvm/include/llvm/Analysis/LoopUnrollAnalyzer.h
-- Installing: /tmp/tmp.iH9s3v4NjZ/llvm/include/llvm/InitializePasses.h
-- Installing: /tmp/tmp.iH9s3v4NjZ/llvm/include/llvm/Object
-- Installing: /tmp/tmp.iH9s3v4NjZ/llvm/include/llvm/Object/TapiFile.h
-- Installing: /tmp/tmp.iH9s3v4NjZ/llvm/include/llvm/Object/TapiUniversal.h
-- Installing: /tmp/tmp.iH9s3v4NjZ/llvm/include/llvm/Object/RelocationResolver.h
-- Installing: /tmp/tmp.iH9s3v4NjZ/llvm/include/llvm/Object/COFFModuleDefinition.h
-- Installing: /tmp/tmp.iH9s3v4NjZ/llvm/include/llvm/Object/BuildID.h
-- Installing: /tmp/tmp.iH9s3v4NjZ/llvm/include/llvm/Object/COFFImportFile.h
-- Installing: /tmp/tmp.iH9s3v4NjZ/llvm/include/llvm/Object/MachOUniversal.h
-- Installing: /tmp/tmp.iH9s3v4NjZ/llvm/include/llvm/Object/WindowsResource.h
-- Installing: /tmp/tmp.iH9s3v4NjZ/llvm/include/llvm/Object/XCOFFObjectFile.h
-- Installing: /tmp/tmp.iH9s3v4NjZ/llvm/include/llvm/Object/ELFObjectFile.h
-- Installing: /tmp/tmp.iH9s3v4NjZ/llvm/include/llvm/Object/OffloadBinary.h
-- Installing: /tmp/tmp.iH9s3v4NjZ/llvm/include/llvm/Object/SymbolSize.h
-- Installing: /tmp/tmp.iH9s3v4NjZ/llvm/include/llvm/Object/MachOUniversalWriter.h
-- Installing: /tmp/tmp.iH9s3v4NjZ/llvm/include/llvm/Object/SymbolicFile.h
-- Installing: /tmp/tmp.iH9s3v4NjZ/llvm/include/llvm/Object/ArchiveWriter.h
-- Installing: /tmp/tmp.iH9s3v4NjZ/llvm/include/llvm/Object/ObjectFile.h
-- Installing: /tmp/tmp.iH9s3v4NjZ/llvm/include/llvm/Object/CVDebugRecord.h
-- Installing: /tmp/tmp.iH9s3v4NjZ/llvm/include/llvm/Object/Error.h
-- Installing: /tmp/tmp.iH9s3v4NjZ/llvm/include/llvm/Object/ELF.h
-- Installing: /tmp/tmp.iH9s3v4NjZ/llvm/include/llvm/Object/DXContainer.h
-- Installing: /tmp/tmp.iH9s3v4NjZ/llvm/include/llvm/Object/Decompressor.h
-- Installing: /tmp/tmp.iH9s3v4NjZ/llvm/include/llvm/Object/ELFTypes.h
-- Installing: /tmp/tmp.iH9s3v4NjZ/llvm/include/llvm/Object/MachO.h
-- Installing: /tmp/tmp.iH9s3v4NjZ/llvm/include/llvm/Object/StackMapParser.h
-- Installing: /tmp/tmp.iH9s3v4NjZ/llvm/include/llvm/Object/Wasm.h
-- Installing: /tmp/tmp.iH9s3v4NjZ/llvm/include/llvm/Object/Minidump.h
-- Installing: /tmp/tmp.iH9s3v4NjZ/llvm/include/llvm/Object/FaultMapParser.h
-- Installing: /tmp/tmp.iH9s3v4NjZ/llvm/include/llvm/Object/Binary.h
-- Installing: /tmp/tmp.iH9s3v4NjZ/llvm/include/llvm/Object/IRObjectFile.h
-- Installing: /tmp/tmp.iH9s3v4NjZ/llvm/include/llvm/Object/COFF.h
-- Installing: /tmp/tmp.iH9s3v4NjZ/llvm/include/llvm/Object/ModuleSymbolTable.h
-- Installing: /tmp/tmp.iH9s3v4NjZ/llvm/include/llvm/Object/IRSymtab.h
-- Installing: /tmp/tmp.iH9s3v4NjZ/llvm/include/llvm/Object/WindowsMachineFlag.h
-- Installing: /tmp/tmp.iH9s3v4NjZ/llvm/include/llvm/Object/Archive.h
-- Installing: /tmp/tmp.iH9s3v4NjZ/llvm/include/llvm/DWARFLinker
-- Installing: /tmp/tmp.iH9s3v4NjZ/llvm/include/llvm/DWARFLinker/DWARFLinker.h
-- Installing: /tmp/tmp.iH9s3v4NjZ/llvm/include/llvm/DWARFLinker/DWARFStreamer.h
-- Installing: /tmp/tmp.iH9s3v4NjZ/llvm/include/llvm/DWARFLinker/DWARFLinkerDeclContext.h
-- Installing: /tmp/tmp.iH9s3v4NjZ/llvm/include/llvm/DWARFLinker/DWARFLinkerCompileUnit.h
-- Installing: /tmp/tmp.iH9s3v4NjZ/llvm/include/llvm/XRay
-- Installing: /tmp/tmp.iH9s3v4NjZ/llvm/include/llvm/XRay/FDRLogBuilder.h
-- Installing: /tmp/tmp.iH9s3v4NjZ/llvm/include/llvm/XRay/BlockVerifier.h
-- Installing: /tmp/tmp.iH9s3v4NjZ/llvm/include/llvm/XRay/FDRRecordProducer.h
-- Installing: /tmp/tmp.iH9s3v4NjZ/llvm/include/llvm/XRay/Profile.h
-- Installing: /tmp/tmp.iH9s3v4NjZ/llvm/include/llvm/XRay/FileHeaderReader.h
-- Installing: /tmp/tmp.iH9s3v4NjZ/llvm/include/llvm/XRay/InstrumentationMap.h
-- Installing: /tmp/tmp.iH9s3v4NjZ/llvm/include/llvm/XRay/FDRTraceExpander.h
-- Installing: /tmp/tmp.iH9s3v4NjZ/llvm/include/llvm/XRay/XRayRecord.h
-- Installing: /tmp/tmp.iH9s3v4NjZ/llvm/include/llvm/XRay/RecordPrinter.h
-- Installing: /tmp/tmp.iH9s3v4NjZ/llvm/include/llvm/XRay/Graph.h
-- Installing: /tmp/tmp.iH9s3v4NjZ/llvm/include/llvm/XRay/FDRTraceWriter.h
-- Installing: /tmp/tmp.iH9s3v4NjZ/llvm/include/llvm/XRay/Trace.h
-- Installing: /tmp/tmp.iH9s3v4NjZ/llvm/include/llvm/XRay/BlockIndexer.h
-- Installing: /tmp/tmp.iH9s3v4NjZ/llvm/include/llvm/XRay/BlockPrinter.h
-- Installing: /tmp/tmp.iH9s3v4NjZ/llvm/include/llvm/XRay/YAMLXRayRecord.h
-- Installing: /tmp/tmp.iH9s3v4NjZ/llvm/include/llvm/XRay/FDRRecordConsumer.h
-- Installing: /tmp/tmp.iH9s3v4NjZ/llvm/include/llvm/XRay/FDRRecords.h
-- Installing: /tmp/tmp.iH9s3v4NjZ/llvm/include/llvm/Testing
-- Installing: /tmp/tmp.iH9s3v4NjZ/llvm/include/llvm/Testing/Support
-- Installing: /tmp/tmp.iH9s3v4NjZ/llvm/include/llvm/Testing/Support/SupportHelpers.h
-- Installing: /tmp/tmp.iH9s3v4NjZ/llvm/include/llvm/Testing/Support/Error.h
-- Installing: /tmp/tmp.iH9s3v4NjZ/llvm/include/llvm/Testing/ADT
-- Installing: /tmp/tmp.iH9s3v4NjZ/llvm/include/llvm/Testing/ADT/StringMapEntry.h
-- Installing: /tmp/tmp.iH9s3v4NjZ/llvm/include/llvm/Testing/ADT/StringMap.h
-- Installing: /tmp/tmp.iH9s3v4NjZ/llvm/include/llvm/Testing/Annotations
-- Installing: /tmp/tmp.iH9s3v4NjZ/llvm/include/llvm/Testing/Annotations/Annotations.h
-- Installing: /tmp/tmp.iH9s3v4NjZ/llvm/include/llvm/WindowsResource
-- Installing: /tmp/tmp.iH9s3v4NjZ/llvm/include/llvm/WindowsResource/ResourceProcessor.h
-- Installing: /tmp/tmp.iH9s3v4NjZ/llvm/include/llvm/WindowsResource/ResourceScriptToken.h
-- Installing: /tmp/tmp.iH9s3v4NjZ/llvm/include/llvm/WindowsResource/ResourceScriptTokenList.h
-- Installing: /tmp/tmp.iH9s3v4NjZ/llvm/include/llvm/LineEditor
-- Installing: /tmp/tmp.iH9s3v4NjZ/llvm/include/llvm/LineEditor/LineEditor.h
-- Installing: /tmp/tmp.iH9s3v4NjZ/llvm/include/llvm/Option
-- Installing: /tmp/tmp.iH9s3v4NjZ/llvm/include/llvm/Option/Option.h
-- Installing: /tmp/tmp.iH9s3v4NjZ/llvm/include/llvm/Option/Arg.h
-- Installing: /tmp/tmp.iH9s3v4NjZ/llvm/include/llvm/Option/OptSpecifier.h
-- Installing: /tmp/tmp.iH9s3v4NjZ/llvm/include/llvm/Option/OptParser.td
-- Installing: /tmp/tmp.iH9s3v4NjZ/llvm/include/llvm/Option/OptTable.h
-- Installing: /tmp/tmp.iH9s3v4NjZ/llvm/include/llvm/Option/ArgList.h
-- Installing: /tmp/tmp.iH9s3v4NjZ/llvm/include/llvm/TextAPI
-- Installing: /tmp/tmp.iH9s3v4NjZ/llvm/include/llvm/TextAPI/Target.h
-- Installing: /tmp/tmp.iH9s3v4NjZ/llvm/include/llvm/TextAPI/TextAPIWriter.h
-- Installing: /tmp/tmp.iH9s3v4NjZ/llvm/include/llvm/TextAPI/Platform.h
-- Installing: /tmp/tmp.iH9s3v4NjZ/llvm/include/llvm/TextAPI/ArchitectureSet.h
-- Installing: /tmp/tmp.iH9s3v4NjZ/llvm/include/llvm/TextAPI/Architecture.def
-- Installing: /tmp/tmp.iH9s3v4NjZ/llvm/include/llvm/TextAPI/Architecture.h
-- Installing: /tmp/tmp.iH9s3v4NjZ/llvm/include/llvm/TextAPI/PackedVersion.h
-- Installing: /tmp/tmp.iH9s3v4NjZ/llvm/include/llvm/TextAPI/Symbol.h
-- Installing: /tmp/tmp.iH9s3v4NjZ/llvm/include/llvm/TextAPI/TextAPIReader.h
-- Installing: /tmp/tmp.iH9s3v4NjZ/llvm/include/llvm/TextAPI/InterfaceFile.h
-- Installing: /tmp/tmp.iH9s3v4NjZ/llvm/include/llvm/ObjCopy
-- Installing: /tmp/tmp.iH9s3v4NjZ/llvm/include/llvm/ObjCopy/XCOFF
-- Installing: /tmp/tmp.iH9s3v4NjZ/llvm/include/llvm/ObjCopy/XCOFF/XCOFFConfig.h
-- Installing: /tmp/tmp.iH9s3v4NjZ/llvm/include/llvm/ObjCopy/XCOFF/XCOFFObjcopy.h
-- Installing: /tmp/tmp.iH9s3v4NjZ/llvm/include/llvm/ObjCopy/ObjCopy.h
-- Installing: /tmp/tmp.iH9s3v4NjZ/llvm/include/llvm/ObjCopy/MultiFormatConfig.h
-- Installing: /tmp/tmp.iH9s3v4NjZ/llvm/include/llvm/ObjCopy/COFF
-- Installing: /tmp/tmp.iH9s3v4NjZ/llvm/include/llvm/ObjCopy/COFF/COFFObjcopy.h
-- Installing: /tmp/tmp.iH9s3v4NjZ/llvm/include/llvm/ObjCopy/COFF/COFFConfig.h
-- Installing: /tmp/tmp.iH9s3v4NjZ/llvm/include/llvm/ObjCopy/ConfigManager.h
-- Installing: /tmp/tmp.iH9s3v4NjZ/llvm/include/llvm/ObjCopy/CommonConfig.h
-- Installing: /tmp/tmp.iH9s3v4NjZ/llvm/include/llvm/ObjCopy/ELF
-- Installing: /tmp/tmp.iH9s3v4NjZ/llvm/include/llvm/ObjCopy/ELF/ELFConfig.h
-- Installing: /tmp/tmp.iH9s3v4NjZ/llvm/include/llvm/ObjCopy/ELF/ELFObjcopy.h
-- Installing: /tmp/tmp.iH9s3v4NjZ/llvm/include/llvm/ObjCopy/MachO
-- Installing: /tmp/tmp.iH9s3v4NjZ/llvm/include/llvm/ObjCopy/MachO/MachOConfig.h
-- Installing: /tmp/tmp.iH9s3v4NjZ/llvm/include/llvm/ObjCopy/MachO/MachOObjcopy.h
-- Installing: /tmp/tmp.iH9s3v4NjZ/llvm/include/llvm/ObjCopy/wasm
-- Installing: /tmp/tmp.iH9s3v4NjZ/llvm/include/llvm/ObjCopy/wasm/WasmObjcopy.h
-- Installing: /tmp/tmp.iH9s3v4NjZ/llvm/include/llvm/ObjCopy/wasm/WasmConfig.h
-- Installing: /tmp/tmp.iH9s3v4NjZ/llvm/include/llvm/Support
-- Installing: /tmp/tmp.iH9s3v4NjZ/llvm/include/llvm/Support/circular_raw_ostream.h
-- Installing: /tmp/tmp.iH9s3v4NjZ/llvm/include/llvm/Support/AtomicOrdering.h
-- Installing: /tmp/tmp.iH9s3v4NjZ/llvm/include/llvm/Support/ARMTargetParser.h
-- Installing: /tmp/tmp.iH9s3v4NjZ/llvm/include/llvm/Support/AMDHSAKernelDescriptor.h
-- Installing: /tmp/tmp.iH9s3v4NjZ/llvm/include/llvm/Support/InstructionCost.h
-- Installing: /tmp/tmp.iH9s3v4NjZ/llvm/include/llvm/Support/WithColor.h
-- Installing: /tmp/tmp.iH9s3v4NjZ/llvm/include/llvm/Support/TypeSize.h
-- Installing: /tmp/tmp.iH9s3v4NjZ/llvm/include/llvm/Support/RISCVAttributeParser.h
-- Installing: /tmp/tmp.iH9s3v4NjZ/llvm/include/llvm/Support/FormattedStream.h
-- Installing: /tmp/tmp.iH9s3v4NjZ/llvm/include/llvm/Support/type_traits.h
-- Installing: /tmp/tmp.iH9s3v4NjZ/llvm/include/llvm/Support/SymbolRemappingReader.h
-- Installing: /tmp/tmp.iH9s3v4NjZ/llvm/include/llvm/Support/JSON.h
-- Installing: /tmp/tmp.iH9s3v4NjZ/llvm/include/llvm/Support/CFGDiff.h
-- Installing: /tmp/tmp.iH9s3v4NjZ/llvm/include/llvm/Support/Signposts.h
-- Installing: /tmp/tmp.iH9s3v4NjZ/llvm/include/llvm/Support/CRC.h
-- Installing: /tmp/tmp.iH9s3v4NjZ/llvm/include/llvm/Support/AllocatorBase.h
-- Installing: /tmp/tmp.iH9s3v4NjZ/llvm/include/llvm/Support/EndianStream.h
-- Installing: /tmp/tmp.iH9s3v4NjZ/llvm/include/llvm/Support/Locale.h
-- Installing: /tmp/tmp.iH9s3v4NjZ/llvm/include/llvm/Support/SwapByteOrder.h
-- Installing: /tmp/tmp.iH9s3v4NjZ/llvm/include/llvm/Support/Win64EH.h
-- Installing: /tmp/tmp.iH9s3v4NjZ/llvm/include/llvm/Support/Unicode.h
-- Installing: /tmp/tmp.iH9s3v4NjZ/llvm/include/llvm/Support/Host.h
-- Installing: /tmp/tmp.iH9s3v4NjZ/llvm/include/llvm/Support/MemoryBuffer.h
-- Installing: /tmp/tmp.iH9s3v4NjZ/llvm/include/llvm/Support/TarWriter.h
-- Installing: /tmp/tmp.iH9s3v4NjZ/llvm/include/llvm/Support/Base64.h
-- Installing: /tmp/tmp.iH9s3v4NjZ/llvm/include/llvm/Support/FormatVariadic.h
-- Installing: /tmp/tmp.iH9s3v4NjZ/llvm/include/llvm/Support/DOTGraphTraits.h
-- Installing: /tmp/tmp.iH9s3v4NjZ/llvm/include/llvm/Support/Caching.h
-- Installing: /tmp/tmp.iH9s3v4NjZ/llvm/include/llvm/Support/AlignOf.h
-- Installing: /tmp/tmp.iH9s3v4NjZ/llvm/include/llvm/Support/FileCollector.h
-- Installing: /tmp/tmp.iH9s3v4NjZ/llvm/include/llvm/Support/MSP430AttributeParser.h
-- Installing: /tmp/tmp.iH9s3v4NjZ/llvm/include/llvm/Support/TimeProfiler.h
-- Installing: /tmp/tmp.iH9s3v4NjZ/llvm/include/llvm/Support/SmallVectorMemoryBuffer.h
-- Installing: /tmp/tmp.iH9s3v4NjZ/llvm/include/llvm/Support/DataTypes.h
-- Installing: /tmp/tmp.iH9s3v4NjZ/llvm/include/llvm/Support/ARMTargetParserCommon.h
-- Installing: /tmp/tmp.iH9s3v4NjZ/llvm/include/llvm/Support/X86DisassemblerDecoderCommon.h
-- Installing: /tmp/tmp.iH9s3v4NjZ/llvm/include/llvm/Support/ARMAttributeParser.h
-- Installing: /tmp/tmp.iH9s3v4NjZ/llvm/include/llvm/Support/Path.h
-- Installing: /tmp/tmp.iH9s3v4NjZ/llvm/include/llvm/Support/FormatCommon.h
-- Installing: /tmp/tmp.iH9s3v4NjZ/llvm/include/llvm/Support/ManagedStatic.h
-- Installing: /tmp/tmp.iH9s3v4NjZ/llvm/include/llvm/Support/AMDGPUMetadata.h
-- Installing: /tmp/tmp.iH9s3v4NjZ/llvm/include/llvm/Support/TrigramIndex.h
-- Installing: /tmp/tmp.iH9s3v4NjZ/llvm/include/llvm/Support/DebugCounter.h
-- Installing: /tmp/tmp.iH9s3v4NjZ/llvm/include/llvm/Support/Endian.h
-- Installing: /tmp/tmp.iH9s3v4NjZ/llvm/include/llvm/Support/RandomNumberGenerator.h
-- Installing: /tmp/tmp.iH9s3v4NjZ/llvm/include/llvm/Support/xxhash.h
-- Installing: /tmp/tmp.iH9s3v4NjZ/llvm/include/llvm/Support/ExitCodes.h
-- Installing: /tmp/tmp.iH9s3v4NjZ/llvm/include/llvm/Support/Process.h
-- Installing: /tmp/tmp.iH9s3v4NjZ/llvm/include/llvm/Support/Program.h
-- Installing: /tmp/tmp.iH9s3v4NjZ/llvm/include/llvm/Support/Recycler.h
-- Installing: /tmp/tmp.iH9s3v4NjZ/llvm/include/llvm/Support/WindowsError.h
-- Installing: /tmp/tmp.iH9s3v4NjZ/llvm/include/llvm/Support/BinaryStreamRef.h
-- Installing: /tmp/tmp.iH9s3v4NjZ/llvm/include/llvm/Support/MathExtras.h
-- Installing: /tmp/tmp.iH9s3v4NjZ/llvm/include/llvm/Support/LoongArchTargetParser.h
-- Installing: /tmp/tmp.iH9s3v4NjZ/llvm/include/llvm/Support/Capacity.h
-- Installing: /tmp/tmp.iH9s3v4NjZ/llvm/include/llvm/Support/CSKYAttributeParser.h
-- Installing: /tmp/tmp.iH9s3v4NjZ/llvm/include/llvm/Support/Watchdog.h
-- Installing: /tmp/tmp.iH9s3v4NjZ/llvm/include/llvm/Support/OptimizedStructLayout.h
-- Installing: /tmp/tmp.iH9s3v4NjZ/llvm/include/llvm/Support/UnicodeCharRanges.h
-- Installing: /tmp/tmp.iH9s3v4NjZ/llvm/include/llvm/Support/VersionTuple.h
-- Installing: /tmp/tmp.iH9s3v4NjZ/llvm/include/llvm/Support/RWMutex.h
-- Installing: /tmp/tmp.iH9s3v4NjZ/llvm/include/llvm/Support/CachePruning.h
-- Installing: /tmp/tmp.iH9s3v4NjZ/llvm/include/llvm/Support/ErrorHandling.h
-- Installing: /tmp/tmp.iH9s3v4NjZ/llvm/include/llvm/Support/FileUtilities.h
-- Installing: /tmp/tmp.iH9s3v4NjZ/llvm/include/llvm/Support/TargetParser.h
-- Installing: /tmp/tmp.iH9s3v4NjZ/llvm/include/llvm/Support/Printable.h
-- Installing: /tmp/tmp.iH9s3v4NjZ/llvm/include/llvm/Support/PGOOptions.h
-- Installing: /tmp/tmp.iH9s3v4NjZ/llvm/include/llvm/Support/ScaledNumber.h
-- Installing: /tmp/tmp.iH9s3v4NjZ/llvm/include/llvm/Support/Solaris
-- Installing: /tmp/tmp.iH9s3v4NjZ/llvm/include/llvm/Support/Solaris/sys
-- Installing: /tmp/tmp.iH9s3v4NjZ/llvm/include/llvm/Support/Solaris/sys/regset.h
-- Installing: /tmp/tmp.iH9s3v4NjZ/llvm/include/llvm/Support/Format.h
-- Installing: /tmp/tmp.iH9s3v4NjZ/llvm/include/llvm/Support/VirtualFileSystem.h
-- Installing: /tmp/tmp.iH9s3v4NjZ/llvm/include/llvm/Support/Valgrind.h
-- Installing: /tmp/tmp.iH9s3v4NjZ/llvm/include/llvm/Support/GraphWriter.h
-- Installing: /tmp/tmp.iH9s3v4NjZ/llvm/include/llvm/Support/BuryPointer.h
-- Installing: /tmp/tmp.iH9s3v4NjZ/llvm/include/llvm/Support/YAMLParser.h
-- Installing: /tmp/tmp.iH9s3v4NjZ/llvm/include/llvm/Support/SpecialCaseList.h
-- Installing: /tmp/tmp.iH9s3v4NjZ/llvm/include/llvm/Support/LowLevelTypeImpl.h
-- Installing: /tmp/tmp.iH9s3v4NjZ/llvm/include/llvm/Support/DataExtractor.h
-- Installing: /tmp/tmp.iH9s3v4NjZ/llvm/include/llvm/Support/MemoryBufferRef.h
-- Installing: /tmp/tmp.iH9s3v4NjZ/llvm/include/llvm/Support/ARMEHABI.h
-- Installing: /tmp/tmp.iH9s3v4NjZ/llvm/include/llvm/Support/ItaniumManglingCanonicalizer.h
-- Installing: /tmp/tmp.iH9s3v4NjZ/llvm/include/llvm/Support/StringSaver.h
-- Installing: /tmp/tmp.iH9s3v4NjZ/llvm/include/llvm/Support/GenericIteratedDominanceFrontier.h
-- Installing: /tmp/tmp.iH9s3v4NjZ/llvm/include/llvm/Support/LineIterator.h
-- Installing: /tmp/tmp.iH9s3v4NjZ/llvm/include/llvm/Support/ARMBuildAttributes.h
-- Installing: /tmp/tmp.iH9s3v4NjZ/llvm/include/llvm/Support/SourceMgr.h
-- Installing: /tmp/tmp.iH9s3v4NjZ/llvm/include/llvm/Support/AutoConvert.h
-- Installing: /tmp/tmp.iH9s3v4NjZ/llvm/include/llvm/Support/FormatProviders.h
-- Installing: /tmp/tmp.iH9s3v4NjZ/llvm/include/llvm/Support/BinaryItemStream.h
-- Installing: /tmp/tmp.iH9s3v4NjZ/llvm/include/llvm/Support/ExtensibleRTTI.h
-- Installing: /tmp/tmp.iH9s3v4NjZ/llvm/include/llvm/Support/LockFileManager.h
-- Installing: /tmp/tmp.iH9s3v4NjZ/llvm/include/llvm/Support/SuffixTree.h
-- Installing: /tmp/tmp.iH9s3v4NjZ/llvm/include/llvm/Support/TypeName.h
-- Installing: /tmp/tmp.iH9s3v4NjZ/llvm/include/llvm/Support/SHA256.h
-- Installing: /tmp/tmp.iH9s3v4NjZ/llvm/include/llvm/Support/MipsABIFlags.h
-- Installing: /tmp/tmp.iH9s3v4NjZ/llvm/include/llvm/Support/SHA1.h
-- Installing: /tmp/tmp.iH9s3v4NjZ/llvm/include/llvm/Support/OnDiskHashTable.h
-- Installing: /tmp/tmp.iH9s3v4NjZ/llvm/include/llvm/Support/PointerLikeTypeTraits.h
-- Installing: /tmp/tmp.iH9s3v4NjZ/llvm/include/llvm/Support/Atomic.h
-- Installing: /tmp/tmp.iH9s3v4NjZ/llvm/include/llvm/Support/Compression.h
-- Installing: /tmp/tmp.iH9s3v4NjZ/llvm/include/llvm/Support/raw_ostream.h
-- Installing: /tmp/tmp.iH9s3v4NjZ/llvm/include/llvm/Support/CheckedArithmetic.h
-- Installing: /tmp/tmp.iH9s3v4NjZ/llvm/include/llvm/Support/ARMWinEH.h
-- Installing: /tmp/tmp.iH9s3v4NjZ/llvm/include/llvm/Support/CommandLine.h
-- Installing: /tmp/tmp.iH9s3v4NjZ/llvm/include/llvm/Support/TargetOpcodes.def
-- Installing: /tmp/tmp.iH9s3v4NjZ/llvm/include/llvm/Support/GenericDomTreeConstruction.h
-- Installing: /tmp/tmp.iH9s3v4NjZ/llvm/include/llvm/Support/FileSystem
-- Installing: /tmp/tmp.iH9s3v4NjZ/llvm/include/llvm/Support/FileSystem/UniqueID.h
-- Installing: /tmp/tmp.iH9s3v4NjZ/llvm/include/llvm/Support/DynamicLibrary.h
-- Installing: /tmp/tmp.iH9s3v4NjZ/llvm/include/llvm/Support/BlockFrequency.h
-- Installing: /tmp/tmp.iH9s3v4NjZ/llvm/include/llvm/Support/PluginLoader.h
-- Installing: /tmp/tmp.iH9s3v4NjZ/llvm/include/llvm/Support/Parallel.h
-- Installing: /tmp/tmp.iH9s3v4NjZ/llvm/include/llvm/Support/Regex.h
-- Installing: /tmp/tmp.iH9s3v4NjZ/llvm/include/llvm/Support/SMTAPI.h
-- Installing: /tmp/tmp.iH9s3v4NjZ/llvm/include/llvm/Support/thread.h
-- Installing: /tmp/tmp.iH9s3v4NjZ/llvm/include/llvm/Support/X86TargetParser.h
-- Installing: /tmp/tmp.iH9s3v4NjZ/llvm/include/llvm/Support/ELFAttributeParser.h
-- Installing: /tmp/tmp.iH9s3v4NjZ/llvm/include/llvm/Support/Threading.h
-- Installing: /tmp/tmp.iH9s3v4NjZ/llvm/include/llvm/Support/DXILOperationCommon.h
-- Installing: /tmp/tmp.iH9s3v4NjZ/llvm/include/llvm/Support/LICENSE.TXT
-- Installing: /tmp/tmp.iH9s3v4NjZ/llvm/include/llvm/Support/BinaryStreamArray.h
-- Installing: /tmp/tmp.iH9s3v4NjZ/llvm/include/llvm/Support/FileOutputBuffer.h
-- Installing: /tmp/tmp.iH9s3v4NjZ/llvm/include/llvm/Support/AArch64TargetParser.h
-- Installing: /tmp/tmp.iH9s3v4NjZ/llvm/include/llvm/Support/CrashRecoveryContext.h
-- Installing: /tmp/tmp.iH9s3v4NjZ/llvm/include/llvm/Support/CodeGenCoverage.h
-- Installing: /tmp/tmp.iH9s3v4NjZ/llvm/include/llvm/Support/COM.h
-- Installing: /tmp/tmp.iH9s3v4NjZ/llvm/include/llvm/Support/FormatVariadicDetails.h
-- Installing: /tmp/tmp.iH9s3v4NjZ/llvm/include/llvm/Support/DivisionByConstantInfo.h
-- Installing: /tmp/tmp.iH9s3v4NjZ/llvm/include/llvm/Support/HashBuilder.h
-- Installing: /tmp/tmp.iH9s3v4NjZ/llvm/include/llvm/Support/Discriminator.h
-- Installing: /tmp/tmp.iH9s3v4NjZ/llvm/include/llvm/Support/RISCVISAInfo.h
-- Installing: /tmp/tmp.iH9s3v4NjZ/llvm/include/llvm/Support/RISCVAttributes.h
-- Installing: /tmp/tmp.iH9s3v4NjZ/llvm/include/llvm/Support/ErrorOr.h
-- Installing: /tmp/tmp.iH9s3v4NjZ/llvm/include/llvm/Support/ToolOutputFile.h
-- Installing: /tmp/tmp.iH9s3v4NjZ/llvm/include/llvm/Support/ScopedPrinter.h
-- Installing: /tmp/tmp.iH9s3v4NjZ/llvm/include/llvm/Support/Signals.h
-- Installing: /tmp/tmp.iH9s3v4NjZ/llvm/include/llvm/Support/ModRef.h
-- Installing: /tmp/tmp.iH9s3v4NjZ/llvm/include/llvm/Support/CodeGen.h
-- Installing: /tmp/tmp.iH9s3v4NjZ/llvm/include/llvm/Support/TargetSelect.h
-- Installing: /tmp/tmp.iH9s3v4NjZ/llvm/include/llvm/Support/RecyclingAllocator.h
-- Installing: /tmp/tmp.iH9s3v4NjZ/llvm/include/llvm/Support/CSKYAttributes.h
-- Installing: /tmp/tmp.iH9s3v4NjZ/llvm/include/llvm/Support/DJB.h
-- Installing: /tmp/tmp.iH9s3v4NjZ/llvm/include/llvm/Support/SMLoc.h
-- Installing: /tmp/tmp.iH9s3v4NjZ/llvm/include/llvm/Support/TrailingObjects.h
-- Installing: /tmp/tmp.iH9s3v4NjZ/llvm/include/llvm/Support/MachineValueType.h
-- Installing: /tmp/tmp.iH9s3v4NjZ/llvm/include/llvm/Support/Memory.h
-- Installing: /tmp/tmp.iH9s3v4NjZ/llvm/include/llvm/Support/ReverseIteration.h
-- Installing: /tmp/tmp.iH9s3v4NjZ/llvm/include/llvm/Support/CSKYTargetParser.h
-- Installing: /tmp/tmp.iH9s3v4NjZ/llvm/include/llvm/Support/MD5.h
-- Installing: /tmp/tmp.iH9s3v4NjZ/llvm/include/llvm/Support/Errc.h
-- Installing: /tmp/tmp.iH9s3v4NjZ/llvm/include/llvm/Support/TaskQueue.h
-- Installing: /tmp/tmp.iH9s3v4NjZ/llvm/include/llvm/Support/YAMLTraits.h
-- Installing: /tmp/tmp.iH9s3v4NjZ/llvm/include/llvm/Support/Alignment.h
-- Installing: /tmp/tmp.iH9s3v4NjZ/llvm/include/llvm/Support/BCD.h
-- Installing: /tmp/tmp.iH9s3v4NjZ/llvm/include/llvm/Support/SystemUtils.h
-- Installing: /tmp/tmp.iH9s3v4NjZ/llvm/include/llvm/Support/raw_sha1_ostream.h
-- Installing: /tmp/tmp.iH9s3v4NjZ/llvm/include/llvm/Support/X86TargetParser.def
-- Installing: /tmp/tmp.iH9s3v4NjZ/llvm/include/llvm/Support/BinaryStream.h
-- Installing: /tmp/tmp.iH9s3v4NjZ/llvm/include/llvm/Support/MSVCErrorWorkarounds.h
-- Installing: /tmp/tmp.iH9s3v4NjZ/llvm/include/llvm/Support/NativeFormatting.h
-- Installing: /tmp/tmp.iH9s3v4NjZ/llvm/include/llvm/Support/BLAKE3.h
-- Installing: /tmp/tmp.iH9s3v4NjZ/llvm/include/llvm/Support/BranchProbability.h
-- Installing: /tmp/tmp.iH9s3v4NjZ/llvm/include/llvm/Support/BinaryStreamWriter.h
-- Installing: /tmp/tmp.iH9s3v4NjZ/llvm/include/llvm/Support/PrettyStackTrace.h
-- Installing: /tmp/tmp.iH9s3v4NjZ/llvm/include/llvm/Support/LEB128.h
-- Installing: /tmp/tmp.iH9s3v4NjZ/llvm/include/llvm/Support/KnownBits.h
-- Installing: /tmp/tmp.iH9s3v4NjZ/llvm/include/llvm/Support/FileSystem.h
-- Installing: /tmp/tmp.iH9s3v4NjZ/llvm/include/llvm/Support/InitLLVM.h
-- Installing: /tmp/tmp.iH9s3v4NjZ/llvm/include/llvm/Support/CBindingWrapping.h
-- Installing: /tmp/tmp.iH9s3v4NjZ/llvm/include/llvm/Support/Timer.h
-- Installing: /tmp/tmp.iH9s3v4NjZ/llvm/include/llvm/Support/raw_os_ostream.h
-- Installing: /tmp/tmp.iH9s3v4NjZ/llvm/include/llvm/Support/Duration.h
-- Installing: /tmp/tmp.iH9s3v4NjZ/llvm/include/llvm/Support/MemAlloc.h
-- Installing: /tmp/tmp.iH9s3v4NjZ/llvm/include/llvm/Support/Casting.h
-- Installing: /tmp/tmp.iH9s3v4NjZ/llvm/include/llvm/Support/Errno.h
-- Installing: /tmp/tmp.iH9s3v4NjZ/llvm/include/llvm/Support/ArrayRecycler.h
-- Installing: /tmp/tmp.iH9s3v4NjZ/llvm/include/llvm/Support/Debug.h
-- Installing: /tmp/tmp.iH9s3v4NjZ/llvm/include/llvm/Support/MSP430Attributes.h
-- Installing: /tmp/tmp.iH9s3v4NjZ/llvm/include/llvm/Support/Mutex.h
-- Installing: /tmp/tmp.iH9s3v4NjZ/llvm/include/llvm/Support/Registry.h
-- Installing: /tmp/tmp.iH9s3v4NjZ/llvm/include/llvm/Support/Error.h
-- Installing: /tmp/tmp.iH9s3v4NjZ/llvm/include/llvm/Support/ConvertUTF.h
-- Installing: /tmp/tmp.iH9s3v4NjZ/llvm/include/llvm/Support/Windows
-- Installing: /tmp/tmp.iH9s3v4NjZ/llvm/include/llvm/Support/Windows/WindowsSupport.h
-- Installing: /tmp/tmp.iH9s3v4NjZ/llvm/include/llvm/Support/BinaryStreamError.h
-- Installing: /tmp/tmp.iH9s3v4NjZ/llvm/include/llvm/Support/Compiler.h
-- Installing: /tmp/tmp.iH9s3v4NjZ/llvm/include/llvm/Support/Chrono.h
-- Installing: /tmp/tmp.iH9s3v4NjZ/llvm/include/llvm/Support/GenericDomTree.h
-- Installing: /tmp/tmp.iH9s3v4NjZ/llvm/include/llvm/Support/BinaryByteStream.h
-- Installing: /tmp/tmp.iH9s3v4NjZ/llvm/include/llvm/Support/FormatAdapters.h
-- Installing: /tmp/tmp.iH9s3v4NjZ/llvm/include/llvm/Support/ThreadPool.h
-- Installing: /tmp/tmp.iH9s3v4NjZ/llvm/include/llvm/Support/Automaton.h
-- Installing: /tmp/tmp.iH9s3v4NjZ/llvm/include/llvm/Support/CFGUpdate.h
-- Installing: /tmp/tmp.iH9s3v4NjZ/llvm/include/llvm/Support/GlobPattern.h
-- Installing: /tmp/tmp.iH9s3v4NjZ/llvm/include/llvm/Support/BinaryStreamReader.h
-- Installing: /tmp/tmp.iH9s3v4NjZ/llvm/include/llvm/Support/SaveAndRestore.h
-- Installing: /tmp/tmp.iH9s3v4NjZ/llvm/include/llvm/Support/ELFAttributes.h
-- Installing: /tmp/tmp.iH9s3v4NjZ/llvm/include/llvm/Support/Allocator.h
-- Installing: /tmp/tmp.iH9s3v4NjZ/llvm/include/llvm/PassRegistry.h
-- Installing: /tmp/tmp.iH9s3v4NjZ/llvm/include/llvm/ObjectYAML
-- Installing: /tmp/tmp.iH9s3v4NjZ/llvm/include/llvm/ObjectYAML/MinidumpYAML.h
-- Installing: /tmp/tmp.iH9s3v4NjZ/llvm/include/llvm/ObjectYAML/yaml2obj.h
-- Installing: /tmp/tmp.iH9s3v4NjZ/llvm/include/llvm/ObjectYAML/CodeViewYAMLTypeHashing.h
-- Installing: /tmp/tmp.iH9s3v4NjZ/llvm/include/llvm/ObjectYAML/ELFYAML.h
-- Installing: /tmp/tmp.iH9s3v4NjZ/llvm/include/llvm/ObjectYAML/DXContainerYAML.h
-- Installing: /tmp/tmp.iH9s3v4NjZ/llvm/include/llvm/ObjectYAML/CodeViewYAMLDebugSections.h
-- Installing: /tmp/tmp.iH9s3v4NjZ/llvm/include/llvm/ObjectYAML/DWARFEmitter.h
-- Installing: /tmp/tmp.iH9s3v4NjZ/llvm/include/llvm/ObjectYAML/YAML.h
-- Installing: /tmp/tmp.iH9s3v4NjZ/llvm/include/llvm/ObjectYAML/ArchiveYAML.h
-- Installing: /tmp/tmp.iH9s3v4NjZ/llvm/include/llvm/ObjectYAML/CodeViewYAMLSymbols.h
-- Installing: /tmp/tmp.iH9s3v4NjZ/llvm/include/llvm/ObjectYAML/COFFYAML.h
-- Installing: /tmp/tmp.iH9s3v4NjZ/llvm/include/llvm/ObjectYAML/XCOFFYAML.h
-- Installing: /tmp/tmp.iH9s3v4NjZ/llvm/include/llvm/ObjectYAML/OffloadYAML.h
-- Installing: /tmp/tmp.iH9s3v4NjZ/llvm/include/llvm/ObjectYAML/DWARFYAML.h
-- Installing: /tmp/tmp.iH9s3v4NjZ/llvm/include/llvm/ObjectYAML/CodeViewYAMLTypes.h
-- Installing: /tmp/tmp.iH9s3v4NjZ/llvm/include/llvm/ObjectYAML/MachOYAML.h
-- Installing: /tmp/tmp.iH9s3v4NjZ/llvm/include/llvm/ObjectYAML/WasmYAML.h
-- Installing: /tmp/tmp.iH9s3v4NjZ/llvm/include/llvm/ObjectYAML/ObjectYAML.h
-- Installing: /tmp/tmp.iH9s3v4NjZ/llvm/include/llvm/TargetParser
-- Installing: /tmp/tmp.iH9s3v4NjZ/llvm/include/llvm/TargetParser/Triple.h
-- Installing: /tmp/tmp.iH9s3v4NjZ/llvm/include/llvm/TargetParser/CSKYTargetParser.h
-- Installing: /tmp/tmp.iH9s3v4NjZ/llvm/include/llvm/TargetParser/ARMTargetParser.h
-- Installing: /tmp/tmp.iH9s3v4NjZ/llvm/include/llvm/TargetParser/RISCVTargetParser.h
-- Installing: /tmp/tmp.iH9s3v4NjZ/llvm/include/llvm/TargetParser/TargetParser.h
-- Installing: /tmp/tmp.iH9s3v4NjZ/llvm/include/llvm/TargetParser/AArch64TargetParser.h
-- Installing: /tmp/tmp.iH9s3v4NjZ/llvm/include/llvm/TargetParser/X86TargetParser.h
-- Installing: /tmp/tmp.iH9s3v4NjZ/llvm/include/llvm/TargetParser/Host.h
-- Installing: /tmp/tmp.iH9s3v4NjZ/llvm/include/llvm/TargetParser/ARMTargetParser.def
-- Installing: /tmp/tmp.iH9s3v4NjZ/llvm/include/llvm/TargetParser/LoongArchTargetParser.def
-- Installing: /tmp/tmp.iH9s3v4NjZ/llvm/include/llvm/TargetParser/CSKYTargetParser.def
-- Installing: /tmp/tmp.iH9s3v4NjZ/llvm/include/llvm/TargetParser/X86TargetParser.def
-- Installing: /tmp/tmp.iH9s3v4NjZ/llvm/include/llvm/TargetParser/ARMTargetParserCommon.h
-- Installing: /tmp/tmp.iH9s3v4NjZ/llvm/include/llvm/TargetParser/LoongArchTargetParser.h
-- Installing: /tmp/tmp.iH9s3v4NjZ/llvm/include/llvm/TableGen
-- Installing: /tmp/tmp.iH9s3v4NjZ/llvm/include/llvm/TableGen/Error.h
-- Installing: /tmp/tmp.iH9s3v4NjZ/llvm/include/llvm/TableGen/Record.h
-- Installing: /tmp/tmp.iH9s3v4NjZ/llvm/include/llvm/TableGen/Automaton.td
-- Installing: /tmp/tmp.iH9s3v4NjZ/llvm/include/llvm/TableGen/SetTheory.h
-- Installing: /tmp/tmp.iH9s3v4NjZ/llvm/include/llvm/TableGen/Parser.h
-- Installing: /tmp/tmp.iH9s3v4NjZ/llvm/include/llvm/TableGen/TableGenBackend.h
-- Installing: /tmp/tmp.iH9s3v4NjZ/llvm/include/llvm/TableGen/SearchableTable.td
-- Installing: /tmp/tmp.iH9s3v4NjZ/llvm/include/llvm/TableGen/StringMatcher.h
-- Installing: /tmp/tmp.iH9s3v4NjZ/llvm/include/llvm/TableGen/StringToOffsetTable.h
-- Installing: /tmp/tmp.iH9s3v4NjZ/llvm/include/llvm/TableGen/Main.h
-- Installing: /tmp/tmp.iH9s3v4NjZ/llvm/include/llvm/TableGen/DirectiveEmitter.h
-- Installing: /tmp/tmp.iH9s3v4NjZ/llvm/include/llvm/IRReader
-- Installing: /tmp/tmp.iH9s3v4NjZ/llvm/include/llvm/IRReader/IRReader.h
-- Installing: /tmp/tmp.iH9s3v4NjZ/llvm/include/llvm/ADT
-- Installing: /tmp/tmp.iH9s3v4NjZ/llvm/include/llvm/ADT/SparseBitVector.h
-- Installing: /tmp/tmp.iH9s3v4NjZ/llvm/include/llvm/ADT/MapVector.h
-- Installing: /tmp/tmp.iH9s3v4NjZ/llvm/include/llvm/ADT/PostOrderIterator.h
-- Installing: /tmp/tmp.iH9s3v4NjZ/llvm/include/llvm/ADT/ilist.h
-- Installing: /tmp/tmp.iH9s3v4NjZ/llvm/include/llvm/ADT/STLFunctionalExtras.h
-- Installing: /tmp/tmp.iH9s3v4NjZ/llvm/include/llvm/ADT/iterator_range.h
-- Installing: /tmp/tmp.iH9s3v4NjZ/llvm/include/llvm/ADT/edit_distance.h
-- Installing: /tmp/tmp.iH9s3v4NjZ/llvm/include/llvm/ADT/SetOperations.h
-- Installing: /tmp/tmp.iH9s3v4NjZ/llvm/include/llvm/ADT/DenseMapInfo.h
-- Installing: /tmp/tmp.iH9s3v4NjZ/llvm/include/llvm/ADT/AllocatorList.h
-- Installing: /tmp/tmp.iH9s3v4NjZ/llvm/include/llvm/ADT/GenericUniformityInfo.h
-- Installing: /tmp/tmp.iH9s3v4NjZ/llvm/include/llvm/ADT/FoldingSet.h
-- Installing: /tmp/tmp.iH9s3v4NjZ/llvm/include/llvm/ADT/SparseSet.h
-- Installing: /tmp/tmp.iH9s3v4NjZ/llvm/include/llvm/ADT/SmallBitVector.h
-- Installing: /tmp/tmp.iH9s3v4NjZ/llvm/include/llvm/ADT/APFloat.h
-- Installing: /tmp/tmp.iH9s3v4NjZ/llvm/include/llvm/ADT/IntervalMap.h
-- Installing: /tmp/tmp.iH9s3v4NjZ/llvm/include/llvm/ADT/ImmutableMap.h
-- Installing: /tmp/tmp.iH9s3v4NjZ/llvm/include/llvm/ADT/UniqueVector.h
-- Installing: /tmp/tmp.iH9s3v4NjZ/llvm/include/llvm/ADT/BreadthFirstIterator.h
-- Installing: /tmp/tmp.iH9s3v4NjZ/llvm/include/llvm/ADT/iterator.h
-- Installing: /tmp/tmp.iH9s3v4NjZ/llvm/include/llvm/ADT/STLExtras.h
-- Installing: /tmp/tmp.iH9s3v4NjZ/llvm/include/llvm/ADT/SmallPtrSet.h
-- Installing: /tmp/tmp.iH9s3v4NjZ/llvm/include/llvm/ADT/fallible_iterator.h
-- Installing: /tmp/tmp.iH9s3v4NjZ/llvm/include/llvm/ADT/TinyPtrVector.h
-- Installing: /tmp/tmp.iH9s3v4NjZ/llvm/include/llvm/ADT/GraphTraits.h
-- Installing: /tmp/tmp.iH9s3v4NjZ/llvm/include/llvm/ADT/SmallVector.h
-- Installing: /tmp/tmp.iH9s3v4NjZ/llvm/include/llvm/ADT/GenericCycleInfo.h
-- Installing: /tmp/tmp.iH9s3v4NjZ/llvm/include/llvm/ADT/IndexedMap.h
-- Installing: /tmp/tmp.iH9s3v4NjZ/llvm/include/llvm/ADT/SmallString.h
-- Installing: /tmp/tmp.iH9s3v4NjZ/llvm/include/llvm/ADT/DAGDeltaAlgorithm.h
-- Installing: /tmp/tmp.iH9s3v4NjZ/llvm/include/llvm/ADT/DenseMap.h
-- Installing: /tmp/tmp.iH9s3v4NjZ/llvm/include/llvm/ADT/ilist_node_base.h
-- Installing: /tmp/tmp.iH9s3v4NjZ/llvm/include/llvm/ADT/ScopedHashTable.h
-- Installing: /tmp/tmp.iH9s3v4NjZ/llvm/include/llvm/ADT/DirectedGraph.h
-- Installing: /tmp/tmp.iH9s3v4NjZ/llvm/include/llvm/ADT/ImmutableSet.h
-- Installing: /tmp/tmp.iH9s3v4NjZ/llvm/include/llvm/ADT/None.h
-- Installing: /tmp/tmp.iH9s3v4NjZ/llvm/include/llvm/ADT/EpochTracker.h
-- Installing: /tmp/tmp.iH9s3v4NjZ/llvm/include/llvm/ADT/ilist_iterator.h
-- Installing: /tmp/tmp.iH9s3v4NjZ/llvm/include/llvm/ADT/PointerUnion.h
-- Installing: /tmp/tmp.iH9s3v4NjZ/llvm/include/llvm/ADT/EquivalenceClasses.h
-- Installing: /tmp/tmp.iH9s3v4NjZ/llvm/include/llvm/ADT/PriorityWorklist.h
-- Installing: /tmp/tmp.iH9s3v4NjZ/llvm/include/llvm/ADT/DenseSet.h
-- Installing: /tmp/tmp.iH9s3v4NjZ/llvm/include/llvm/ADT/ilist_node.h
-- Installing: /tmp/tmp.iH9s3v4NjZ/llvm/include/llvm/ADT/StringSwitch.h
-- Installing: /tmp/tmp.iH9s3v4NjZ/llvm/include/llvm/ADT/SparseMultiSet.h
-- Installing: /tmp/tmp.iH9s3v4NjZ/llvm/include/llvm/ADT/PriorityQueue.h
-- Installing: /tmp/tmp.iH9s3v4NjZ/llvm/include/llvm/ADT/ArrayRef.h
-- Installing: /tmp/tmp.iH9s3v4NjZ/llvm/include/llvm/ADT/StringSet.h
-- Installing: /tmp/tmp.iH9s3v4NjZ/llvm/include/llvm/ADT/ImmutableList.h
-- Installing: /tmp/tmp.iH9s3v4NjZ/llvm/include/llvm/ADT/ilist_base.h
-- Installing: /tmp/tmp.iH9s3v4NjZ/llvm/include/llvm/ADT/Triple.h
-- Installing: /tmp/tmp.iH9s3v4NjZ/llvm/include/llvm/ADT/bit.h
-- Installing: /tmp/tmp.iH9s3v4NjZ/llvm/include/llvm/ADT/Sequence.h
-- Installing: /tmp/tmp.iH9s3v4NjZ/llvm/include/llvm/ADT/StringRef.h
-- Installing: /tmp/tmp.iH9s3v4NjZ/llvm/include/llvm/ADT/EnumeratedArray.h
-- Installing: /tmp/tmp.iH9s3v4NjZ/llvm/include/llvm/ADT/StringExtras.h
-- Installing: /tmp/tmp.iH9s3v4NjZ/llvm/include/llvm/ADT/STLForwardCompat.h
-- Installing: /tmp/tmp.iH9s3v4NjZ/llvm/include/llvm/ADT/IntrusiveRefCntPtr.h
-- Installing: /tmp/tmp.iH9s3v4NjZ/llvm/include/llvm/ADT/PointerIntPair.h
-- Installing: /tmp/tmp.iH9s3v4NjZ/llvm/include/llvm/ADT/Any.h
-- Installing: /tmp/tmp.iH9s3v4NjZ/llvm/include/llvm/ADT/APSInt.h
-- Installing: /tmp/tmp.iH9s3v4NjZ/llvm/include/llvm/ADT/APInt.h
-- Installing: /tmp/tmp.iH9s3v4NjZ/llvm/include/llvm/ADT/DepthFirstIterator.h
-- Installing: /tmp/tmp.iH9s3v4NjZ/llvm/include/llvm/ADT/Twine.h
-- Installing: /tmp/tmp.iH9s3v4NjZ/llvm/include/llvm/ADT/PackedVector.h
-- Installing: /tmp/tmp.iH9s3v4NjZ/llvm/include/llvm/ADT/PointerEmbeddedInt.h
-- Installing: /tmp/tmp.iH9s3v4NjZ/llvm/include/llvm/ADT/identity.h
-- Installing: /tmp/tmp.iH9s3v4NjZ/llvm/include/llvm/ADT/CachedHashString.h
-- Installing: /tmp/tmp.iH9s3v4NjZ/llvm/include/llvm/ADT/simple_ilist.h
-- Installing: /tmp/tmp.iH9s3v4NjZ/llvm/include/llvm/ADT/CombinationGenerator.h
-- Installing: /tmp/tmp.iH9s3v4NjZ/llvm/include/llvm/ADT/TypeSwitch.h
-- Installing: /tmp/tmp.iH9s3v4NjZ/llvm/include/llvm/ADT/GenericCycleImpl.h
-- Installing: /tmp/tmp.iH9s3v4NjZ/llvm/include/llvm/ADT/FloatingPointMode.h
-- Installing: /tmp/tmp.iH9s3v4NjZ/llvm/include/llvm/ADT/Hashing.h
-- Installing: /tmp/tmp.iH9s3v4NjZ/llvm/include/llvm/ADT/GenericSSAContext.h
-- Installing: /tmp/tmp.iH9s3v4NjZ/llvm/include/llvm/ADT/IntervalTree.h
-- Installing: /tmp/tmp.iH9s3v4NjZ/llvm/include/llvm/ADT/Uniformity.h
-- Installing: /tmp/tmp.iH9s3v4NjZ/llvm/include/llvm/ADT/ilist_node_options.h
-- Installing: /tmp/tmp.iH9s3v4NjZ/llvm/include/llvm/ADT/DeltaAlgorithm.h
-- Installing: /tmp/tmp.iH9s3v4NjZ/llvm/include/llvm/ADT/CoalescingBitVector.h
-- Installing: /tmp/tmp.iH9s3v4NjZ/llvm/include/llvm/ADT/SmallSet.h
-- Installing: /tmp/tmp.iH9s3v4NjZ/llvm/include/llvm/ADT/APFixedPoint.h
-- Installing: /tmp/tmp.iH9s3v4NjZ/llvm/include/llvm/ADT/PointerSumType.h
-- Installing: /tmp/tmp.iH9s3v4NjZ/llvm/include/llvm/ADT/StringMapEntry.h
-- Installing: /tmp/tmp.iH9s3v4NjZ/llvm/include/llvm/ADT/BitmaskEnum.h
-- Installing: /tmp/tmp.iH9s3v4NjZ/llvm/include/llvm/ADT/SCCIterator.h
-- Installing: /tmp/tmp.iH9s3v4NjZ/llvm/include/llvm/ADT/IntEqClasses.h
-- Installing: /tmp/tmp.iH9s3v4NjZ/llvm/include/llvm/ADT/GenericUniformityImpl.h
-- Installing: /tmp/tmp.iH9s3v4NjZ/llvm/include/llvm/ADT/StringMap.h
-- Installing: /tmp/tmp.iH9s3v4NjZ/llvm/include/llvm/ADT/ScopeExit.h
-- Installing: /tmp/tmp.iH9s3v4NjZ/llvm/include/llvm/ADT/BitVector.h
-- Installing: /tmp/tmp.iH9s3v4NjZ/llvm/include/llvm/ADT/Statistic.h
-- Installing: /tmp/tmp.iH9s3v4NjZ/llvm/include/llvm/ADT/AddressRanges.h
-- Installing: /tmp/tmp.iH9s3v4NjZ/llvm/include/llvm/ADT/SetVector.h
-- Installing: /tmp/tmp.iH9s3v4NjZ/llvm/include/llvm/ADT/Bitfields.h
-- Installing: /tmp/tmp.iH9s3v4NjZ/llvm/include/llvm/ADT/FunctionExtras.h
-- Installing: /tmp/tmp.iH9s3v4NjZ/llvm/include/llvm/ADT/Optional.h
-- Installing: /tmp/tmp.iH9s3v4NjZ/llvm/include/llvm/Passes
-- Installing: /tmp/tmp.iH9s3v4NjZ/llvm/include/llvm/Passes/OptimizationLevel.h
-- Installing: /tmp/tmp.iH9s3v4NjZ/llvm/include/llvm/Passes/StandardInstrumentations.h
-- Installing: /tmp/tmp.iH9s3v4NjZ/llvm/include/llvm/Passes/PassPlugin.h
-- Installing: /tmp/tmp.iH9s3v4NjZ/llvm/include/llvm/Passes/PassBuilder.h
-- Installing: /tmp/tmp.iH9s3v4NjZ/llvm/include/llvm/ToolDrivers
-- Installing: /tmp/tmp.iH9s3v4NjZ/llvm/include/llvm/ToolDrivers/llvm-dlltool
-- Installing: /tmp/tmp.iH9s3v4NjZ/llvm/include/llvm/ToolDrivers/llvm-dlltool/DlltoolDriver.h
-- Installing: /tmp/tmp.iH9s3v4NjZ/llvm/include/llvm/ToolDrivers/llvm-lib
-- Installing: /tmp/tmp.iH9s3v4NjZ/llvm/include/llvm/ToolDrivers/llvm-lib/LibDriver.h
-- Installing: /tmp/tmp.iH9s3v4NjZ/llvm/include/llvm/DWARFLinkerParallel
-- Installing: /tmp/tmp.iH9s3v4NjZ/llvm/include/llvm/DWARFLinkerParallel/DWARFLinker.h
-- Installing: /tmp/tmp.iH9s3v4NjZ/llvm/include/llvm/CodeGen
-- Installing: /tmp/tmp.iH9s3v4NjZ/llvm/include/llvm/CodeGen/CFIFixup.h
-- Installing: /tmp/tmp.iH9s3v4NjZ/llvm/include/llvm/CodeGen/CSEConfigBase.h
-- Installing: /tmp/tmp.iH9s3v4NjZ/llvm/include/llvm/CodeGen/SelectionDAGNodes.h
-- Installing: /tmp/tmp.iH9s3v4NjZ/llvm/include/llvm/CodeGen/ValueTypes.td
-- Installing: /tmp/tmp.iH9s3v4NjZ/llvm/include/llvm/CodeGen/AssignmentTrackingAnalysis.h
-- Installing: /tmp/tmp.iH9s3v4NjZ/llvm/include/llvm/CodeGen/WinEHFuncInfo.h
-- Installing: /tmp/tmp.iH9s3v4NjZ/llvm/include/llvm/CodeGen/ParallelCG.h
-- Installing: /tmp/tmp.iH9s3v4NjZ/llvm/include/llvm/CodeGen/SwiftErrorValueTracking.h
-- Installing: /tmp/tmp.iH9s3v4NjZ/llvm/include/llvm/CodeGen/RegisterUsageInfo.h
-- Installing: /tmp/tmp.iH9s3v4NjZ/llvm/include/llvm/CodeGen/MachineLoopUtils.h
-- Installing: /tmp/tmp.iH9s3v4NjZ/llvm/include/llvm/CodeGen/BasicTTIImpl.h
-- Installing: /tmp/tmp.iH9s3v4NjZ/llvm/include/llvm/CodeGen/MachineBlockFrequencyInfo.h
-- Installing: /tmp/tmp.iH9s3v4NjZ/llvm/include/llvm/CodeGen/SwitchLoweringUtils.h
-- Installing: /tmp/tmp.iH9s3v4NjZ/llvm/include/llvm/CodeGen/TargetSubtargetInfo.h
-- Installing: /tmp/tmp.iH9s3v4NjZ/llvm/include/llvm/CodeGen/DFAPacketizer.h
-- Installing: /tmp/tmp.iH9s3v4NjZ/llvm/include/llvm/CodeGen/MachineOptimizationRemarkEmitter.h
-- Installing: /tmp/tmp.iH9s3v4NjZ/llvm/include/llvm/CodeGen/GCMetadataPrinter.h
-- Installing: /tmp/tmp.iH9s3v4NjZ/llvm/include/llvm/CodeGen/RegisterBankInfo.h
-- Installing: /tmp/tmp.iH9s3v4NjZ/llvm/include/llvm/CodeGen/FastISel.h
-- Installing: /tmp/tmp.iH9s3v4NjZ/llvm/include/llvm/CodeGen/MachineFrameInfo.h
-- Installing: /tmp/tmp.iH9s3v4NjZ/llvm/include/llvm/CodeGen/DebugHandlerBase.h
-- Installing: /tmp/tmp.iH9s3v4NjZ/llvm/include/llvm/CodeGen/LinkAllCodegenComponents.h
-- Installing: /tmp/tmp.iH9s3v4NjZ/llvm/include/llvm/CodeGen/AntiDepBreaker.h
-- Installing: /tmp/tmp.iH9s3v4NjZ/llvm/include/llvm/CodeGen/TargetSchedule.h
-- Installing: /tmp/tmp.iH9s3v4NjZ/llvm/include/llvm/CodeGen/LoopTraversal.h
-- Installing: /tmp/tmp.iH9s3v4NjZ/llvm/include/llvm/CodeGen/PBQPRAConstraint.h
-- Installing: /tmp/tmp.iH9s3v4NjZ/llvm/include/llvm/CodeGen/SelectionDAGTargetInfo.h
-- Installing: /tmp/tmp.iH9s3v4NjZ/llvm/include/llvm/CodeGen/MachineModuleInfo.h
-- Installing: /tmp/tmp.iH9s3v4NjZ/llvm/include/llvm/CodeGen/GCMetadata.h
-- Installing: /tmp/tmp.iH9s3v4NjZ/llvm/include/llvm/CodeGen/TargetLoweringObjectFileImpl.h
-- Installing: /tmp/tmp.iH9s3v4NjZ/llvm/include/llvm/CodeGen/FaultMaps.h
-- Installing: /tmp/tmp.iH9s3v4NjZ/llvm/include/llvm/CodeGen/MachineConstantPool.h
-- Installing: /tmp/tmp.iH9s3v4NjZ/llvm/include/llvm/CodeGen/UnreachableBlockElim.h
-- Installing: /tmp/tmp.iH9s3v4NjZ/llvm/include/llvm/CodeGen/RegisterClassInfo.h
-- Installing: /tmp/tmp.iH9s3v4NjZ/llvm/include/llvm/CodeGen/MIRParser
-- Installing: /tmp/tmp.iH9s3v4NjZ/llvm/include/llvm/CodeGen/MIRParser/MIRParser.h
-- Installing: /tmp/tmp.iH9s3v4NjZ/llvm/include/llvm/CodeGen/MIRParser/MIParser.h
-- Installing: /tmp/tmp.iH9s3v4NjZ/llvm/include/llvm/CodeGen/LiveStacks.h
-- Installing: /tmp/tmp.iH9s3v4NjZ/llvm/include/llvm/CodeGen/MachineInstrBundleIterator.h
-- Installing: /tmp/tmp.iH9s3v4NjZ/llvm/include/llvm/CodeGen/DIE.h
-- Installing: /tmp/tmp.iH9s3v4NjZ/llvm/include/llvm/CodeGen/TargetInstrInfo.h
-- Installing: /tmp/tmp.iH9s3v4NjZ/llvm/include/llvm/CodeGen/MachineDominanceFrontier.h
-- Installing: /tmp/tmp.iH9s3v4NjZ/llvm/include/llvm/CodeGen/CallingConvLower.h
-- Installing: /tmp/tmp.iH9s3v4NjZ/llvm/include/llvm/CodeGen/MachineRegisterInfo.h
-- Installing: /tmp/tmp.iH9s3v4NjZ/llvm/include/llvm/CodeGen/MachineMemOperand.h
-- Installing: /tmp/tmp.iH9s3v4NjZ/llvm/include/llvm/CodeGen/RegisterScavenging.h
-- Installing: /tmp/tmp.iH9s3v4NjZ/llvm/include/llvm/CodeGen/PreISelIntrinsicLowering.h
-- Installing: /tmp/tmp.iH9s3v4NjZ/llvm/include/llvm/CodeGen/AsmPrinterHandler.h
-- Installing: /tmp/tmp.iH9s3v4NjZ/llvm/include/llvm/CodeGen/WasmEHFuncInfo.h
-- Installing: /tmp/tmp.iH9s3v4NjZ/llvm/include/llvm/CodeGen/Register.h
-- Installing: /tmp/tmp.iH9s3v4NjZ/llvm/include/llvm/CodeGen/RuntimeLibcalls.h
-- Installing: /tmp/tmp.iH9s3v4NjZ/llvm/include/llvm/CodeGen/ScheduleDAGMutation.h
-- Installing: /tmp/tmp.iH9s3v4NjZ/llvm/include/llvm/CodeGen/ReachingDefAnalysis.h
-- Installing: /tmp/tmp.iH9s3v4NjZ/llvm/include/llvm/CodeGen/MachORelocation.h
-- Installing: /tmp/tmp.iH9s3v4NjZ/llvm/include/llvm/CodeGen/ScoreboardHazardRecognizer.h
-- Installing: /tmp/tmp.iH9s3v4NjZ/llvm/include/llvm/CodeGen/TileShapeInfo.h
-- Installing: /tmp/tmp.iH9s3v4NjZ/llvm/include/llvm/CodeGen/SDNodeProperties.td
-- Installing: /tmp/tmp.iH9s3v4NjZ/llvm/include/llvm/CodeGen/MachineInstrBuilder.h
-- Installing: /tmp/tmp.iH9s3v4NjZ/llvm/include/llvm/CodeGen/MachineUniformityAnalysis.h
-- Installing: /tmp/tmp.iH9s3v4NjZ/llvm/include/llvm/CodeGen/LatencyPriorityQueue.h
-- Installing: /tmp/tmp.iH9s3v4NjZ/llvm/include/llvm/CodeGen/EdgeBundles.h
-- Installing: /tmp/tmp.iH9s3v4NjZ/llvm/include/llvm/CodeGen/ValueTypes.h
-- Installing: /tmp/tmp.iH9s3v4NjZ/llvm/include/llvm/CodeGen/RegAllocRegistry.h
-- Installing: /tmp/tmp.iH9s3v4NjZ/llvm/include/llvm/CodeGen/ExpandReductions.h
-- Installing: /tmp/tmp.iH9s3v4NjZ/llvm/include/llvm/CodeGen/TypePromotion.h
-- Installing: /tmp/tmp.iH9s3v4NjZ/llvm/include/llvm/CodeGen/StackProtector.h
-- Installing: /tmp/tmp.iH9s3v4NjZ/llvm/include/llvm/CodeGen/CostTable.h
-- Installing: /tmp/tmp.iH9s3v4NjZ/llvm/include/llvm/CodeGen/MachineBranchProbabilityInfo.h
-- Installing: /tmp/tmp.iH9s3v4NjZ/llvm/include/llvm/CodeGen/TargetPassConfig.h
-- Installing: /tmp/tmp.iH9s3v4NjZ/llvm/include/llvm/CodeGen/MachineScheduler.h
-- Installing: /tmp/tmp.iH9s3v4NjZ/llvm/include/llvm/CodeGen/TargetRegisterInfo.h
-- Installing: /tmp/tmp.iH9s3v4NjZ/llvm/include/llvm/CodeGen/RegisterBank.h
-- Installing: /tmp/tmp.iH9s3v4NjZ/llvm/include/llvm/CodeGen/LazyMachineBlockFrequencyInfo.h
-- Installing: /tmp/tmp.iH9s3v4NjZ/llvm/include/llvm/CodeGen/MIRFSDiscriminator.h
-- Installing: /tmp/tmp.iH9s3v4NjZ/llvm/include/llvm/CodeGen/MachineSSAUpdater.h
-- Installing: /tmp/tmp.iH9s3v4NjZ/llvm/include/llvm/CodeGen/LiveInterval.h
-- Installing: /tmp/tmp.iH9s3v4NjZ/llvm/include/llvm/CodeGen/MachineStableHash.h
-- Installing: /tmp/tmp.iH9s3v4NjZ/llvm/include/llvm/CodeGen/ScheduleHazardRecognizer.h
-- Installing: /tmp/tmp.iH9s3v4NjZ/llvm/include/llvm/CodeGen/LinkAllAsmWriterComponents.h
-- Installing: /tmp/tmp.iH9s3v4NjZ/llvm/include/llvm/CodeGen/DAGCombine.h
-- Installing: /tmp/tmp.iH9s3v4NjZ/llvm/include/llvm/CodeGen/RegAllocPBQP.h
-- Installing: /tmp/tmp.iH9s3v4NjZ/llvm/include/llvm/CodeGen/MachinePipeliner.h
-- Installing: /tmp/tmp.iH9s3v4NjZ/llvm/include/llvm/CodeGen/MachineInstr.h
-- Installing: /tmp/tmp.iH9s3v4NjZ/llvm/include/llvm/CodeGen/MachineOperand.h
-- Installing: /tmp/tmp.iH9s3v4NjZ/llvm/include/llvm/CodeGen/ExpandVectorPredication.h
-- Installing: /tmp/tmp.iH9s3v4NjZ/llvm/include/llvm/CodeGen/MultiHazardRecognizer.h
-- Installing: /tmp/tmp.iH9s3v4NjZ/llvm/include/llvm/CodeGen/TailDuplicator.h
-- Installing: /tmp/tmp.iH9s3v4NjZ/llvm/include/llvm/CodeGen/MIRPrinter.h
-- Installing: /tmp/tmp.iH9s3v4NjZ/llvm/include/llvm/CodeGen/MachinePassRegistry.h
-- Installing: /tmp/tmp.iH9s3v4NjZ/llvm/include/llvm/CodeGen/LexicalScopes.h
-- Installing: /tmp/tmp.iH9s3v4NjZ/llvm/include/llvm/CodeGen/RegAllocCommon.h
-- Installing: /tmp/tmp.iH9s3v4NjZ/llvm/include/llvm/CodeGen/ISDOpcodes.h
-- Installing: /tmp/tmp.iH9s3v4NjZ/llvm/include/llvm/CodeGen/RegisterPressure.h
-- Installing: /tmp/tmp.iH9s3v4NjZ/llvm/include/llvm/CodeGen/StableHashing.h
-- Installing: /tmp/tmp.iH9s3v4NjZ/llvm/include/llvm/CodeGen/GlobalISel
-- Installing: /tmp/tmp.iH9s3v4NjZ/llvm/include/llvm/CodeGen/GlobalISel/GISelKnownBits.h
-- Installing: /tmp/tmp.iH9s3v4NjZ/llvm/include/llvm/CodeGen/GlobalISel/MachineIRBuilder.h
-- Installing: /tmp/tmp.iH9s3v4NjZ/llvm/include/llvm/CodeGen/GlobalISel/GenericMachineInstrs.h
-- Installing: /tmp/tmp.iH9s3v4NjZ/llvm/include/llvm/CodeGen/GlobalISel/RegBankSelect.h
-- Installing: /tmp/tmp.iH9s3v4NjZ/llvm/include/llvm/CodeGen/GlobalISel/CombinerHelper.h
-- Installing: /tmp/tmp.iH9s3v4NjZ/llvm/include/llvm/CodeGen/GlobalISel/LegacyLegalizerInfo.h
-- Installing: /tmp/tmp.iH9s3v4NjZ/llvm/include/llvm/CodeGen/GlobalISel/LegalizerInfo.h
-- Installing: /tmp/tmp.iH9s3v4NjZ/llvm/include/llvm/CodeGen/GlobalISel/GISelChangeObserver.h
-- Installing: /tmp/tmp.iH9s3v4NjZ/llvm/include/llvm/CodeGen/GlobalISel/Utils.h
-- Installing: /tmp/tmp.iH9s3v4NjZ/llvm/include/llvm/CodeGen/GlobalISel/InstructionSelector.h
-- Installing: /tmp/tmp.iH9s3v4NjZ/llvm/include/llvm/CodeGen/GlobalISel/GISelWorkList.h
-- Installing: /tmp/tmp.iH9s3v4NjZ/llvm/include/llvm/CodeGen/GlobalISel/LostDebugLocObserver.h
-- Installing: /tmp/tmp.iH9s3v4NjZ/llvm/include/llvm/CodeGen/GlobalISel/LoadStoreOpt.h
-- Installing: /tmp/tmp.iH9s3v4NjZ/llvm/include/llvm/CodeGen/GlobalISel/IRTranslator.h
-- Installing: /tmp/tmp.iH9s3v4NjZ/llvm/include/llvm/CodeGen/GlobalISel/CSEMIRBuilder.h
-- Installing: /tmp/tmp.iH9s3v4NjZ/llvm/include/llvm/CodeGen/GlobalISel/CSEInfo.h
-- Installing: /tmp/tmp.iH9s3v4NjZ/llvm/include/llvm/CodeGen/GlobalISel/InlineAsmLowering.h
-- Installing: /tmp/tmp.iH9s3v4NjZ/llvm/include/llvm/CodeGen/GlobalISel/MIPatternMatch.h
-- Installing: /tmp/tmp.iH9s3v4NjZ/llvm/include/llvm/CodeGen/GlobalISel/InstructionSelect.h
-- Installing: /tmp/tmp.iH9s3v4NjZ/llvm/include/llvm/CodeGen/GlobalISel/LegalizerHelper.h
-- Installing: /tmp/tmp.iH9s3v4NjZ/llvm/include/llvm/CodeGen/GlobalISel/Localizer.h
-- Installing: /tmp/tmp.iH9s3v4NjZ/llvm/include/llvm/CodeGen/GlobalISel/Combiner.h
-- Installing: /tmp/tmp.iH9s3v4NjZ/llvm/include/llvm/CodeGen/GlobalISel/LegalizationArtifactCombiner.h
-- Installing: /tmp/tmp.iH9s3v4NjZ/llvm/include/llvm/CodeGen/GlobalISel/CombinerInfo.h
-- Installing: /tmp/tmp.iH9s3v4NjZ/llvm/include/llvm/CodeGen/GlobalISel/CallLowering.h
-- Installing: /tmp/tmp.iH9s3v4NjZ/llvm/include/llvm/CodeGen/GlobalISel/InstructionSelectorImpl.h
-- Installing: /tmp/tmp.iH9s3v4NjZ/llvm/include/llvm/CodeGen/GlobalISel/Legalizer.h
-- Installing: /tmp/tmp.iH9s3v4NjZ/llvm/include/llvm/CodeGen/DwarfStringPoolEntry.h
-- Installing: /tmp/tmp.iH9s3v4NjZ/llvm/include/llvm/CodeGen/MachinePassManager.h
-- Installing: /tmp/tmp.iH9s3v4NjZ/llvm/include/llvm/CodeGen/LiveRangeCalc.h
-- Installing: /tmp/tmp.iH9s3v4NjZ/llvm/include/llvm/CodeGen/MachineLoopInfo.h
-- Installing: /tmp/tmp.iH9s3v4NjZ/llvm/include/llvm/CodeGen/TargetLowering.h
-- Installing: /tmp/tmp.iH9s3v4NjZ/llvm/include/llvm/CodeGen/MIRSampleProfile.h
-- Installing: /tmp/tmp.iH9s3v4NjZ/llvm/include/llvm/CodeGen/MachineBasicBlock.h
-- Installing: /tmp/tmp.iH9s3v4NjZ/llvm/include/llvm/CodeGen/MachineFunctionPass.h
-- Installing: /tmp/tmp.iH9s3v4NjZ/llvm/include/llvm/CodeGen/IndirectThunks.h
-- Installing: /tmp/tmp.iH9s3v4NjZ/llvm/include/llvm/CodeGen/CalcSpillWeights.h
-- Installing: /tmp/tmp.iH9s3v4NjZ/llvm/include/llvm/CodeGen/RDFLiveness.h
-- Installing: /tmp/tmp.iH9s3v4NjZ/llvm/include/llvm/CodeGen/LiveIntervalCalc.h
-- Installing: /tmp/tmp.iH9s3v4NjZ/llvm/include/llvm/CodeGen/MacroFusion.h
-- Installing: /tmp/tmp.iH9s3v4NjZ/llvm/include/llvm/CodeGen/ModuloSchedule.h
-- Installing: /tmp/tmp.iH9s3v4NjZ/llvm/include/llvm/CodeGen/DIEValue.def
-- Installing: /tmp/tmp.iH9s3v4NjZ/llvm/include/llvm/CodeGen/LiveIntervals.h
-- Installing: /tmp/tmp.iH9s3v4NjZ/llvm/include/llvm/CodeGen/CodeGenPassBuilder.h
-- Installing: /tmp/tmp.iH9s3v4NjZ/llvm/include/llvm/CodeGen/LiveRangeEdit.h
-- Installing: /tmp/tmp.iH9s3v4NjZ/llvm/include/llvm/CodeGen/TargetCallingConv.h
-- Installing: /tmp/tmp.iH9s3v4NjZ/llvm/include/llvm/CodeGen/Spiller.h
-- Installing: /tmp/tmp.iH9s3v4NjZ/llvm/include/llvm/CodeGen/ScheduleDAGInstrs.h
-- Installing: /tmp/tmp.iH9s3v4NjZ/llvm/include/llvm/CodeGen/ResourcePriorityQueue.h
-- Installing: /tmp/tmp.iH9s3v4NjZ/llvm/include/llvm/CodeGen/MachineModuleSlotTracker.h
-- Installing: /tmp/tmp.iH9s3v4NjZ/llvm/include/llvm/CodeGen/AsmPrinter.h
-- Installing: /tmp/tmp.iH9s3v4NjZ/llvm/include/llvm/CodeGen/LiveVariables.h
-- Installing: /tmp/tmp.iH9s3v4NjZ/llvm/include/llvm/CodeGen/BasicBlockSectionUtils.h
-- Installing: /tmp/tmp.iH9s3v4NjZ/llvm/include/llvm/CodeGen/DbgEntityHistoryCalculator.h
-- Installing: /tmp/tmp.iH9s3v4NjZ/llvm/include/llvm/CodeGen/PseudoSourceValue.h
-- Installing: /tmp/tmp.iH9s3v4NjZ/llvm/include/llvm/CodeGen/TargetOpcodes.h
-- Installing: /tmp/tmp.iH9s3v4NjZ/llvm/include/llvm/CodeGen/SelectionDAGISel.h
-- Installing: /tmp/tmp.iH9s3v4NjZ/llvm/include/llvm/CodeGen/MIRFormatter.h
-- Installing: /tmp/tmp.iH9s3v4NjZ/llvm/include/llvm/CodeGen/MBFIWrapper.h
-- Installing: /tmp/tmp.iH9s3v4NjZ/llvm/include/llvm/CodeGen/LowLevelType.h
-- Installing: /tmp/tmp.iH9s3v4NjZ/llvm/include/llvm/CodeGen/MachineFunction.h
-- Installing: /tmp/tmp.iH9s3v4NjZ/llvm/include/llvm/CodeGen/TargetFrameLowering.h
-- Installing: /tmp/tmp.iH9s3v4NjZ/llvm/include/llvm/CodeGen/ExecutionDomainFix.h
-- Installing: /tmp/tmp.iH9s3v4NjZ/llvm/include/llvm/CodeGen/MachineModuleInfoImpls.h
-- Installing: /tmp/tmp.iH9s3v4NjZ/llvm/include/llvm/CodeGen/ScheduleDAG.h
-- Installing: /tmp/tmp.iH9s3v4NjZ/llvm/include/llvm/CodeGen/LiveRegMatrix.h
-- Installing: /tmp/tmp.iH9s3v4NjZ/llvm/include/llvm/CodeGen/SchedulerRegistry.h
-- Installing: /tmp/tmp.iH9s3v4NjZ/llvm/include/llvm/CodeGen/Analysis.h
-- Installing: /tmp/tmp.iH9s3v4NjZ/llvm/include/llvm/CodeGen/PBQP
-- Installing: /tmp/tmp.iH9s3v4NjZ/llvm/include/llvm/CodeGen/PBQP/Graph.h
-- Installing: /tmp/tmp.iH9s3v4NjZ/llvm/include/llvm/CodeGen/PBQP/CostAllocator.h
-- Installing: /tmp/tmp.iH9s3v4NjZ/llvm/include/llvm/CodeGen/PBQP/Solution.h
-- Installing: /tmp/tmp.iH9s3v4NjZ/llvm/include/llvm/CodeGen/PBQP/Math.h
-- Installing: /tmp/tmp.iH9s3v4NjZ/llvm/include/llvm/CodeGen/PBQP/ReductionRules.h
-- Installing: /tmp/tmp.iH9s3v4NjZ/llvm/include/llvm/CodeGen/MachineInstrBundle.h
-- Installing: /tmp/tmp.iH9s3v4NjZ/llvm/include/llvm/CodeGen/LiveRegUnits.h
-- Installing: /tmp/tmp.iH9s3v4NjZ/llvm/include/llvm/CodeGen/MachineCombinerPattern.h
-- Installing: /tmp/tmp.iH9s3v4NjZ/llvm/include/llvm/CodeGen/MachinePostDominators.h
-- Installing: /tmp/tmp.iH9s3v4NjZ/llvm/include/llvm/CodeGen/ComplexDeinterleavingPass.h
-- Installing: /tmp/tmp.iH9s3v4NjZ/llvm/include/llvm/CodeGen/MachineCFGPrinter.h
-- Installing: /tmp/tmp.iH9s3v4NjZ/llvm/include/llvm/CodeGen/MachineCycleAnalysis.h
-- Installing: /tmp/tmp.iH9s3v4NjZ/llvm/include/llvm/CodeGen/MachineRegionInfo.h
-- Installing: /tmp/tmp.iH9s3v4NjZ/llvm/include/llvm/CodeGen/LivePhysRegs.h
-- Installing: /tmp/tmp.iH9s3v4NjZ/llvm/include/llvm/CodeGen/MachineSSAContext.h
-- Installing: /tmp/tmp.iH9s3v4NjZ/llvm/include/llvm/CodeGen/Passes.h
-- Installing: /tmp/tmp.iH9s3v4NjZ/llvm/include/llvm/CodeGen/LiveIntervalUnion.h
-- Installing: /tmp/tmp.iH9s3v4NjZ/llvm/include/llvm/CodeGen/IntrinsicLowering.h
-- Installing: /tmp/tmp.iH9s3v4NjZ/llvm/include/llvm/CodeGen/MachineSizeOpts.h
-- Installing: /tmp/tmp.iH9s3v4NjZ/llvm/include/llvm/CodeGen/NonRelocatableStringpool.h
-- Installing: /tmp/tmp.iH9s3v4NjZ/llvm/include/llvm/CodeGen/VLIWMachineScheduler.h
-- Installing: /tmp/tmp.iH9s3v4NjZ/llvm/include/llvm/CodeGen/BasicBlockSectionsProfileReader.h
-- Installing: /tmp/tmp.iH9s3v4NjZ/llvm/include/llvm/CodeGen/SelectionDAGAddressAnalysis.h
-- Installing: /tmp/tmp.iH9s3v4NjZ/llvm/include/llvm/CodeGen/StackMaps.h
-- Installing: /tmp/tmp.iH9s3v4NjZ/llvm/include/llvm/CodeGen/AtomicExpandUtils.h
-- Installing: /tmp/tmp.iH9s3v4NjZ/llvm/include/llvm/CodeGen/CodeGenCommonISel.h
-- Installing: /tmp/tmp.iH9s3v4NjZ/llvm/include/llvm/CodeGen/AccelTable.h
-- Installing: /tmp/tmp.iH9s3v4NjZ/llvm/include/llvm/CodeGen/SlotIndexes.h
-- Installing: /tmp/tmp.iH9s3v4NjZ/llvm/include/llvm/CodeGen/MachineJumpTableInfo.h
-- Installing: /tmp/tmp.iH9s3v4NjZ/llvm/include/llvm/CodeGen/MachineOutliner.h
-- Installing: /tmp/tmp.iH9s3v4NjZ/llvm/include/llvm/CodeGen/FunctionLoweringInfo.h
-- Installing: /tmp/tmp.iH9s3v4NjZ/llvm/include/llvm/CodeGen/MachinePassRegistry.def
-- Installing: /tmp/tmp.iH9s3v4NjZ/llvm/include/llvm/CodeGen/MIRYamlMapping.h
-- Installing: /tmp/tmp.iH9s3v4NjZ/llvm/include/llvm/CodeGen/SelectionDAG.h
-- Installing: /tmp/tmp.iH9s3v4NjZ/llvm/include/llvm/CodeGen/RDFGraph.h
-- Installing: /tmp/tmp.iH9s3v4NjZ/llvm/include/llvm/CodeGen/MachineTraceMetrics.h
-- Installing: /tmp/tmp.iH9s3v4NjZ/llvm/include/llvm/CodeGen/ReplaceWithVeclib.h
-- Installing: /tmp/tmp.iH9s3v4NjZ/llvm/include/llvm/CodeGen/ScheduleDFS.h
-- Installing: /tmp/tmp.iH9s3v4NjZ/llvm/include/llvm/CodeGen/MachineDominators.h
-- Installing: /tmp/tmp.iH9s3v4NjZ/llvm/include/llvm/CodeGen/VirtRegMap.h
-- Installing: /tmp/tmp.iH9s3v4NjZ/llvm/include/llvm/CodeGen/CommandFlags.h
-- Installing: /tmp/tmp.iH9s3v4NjZ/llvm/include/llvm/CodeGen/RDFRegisters.h
-- Installing: /tmp/tmp.iH9s3v4NjZ/llvm/include/llvm/InterfaceStub
-- Installing: /tmp/tmp.iH9s3v4NjZ/llvm/include/llvm/InterfaceStub/ELFObjHandler.h
-- Installing: /tmp/tmp.iH9s3v4NjZ/llvm/include/llvm/InterfaceStub/IFSStub.h
-- Installing: /tmp/tmp.iH9s3v4NjZ/llvm/include/llvm/InterfaceStub/IFSHandler.h
-- Installing: /tmp/tmp.iH9s3v4NjZ/llvm/include/llvm/LinkAllIR.h
-- Installing: /tmp/tmp.iH9s3v4NjZ/llvm/include/llvm/PassAnalysisSupport.h
-- Installing: /tmp/tmp.iH9s3v4NjZ/llvm/include/llvm/Bitcode
-- Installing: /tmp/tmp.iH9s3v4NjZ/llvm/include/llvm/Bitcode/BitcodeConvenience.h
-- Installing: /tmp/tmp.iH9s3v4NjZ/llvm/include/llvm/Bitcode/LLVMBitCodes.h
-- Installing: /tmp/tmp.iH9s3v4NjZ/llvm/include/llvm/Bitcode/BitcodeAnalyzer.h
-- Installing: /tmp/tmp.iH9s3v4NjZ/llvm/include/llvm/Bitcode/BitcodeWriterPass.h
-- Installing: /tmp/tmp.iH9s3v4NjZ/llvm/include/llvm/Bitcode/BitcodeCommon.h
-- Installing: /tmp/tmp.iH9s3v4NjZ/llvm/include/llvm/Bitcode/BitcodeReader.h
-- Installing: /tmp/tmp.iH9s3v4NjZ/llvm/include/llvm/Bitcode/BitcodeWriter.h
-- Installing: /tmp/tmp.iH9s3v4NjZ/llvm/include/llvm/LTO
-- Installing: /tmp/tmp.iH9s3v4NjZ/llvm/include/llvm/LTO/LTO.h
-- Installing: /tmp/tmp.iH9s3v4NjZ/llvm/include/llvm/LTO/legacy
-- Installing: /tmp/tmp.iH9s3v4NjZ/llvm/include/llvm/LTO/legacy/ThinLTOCodeGenerator.h
-- Installing: /tmp/tmp.iH9s3v4NjZ/llvm/include/llvm/LTO/legacy/LTOCodeGenerator.h
-- Installing: /tmp/tmp.iH9s3v4NjZ/llvm/include/llvm/LTO/legacy/UpdateCompilerUsed.h
-- Installing: /tmp/tmp.iH9s3v4NjZ/llvm/include/llvm/LTO/legacy/LTOModule.h
-- Installing: /tmp/tmp.iH9s3v4NjZ/llvm/include/llvm/LTO/LTOBackend.h
-- Installing: /tmp/tmp.iH9s3v4NjZ/llvm/include/llvm/LTO/SummaryBasedOptimizations.h
-- Installing: /tmp/tmp.iH9s3v4NjZ/llvm/include/llvm/LTO/Config.h
-- Installing: /tmp/tmp.iH9s3v4NjZ/llvm/include/llvm/MCA
-- Installing: /tmp/tmp.iH9s3v4NjZ/llvm/include/llvm/MCA/HWEventListener.h
-- Installing: /tmp/tmp.iH9s3v4NjZ/llvm/include/llvm/MCA/HardwareUnits
-- Installing: /tmp/tmp.iH9s3v4NjZ/llvm/include/llvm/MCA/HardwareUnits/RetireControlUnit.h
-- Installing: /tmp/tmp.iH9s3v4NjZ/llvm/include/llvm/MCA/HardwareUnits/ResourceManager.h
-- Installing: /tmp/tmp.iH9s3v4NjZ/llvm/include/llvm/MCA/HardwareUnits/Scheduler.h
-- Installing: /tmp/tmp.iH9s3v4NjZ/llvm/include/llvm/MCA/HardwareUnits/HardwareUnit.h
-- Installing: /tmp/tmp.iH9s3v4NjZ/llvm/include/llvm/MCA/HardwareUnits/LSUnit.h
-- Installing: /tmp/tmp.iH9s3v4NjZ/llvm/include/llvm/MCA/HardwareUnits/RegisterFile.h
-- Installing: /tmp/tmp.iH9s3v4NjZ/llvm/include/llvm/MCA/Pipeline.h
-- Installing: /tmp/tmp.iH9s3v4NjZ/llvm/include/llvm/MCA/IncrementalSourceMgr.h
-- Installing: /tmp/tmp.iH9s3v4NjZ/llvm/include/llvm/MCA/Context.h
-- Installing: /tmp/tmp.iH9s3v4NjZ/llvm/include/llvm/MCA/CodeEmitter.h
-- Installing: /tmp/tmp.iH9s3v4NjZ/llvm/include/llvm/MCA/SourceMgr.h
-- Installing: /tmp/tmp.iH9s3v4NjZ/llvm/include/llvm/MCA/CustomBehaviour.h
-- Installing: /tmp/tmp.iH9s3v4NjZ/llvm/include/llvm/MCA/View.h
-- Installing: /tmp/tmp.iH9s3v4NjZ/llvm/include/llvm/MCA/Stages
-- Installing: /tmp/tmp.iH9s3v4NjZ/llvm/include/llvm/MCA/Stages/RetireStage.h
-- Installing: /tmp/tmp.iH9s3v4NjZ/llvm/include/llvm/MCA/Stages/MicroOpQueueStage.h
-- Installing: /tmp/tmp.iH9s3v4NjZ/llvm/include/llvm/MCA/Stages/Stage.h
-- Installing: /tmp/tmp.iH9s3v4NjZ/llvm/include/llvm/MCA/Stages/DispatchStage.h
-- Installing: /tmp/tmp.iH9s3v4NjZ/llvm/include/llvm/MCA/Stages/InstructionTables.h
-- Installing: /tmp/tmp.iH9s3v4NjZ/llvm/include/llvm/MCA/Stages/ExecuteStage.h
-- Installing: /tmp/tmp.iH9s3v4NjZ/llvm/include/llvm/MCA/Stages/EntryStage.h
-- Installing: /tmp/tmp.iH9s3v4NjZ/llvm/include/llvm/MCA/Stages/InOrderIssueStage.h
-- Installing: /tmp/tmp.iH9s3v4NjZ/llvm/include/llvm/MCA/Instruction.h
-- Installing: /tmp/tmp.iH9s3v4NjZ/llvm/include/llvm/MCA/InstrBuilder.h
-- Installing: /tmp/tmp.iH9s3v4NjZ/llvm/include/llvm/MCA/Support.h
-- Installing: /tmp/tmp.iH9s3v4NjZ/llvm/include/llvm/Transforms
-- Installing: /tmp/tmp.iH9s3v4NjZ/llvm/include/llvm/Transforms/AggressiveInstCombine
-- Installing: /tmp/tmp.iH9s3v4NjZ/llvm/include/llvm/Transforms/AggressiveInstCombine/AggressiveInstCombine.h
-- Installing: /tmp/tmp.iH9s3v4NjZ/llvm/include/llvm/Transforms/IPO.h
-- Installing: /tmp/tmp.iH9s3v4NjZ/llvm/include/llvm/Transforms/Instrumentation
-- Installing: /tmp/tmp.iH9s3v4NjZ/llvm/include/llvm/Transforms/Instrumentation/InstrOrderFile.h
-- Installing: /tmp/tmp.iH9s3v4NjZ/llvm/include/llvm/Transforms/Instrumentation/SanitizerCoverage.h
-- Installing: /tmp/tmp.iH9s3v4NjZ/llvm/include/llvm/Transforms/Instrumentation/SanitizerBinaryMetadata.h
-- Installing: /tmp/tmp.iH9s3v4NjZ/llvm/include/llvm/Transforms/Instrumentation/KCFI.h
-- Installing: /tmp/tmp.iH9s3v4NjZ/llvm/include/llvm/Transforms/Instrumentation/ThreadSanitizer.h
-- Installing: /tmp/tmp.iH9s3v4NjZ/llvm/include/llvm/Transforms/Instrumentation/PoisonChecking.h
-- Installing: /tmp/tmp.iH9s3v4NjZ/llvm/include/llvm/Transforms/Instrumentation/InstrProfiling.h
-- Installing: /tmp/tmp.iH9s3v4NjZ/llvm/include/llvm/Transforms/Instrumentation/DataFlowSanitizer.h
-- Installing: /tmp/tmp.iH9s3v4NjZ/llvm/include/llvm/Transforms/Instrumentation/PGOInstrumentation.h
-- Installing: /tmp/tmp.iH9s3v4NjZ/llvm/include/llvm/Transforms/Instrumentation/AddressSanitizer.h
-- Installing: /tmp/tmp.iH9s3v4NjZ/llvm/include/llvm/Transforms/Instrumentation/GCOVProfiler.h
-- Installing: /tmp/tmp.iH9s3v4NjZ/llvm/include/llvm/Transforms/Instrumentation/MemorySanitizer.h
-- Installing: /tmp/tmp.iH9s3v4NjZ/llvm/include/llvm/Transforms/Instrumentation/MemProfiler.h
-- Installing: /tmp/tmp.iH9s3v4NjZ/llvm/include/llvm/Transforms/Instrumentation/BoundsChecking.h
-- Installing: /tmp/tmp.iH9s3v4NjZ/llvm/include/llvm/Transforms/Instrumentation/AddressSanitizerCommon.h
-- Installing: /tmp/tmp.iH9s3v4NjZ/llvm/include/llvm/Transforms/Instrumentation/AddressSanitizerOptions.h
-- Installing: /tmp/tmp.iH9s3v4NjZ/llvm/include/llvm/Transforms/Instrumentation/ControlHeightReduction.h
-- Installing: /tmp/tmp.iH9s3v4NjZ/llvm/include/llvm/Transforms/Instrumentation/HWAddressSanitizer.h
-- Installing: /tmp/tmp.iH9s3v4NjZ/llvm/include/llvm/Transforms/Instrumentation/CGProfile.h
-- Installing: /tmp/tmp.iH9s3v4NjZ/llvm/include/llvm/Transforms/Vectorize.h
-- Installing: /tmp/tmp.iH9s3v4NjZ/llvm/include/llvm/Transforms/Scalar.h
-- Installing: /tmp/tmp.iH9s3v4NjZ/llvm/include/llvm/Transforms/IPO
-- Installing: /tmp/tmp.iH9s3v4NjZ/llvm/include/llvm/Transforms/IPO/Internalize.h
-- Installing: /tmp/tmp.iH9s3v4NjZ/llvm/include/llvm/Transforms/IPO/AlwaysInliner.h
-- Installing: /tmp/tmp.iH9s3v4NjZ/llvm/include/llvm/Transforms/IPO/HotColdSplitting.h
-- Installing: /tmp/tmp.iH9s3v4NjZ/llvm/include/llvm/Transforms/IPO/ArgumentPromotion.h
-- Installing: /tmp/tmp.iH9s3v4NjZ/llvm/include/llvm/Transforms/IPO/OpenMPOpt.h
-- Installing: /tmp/tmp.iH9s3v4NjZ/llvm/include/llvm/Transforms/IPO/FunctionAttrs.h
-- Installing: /tmp/tmp.iH9s3v4NjZ/llvm/include/llvm/Transforms/IPO/PartialInlining.h
-- Installing: /tmp/tmp.iH9s3v4NjZ/llvm/include/llvm/Transforms/IPO/DeadArgumentElimination.h
-- Installing: /tmp/tmp.iH9s3v4NjZ/llvm/include/llvm/Transforms/IPO/Attributor.h
-- Installing: /tmp/tmp.iH9s3v4NjZ/llvm/include/llvm/Transforms/IPO/ExtractGV.h
-- Installing: /tmp/tmp.iH9s3v4NjZ/llvm/include/llvm/Transforms/IPO/SampleProfileProbe.h
-- Installing: /tmp/tmp.iH9s3v4NjZ/llvm/include/llvm/Transforms/IPO/CrossDSOCFI.h
-- Installing: /tmp/tmp.iH9s3v4NjZ/llvm/include/llvm/Transforms/IPO/BlockExtractor.h
-- Installing: /tmp/tmp.iH9s3v4NjZ/llvm/include/llvm/Transforms/IPO/CalledValuePropagation.h
-- Installing: /tmp/tmp.iH9s3v4NjZ/llvm/include/llvm/Transforms/IPO/ForceFunctionAttrs.h
-- Installing: /tmp/tmp.iH9s3v4NjZ/llvm/include/llvm/Transforms/IPO/ModuleInliner.h
-- Installing: /tmp/tmp.iH9s3v4NjZ/llvm/include/llvm/Transforms/IPO/GlobalSplit.h
-- Installing: /tmp/tmp.iH9s3v4NjZ/llvm/include/llvm/Transforms/IPO/IROutliner.h
-- Installing: /tmp/tmp.iH9s3v4NjZ/llvm/include/llvm/Transforms/IPO/ThinLTOBitcodeWriter.h
-- Installing: /tmp/tmp.iH9s3v4NjZ/llvm/include/llvm/Transforms/IPO/StripDeadPrototypes.h
-- Installing: /tmp/tmp.iH9s3v4NjZ/llvm/include/llvm/Transforms/IPO/SyntheticCountsPropagation.h
-- Installing: /tmp/tmp.iH9s3v4NjZ/llvm/include/llvm/Transforms/IPO/GlobalDCE.h
-- Installing: /tmp/tmp.iH9s3v4NjZ/llvm/include/llvm/Transforms/IPO/GlobalOpt.h
-- Installing: /tmp/tmp.iH9s3v4NjZ/llvm/include/llvm/Transforms/IPO/InferFunctionAttrs.h
-- Installing: /tmp/tmp.iH9s3v4NjZ/llvm/include/llvm/Transforms/IPO/Annotation2Metadata.h
-- Installing: /tmp/tmp.iH9s3v4NjZ/llvm/include/llvm/Transforms/IPO/SCCP.h
-- Installing: /tmp/tmp.iH9s3v4NjZ/llvm/include/llvm/Transforms/IPO/ElimAvailExtern.h
-- Installing: /tmp/tmp.iH9s3v4NjZ/llvm/include/llvm/Transforms/IPO/FunctionImport.h
-- Installing: /tmp/tmp.iH9s3v4NjZ/llvm/include/llvm/Transforms/IPO/LowerTypeTests.h
-- Installing: /tmp/tmp.iH9s3v4NjZ/llvm/include/llvm/Transforms/IPO/Inliner.h
-- Installing: /tmp/tmp.iH9s3v4NjZ/llvm/include/llvm/Transforms/IPO/StripSymbols.h
-- Installing: /tmp/tmp.iH9s3v4NjZ/llvm/include/llvm/Transforms/IPO/SampleContextTracker.h
-- Installing: /tmp/tmp.iH9s3v4NjZ/llvm/include/llvm/Transforms/IPO/ProfiledCallGraph.h
-- Installing: /tmp/tmp.iH9s3v4NjZ/llvm/include/llvm/Transforms/IPO/FunctionSpecialization.h
-- Installing: /tmp/tmp.iH9s3v4NjZ/llvm/include/llvm/Transforms/IPO/LoopExtractor.h
-- Installing: /tmp/tmp.iH9s3v4NjZ/llvm/include/llvm/Transforms/IPO/WholeProgramDevirt.h
-- Installing: /tmp/tmp.iH9s3v4NjZ/llvm/include/llvm/Transforms/IPO/MergeFunctions.h
-- Installing: /tmp/tmp.iH9s3v4NjZ/llvm/include/llvm/Transforms/IPO/SampleProfile.h
-- Installing: /tmp/tmp.iH9s3v4NjZ/llvm/include/llvm/Transforms/IPO/ConstantMerge.h
-- Installing: /tmp/tmp.iH9s3v4NjZ/llvm/include/llvm/Transforms/IPO/PassManagerBuilder.h
-- Installing: /tmp/tmp.iH9s3v4NjZ/llvm/include/llvm/Transforms/Instrumentation.h
-- Installing: /tmp/tmp.iH9s3v4NjZ/llvm/include/llvm/Transforms/CFGuard.h
-- Installing: /tmp/tmp.iH9s3v4NjZ/llvm/include/llvm/Transforms/Utils
-- Installing: /tmp/tmp.iH9s3v4NjZ/llvm/include/llvm/Transforms/Utils/VNCoercion.h
-- Installing: /tmp/tmp.iH9s3v4NjZ/llvm/include/llvm/Transforms/Utils/SplitModule.h
-- Installing: /tmp/tmp.iH9s3v4NjZ/llvm/include/llvm/Transforms/Utils/SizeOpts.h
-- Installing: /tmp/tmp.iH9s3v4NjZ/llvm/include/llvm/Transforms/Utils/UnifyFunctionExitNodes.h
-- Installing: /tmp/tmp.iH9s3v4NjZ/llvm/include/llvm/Transforms/Utils/NameAnonGlobals.h
-- Installing: /tmp/tmp.iH9s3v4NjZ/llvm/include/llvm/Transforms/Utils/SampleProfileLoaderBaseImpl.h
-- Installing: /tmp/tmp.iH9s3v4NjZ/llvm/include/llvm/Transforms/Utils/LowerAtomic.h
-- Installing: /tmp/tmp.iH9s3v4NjZ/llvm/include/llvm/Transforms/Utils/BreakCriticalEdges.h
-- Installing: /tmp/tmp.iH9s3v4NjZ/llvm/include/llvm/Transforms/Utils/CallGraphUpdater.h
-- Installing: /tmp/tmp.iH9s3v4NjZ/llvm/include/llvm/Transforms/Utils/MetaRenamer.h
-- Installing: /tmp/tmp.iH9s3v4NjZ/llvm/include/llvm/Transforms/Utils/SymbolRewriter.h
-- Installing: /tmp/tmp.iH9s3v4NjZ/llvm/include/llvm/Transforms/Utils/LibCallsShrinkWrap.h
-- Installing: /tmp/tmp.iH9s3v4NjZ/llvm/include/llvm/Transforms/Utils/LCSSA.h
-- Installing: /tmp/tmp.iH9s3v4NjZ/llvm/include/llvm/Transforms/Utils/CtorUtils.h
-- Installing: /tmp/tmp.iH9s3v4NjZ/llvm/include/llvm/Transforms/Utils/SSAUpdaterBulk.h
-- Installing: /tmp/tmp.iH9s3v4NjZ/llvm/include/llvm/Transforms/Utils/CodeMoverUtils.h
-- Installing: /tmp/tmp.iH9s3v4NjZ/llvm/include/llvm/Transforms/Utils/FunctionComparator.h
-- Installing: /tmp/tmp.iH9s3v4NjZ/llvm/include/llvm/Transforms/Utils/CanonicalizeAliases.h
-- Installing: /tmp/tmp.iH9s3v4NjZ/llvm/include/llvm/Transforms/Utils/MemoryOpRemark.h
-- Installing: /tmp/tmp.iH9s3v4NjZ/llvm/include/llvm/Transforms/Utils/LoopRotationUtils.h
-- Installing: /tmp/tmp.iH9s3v4NjZ/llvm/include/llvm/Transforms/Utils/PredicateInfo.h
-- Installing: /tmp/tmp.iH9s3v4NjZ/llvm/include/llvm/Transforms/Utils/EscapeEnumerator.h
-- Installing: /tmp/tmp.iH9s3v4NjZ/llvm/include/llvm/Transforms/Utils/AMDGPUEmitPrintf.h
-- Installing: /tmp/tmp.iH9s3v4NjZ/llvm/include/llvm/Transforms/Utils/ScalarEvolutionExpander.h
-- Installing: /tmp/tmp.iH9s3v4NjZ/llvm/include/llvm/Transforms/Utils/SampleProfileLoaderBaseUtil.h
-- Installing: /tmp/tmp.iH9s3v4NjZ/llvm/include/llvm/Transforms/Utils/SimplifyIndVar.h
-- Installing: /tmp/tmp.iH9s3v4NjZ/llvm/include/llvm/Transforms/Utils/FixIrreducible.h
-- Installing: /tmp/tmp.iH9s3v4NjZ/llvm/include/llvm/Transforms/Utils/SCCPSolver.h
-- Installing: /tmp/tmp.iH9s3v4NjZ/llvm/include/llvm/Transforms/Utils/LoopVersioning.h
-- Installing: /tmp/tmp.iH9s3v4NjZ/llvm/include/llvm/Transforms/Utils/MatrixUtils.h
-- Installing: /tmp/tmp.iH9s3v4NjZ/llvm/include/llvm/Transforms/Utils/Evaluator.h
-- Installing: /tmp/tmp.iH9s3v4NjZ/llvm/include/llvm/Transforms/Utils/HelloWorld.h
-- Installing: /tmp/tmp.iH9s3v4NjZ/llvm/include/llvm/Transforms/Utils/InstructionWorklist.h
-- Installing: /tmp/tmp.iH9s3v4NjZ/llvm/include/llvm/Transforms/Utils/LoopSimplify.h
-- Installing: /tmp/tmp.iH9s3v4NjZ/llvm/include/llvm/Transforms/Utils/SimplifyLibCalls.h
-- Installing: /tmp/tmp.iH9s3v4NjZ/llvm/include/llvm/Transforms/Utils/CodeExtractor.h
-- Installing: /tmp/tmp.iH9s3v4NjZ/llvm/include/llvm/Transforms/Utils/LoopUtils.h
-- Installing: /tmp/tmp.iH9s3v4NjZ/llvm/include/llvm/Transforms/Utils/UnrollLoop.h
-- Installing: /tmp/tmp.iH9s3v4NjZ/llvm/include/llvm/Transforms/Utils/SampleProfileInference.h
-- Installing: /tmp/tmp.iH9s3v4NjZ/llvm/include/llvm/Transforms/Utils/MemoryTaggingSupport.h
-- Installing: /tmp/tmp.iH9s3v4NjZ/llvm/include/llvm/Transforms/Utils/MisExpect.h
-- Installing: /tmp/tmp.iH9s3v4NjZ/llvm/include/llvm/Transforms/Utils/StripGCRelocates.h
-- Installing: /tmp/tmp.iH9s3v4NjZ/llvm/include/llvm/Transforms/Utils/GuardUtils.h
-- Installing: /tmp/tmp.iH9s3v4NjZ/llvm/include/llvm/Transforms/Utils/Local.h
-- Installing: /tmp/tmp.iH9s3v4NjZ/llvm/include/llvm/Transforms/Utils/UnifyLoopExits.h
-- Installing: /tmp/tmp.iH9s3v4NjZ/llvm/include/llvm/Transforms/Utils/PromoteMemToReg.h
-- Installing: /tmp/tmp.iH9s3v4NjZ/llvm/include/llvm/Transforms/Utils/FunctionImportUtils.h
-- Installing: /tmp/tmp.iH9s3v4NjZ/llvm/include/llvm/Transforms/Utils/Cloning.h
-- Installing: /tmp/tmp.iH9s3v4NjZ/llvm/include/llvm/Transforms/Utils/GlobalStatus.h
-- Installing: /tmp/tmp.iH9s3v4NjZ/llvm/include/llvm/Transforms/Utils/IntegerDivision.h
-- Installing: /tmp/tmp.iH9s3v4NjZ/llvm/include/llvm/Transforms/Utils/Mem2Reg.h
-- Installing: /tmp/tmp.iH9s3v4NjZ/llvm/include/llvm/Transforms/Utils/LowerInvoke.h
-- Installing: /tmp/tmp.iH9s3v4NjZ/llvm/include/llvm/Transforms/Utils/ValueMapper.h
-- Installing: /tmp/tmp.iH9s3v4NjZ/llvm/include/llvm/Transforms/Utils/SimplifyCFGOptions.h
-- Installing: /tmp/tmp.iH9s3v4NjZ/llvm/include/llvm/Transforms/Utils/LoopPeel.h
-- Installing: /tmp/tmp.iH9s3v4NjZ/llvm/include/llvm/Transforms/Utils/ModuleUtils.h
-- Installing: /tmp/tmp.iH9s3v4NjZ/llvm/include/llvm/Transforms/Utils/CallPromotionUtils.h
-- Installing: /tmp/tmp.iH9s3v4NjZ/llvm/include/llvm/Transforms/Utils/CodeLayout.h
-- Installing: /tmp/tmp.iH9s3v4NjZ/llvm/include/llvm/Transforms/Utils/CanonicalizeFreezeInLoops.h
-- Installing: /tmp/tmp.iH9s3v4NjZ/llvm/include/llvm/Transforms/Utils/LowerGlobalDtors.h
-- Installing: /tmp/tmp.iH9s3v4NjZ/llvm/include/llvm/Transforms/Utils/InstructionNamer.h
-- Installing: /tmp/tmp.iH9s3v4NjZ/llvm/include/llvm/Transforms/Utils/ASanStackFrameLayout.h
-- Installing: /tmp/tmp.iH9s3v4NjZ/llvm/include/llvm/Transforms/Utils/BuildLibCalls.h
-- Installing: /tmp/tmp.iH9s3v4NjZ/llvm/include/llvm/Transforms/Utils/AssumeBundleBuilder.h
-- Installing: /tmp/tmp.iH9s3v4NjZ/llvm/include/llvm/Transforms/Utils/SSAUpdater.h
-- Installing: /tmp/tmp.iH9s3v4NjZ/llvm/include/llvm/Transforms/Utils/AddDiscriminators.h
-- Installing: /tmp/tmp.iH9s3v4NjZ/llvm/include/llvm/Transforms/Utils/LowerSwitch.h
-- Installing: /tmp/tmp.iH9s3v4NjZ/llvm/include/llvm/Transforms/Utils/Debugify.h
-- Installing: /tmp/tmp.iH9s3v4NjZ/llvm/include/llvm/Transforms/Utils/StripNonLineTableDebugInfo.h
-- Installing: /tmp/tmp.iH9s3v4NjZ/llvm/include/llvm/Transforms/Utils/EntryExitInstrumenter.h
-- Installing: /tmp/tmp.iH9s3v4NjZ/llvm/include/llvm/Transforms/Utils/SSAUpdaterImpl.h
-- Installing: /tmp/tmp.iH9s3v4NjZ/llvm/include/llvm/Transforms/Utils/SanitizerStats.h
-- Installing: /tmp/tmp.iH9s3v4NjZ/llvm/include/llvm/Transforms/Utils/LowerMemIntrinsics.h
-- Installing: /tmp/tmp.iH9s3v4NjZ/llvm/include/llvm/Transforms/Utils/LowerIFunc.h
-- Installing: /tmp/tmp.iH9s3v4NjZ/llvm/include/llvm/Transforms/Utils/BypassSlowDivision.h
-- Installing: /tmp/tmp.iH9s3v4NjZ/llvm/include/llvm/Transforms/Utils/InjectTLIMappings.h
-- Installing: /tmp/tmp.iH9s3v4NjZ/llvm/include/llvm/Transforms/Utils/RelLookupTableConverter.h
-- Installing: /tmp/tmp.iH9s3v4NjZ/llvm/include/llvm/Transforms/Utils/BasicBlockUtils.h
-- Installing: /tmp/tmp.iH9s3v4NjZ/llvm/include/llvm/Transforms/Utils.h
-- Installing: /tmp/tmp.iH9s3v4NjZ/llvm/include/llvm/Transforms/ObjCARC.h
-- Installing: /tmp/tmp.iH9s3v4NjZ/llvm/include/llvm/Transforms/Vectorize
-- Installing: /tmp/tmp.iH9s3v4NjZ/llvm/include/llvm/Transforms/Vectorize/SLPVectorizer.h
-- Installing: /tmp/tmp.iH9s3v4NjZ/llvm/include/llvm/Transforms/Vectorize/VectorCombine.h
-- Installing: /tmp/tmp.iH9s3v4NjZ/llvm/include/llvm/Transforms/Vectorize/LoopVectorizationLegality.h
-- Installing: /tmp/tmp.iH9s3v4NjZ/llvm/include/llvm/Transforms/Vectorize/LoopVectorize.h
-- Installing: /tmp/tmp.iH9s3v4NjZ/llvm/include/llvm/Transforms/Vectorize/LoadStoreVectorizer.h
-- Installing: /tmp/tmp.iH9s3v4NjZ/llvm/include/llvm/Transforms/Scalar
-- Installing: /tmp/tmp.iH9s3v4NjZ/llvm/include/llvm/Transforms/Scalar/ADCE.h
-- Installing: /tmp/tmp.iH9s3v4NjZ/llvm/include/llvm/Transforms/Scalar/IVUsersPrinter.h
-- Installing: /tmp/tmp.iH9s3v4NjZ/llvm/include/llvm/Transforms/Scalar/WarnMissedTransforms.h
-- Installing: /tmp/tmp.iH9s3v4NjZ/llvm/include/llvm/Transforms/Scalar/LoopBoundSplit.h
-- Installing: /tmp/tmp.iH9s3v4NjZ/llvm/include/llvm/Transforms/Scalar/TailRecursionElimination.h
-- Installing: /tmp/tmp.iH9s3v4NjZ/llvm/include/llvm/Transforms/Scalar/NewGVN.h
-- Installing: /tmp/tmp.iH9s3v4NjZ/llvm/include/llvm/Transforms/Scalar/StructurizeCFG.h
-- Installing: /tmp/tmp.iH9s3v4NjZ/llvm/include/llvm/Transforms/Scalar/GVN.h
-- Installing: /tmp/tmp.iH9s3v4NjZ/llvm/include/llvm/Transforms/Scalar/DCE.h
-- Installing: /tmp/tmp.iH9s3v4NjZ/llvm/include/llvm/Transforms/Scalar/SimpleLoopUnswitch.h
-- Installing: /tmp/tmp.iH9s3v4NjZ/llvm/include/llvm/Transforms/Scalar/LoopPassManager.h
-- Installing: /tmp/tmp.iH9s3v4NjZ/llvm/include/llvm/Transforms/Scalar/AnnotationRemarks.h
-- Installing: /tmp/tmp.iH9s3v4NjZ/llvm/include/llvm/Transforms/Scalar/LoopSink.h
-- Installing: /tmp/tmp.iH9s3v4NjZ/llvm/include/llvm/Transforms/Scalar/LoopAccessAnalysisPrinter.h
-- Installing: /tmp/tmp.iH9s3v4NjZ/llvm/include/llvm/Transforms/Scalar/LowerAtomicPass.h
-- Installing: /tmp/tmp.iH9s3v4NjZ/llvm/include/llvm/Transforms/Scalar/CorrelatedValuePropagation.h
-- Installing: /tmp/tmp.iH9s3v4NjZ/llvm/include/llvm/Transforms/Scalar/LoopSimplifyCFG.h
-- Installing: /tmp/tmp.iH9s3v4NjZ/llvm/include/llvm/Transforms/Scalar/LoopDeletion.h
-- Installing: /tmp/tmp.iH9s3v4NjZ/llvm/include/llvm/Transforms/Scalar/Reg2Mem.h
-- Installing: /tmp/tmp.iH9s3v4NjZ/llvm/include/llvm/Transforms/Scalar/ScalarizeMaskedMemIntrin.h
-- Installing: /tmp/tmp.iH9s3v4NjZ/llvm/include/llvm/Transforms/Scalar/PartiallyInlineLibCalls.h
-- Installing: /tmp/tmp.iH9s3v4NjZ/llvm/include/llvm/Transforms/Scalar/DivRemPairs.h
-- Installing: /tmp/tmp.iH9s3v4NjZ/llvm/include/llvm/Transforms/Scalar/InductiveRangeCheckElimination.h
-- Installing: /tmp/tmp.iH9s3v4NjZ/llvm/include/llvm/Transforms/Scalar/LoopPredication.h
-- Installing: /tmp/tmp.iH9s3v4NjZ/llvm/include/llvm/Transforms/Scalar/LowerExpectIntrinsic.h
-- Installing: /tmp/tmp.iH9s3v4NjZ/llvm/include/llvm/Transforms/Scalar/LoopVersioningLICM.h
-- Installing: /tmp/tmp.iH9s3v4NjZ/llvm/include/llvm/Transforms/Scalar/LoopDataPrefetch.h
-- Installing: /tmp/tmp.iH9s3v4NjZ/llvm/include/llvm/Transforms/Scalar/LoopUnrollPass.h
-- Installing: /tmp/tmp.iH9s3v4NjZ/llvm/include/llvm/Transforms/Scalar/SpeculativeExecution.h
-- Installing: /tmp/tmp.iH9s3v4NjZ/llvm/include/llvm/Transforms/Scalar/LoopIdiomRecognize.h
-- Installing: /tmp/tmp.iH9s3v4NjZ/llvm/include/llvm/Transforms/Scalar/Sink.h
-- Installing: /tmp/tmp.iH9s3v4NjZ/llvm/include/llvm/Transforms/Scalar/SeparateConstOffsetFromGEP.h
-- Installing: /tmp/tmp.iH9s3v4NjZ/llvm/include/llvm/Transforms/Scalar/LoopInterchange.h
-- Installing: /tmp/tmp.iH9s3v4NjZ/llvm/include/llvm/Transforms/Scalar/LowerWidenableCondition.h
-- Installing: /tmp/tmp.iH9s3v4NjZ/llvm/include/llvm/Transforms/Scalar/CallSiteSplitting.h
-- Installing: /tmp/tmp.iH9s3v4NjZ/llvm/include/llvm/Transforms/Scalar/ConstraintElimination.h
-- Installing: /tmp/tmp.iH9s3v4NjZ/llvm/include/llvm/Transforms/Scalar/MergeICmps.h
-- Installing: /tmp/tmp.iH9s3v4NjZ/llvm/include/llvm/Transforms/Scalar/DeadStoreElimination.h
-- Installing: /tmp/tmp.iH9s3v4NjZ/llvm/include/llvm/Transforms/Scalar/EarlyCSE.h
-- Installing: /tmp/tmp.iH9s3v4NjZ/llvm/include/llvm/Transforms/Scalar/LoopRotation.h
-- Installing: /tmp/tmp.iH9s3v4NjZ/llvm/include/llvm/Transforms/Scalar/AlignmentFromAssumptions.h
-- Installing: /tmp/tmp.iH9s3v4NjZ/llvm/include/llvm/Transforms/Scalar/Float2Int.h
-- Installing: /tmp/tmp.iH9s3v4NjZ/llvm/include/llvm/Transforms/Scalar/LoopInstSimplify.h
-- Installing: /tmp/tmp.iH9s3v4NjZ/llvm/include/llvm/Transforms/Scalar/SCCP.h
-- Installing: /tmp/tmp.iH9s3v4NjZ/llvm/include/llvm/Transforms/Scalar/LowerMatrixIntrinsics.h
-- Installing: /tmp/tmp.iH9s3v4NjZ/llvm/include/llvm/Transforms/Scalar/LoopLoadElimination.h
-- Installing: /tmp/tmp.iH9s3v4NjZ/llvm/include/llvm/Transforms/Scalar/IndVarSimplify.h
-- Installing: /tmp/tmp.iH9s3v4NjZ/llvm/include/llvm/Transforms/Scalar/BDCE.h
-- Installing: /tmp/tmp.iH9s3v4NjZ/llvm/include/llvm/Transforms/Scalar/NaryReassociate.h
-- Installing: /tmp/tmp.iH9s3v4NjZ/llvm/include/llvm/Transforms/Scalar/TLSVariableHoist.h
-- Installing: /tmp/tmp.iH9s3v4NjZ/llvm/include/llvm/Transforms/Scalar/SROA.h
-- Installing: /tmp/tmp.iH9s3v4NjZ/llvm/include/llvm/Transforms/Scalar/InferAddressSpaces.h
-- Installing: /tmp/tmp.iH9s3v4NjZ/llvm/include/llvm/Transforms/Scalar/GuardWidening.h
-- Installing: /tmp/tmp.iH9s3v4NjZ/llvm/include/llvm/Transforms/Scalar/StraightLineStrengthReduce.h
-- Installing: /tmp/tmp.iH9s3v4NjZ/llvm/include/llvm/Transforms/Scalar/MergedLoadStoreMotion.h
-- Installing: /tmp/tmp.iH9s3v4NjZ/llvm/include/llvm/Transforms/Scalar/InstSimplifyPass.h
-- Installing: /tmp/tmp.iH9s3v4NjZ/llvm/include/llvm/Transforms/Scalar/LoopStrengthReduce.h
-- Installing: /tmp/tmp.iH9s3v4NjZ/llvm/include/llvm/Transforms/Scalar/FlattenCFG.h
-- Installing: /tmp/tmp.iH9s3v4NjZ/llvm/include/llvm/Transforms/Scalar/LoopFuse.h
-- Installing: /tmp/tmp.iH9s3v4NjZ/llvm/include/llvm/Transforms/Scalar/DFAJumpThreading.h
-- Installing: /tmp/tmp.iH9s3v4NjZ/llvm/include/llvm/Transforms/Scalar/LoopFlatten.h
-- Installing: /tmp/tmp.iH9s3v4NjZ/llvm/include/llvm/Transforms/Scalar/GVNExpression.h
-- Installing: /tmp/tmp.iH9s3v4NjZ/llvm/include/llvm/Transforms/Scalar/MemCpyOptimizer.h
-- Installing: /tmp/tmp.iH9s3v4NjZ/llvm/include/llvm/Transforms/Scalar/RewriteStatepointsForGC.h
-- Installing: /tmp/tmp.iH9s3v4NjZ/llvm/include/llvm/Transforms/Scalar/LICM.h
-- Installing: /tmp/tmp.iH9s3v4NjZ/llvm/include/llvm/Transforms/Scalar/ConstantHoisting.h
-- Installing: /tmp/tmp.iH9s3v4NjZ/llvm/include/llvm/Transforms/Scalar/LoopDistribute.h
-- Installing: /tmp/tmp.iH9s3v4NjZ/llvm/include/llvm/Transforms/Scalar/LowerGuardIntrinsic.h
-- Installing: /tmp/tmp.iH9s3v4NjZ/llvm/include/llvm/Transforms/Scalar/Reassociate.h
-- Installing: /tmp/tmp.iH9s3v4NjZ/llvm/include/llvm/Transforms/Scalar/JumpThreading.h
-- Installing: /tmp/tmp.iH9s3v4NjZ/llvm/include/llvm/Transforms/Scalar/LoopReroll.h
-- Installing: /tmp/tmp.iH9s3v4NjZ/llvm/include/llvm/Transforms/Scalar/MakeGuardsExplicit.h
-- Installing: /tmp/tmp.iH9s3v4NjZ/llvm/include/llvm/Transforms/Scalar/SimplifyCFG.h
-- Installing: /tmp/tmp.iH9s3v4NjZ/llvm/include/llvm/Transforms/Scalar/LowerConstantIntrinsics.h
-- Installing: /tmp/tmp.iH9s3v4NjZ/llvm/include/llvm/Transforms/Scalar/LoopUnrollAndJamPass.h
-- Installing: /tmp/tmp.iH9s3v4NjZ/llvm/include/llvm/Transforms/Scalar/Scalarizer.h
-- Installing: /tmp/tmp.iH9s3v4NjZ/llvm/include/llvm/Transforms/Coroutines
-- Installing: /tmp/tmp.iH9s3v4NjZ/llvm/include/llvm/Transforms/Coroutines/CoroElide.h
-- Installing: /tmp/tmp.iH9s3v4NjZ/llvm/include/llvm/Transforms/Coroutines/CoroCleanup.h
-- Installing: /tmp/tmp.iH9s3v4NjZ/llvm/include/llvm/Transforms/Coroutines/CoroSplit.h
-- Installing: /tmp/tmp.iH9s3v4NjZ/llvm/include/llvm/Transforms/Coroutines/CoroEarly.h
-- Installing: /tmp/tmp.iH9s3v4NjZ/llvm/include/llvm/Transforms/Coroutines/CoroConditionalWrapper.h
-- Installing: /tmp/tmp.iH9s3v4NjZ/llvm/include/llvm/Transforms/InstCombine
-- Installing: /tmp/tmp.iH9s3v4NjZ/llvm/include/llvm/Transforms/InstCombine/InstCombine.h
-- Installing: /tmp/tmp.iH9s3v4NjZ/llvm/include/llvm/Transforms/InstCombine/InstCombiner.h
-- Up-to-date: /tmp/tmp.iH9s3v4NjZ/llvm/include/llvm-c
-- Installing: /tmp/tmp.iH9s3v4NjZ/llvm/include/llvm-c/DebugInfo.h
-- Installing: /tmp/tmp.iH9s3v4NjZ/llvm/include/llvm-c/DataTypes.h
-- Installing: /tmp/tmp.iH9s3v4NjZ/llvm/include/llvm-c/Error.h
-- Installing: /tmp/tmp.iH9s3v4NjZ/llvm/include/llvm-c/Core.h
-- Installing: /tmp/tmp.iH9s3v4NjZ/llvm/include/llvm-c/Object.h
-- Installing: /tmp/tmp.iH9s3v4NjZ/llvm/include/llvm-c/Disassembler.h
-- Installing: /tmp/tmp.iH9s3v4NjZ/llvm/include/llvm-c/Deprecated.h
-- Installing: /tmp/tmp.iH9s3v4NjZ/llvm/include/llvm-c/BitReader.h
-- Installing: /tmp/tmp.iH9s3v4NjZ/llvm/include/llvm-c/BitWriter.h
-- Installing: /tmp/tmp.iH9s3v4NjZ/llvm/include/llvm-c/TargetMachine.h
-- Installing: /tmp/tmp.iH9s3v4NjZ/llvm/include/llvm-c/blake3.h
-- Up-to-date: /tmp/tmp.iH9s3v4NjZ/llvm/include/llvm-c/Remarks.h
-- Installing: /tmp/tmp.iH9s3v4NjZ/llvm/include/llvm-c/Analysis.h
-- Installing: /tmp/tmp.iH9s3v4NjZ/llvm/include/llvm-c/Initialization.h
-- Installing: /tmp/tmp.iH9s3v4NjZ/llvm/include/llvm-c/LLJIT.h
-- Installing: /tmp/tmp.iH9s3v4NjZ/llvm/include/llvm-c/Types.h
-- Installing: /tmp/tmp.iH9s3v4NjZ/llvm/include/llvm-c/Linker.h
-- Installing: /tmp/tmp.iH9s3v4NjZ/llvm/include/llvm-c/DisassemblerTypes.h
-- Installing: /tmp/tmp.iH9s3v4NjZ/llvm/include/llvm-c/ExternC.h
-- Installing: /tmp/tmp.iH9s3v4NjZ/llvm/include/llvm-c/ExecutionEngine.h
-- Installing: /tmp/tmp.iH9s3v4NjZ/llvm/include/llvm-c/Comdat.h
-- Installing: /tmp/tmp.iH9s3v4NjZ/llvm/include/llvm-c/Support.h
-- Installing: /tmp/tmp.iH9s3v4NjZ/llvm/include/llvm-c/ErrorHandling.h
-- Installing: /tmp/tmp.iH9s3v4NjZ/llvm/include/llvm-c/Target.h
-- Installing: /tmp/tmp.iH9s3v4NjZ/llvm/include/llvm-c/Transforms
-- Installing: /tmp/tmp.iH9s3v4NjZ/llvm/include/llvm-c/Transforms/IPO.h
-- Installing: /tmp/tmp.iH9s3v4NjZ/llvm/include/llvm-c/Transforms/InstCombine.h
-- Installing: /tmp/tmp.iH9s3v4NjZ/llvm/include/llvm-c/Transforms/Scalar.h
-- Installing: /tmp/tmp.iH9s3v4NjZ/llvm/include/llvm-c/Transforms/Vectorize.h
-- Installing: /tmp/tmp.iH9s3v4NjZ/llvm/include/llvm-c/Transforms/PassBuilder.h
-- Installing: /tmp/tmp.iH9s3v4NjZ/llvm/include/llvm-c/Transforms/PassManagerBuilder.h
-- Installing: /tmp/tmp.iH9s3v4NjZ/llvm/include/llvm-c/Transforms/Utils.h
-- Installing: /tmp/tmp.iH9s3v4NjZ/llvm/include/llvm-c/OrcEE.h
-- Installing: /tmp/tmp.iH9s3v4NjZ/llvm/include/llvm-c/IRReader.h
-- Up-to-date: /tmp/tmp.iH9s3v4NjZ/llvm/include/llvm-c/lto.h
-- Installing: /tmp/tmp.iH9s3v4NjZ/llvm/include/llvm-c/Orc.h
-- Up-to-date: /tmp/tmp.iH9s3v4NjZ/llvm/include/llvm
-- Up-to-date: /tmp/tmp.iH9s3v4NjZ/llvm/include/llvm/Support
-- Installing: /tmp/tmp.iH9s3v4NjZ/llvm/include/llvm/Support/VCSRevision.h
-- Installing: /tmp/tmp.iH9s3v4NjZ/llvm/include/llvm/Support/Extension.def
-- Up-to-date: /tmp/tmp.iH9s3v4NjZ/llvm/include/llvm/Frontend
-- Up-to-date: /tmp/tmp.iH9s3v4NjZ/llvm/include/llvm/Frontend/OpenACC
-- Installing: /tmp/tmp.iH9s3v4NjZ/llvm/include/llvm/Frontend/OpenACC/ACC.h.inc
-- Installing: /tmp/tmp.iH9s3v4NjZ/llvm/include/llvm/Frontend/OpenACC/ACC.inc
-- Up-to-date: /tmp/tmp.iH9s3v4NjZ/llvm/include/llvm/Frontend/OpenMP
-- Installing: /tmp/tmp.iH9s3v4NjZ/llvm/include/llvm/Frontend/OpenMP/OMP.inc
-- Installing: /tmp/tmp.iH9s3v4NjZ/llvm/include/llvm/Frontend/OpenMP/OMP.h.inc
-- Up-to-date: /tmp/tmp.iH9s3v4NjZ/llvm/include/llvm/IR
-- Installing: /tmp/tmp.iH9s3v4NjZ/llvm/include/llvm/IR/IntrinsicsX86.h
-- Installing: /tmp/tmp.iH9s3v4NjZ/llvm/include/llvm/IR/IntrinsicsBPF.h
-- Installing: /tmp/tmp.iH9s3v4NjZ/llvm/include/llvm/IR/IntrinsicsAMDGPU.h
-- Installing: /tmp/tmp.iH9s3v4NjZ/llvm/include/llvm/IR/IntrinsicsXCore.h
-- Installing: /tmp/tmp.iH9s3v4NjZ/llvm/include/llvm/IR/IntrinsicsAArch64.h
-- Installing: /tmp/tmp.iH9s3v4NjZ/llvm/include/llvm/IR/IntrinsicsWebAssembly.h
-- Installing: /tmp/tmp.iH9s3v4NjZ/llvm/include/llvm/IR/IntrinsicsRISCV.h
-- Installing: /tmp/tmp.iH9s3v4NjZ/llvm/include/llvm/IR/IntrinsicsLoongArch.h
-- Installing: /tmp/tmp.iH9s3v4NjZ/llvm/include/llvm/IR/IntrinsicsVE.h
-- Installing: /tmp/tmp.iH9s3v4NjZ/llvm/include/llvm/IR/IntrinsicsARM.h
-- Installing: /tmp/tmp.iH9s3v4NjZ/llvm/include/llvm/IR/Attributes.inc
-- Installing: /tmp/tmp.iH9s3v4NjZ/llvm/include/llvm/IR/IntrinsicsS390.h
-- Installing: /tmp/tmp.iH9s3v4NjZ/llvm/include/llvm/IR/IntrinsicsSPIRV.h
-- Installing: /tmp/tmp.iH9s3v4NjZ/llvm/include/llvm/IR/IntrinsicEnums.inc
-- Installing: /tmp/tmp.iH9s3v4NjZ/llvm/include/llvm/IR/IntrinsicsPowerPC.h
-- Installing: /tmp/tmp.iH9s3v4NjZ/llvm/include/llvm/IR/IntrinsicsNVPTX.h
-- Installing: /tmp/tmp.iH9s3v4NjZ/llvm/include/llvm/IR/IntrinsicImpl.inc
-- Installing: /tmp/tmp.iH9s3v4NjZ/llvm/include/llvm/IR/IntrinsicsMips.h
-- Installing: /tmp/tmp.iH9s3v4NjZ/llvm/include/llvm/IR/IntrinsicsDirectX.h
-- Installing: /tmp/tmp.iH9s3v4NjZ/llvm/include/llvm/IR/IntrinsicsR600.h
-- Installing: /tmp/tmp.iH9s3v4NjZ/llvm/include/llvm/IR/IntrinsicsHexagon.h
-- Up-to-date: /tmp/tmp.iH9s3v4NjZ/llvm/include/llvm/Config
-- Installing: /tmp/tmp.iH9s3v4NjZ/llvm/include/llvm/Config/TargetExegesis.def
-- Installing: /tmp/tmp.iH9s3v4NjZ/llvm/include/llvm/Config/abi-breaking.h
-- Installing: /tmp/tmp.iH9s3v4NjZ/llvm/include/llvm/Config/TargetMCAs.def
-- Installing: /tmp/tmp.iH9s3v4NjZ/llvm/include/llvm/Config/Disassemblers.def
-- Installing: /tmp/tmp.iH9s3v4NjZ/llvm/include/llvm/Config/llvm-config.h
-- Installing: /tmp/tmp.iH9s3v4NjZ/llvm/include/llvm/Config/Targets.def
-- Installing: /tmp/tmp.iH9s3v4NjZ/llvm/include/llvm/Config/AsmPrinters.def
-- Installing: /tmp/tmp.iH9s3v4NjZ/llvm/include/llvm/Config/AsmParsers.def
-- Up-to-date: /tmp/tmp.iH9s3v4NjZ/llvm/include/llvm/TargetParser
-- Installing: /tmp/tmp.iH9s3v4NjZ/llvm/include/llvm/TargetParser/RISCVTargetParserDef.inc
[239/254] cd /home/tim911004/.llvm-project/stage1_build && /home/tim911004/miniconda3/envs/cuda-quantum/lib/python3.10/site-packages/cmake/data/bin/cmake -DCMAKE_INSTALL_COMPONENT="llvm-libraries" -DCMAKE_INSTALL_DO_STRIP=1 -P /home/tim911004/.llvm-project/stage1_build/cmake_install.cmake
-- Install configuration: "Release"
[240/254] cd /home/tim911004/.llvm-project/stage1_build/tools/llvm-ar && /home/tim911004/miniconda3/envs/cuda-quantum/lib/python3.10/site-packages/cmake/data/bin/cmake -DCMAKE_INSTALL_COMPONENT="llvm-ar" -DCMAKE_INSTALL_DO_STRIP=1 -P /home/tim911004/.llvm-project/stage1_build/cmake_install.cmake
-- Install configuration: "Release"
-- Installing: /tmp/tmp.iH9s3v4NjZ/llvm/bin/llvm-ar
-- Set non-toolchain portion of runtime path of "/tmp/tmp.iH9s3v4NjZ/llvm/bin/llvm-ar" to "$ORIGIN/../lib"
[241/254] cd /home/tim911004/.llvm-project/stage1_build/tools/llvm-config && /home/tim911004/miniconda3/envs/cuda-quantum/lib/python3.10/site-packages/cmake/data/bin/cmake -DCMAKE_INSTALL_COMPONENT="llvm-config" -DCMAKE_INSTALL_DO_STRIP=1 -P /home/tim911004/.llvm-project/stage1_build/cmake_install.cmake
-- Install configuration: "Release"
-- Installing: /tmp/tmp.iH9s3v4NjZ/llvm/bin/llvm-config
-- Set non-toolchain portion of runtime path of "/tmp/tmp.iH9s3v4NjZ/llvm/bin/llvm-config" to "$ORIGIN/../lib"
[242/254] cd /home/tim911004/.llvm-project/stage1_build/tools/llvm-profdata && /home/tim911004/miniconda3/envs/cuda-quantum/lib/python3.10/site-packages/cmake/data/bin/cmake -DCMAKE_INSTALL_COMPONENT="llvm-profdata" -DCMAKE_INSTALL_DO_STRIP=1 -P /home/tim911004/.llvm-project/stage1_build/cmake_install.cmake
-- Install configuration: "Release"
-- Installing: /tmp/tmp.iH9s3v4NjZ/llvm/bin/llvm-profdata
-- Set non-toolchain portion of runtime path of "/tmp/tmp.iH9s3v4NjZ/llvm/bin/llvm-profdata" to "$ORIGIN/../lib"
[243/254] cd /home/tim911004/.llvm-project/stage1_build/tools/clang && /home/tim911004/miniconda3/envs/cuda-quantum/lib/python3.10/site-packages/cmake/data/bin/cmake -DCMAKE_INSTALL_COMPONENT="clang-headers" -DCMAKE_INSTALL_DO_STRIP=1 -P /home/tim911004/.llvm-project/stage1_build/cmake_install.cmake
-- Install configuration: "Release"
-- Installing: /tmp/tmp.iH9s3v4NjZ/llvm/include/clang
-- Installing: /tmp/tmp.iH9s3v4NjZ/llvm/include/clang/Format
-- Installing: /tmp/tmp.iH9s3v4NjZ/llvm/include/clang/Format/Format.h
-- Installing: /tmp/tmp.iH9s3v4NjZ/llvm/include/clang/Lex
-- Installing: /tmp/tmp.iH9s3v4NjZ/llvm/include/clang/Lex/HeaderSearchOptions.h
-- Installing: /tmp/tmp.iH9s3v4NjZ/llvm/include/clang/Lex/Preprocessor.h
-- Installing: /tmp/tmp.iH9s3v4NjZ/llvm/include/clang/Lex/Pragma.h
-- Installing: /tmp/tmp.iH9s3v4NjZ/llvm/include/clang/Lex/DirectoryLookup.h
-- Installing: /tmp/tmp.iH9s3v4NjZ/llvm/include/clang/Lex/MacroInfo.h
-- Installing: /tmp/tmp.iH9s3v4NjZ/llvm/include/clang/Lex/PreprocessingRecord.h
-- Installing: /tmp/tmp.iH9s3v4NjZ/llvm/include/clang/Lex/Lexer.h
-- Installing: /tmp/tmp.iH9s3v4NjZ/llvm/include/clang/Lex/HeaderSearch.h
-- Installing: /tmp/tmp.iH9s3v4NjZ/llvm/include/clang/Lex/ModuleLoader.h
-- Installing: /tmp/tmp.iH9s3v4NjZ/llvm/include/clang/Lex/TokenLexer.h
-- Installing: /tmp/tmp.iH9s3v4NjZ/llvm/include/clang/Lex/TokenConcatenation.h
-- Installing: /tmp/tmp.iH9s3v4NjZ/llvm/include/clang/Lex/MultipleIncludeOpt.h
-- Installing: /tmp/tmp.iH9s3v4NjZ/llvm/include/clang/Lex/PPCallbacks.h
-- Installing: /tmp/tmp.iH9s3v4NjZ/llvm/include/clang/Lex/VariadicMacroSupport.h
-- Installing: /tmp/tmp.iH9s3v4NjZ/llvm/include/clang/Lex/PPConditionalDirectiveRecord.h
-- Installing: /tmp/tmp.iH9s3v4NjZ/llvm/include/clang/Lex/PreprocessorLexer.h
-- Installing: /tmp/tmp.iH9s3v4NjZ/llvm/include/clang/Lex/HeaderMap.h
-- Installing: /tmp/tmp.iH9s3v4NjZ/llvm/include/clang/Lex/CodeCompletionHandler.h
-- Installing: /tmp/tmp.iH9s3v4NjZ/llvm/include/clang/Lex/Token.h
-- Installing: /tmp/tmp.iH9s3v4NjZ/llvm/include/clang/Lex/MacroArgs.h
-- Installing: /tmp/tmp.iH9s3v4NjZ/llvm/include/clang/Lex/ExternalPreprocessorSource.h
-- Installing: /tmp/tmp.iH9s3v4NjZ/llvm/include/clang/Lex/LiteralSupport.h
-- Installing: /tmp/tmp.iH9s3v4NjZ/llvm/include/clang/Lex/DependencyDirectivesScanner.h
-- Installing: /tmp/tmp.iH9s3v4NjZ/llvm/include/clang/Lex/LexDiagnostic.h
-- Installing: /tmp/tmp.iH9s3v4NjZ/llvm/include/clang/Lex/HeaderMapTypes.h
-- Installing: /tmp/tmp.iH9s3v4NjZ/llvm/include/clang/Lex/ModuleMap.h
-- Installing: /tmp/tmp.iH9s3v4NjZ/llvm/include/clang/Lex/ScratchBuffer.h
-- Installing: /tmp/tmp.iH9s3v4NjZ/llvm/include/clang/Lex/PreprocessorOptions.h
-- Installing: /tmp/tmp.iH9s3v4NjZ/llvm/include/clang/CrossTU
-- Installing: /tmp/tmp.iH9s3v4NjZ/llvm/include/clang/CrossTU/CrossTranslationUnit.h
-- Installing: /tmp/tmp.iH9s3v4NjZ/llvm/include/clang/CrossTU/CrossTUDiagnostic.h
-- Installing: /tmp/tmp.iH9s3v4NjZ/llvm/include/clang/Serialization
-- Installing: /tmp/tmp.iH9s3v4NjZ/llvm/include/clang/Serialization/ASTBitCodes.h
-- Installing: /tmp/tmp.iH9s3v4NjZ/llvm/include/clang/Serialization/InMemoryModuleCache.h
-- Installing: /tmp/tmp.iH9s3v4NjZ/llvm/include/clang/Serialization/ModuleFile.h
-- Installing: /tmp/tmp.iH9s3v4NjZ/llvm/include/clang/Serialization/ASTRecordReader.h
-- Installing: /tmp/tmp.iH9s3v4NjZ/llvm/include/clang/Serialization/ModuleFileExtension.h
-- Installing: /tmp/tmp.iH9s3v4NjZ/llvm/include/clang/Serialization/PCHContainerOperations.h
-- Installing: /tmp/tmp.iH9s3v4NjZ/llvm/include/clang/Serialization/ASTDeserializationListener.h
-- Installing: /tmp/tmp.iH9s3v4NjZ/llvm/include/clang/Serialization/ContinuousRangeMap.h
-- Installing: /tmp/tmp.iH9s3v4NjZ/llvm/include/clang/Serialization/GlobalModuleIndex.h
-- Installing: /tmp/tmp.iH9s3v4NjZ/llvm/include/clang/Serialization/SourceLocationEncoding.h
-- Installing: /tmp/tmp.iH9s3v4NjZ/llvm/include/clang/Serialization/ModuleManager.h
-- Installing: /tmp/tmp.iH9s3v4NjZ/llvm/include/clang/Serialization/ASTReader.h
-- Installing: /tmp/tmp.iH9s3v4NjZ/llvm/include/clang/Serialization/ASTWriter.h
-- Installing: /tmp/tmp.iH9s3v4NjZ/llvm/include/clang/Serialization/SerializationDiagnostic.h
-- Installing: /tmp/tmp.iH9s3v4NjZ/llvm/include/clang/Serialization/ASTRecordWriter.h
-- Installing: /tmp/tmp.iH9s3v4NjZ/llvm/include/clang/Serialization/TypeBitCodes.def
-- Installing: /tmp/tmp.iH9s3v4NjZ/llvm/include/clang/IndexSerialization
-- Installing: /tmp/tmp.iH9s3v4NjZ/llvm/include/clang/IndexSerialization/SerializablePathCollection.h
-- Installing: /tmp/tmp.iH9s3v4NjZ/llvm/include/clang/Support
-- Installing: /tmp/tmp.iH9s3v4NjZ/llvm/include/clang/Support/RISCVVIntrinsicUtils.h
-- Installing: /tmp/tmp.iH9s3v4NjZ/llvm/include/clang/Tooling
-- Installing: /tmp/tmp.iH9s3v4NjZ/llvm/include/clang/Tooling/Tooling.h
-- Installing: /tmp/tmp.iH9s3v4NjZ/llvm/include/clang/Tooling/Syntax
-- Installing: /tmp/tmp.iH9s3v4NjZ/llvm/include/clang/Tooling/Syntax/TokenBufferTokenManager.h
-- Installing: /tmp/tmp.iH9s3v4NjZ/llvm/include/clang/Tooling/Syntax/Nodes.h
-- Installing: /tmp/tmp.iH9s3v4NjZ/llvm/include/clang/Tooling/Syntax/Tree.h
-- Installing: /tmp/tmp.iH9s3v4NjZ/llvm/include/clang/Tooling/Syntax/Tokens.h
-- Installing: /tmp/tmp.iH9s3v4NjZ/llvm/include/clang/Tooling/Syntax/TokenManager.h
-- Installing: /tmp/tmp.iH9s3v4NjZ/llvm/include/clang/Tooling/Syntax/BuildTree.h
-- Installing: /tmp/tmp.iH9s3v4NjZ/llvm/include/clang/Tooling/Syntax/Mutations.h
-- Installing: /tmp/tmp.iH9s3v4NjZ/llvm/include/clang/Tooling/CompilationDatabase.h
-- Installing: /tmp/tmp.iH9s3v4NjZ/llvm/include/clang/Tooling/DiagnosticsYaml.h
-- Installing: /tmp/tmp.iH9s3v4NjZ/llvm/include/clang/Tooling/ToolExecutorPluginRegistry.h
-- Installing: /tmp/tmp.iH9s3v4NjZ/llvm/include/clang/Tooling/ArgumentsAdjusters.h
-- Installing: /tmp/tmp.iH9s3v4NjZ/llvm/include/clang/Tooling/Inclusions
-- Installing: /tmp/tmp.iH9s3v4NjZ/llvm/include/clang/Tooling/Inclusions/HeaderAnalysis.h
-- Installing: /tmp/tmp.iH9s3v4NjZ/llvm/include/clang/Tooling/Inclusions/StandardLibrary.h
-- Installing: /tmp/tmp.iH9s3v4NjZ/llvm/include/clang/Tooling/Inclusions/IncludeStyle.h
-- Installing: /tmp/tmp.iH9s3v4NjZ/llvm/include/clang/Tooling/Inclusions/HeaderIncludes.h
-- Installing: /tmp/tmp.iH9s3v4NjZ/llvm/include/clang/Tooling/NodeIntrospection.h
-- Installing: /tmp/tmp.iH9s3v4NjZ/llvm/include/clang/Tooling/Refactoring.h
-- Installing: /tmp/tmp.iH9s3v4NjZ/llvm/include/clang/Tooling/DependencyScanning
-- Installing: /tmp/tmp.iH9s3v4NjZ/llvm/include/clang/Tooling/DependencyScanning/ModuleDepCollector.h
-- Installing: /tmp/tmp.iH9s3v4NjZ/llvm/include/clang/Tooling/DependencyScanning/DependencyScanningFilesystem.h
-- Installing: /tmp/tmp.iH9s3v4NjZ/llvm/include/clang/Tooling/DependencyScanning/DependencyScanningTool.h
-- Installing: /tmp/tmp.iH9s3v4NjZ/llvm/include/clang/Tooling/DependencyScanning/DependencyScanningService.h
-- Installing: /tmp/tmp.iH9s3v4NjZ/llvm/include/clang/Tooling/DependencyScanning/DependencyScanningWorker.h
-- Installing: /tmp/tmp.iH9s3v4NjZ/llvm/include/clang/Tooling/StandaloneExecution.h
-- Installing: /tmp/tmp.iH9s3v4NjZ/llvm/include/clang/Tooling/Refactoring
-- Installing: /tmp/tmp.iH9s3v4NjZ/llvm/include/clang/Tooling/Refactoring/RefactoringDiagnostic.h
-- Installing: /tmp/tmp.iH9s3v4NjZ/llvm/include/clang/Tooling/Refactoring/RecursiveSymbolVisitor.h
-- Installing: /tmp/tmp.iH9s3v4NjZ/llvm/include/clang/Tooling/Refactoring/RefactoringOption.h
-- Installing: /tmp/tmp.iH9s3v4NjZ/llvm/include/clang/Tooling/Refactoring/RefactoringRuleContext.h
-- Installing: /tmp/tmp.iH9s3v4NjZ/llvm/include/clang/Tooling/Refactoring/RefactoringActionRuleRequirements.h
-- Installing: /tmp/tmp.iH9s3v4NjZ/llvm/include/clang/Tooling/Refactoring/RefactoringActionRules.h
-- Installing: /tmp/tmp.iH9s3v4NjZ/llvm/include/clang/Tooling/Refactoring/RefactoringActionRulesInternal.h
-- Installing: /tmp/tmp.iH9s3v4NjZ/llvm/include/clang/Tooling/Refactoring/Lookup.h
-- Installing: /tmp/tmp.iH9s3v4NjZ/llvm/include/clang/Tooling/Refactoring/RefactoringActionRule.h
-- Installing: /tmp/tmp.iH9s3v4NjZ/llvm/include/clang/Tooling/Refactoring/AtomicChange.h
-- Installing: /tmp/tmp.iH9s3v4NjZ/llvm/include/clang/Tooling/Refactoring/RefactoringAction.h
-- Installing: /tmp/tmp.iH9s3v4NjZ/llvm/include/clang/Tooling/Refactoring/Extract
-- Installing: /tmp/tmp.iH9s3v4NjZ/llvm/include/clang/Tooling/Refactoring/Extract/Extract.h
-- Installing: /tmp/tmp.iH9s3v4NjZ/llvm/include/clang/Tooling/Refactoring/Extract/SourceExtraction.h
-- Installing: /tmp/tmp.iH9s3v4NjZ/llvm/include/clang/Tooling/Refactoring/Rename
-- Installing: /tmp/tmp.iH9s3v4NjZ/llvm/include/clang/Tooling/Refactoring/Rename/USRFinder.h
-- Installing: /tmp/tmp.iH9s3v4NjZ/llvm/include/clang/Tooling/Refactoring/Rename/SymbolName.h
-- Installing: /tmp/tmp.iH9s3v4NjZ/llvm/include/clang/Tooling/Refactoring/Rename/RenamingAction.h
-- Installing: /tmp/tmp.iH9s3v4NjZ/llvm/include/clang/Tooling/Refactoring/Rename/SymbolOccurrences.h
-- Installing: /tmp/tmp.iH9s3v4NjZ/llvm/include/clang/Tooling/Refactoring/Rename/USRLocFinder.h
-- Installing: /tmp/tmp.iH9s3v4NjZ/llvm/include/clang/Tooling/Refactoring/Rename/USRFindingAction.h
-- Installing: /tmp/tmp.iH9s3v4NjZ/llvm/include/clang/Tooling/Refactoring/RefactoringOptions.h
-- Installing: /tmp/tmp.iH9s3v4NjZ/llvm/include/clang/Tooling/Refactoring/RefactoringOptionVisitor.h
-- Installing: /tmp/tmp.iH9s3v4NjZ/llvm/include/clang/Tooling/Refactoring/ASTSelection.h
-- Installing: /tmp/tmp.iH9s3v4NjZ/llvm/include/clang/Tooling/Refactoring/RefactoringResultConsumer.h
-- Installing: /tmp/tmp.iH9s3v4NjZ/llvm/include/clang/Tooling/AllTUsExecution.h
-- Installing: /tmp/tmp.iH9s3v4NjZ/llvm/include/clang/Tooling/CommonOptionsParser.h
-- Installing: /tmp/tmp.iH9s3v4NjZ/llvm/include/clang/Tooling/RefactoringCallbacks.h
-- Installing: /tmp/tmp.iH9s3v4NjZ/llvm/include/clang/Tooling/FixIt.h
-- Installing: /tmp/tmp.iH9s3v4NjZ/llvm/include/clang/Tooling/CompilationDatabasePluginRegistry.h
-- Installing: /tmp/tmp.iH9s3v4NjZ/llvm/include/clang/Tooling/Transformer
-- Installing: /tmp/tmp.iH9s3v4NjZ/llvm/include/clang/Tooling/Transformer/Parsing.h
-- Installing: /tmp/tmp.iH9s3v4NjZ/llvm/include/clang/Tooling/Transformer/RewriteRule.h
-- Installing: /tmp/tmp.iH9s3v4NjZ/llvm/include/clang/Tooling/Transformer/Transformer.h
-- Installing: /tmp/tmp.iH9s3v4NjZ/llvm/include/clang/Tooling/Transformer/Stencil.h
-- Installing: /tmp/tmp.iH9s3v4NjZ/llvm/include/clang/Tooling/Transformer/SourceCode.h
-- Installing: /tmp/tmp.iH9s3v4NjZ/llvm/include/clang/Tooling/Transformer/MatchConsumer.h
-- Installing: /tmp/tmp.iH9s3v4NjZ/llvm/include/clang/Tooling/Transformer/RangeSelector.h
-- Installing: /tmp/tmp.iH9s3v4NjZ/llvm/include/clang/Tooling/Transformer/SourceCodeBuilders.h
-- Installing: /tmp/tmp.iH9s3v4NjZ/llvm/include/clang/Tooling/FileMatchTrie.h
-- Installing: /tmp/tmp.iH9s3v4NjZ/llvm/include/clang/Tooling/ASTDiff
-- Installing: /tmp/tmp.iH9s3v4NjZ/llvm/include/clang/Tooling/ASTDiff/ASTDiffInternal.h
-- Installing: /tmp/tmp.iH9s3v4NjZ/llvm/include/clang/Tooling/ASTDiff/ASTDiff.h
-- Installing: /tmp/tmp.iH9s3v4NjZ/llvm/include/clang/Tooling/Execution.h
-- Installing: /tmp/tmp.iH9s3v4NjZ/llvm/include/clang/Tooling/JSONCompilationDatabase.h
-- Installing: /tmp/tmp.iH9s3v4NjZ/llvm/include/clang/Tooling/ReplacementsYaml.h
-- Installing: /tmp/tmp.iH9s3v4NjZ/llvm/include/clang/Tooling/Core
-- Installing: /tmp/tmp.iH9s3v4NjZ/llvm/include/clang/Tooling/Core/Diagnostic.h
-- Installing: /tmp/tmp.iH9s3v4NjZ/llvm/include/clang/Tooling/Core/Replacement.h
-- Installing: /tmp/tmp.iH9s3v4NjZ/llvm/include/clang/APINotes
-- Installing: /tmp/tmp.iH9s3v4NjZ/llvm/include/clang/APINotes/Types.h
-- Installing: /tmp/tmp.iH9s3v4NjZ/llvm/include/clang/APINotes/APINotesYAMLCompiler.h
-- Installing: /tmp/tmp.iH9s3v4NjZ/llvm/include/clang/DirectoryWatcher
-- Installing: /tmp/tmp.iH9s3v4NjZ/llvm/include/clang/DirectoryWatcher/DirectoryWatcher.h
-- Installing: /tmp/tmp.iH9s3v4NjZ/llvm/include/clang/AST
-- Installing: /tmp/tmp.iH9s3v4NjZ/llvm/include/clang/AST/NSAPI.h
-- Installing: /tmp/tmp.iH9s3v4NjZ/llvm/include/clang/AST/BaseSubobject.h
-- Installing: /tmp/tmp.iH9s3v4NjZ/llvm/include/clang/AST/Redeclarable.h
-- Installing: /tmp/tmp.iH9s3v4NjZ/llvm/include/clang/AST/StmtIterator.h
-- Installing: /tmp/tmp.iH9s3v4NjZ/llvm/include/clang/AST/AbstractTypeWriter.h
-- Installing: /tmp/tmp.iH9s3v4NjZ/llvm/include/clang/AST/DeclContextInternals.h
-- Installing: /tmp/tmp.iH9s3v4NjZ/llvm/include/clang/AST/Attr.h
-- Installing: /tmp/tmp.iH9s3v4NjZ/llvm/include/clang/AST/RecursiveASTVisitor.h
-- Installing: /tmp/tmp.iH9s3v4NjZ/llvm/include/clang/AST/Stmt.h
-- Installing: /tmp/tmp.iH9s3v4NjZ/llvm/include/clang/AST/ASTImportError.h
-- Installing: /tmp/tmp.iH9s3v4NjZ/llvm/include/clang/AST/CommentParser.h
-- Installing: /tmp/tmp.iH9s3v4NjZ/llvm/include/clang/AST/TextNodeDumper.h
-- Installing: /tmp/tmp.iH9s3v4NjZ/llvm/include/clang/AST/ASTImporter.h
-- Installing: /tmp/tmp.iH9s3v4NjZ/llvm/include/clang/AST/Expr.h
-- Installing: /tmp/tmp.iH9s3v4NjZ/llvm/include/clang/AST/ComparisonCategories.h
-- Installing: /tmp/tmp.iH9s3v4NjZ/llvm/include/clang/AST/VTTBuilder.h
-- Installing: /tmp/tmp.iH9s3v4NjZ/llvm/include/clang/AST/LambdaCapture.h
-- Installing: /tmp/tmp.iH9s3v4NjZ/llvm/include/clang/AST/OSLog.h
-- Installing: /tmp/tmp.iH9s3v4NjZ/llvm/include/clang/AST/ASTDiagnostic.h
-- Installing: /tmp/tmp.iH9s3v4NjZ/llvm/include/clang/AST/DeclBase.h
-- Installing: /tmp/tmp.iH9s3v4NjZ/llvm/include/clang/AST/TemplateBase.h
-- Installing: /tmp/tmp.iH9s3v4NjZ/llvm/include/clang/AST/ASTNodeTraverser.h
-- Installing: /tmp/tmp.iH9s3v4NjZ/llvm/include/clang/AST/Type.h
-- Installing: /tmp/tmp.iH9s3v4NjZ/llvm/include/clang/AST/AST.h
-- Installing: /tmp/tmp.iH9s3v4NjZ/llvm/include/clang/AST/ExprCXX.h
-- Installing: /tmp/tmp.iH9s3v4NjZ/llvm/include/clang/AST/JSONNodeDumper.h
-- Installing: /tmp/tmp.iH9s3v4NjZ/llvm/include/clang/AST/DeclAccessPair.h
-- Installing: /tmp/tmp.iH9s3v4NjZ/llvm/include/clang/AST/ASTVector.h
-- Installing: /tmp/tmp.iH9s3v4NjZ/llvm/include/clang/AST/ASTDumper.h
-- Installing: /tmp/tmp.iH9s3v4NjZ/llvm/include/clang/AST/TypeOrdering.h
-- Installing: /tmp/tmp.iH9s3v4NjZ/llvm/include/clang/AST/DeclCXX.h
-- Installing: /tmp/tmp.iH9s3v4NjZ/llvm/include/clang/AST/GlobalDecl.h
-- Installing: /tmp/tmp.iH9s3v4NjZ/llvm/include/clang/AST/ASTImporterSharedState.h
-- Installing: /tmp/tmp.iH9s3v4NjZ/llvm/include/clang/AST/ComputeDependence.h
-- Installing: /tmp/tmp.iH9s3v4NjZ/llvm/include/clang/AST/ParentMapContext.h
-- Installing: /tmp/tmp.iH9s3v4NjZ/llvm/include/clang/AST/DeclTemplate.h
-- Installing: /tmp/tmp.iH9s3v4NjZ/llvm/include/clang/AST/ASTUnresolvedSet.h
-- Installing: /tmp/tmp.iH9s3v4NjZ/llvm/include/clang/AST/OptionalDiagnostic.h
-- Installing: /tmp/tmp.iH9s3v4NjZ/llvm/include/clang/AST/ExternalASTMerger.h
-- Installing: /tmp/tmp.iH9s3v4NjZ/llvm/include/clang/AST/AbstractTypeReader.h
-- Installing: /tmp/tmp.iH9s3v4NjZ/llvm/include/clang/AST/SelectorLocationsKind.h
-- Installing: /tmp/tmp.iH9s3v4NjZ/llvm/include/clang/AST/ASTContextAllocate.h
-- Installing: /tmp/tmp.iH9s3v4NjZ/llvm/include/clang/AST/ASTImporterLookupTable.h
-- Installing: /tmp/tmp.iH9s3v4NjZ/llvm/include/clang/AST/ODRHash.h
-- Installing: /tmp/tmp.iH9s3v4NjZ/llvm/include/clang/AST/PrettyDeclStackTrace.h
-- Installing: /tmp/tmp.iH9s3v4NjZ/llvm/include/clang/AST/ExternalASTSource.h
-- Installing: /tmp/tmp.iH9s3v4NjZ/llvm/include/clang/AST/ASTMutationListener.h
-- Installing: /tmp/tmp.iH9s3v4NjZ/llvm/include/clang/AST/ParentMap.h
-- Installing: /tmp/tmp.iH9s3v4NjZ/llvm/include/clang/AST/DependenceFlags.h
-- Installing: /tmp/tmp.iH9s3v4NjZ/llvm/include/clang/AST/UnresolvedSet.h
-- Installing: /tmp/tmp.iH9s3v4NjZ/llvm/include/clang/AST/StmtOpenMP.h
-- Installing: /tmp/tmp.iH9s3v4NjZ/llvm/include/clang/AST/ASTTypeTraits.h
-- Installing: /tmp/tmp.iH9s3v4NjZ/llvm/include/clang/AST/AbstractBasicReader.h
-- Installing: /tmp/tmp.iH9s3v4NjZ/llvm/include/clang/AST/LexicallyOrderedRecursiveASTVisitor.h
-- Installing: /tmp/tmp.iH9s3v4NjZ/llvm/include/clang/AST/LocInfoType.h
-- Installing: /tmp/tmp.iH9s3v4NjZ/llvm/include/clang/AST/Availability.h
-- Installing: /tmp/tmp.iH9s3v4NjZ/llvm/include/clang/AST/StmtVisitor.h
-- Installing: /tmp/tmp.iH9s3v4NjZ/llvm/include/clang/AST/PrettyPrinter.h
-- Installing: /tmp/tmp.iH9s3v4NjZ/llvm/include/clang/AST/CXXRecordDeclDefinitionBits.def
-- Installing: /tmp/tmp.iH9s3v4NjZ/llvm/include/clang/AST/MangleNumberingContext.h
-- Installing: /tmp/tmp.iH9s3v4NjZ/llvm/include/clang/AST/CommentLexer.h
-- Installing: /tmp/tmp.iH9s3v4NjZ/llvm/include/clang/AST/AttrVisitor.h
-- Installing: /tmp/tmp.iH9s3v4NjZ/llvm/include/clang/AST/CXXInheritance.h
-- Installing: /tmp/tmp.iH9s3v4NjZ/llvm/include/clang/AST/Decl.h
-- Installing: /tmp/tmp.iH9s3v4NjZ/llvm/include/clang/AST/RecordLayout.h
-- Installing: /tmp/tmp.iH9s3v4NjZ/llvm/include/clang/AST/StmtGraphTraits.h
-- Installing: /tmp/tmp.iH9s3v4NjZ/llvm/include/clang/AST/ASTContext.h
-- Installing: /tmp/tmp.iH9s3v4NjZ/llvm/include/clang/AST/EvaluatedExprVisitor.h
-- Installing: /tmp/tmp.iH9s3v4NjZ/llvm/include/clang/AST/APValue.h
-- Installing: /tmp/tmp.iH9s3v4NjZ/llvm/include/clang/AST/Comment.h
-- Installing: /tmp/tmp.iH9s3v4NjZ/llvm/include/clang/AST/CurrentSourceLocExprScope.h
-- Installing: /tmp/tmp.iH9s3v4NjZ/llvm/include/clang/AST/CommentBriefParser.h
-- Installing: /tmp/tmp.iH9s3v4NjZ/llvm/include/clang/AST/DeclOpenMP.h
-- Installing: /tmp/tmp.iH9s3v4NjZ/llvm/include/clang/AST/TemplateName.h
-- Installing: /tmp/tmp.iH9s3v4NjZ/llvm/include/clang/AST/DeclLookups.h
-- Installing: /tmp/tmp.iH9s3v4NjZ/llvm/include/clang/AST/VTableBuilder.h
-- Installing: /tmp/tmp.iH9s3v4NjZ/llvm/include/clang/AST/ASTFwd.h
-- Installing: /tmp/tmp.iH9s3v4NjZ/llvm/include/clang/AST/CharUnits.h
-- Installing: /tmp/tmp.iH9s3v4NjZ/llvm/include/clang/AST/ASTConsumer.h
-- Installing: /tmp/tmp.iH9s3v4NjZ/llvm/include/clang/AST/OperationKinds.h
-- Installing: /tmp/tmp.iH9s3v4NjZ/llvm/include/clang/AST/TypeVisitor.h
-- Installing: /tmp/tmp.iH9s3v4NjZ/llvm/include/clang/AST/TemplateArgumentVisitor.h
-- Installing: /tmp/tmp.iH9s3v4NjZ/llvm/include/clang/AST/TypeLoc.h
-- Installing: /tmp/tmp.iH9s3v4NjZ/llvm/include/clang/AST/OperationKinds.def
-- Installing: /tmp/tmp.iH9s3v4NjZ/llvm/include/clang/AST/ASTStructuralEquivalence.h
-- Installing: /tmp/tmp.iH9s3v4NjZ/llvm/include/clang/AST/CommentVisitor.h
-- Installing: /tmp/tmp.iH9s3v4NjZ/llvm/include/clang/AST/ExprOpenMP.h
-- Installing: /tmp/tmp.iH9s3v4NjZ/llvm/include/clang/AST/IgnoreExpr.h
-- Installing: /tmp/tmp.iH9s3v4NjZ/llvm/include/clang/AST/ExprConcepts.h
-- Installing: /tmp/tmp.iH9s3v4NjZ/llvm/include/clang/AST/Mangle.h
-- Installing: /tmp/tmp.iH9s3v4NjZ/llvm/include/clang/AST/DeclFriend.h
-- Installing: /tmp/tmp.iH9s3v4NjZ/llvm/include/clang/AST/DeclObjC.h
-- Installing: /tmp/tmp.iH9s3v4NjZ/llvm/include/clang/AST/DataCollection.h
-- Installing: /tmp/tmp.iH9s3v4NjZ/llvm/include/clang/AST/ODRDiagsEmitter.h
-- Installing: /tmp/tmp.iH9s3v4NjZ/llvm/include/clang/AST/ASTLambda.h
-- Installing: /tmp/tmp.iH9s3v4NjZ/llvm/include/clang/AST/OpenMPClause.h
-- Installing: /tmp/tmp.iH9s3v4NjZ/llvm/include/clang/AST/ASTConcept.h
-- Installing: /tmp/tmp.iH9s3v4NjZ/llvm/include/clang/AST/NonTrivialTypeVisitor.h
-- Installing: /tmp/tmp.iH9s3v4NjZ/llvm/include/clang/AST/StmtObjC.h
-- Installing: /tmp/tmp.iH9s3v4NjZ/llvm/include/clang/AST/FormatString.h
-- Installing: /tmp/tmp.iH9s3v4NjZ/llvm/include/clang/AST/TypeLocVisitor.h
-- Installing: /tmp/tmp.iH9s3v4NjZ/llvm/include/clang/AST/ExprObjC.h
-- Installing: /tmp/tmp.iH9s3v4NjZ/llvm/include/clang/AST/QualTypeNames.h
-- Installing: /tmp/tmp.iH9s3v4NjZ/llvm/include/clang/AST/DeclVisitor.h
-- Installing: /tmp/tmp.iH9s3v4NjZ/llvm/include/clang/AST/ASTDumperUtils.h
-- Installing: /tmp/tmp.iH9s3v4NjZ/llvm/include/clang/AST/DeclarationName.h
-- Installing: /tmp/tmp.iH9s3v4NjZ/llvm/include/clang/AST/StmtCXX.h
-- Installing: /tmp/tmp.iH9s3v4NjZ/llvm/include/clang/AST/DeclObjCCommon.h
-- Installing: /tmp/tmp.iH9s3v4NjZ/llvm/include/clang/AST/DependentDiagnostic.h
-- Installing: /tmp/tmp.iH9s3v4NjZ/llvm/include/clang/AST/DeclGroup.h
-- Installing: /tmp/tmp.iH9s3v4NjZ/llvm/include/clang/AST/AttrIterator.h
-- Installing: /tmp/tmp.iH9s3v4NjZ/llvm/include/clang/AST/Randstruct.h
-- Installing: /tmp/tmp.iH9s3v4NjZ/llvm/include/clang/AST/CanonicalType.h
-- Installing: /tmp/tmp.iH9s3v4NjZ/llvm/include/clang/AST/BuiltinTypes.def
-- Installing: /tmp/tmp.iH9s3v4NjZ/llvm/include/clang/AST/NestedNameSpecifier.h
-- Installing: /tmp/tmp.iH9s3v4NjZ/llvm/include/clang/AST/RawCommentList.h
-- Installing: /tmp/tmp.iH9s3v4NjZ/llvm/include/clang/AST/CommentCommandTraits.h
-- Installing: /tmp/tmp.iH9s3v4NjZ/llvm/include/clang/AST/CommentSema.h
-- Installing: /tmp/tmp.iH9s3v4NjZ/llvm/include/clang/AST/TypeLocNodes.def
-- Installing: /tmp/tmp.iH9s3v4NjZ/llvm/include/clang/AST/CommentDiagnostic.h
-- Installing: /tmp/tmp.iH9s3v4NjZ/llvm/include/clang/AST/AbstractBasicWriter.h
-- Installing: /tmp/tmp.iH9s3v4NjZ/llvm/include/clang/Analysis
-- Installing: /tmp/tmp.iH9s3v4NjZ/llvm/include/clang/Analysis/CodeInjector.h
-- Installing: /tmp/tmp.iH9s3v4NjZ/llvm/include/clang/Analysis/ProgramPoint.h
-- Installing: /tmp/tmp.iH9s3v4NjZ/llvm/include/clang/Analysis/RetainSummaryManager.h
-- Installing: /tmp/tmp.iH9s3v4NjZ/llvm/include/clang/Analysis/CloneDetection.h
-- Installing: /tmp/tmp.iH9s3v4NjZ/llvm/include/clang/Analysis/MacroExpansionContext.h
-- Installing: /tmp/tmp.iH9s3v4NjZ/llvm/include/clang/Analysis/Analyses
-- Installing: /tmp/tmp.iH9s3v4NjZ/llvm/include/clang/Analysis/Analyses/PostOrderCFGView.h
-- Installing: /tmp/tmp.iH9s3v4NjZ/llvm/include/clang/Analysis/Analyses/ThreadSafetyCommon.h
-- Installing: /tmp/tmp.iH9s3v4NjZ/llvm/include/clang/Analysis/Analyses/ThreadSafetyOps.def
-- Installing: /tmp/tmp.iH9s3v4NjZ/llvm/include/clang/Analysis/Analyses/Consumed.h
-- Installing: /tmp/tmp.iH9s3v4NjZ/llvm/include/clang/Analysis/Analyses/UninitializedValues.h
-- Installing: /tmp/tmp.iH9s3v4NjZ/llvm/include/clang/Analysis/Analyses/ReachableCode.h
-- Installing: /tmp/tmp.iH9s3v4NjZ/llvm/include/clang/Analysis/Analyses/ExprMutationAnalyzer.h
-- Installing: /tmp/tmp.iH9s3v4NjZ/llvm/include/clang/Analysis/Analyses/UnsafeBufferUsageGadgets.def
-- Installing: /tmp/tmp.iH9s3v4NjZ/llvm/include/clang/Analysis/Analyses/CFGReachabilityAnalysis.h
-- Installing: /tmp/tmp.iH9s3v4NjZ/llvm/include/clang/Analysis/Analyses/Dominators.h
-- Installing: /tmp/tmp.iH9s3v4NjZ/llvm/include/clang/Analysis/Analyses/ThreadSafety.h
-- Installing: /tmp/tmp.iH9s3v4NjZ/llvm/include/clang/Analysis/Analyses/ThreadSafetyUtil.h
-- Installing: /tmp/tmp.iH9s3v4NjZ/llvm/include/clang/Analysis/Analyses/LiveVariables.h
-- Installing: /tmp/tmp.iH9s3v4NjZ/llvm/include/clang/Analysis/Analyses/CalledOnceCheck.h
-- Installing: /tmp/tmp.iH9s3v4NjZ/llvm/include/clang/Analysis/Analyses/ThreadSafetyTIL.h
-- Installing: /tmp/tmp.iH9s3v4NjZ/llvm/include/clang/Analysis/Analyses/ThreadSafetyTraverse.h
-- Installing: /tmp/tmp.iH9s3v4NjZ/llvm/include/clang/Analysis/Analyses/UnsafeBufferUsage.h
-- Installing: /tmp/tmp.iH9s3v4NjZ/llvm/include/clang/Analysis/Analyses/ThreadSafetyLogical.h
-- Installing: /tmp/tmp.iH9s3v4NjZ/llvm/include/clang/Analysis/ConstructionContext.h
-- Installing: /tmp/tmp.iH9s3v4NjZ/llvm/include/clang/Analysis/FlowSensitive
-- Installing: /tmp/tmp.iH9s3v4NjZ/llvm/include/clang/Analysis/FlowSensitive/DataflowEnvironment.h
-- Installing: /tmp/tmp.iH9s3v4NjZ/llvm/include/clang/Analysis/FlowSensitive/DataflowLattice.h
-- Installing: /tmp/tmp.iH9s3v4NjZ/llvm/include/clang/Analysis/FlowSensitive/DataflowWorklist.h
-- Installing: /tmp/tmp.iH9s3v4NjZ/llvm/include/clang/Analysis/FlowSensitive/Models
-- Installing: /tmp/tmp.iH9s3v4NjZ/llvm/include/clang/Analysis/FlowSensitive/Models/UncheckedOptionalAccessModel.h
-- Installing: /tmp/tmp.iH9s3v4NjZ/llvm/include/clang/Analysis/FlowSensitive/Models/ChromiumCheckModel.h
-- Installing: /tmp/tmp.iH9s3v4NjZ/llvm/include/clang/Analysis/FlowSensitive/Transfer.h
-- Installing: /tmp/tmp.iH9s3v4NjZ/llvm/include/clang/Analysis/FlowSensitive/StorageLocation.h
-- Installing: /tmp/tmp.iH9s3v4NjZ/llvm/include/clang/Analysis/FlowSensitive/DataflowAnalysis.h
-- Installing: /tmp/tmp.iH9s3v4NjZ/llvm/include/clang/Analysis/FlowSensitive/DebugSupport.h
-- Installing: /tmp/tmp.iH9s3v4NjZ/llvm/include/clang/Analysis/FlowSensitive/MapLattice.h
-- Installing: /tmp/tmp.iH9s3v4NjZ/llvm/include/clang/Analysis/FlowSensitive/NoopAnalysis.h
-- Installing: /tmp/tmp.iH9s3v4NjZ/llvm/include/clang/Analysis/FlowSensitive/CFGMatchSwitch.h
-- Installing: /tmp/tmp.iH9s3v4NjZ/llvm/include/clang/Analysis/FlowSensitive/Solver.h
-- Installing: /tmp/tmp.iH9s3v4NjZ/llvm/include/clang/Analysis/FlowSensitive/TypeErasedDataflowAnalysis.h
-- Installing: /tmp/tmp.iH9s3v4NjZ/llvm/include/clang/Analysis/FlowSensitive/MatchSwitch.h
-- Installing: /tmp/tmp.iH9s3v4NjZ/llvm/include/clang/Analysis/FlowSensitive/WatchedLiteralsSolver.h
-- Installing: /tmp/tmp.iH9s3v4NjZ/llvm/include/clang/Analysis/FlowSensitive/DataflowValues.h
-- Installing: /tmp/tmp.iH9s3v4NjZ/llvm/include/clang/Analysis/FlowSensitive/Value.h
-- Installing: /tmp/tmp.iH9s3v4NjZ/llvm/include/clang/Analysis/FlowSensitive/ControlFlowContext.h
-- Installing: /tmp/tmp.iH9s3v4NjZ/llvm/include/clang/Analysis/FlowSensitive/DataflowAnalysisContext.h
-- Installing: /tmp/tmp.iH9s3v4NjZ/llvm/include/clang/Analysis/FlowSensitive/NoopLattice.h
-- Installing: /tmp/tmp.iH9s3v4NjZ/llvm/include/clang/Analysis/CFGStmtMap.h
-- Installing: /tmp/tmp.iH9s3v4NjZ/llvm/include/clang/Analysis/BodyFarm.h
-- Installing: /tmp/tmp.iH9s3v4NjZ/llvm/include/clang/Analysis/PathDiagnostic.h
-- Installing: /tmp/tmp.iH9s3v4NjZ/llvm/include/clang/Analysis/IssueHash.h
-- Installing: /tmp/tmp.iH9s3v4NjZ/llvm/include/clang/Analysis/CallGraph.h
-- Installing: /tmp/tmp.iH9s3v4NjZ/llvm/include/clang/Analysis/AnalysisDeclContext.h
-- Installing: /tmp/tmp.iH9s3v4NjZ/llvm/include/clang/Analysis/DomainSpecific
-- Installing: /tmp/tmp.iH9s3v4NjZ/llvm/include/clang/Analysis/DomainSpecific/ObjCNoReturn.h
-- Installing: /tmp/tmp.iH9s3v4NjZ/llvm/include/clang/Analysis/DomainSpecific/CocoaConventions.h
-- Installing: /tmp/tmp.iH9s3v4NjZ/llvm/include/clang/Analysis/Support
-- Installing: /tmp/tmp.iH9s3v4NjZ/llvm/include/clang/Analysis/Support/BumpVector.h
-- Installing: /tmp/tmp.iH9s3v4NjZ/llvm/include/clang/Analysis/AnyCall.h
-- Installing: /tmp/tmp.iH9s3v4NjZ/llvm/include/clang/Analysis/SelectorExtras.h
-- Installing: /tmp/tmp.iH9s3v4NjZ/llvm/include/clang/Analysis/CFG.h
-- Installing: /tmp/tmp.iH9s3v4NjZ/llvm/include/clang/FrontendTool
-- Installing: /tmp/tmp.iH9s3v4NjZ/llvm/include/clang/FrontendTool/Utils.h
-- Installing: /tmp/tmp.iH9s3v4NjZ/llvm/include/clang/Index
-- Installing: /tmp/tmp.iH9s3v4NjZ/llvm/include/clang/Index/CommentToXML.h
-- Installing: /tmp/tmp.iH9s3v4NjZ/llvm/include/clang/Index/IndexingOptions.h
-- Installing: /tmp/tmp.iH9s3v4NjZ/llvm/include/clang/Index/DeclOccurrence.h
-- Installing: /tmp/tmp.iH9s3v4NjZ/llvm/include/clang/Index/IndexingAction.h
-- Installing: /tmp/tmp.iH9s3v4NjZ/llvm/include/clang/Index/IndexDataConsumer.h
-- Installing: /tmp/tmp.iH9s3v4NjZ/llvm/include/clang/Index/USRGeneration.h
-- Installing: /tmp/tmp.iH9s3v4NjZ/llvm/include/clang/Index/IndexSymbol.h
-- Installing: /tmp/tmp.iH9s3v4NjZ/llvm/include/clang/StaticAnalyzer
-- Installing: /tmp/tmp.iH9s3v4NjZ/llvm/include/clang/StaticAnalyzer/Core
-- Installing: /tmp/tmp.iH9s3v4NjZ/llvm/include/clang/StaticAnalyzer/Core/PathDiagnosticConsumers.h
-- Installing: /tmp/tmp.iH9s3v4NjZ/llvm/include/clang/StaticAnalyzer/Core/Checker.h
-- Installing: /tmp/tmp.iH9s3v4NjZ/llvm/include/clang/StaticAnalyzer/Core/AnalyzerOptions.h
-- Installing: /tmp/tmp.iH9s3v4NjZ/llvm/include/clang/StaticAnalyzer/Core/CheckerManager.h
-- Installing: /tmp/tmp.iH9s3v4NjZ/llvm/include/clang/StaticAnalyzer/Core/BugReporter
-- Installing: /tmp/tmp.iH9s3v4NjZ/llvm/include/clang/StaticAnalyzer/Core/BugReporter/BugReporter.h
-- Installing: /tmp/tmp.iH9s3v4NjZ/llvm/include/clang/StaticAnalyzer/Core/BugReporter/BugReporterVisitors.h
-- Installing: /tmp/tmp.iH9s3v4NjZ/llvm/include/clang/StaticAnalyzer/Core/BugReporter/BugType.h
-- Installing: /tmp/tmp.iH9s3v4NjZ/llvm/include/clang/StaticAnalyzer/Core/BugReporter/CommonBugCategories.h
-- Installing: /tmp/tmp.iH9s3v4NjZ/llvm/include/clang/StaticAnalyzer/Core/CheckerRegistryData.h
-- Installing: /tmp/tmp.iH9s3v4NjZ/llvm/include/clang/StaticAnalyzer/Core/Analyses.def
-- Installing: /tmp/tmp.iH9s3v4NjZ/llvm/include/clang/StaticAnalyzer/Core/PathSensitive
-- Installing: /tmp/tmp.iH9s3v4NjZ/llvm/include/clang/StaticAnalyzer/Core/PathSensitive/SymbolManager.h
-- Installing: /tmp/tmp.iH9s3v4NjZ/llvm/include/clang/StaticAnalyzer/Core/PathSensitive/ExplodedGraph.h
-- Installing: /tmp/tmp.iH9s3v4NjZ/llvm/include/clang/StaticAnalyzer/Core/PathSensitive/SMTConstraintManager.h
-- Installing: /tmp/tmp.iH9s3v4NjZ/llvm/include/clang/StaticAnalyzer/Core/PathSensitive/APSIntType.h
-- Installing: /tmp/tmp.iH9s3v4NjZ/llvm/include/clang/StaticAnalyzer/Core/PathSensitive/BasicValueFactory.h
-- Installing: /tmp/tmp.iH9s3v4NjZ/llvm/include/clang/StaticAnalyzer/Core/PathSensitive/FunctionSummary.h
-- Installing: /tmp/tmp.iH9s3v4NjZ/llvm/include/clang/StaticAnalyzer/Core/PathSensitive/ConstraintManager.h
-- Installing: /tmp/tmp.iH9s3v4NjZ/llvm/include/clang/StaticAnalyzer/Core/PathSensitive/BlockCounter.h
-- Installing: /tmp/tmp.iH9s3v4NjZ/llvm/include/clang/StaticAnalyzer/Core/PathSensitive/Regions.def
-- Installing: /tmp/tmp.iH9s3v4NjZ/llvm/include/clang/StaticAnalyzer/Core/PathSensitive/MemRegion.h
-- Installing: /tmp/tmp.iH9s3v4NjZ/llvm/include/clang/StaticAnalyzer/Core/PathSensitive/Environment.h
-- Installing: /tmp/tmp.iH9s3v4NjZ/llvm/include/clang/StaticAnalyzer/Core/PathSensitive/LoopWidening.h
-- Installing: /tmp/tmp.iH9s3v4NjZ/llvm/include/clang/StaticAnalyzer/Core/PathSensitive/DynamicCastInfo.h
-- Installing: /tmp/tmp.iH9s3v4NjZ/llvm/include/clang/StaticAnalyzer/Core/PathSensitive/SummaryManager.h
-- Installing: /tmp/tmp.iH9s3v4NjZ/llvm/include/clang/StaticAnalyzer/Core/PathSensitive/ProgramStateTrait.h
-- Installing: /tmp/tmp.iH9s3v4NjZ/llvm/include/clang/StaticAnalyzer/Core/PathSensitive/ProgramState_Fwd.h
-- Installing: /tmp/tmp.iH9s3v4NjZ/llvm/include/clang/StaticAnalyzer/Core/PathSensitive/CallEvent.h
-- Installing: /tmp/tmp.iH9s3v4NjZ/llvm/include/clang/StaticAnalyzer/Core/PathSensitive/StoreRef.h
-- Installing: /tmp/tmp.iH9s3v4NjZ/llvm/include/clang/StaticAnalyzer/Core/PathSensitive/SVals.def
-- Installing: /tmp/tmp.iH9s3v4NjZ/llvm/include/clang/StaticAnalyzer/Core/PathSensitive/SValVisitor.h
-- Installing: /tmp/tmp.iH9s3v4NjZ/llvm/include/clang/StaticAnalyzer/Core/PathSensitive/DynamicTypeInfo.h
-- Installing: /tmp/tmp.iH9s3v4NjZ/llvm/include/clang/StaticAnalyzer/Core/PathSensitive/Store.h
-- Installing: /tmp/tmp.iH9s3v4NjZ/llvm/include/clang/StaticAnalyzer/Core/PathSensitive/SValBuilder.h
-- Installing: /tmp/tmp.iH9s3v4NjZ/llvm/include/clang/StaticAnalyzer/Core/PathSensitive/SMTConv.h
-- Installing: /tmp/tmp.iH9s3v4NjZ/llvm/include/clang/StaticAnalyzer/Core/PathSensitive/RangedConstraintManager.h
-- Installing: /tmp/tmp.iH9s3v4NjZ/llvm/include/clang/StaticAnalyzer/Core/PathSensitive/SimpleConstraintManager.h
-- Installing: /tmp/tmp.iH9s3v4NjZ/llvm/include/clang/StaticAnalyzer/Core/PathSensitive/DynamicExtent.h
-- Installing: /tmp/tmp.iH9s3v4NjZ/llvm/include/clang/StaticAnalyzer/Core/PathSensitive/ExprEngine.h
-- Installing: /tmp/tmp.iH9s3v4NjZ/llvm/include/clang/StaticAnalyzer/Core/PathSensitive/CallDescription.h
-- Installing: /tmp/tmp.iH9s3v4NjZ/llvm/include/clang/StaticAnalyzer/Core/PathSensitive/SymExpr.h
-- Installing: /tmp/tmp.iH9s3v4NjZ/llvm/include/clang/StaticAnalyzer/Core/PathSensitive/WorkList.h
-- Installing: /tmp/tmp.iH9s3v4NjZ/llvm/include/clang/StaticAnalyzer/Core/PathSensitive/AnalysisManager.h
-- Installing: /tmp/tmp.iH9s3v4NjZ/llvm/include/clang/StaticAnalyzer/Core/PathSensitive/DynamicType.h
-- Installing: /tmp/tmp.iH9s3v4NjZ/llvm/include/clang/StaticAnalyzer/Core/PathSensitive/CheckerHelpers.h
-- Installing: /tmp/tmp.iH9s3v4NjZ/llvm/include/clang/StaticAnalyzer/Core/PathSensitive/CheckerContext.h
-- Installing: /tmp/tmp.iH9s3v4NjZ/llvm/include/clang/StaticAnalyzer/Core/PathSensitive/LoopUnrolling.h
-- Installing: /tmp/tmp.iH9s3v4NjZ/llvm/include/clang/StaticAnalyzer/Core/PathSensitive/ProgramState.h
-- Installing: /tmp/tmp.iH9s3v4NjZ/llvm/include/clang/StaticAnalyzer/Core/PathSensitive/SVals.h
-- Installing: /tmp/tmp.iH9s3v4NjZ/llvm/include/clang/StaticAnalyzer/Core/PathSensitive/CoreEngine.h
-- Installing: /tmp/tmp.iH9s3v4NjZ/llvm/include/clang/StaticAnalyzer/Core/PathSensitive/Symbols.def
-- Installing: /tmp/tmp.iH9s3v4NjZ/llvm/include/clang/StaticAnalyzer/Core/AnalyzerOptions.def
-- Installing: /tmp/tmp.iH9s3v4NjZ/llvm/include/clang/StaticAnalyzer/Frontend
-- Installing: /tmp/tmp.iH9s3v4NjZ/llvm/include/clang/StaticAnalyzer/Frontend/AnalyzerHelpFlags.h
-- Installing: /tmp/tmp.iH9s3v4NjZ/llvm/include/clang/StaticAnalyzer/Frontend/ModelConsumer.h
-- Installing: /tmp/tmp.iH9s3v4NjZ/llvm/include/clang/StaticAnalyzer/Frontend/FrontendActions.h
-- Installing: /tmp/tmp.iH9s3v4NjZ/llvm/include/clang/StaticAnalyzer/Frontend/AnalysisConsumer.h
-- Installing: /tmp/tmp.iH9s3v4NjZ/llvm/include/clang/StaticAnalyzer/Frontend/CheckerRegistry.h
-- Installing: /tmp/tmp.iH9s3v4NjZ/llvm/include/clang/StaticAnalyzer/Checkers
-- Installing: /tmp/tmp.iH9s3v4NjZ/llvm/include/clang/StaticAnalyzer/Checkers/MPIFunctionClassifier.h
-- Installing: /tmp/tmp.iH9s3v4NjZ/llvm/include/clang/StaticAnalyzer/Checkers/SValExplainer.h
-- Installing: /tmp/tmp.iH9s3v4NjZ/llvm/include/clang/StaticAnalyzer/Checkers/BuiltinCheckerRegistration.h
-- Installing: /tmp/tmp.iH9s3v4NjZ/llvm/include/clang/StaticAnalyzer/Checkers/Taint.h
-- Installing: /tmp/tmp.iH9s3v4NjZ/llvm/include/clang/Config
-- Installing: /tmp/tmp.iH9s3v4NjZ/llvm/include/clang/Driver
-- Installing: /tmp/tmp.iH9s3v4NjZ/llvm/include/clang/Driver/OffloadBundler.h
-- Installing: /tmp/tmp.iH9s3v4NjZ/llvm/include/clang/Driver/Types.def
-- Installing: /tmp/tmp.iH9s3v4NjZ/llvm/include/clang/Driver/Job.h
-- Installing: /tmp/tmp.iH9s3v4NjZ/llvm/include/clang/Driver/SanitizerArgs.h
-- Installing: /tmp/tmp.iH9s3v4NjZ/llvm/include/clang/Driver/Compilation.h
-- Installing: /tmp/tmp.iH9s3v4NjZ/llvm/include/clang/Driver/ToolChain.h
-- Installing: /tmp/tmp.iH9s3v4NjZ/llvm/include/clang/Driver/DriverDiagnostic.h
-- Installing: /tmp/tmp.iH9s3v4NjZ/llvm/include/clang/Driver/Util.h
-- Installing: /tmp/tmp.iH9s3v4NjZ/llvm/include/clang/Driver/XRayArgs.h
-- Installing: /tmp/tmp.iH9s3v4NjZ/llvm/include/clang/Driver/Driver.h
-- Installing: /tmp/tmp.iH9s3v4NjZ/llvm/include/clang/Driver/InputInfo.h
-- Installing: /tmp/tmp.iH9s3v4NjZ/llvm/include/clang/Driver/Types.h
-- Installing: /tmp/tmp.iH9s3v4NjZ/llvm/include/clang/Driver/Tool.h
-- Installing: /tmp/tmp.iH9s3v4NjZ/llvm/include/clang/Driver/Multilib.h
-- Installing: /tmp/tmp.iH9s3v4NjZ/llvm/include/clang/Driver/Distro.h
-- Installing: /tmp/tmp.iH9s3v4NjZ/llvm/include/clang/Driver/OptionUtils.h
-- Installing: /tmp/tmp.iH9s3v4NjZ/llvm/include/clang/Driver/Action.h
-- Installing: /tmp/tmp.iH9s3v4NjZ/llvm/include/clang/Driver/Phases.h
-- Installing: /tmp/tmp.iH9s3v4NjZ/llvm/include/clang/Driver/Options.h
-- Installing: /tmp/tmp.iH9s3v4NjZ/llvm/include/clang/Rewrite
-- Installing: /tmp/tmp.iH9s3v4NjZ/llvm/include/clang/Rewrite/Core
-- Installing: /tmp/tmp.iH9s3v4NjZ/llvm/include/clang/Rewrite/Core/Rewriter.h
-- Installing: /tmp/tmp.iH9s3v4NjZ/llvm/include/clang/Rewrite/Core/RewriteRope.h
-- Installing: /tmp/tmp.iH9s3v4NjZ/llvm/include/clang/Rewrite/Core/TokenRewriter.h
-- Installing: /tmp/tmp.iH9s3v4NjZ/llvm/include/clang/Rewrite/Core/RewriteBuffer.h
-- Installing: /tmp/tmp.iH9s3v4NjZ/llvm/include/clang/Rewrite/Core/DeltaTree.h
-- Installing: /tmp/tmp.iH9s3v4NjZ/llvm/include/clang/Rewrite/Core/HTMLRewrite.h
-- Installing: /tmp/tmp.iH9s3v4NjZ/llvm/include/clang/Rewrite/Frontend
-- Installing: /tmp/tmp.iH9s3v4NjZ/llvm/include/clang/Rewrite/Frontend/FrontendActions.h
-- Installing: /tmp/tmp.iH9s3v4NjZ/llvm/include/clang/Rewrite/Frontend/FixItRewriter.h
-- Installing: /tmp/tmp.iH9s3v4NjZ/llvm/include/clang/Rewrite/Frontend/Rewriters.h
-- Installing: /tmp/tmp.iH9s3v4NjZ/llvm/include/clang/Rewrite/Frontend/ASTConsumers.h
-- Installing: /tmp/tmp.iH9s3v4NjZ/llvm/include/clang/Testing
-- Installing: /tmp/tmp.iH9s3v4NjZ/llvm/include/clang/Testing/CommandLineArgs.h
-- Installing: /tmp/tmp.iH9s3v4NjZ/llvm/include/clang/Testing/TestAST.h
-- Installing: /tmp/tmp.iH9s3v4NjZ/llvm/include/clang/Testing/TestClangConfig.h
-- Installing: /tmp/tmp.iH9s3v4NjZ/llvm/include/clang/Parse
-- Installing: /tmp/tmp.iH9s3v4NjZ/llvm/include/clang/Parse/ParseDiagnostic.h
-- Installing: /tmp/tmp.iH9s3v4NjZ/llvm/include/clang/Parse/RAIIObjectsForParser.h
-- Installing: /tmp/tmp.iH9s3v4NjZ/llvm/include/clang/Parse/ParseAST.h
-- Installing: /tmp/tmp.iH9s3v4NjZ/llvm/include/clang/Parse/Parser.h
-- Installing: /tmp/tmp.iH9s3v4NjZ/llvm/include/clang/Parse/LoopHint.h
-- Installing: /tmp/tmp.iH9s3v4NjZ/llvm/include/clang/Basic
-- Installing: /tmp/tmp.iH9s3v4NjZ/llvm/include/clang/Basic/OperatorKinds.def
-- Installing: /tmp/tmp.iH9s3v4NjZ/llvm/include/clang/Basic/Stack.h
-- Installing: /tmp/tmp.iH9s3v4NjZ/llvm/include/clang/Basic/ExceptionSpecificationType.h
-- Installing: /tmp/tmp.iH9s3v4NjZ/llvm/include/clang/Basic/DiagnosticDriver.h
-- Installing: /tmp/tmp.iH9s3v4NjZ/llvm/include/clang/Basic/AlignedAllocation.h
-- Installing: /tmp/tmp.iH9s3v4NjZ/llvm/include/clang/Basic/TypeTraits.h
-- Installing: /tmp/tmp.iH9s3v4NjZ/llvm/include/clang/Basic/Diagnostic.h
-- Installing: /tmp/tmp.iH9s3v4NjZ/llvm/include/clang/Basic/TargetCXXABI.def
-- Installing: /tmp/tmp.iH9s3v4NjZ/llvm/include/clang/Basic/OperatorPrecedence.h
-- Installing: /tmp/tmp.iH9s3v4NjZ/llvm/include/clang/Basic/Cuda.h
-- Installing: /tmp/tmp.iH9s3v4NjZ/llvm/include/clang/Basic/OpenMPKinds.def
-- Installing: /tmp/tmp.iH9s3v4NjZ/llvm/include/clang/Basic/BuiltinsNEON.def
-- Installing: /tmp/tmp.iH9s3v4NjZ/llvm/include/clang/Basic/DiagnosticLex.h
-- Installing: /tmp/tmp.iH9s3v4NjZ/llvm/include/clang/Basic/BuiltinsAArch64NeonSVEBridge.def
-- Installing: /tmp/tmp.iH9s3v4NjZ/llvm/include/clang/Basic/DiagnosticCategories.h
-- Installing: /tmp/tmp.iH9s3v4NjZ/llvm/include/clang/Basic/ABI.h
-- Installing: /tmp/tmp.iH9s3v4NjZ/llvm/include/clang/Basic/FileSystemStatCache.h
-- Installing: /tmp/tmp.iH9s3v4NjZ/llvm/include/clang/Basic/HLSLRuntime.h
-- Installing: /tmp/tmp.iH9s3v4NjZ/llvm/include/clang/Basic/DiagnosticOptions.h
-- Installing: /tmp/tmp.iH9s3v4NjZ/llvm/include/clang/Basic/CodeGenOptions.h
-- Installing: /tmp/tmp.iH9s3v4NjZ/llvm/include/clang/Basic/Version.h
-- Installing: /tmp/tmp.iH9s3v4NjZ/llvm/include/clang/Basic/OpenCLExtensionTypes.def
-- Installing: /tmp/tmp.iH9s3v4NjZ/llvm/include/clang/Basic/TemplateKinds.h
-- Installing: /tmp/tmp.iH9s3v4NjZ/llvm/include/clang/Basic/Sanitizers.def
-- Installing: /tmp/tmp.iH9s3v4NjZ/llvm/include/clang/Basic/CodeGenOptions.def
-- Installing: /tmp/tmp.iH9s3v4NjZ/llvm/include/clang/Basic/DirectoryEntry.h
-- Installing: /tmp/tmp.iH9s3v4NjZ/llvm/include/clang/Basic/Thunk.h
-- Installing: /tmp/tmp.iH9s3v4NjZ/llvm/include/clang/Basic/BuiltinsHexagon.def
-- Installing: /tmp/tmp.iH9s3v4NjZ/llvm/include/clang/Basic/BuiltinsWebAssembly.def
-- Installing: /tmp/tmp.iH9s3v4NjZ/llvm/include/clang/Basic/FileEntry.h
-- Installing: /tmp/tmp.iH9s3v4NjZ/llvm/include/clang/Basic/BuiltinsAArch64NeonSVEBridge_cg.def
-- Installing: /tmp/tmp.iH9s3v4NjZ/llvm/include/clang/Basic/BuiltinsPPC.def
-- Installing: /tmp/tmp.iH9s3v4NjZ/llvm/include/clang/Basic/CustomizableOptional.h
-- Installing: /tmp/tmp.iH9s3v4NjZ/llvm/include/clang/Basic/PragmaKinds.h
-- Installing: /tmp/tmp.iH9s3v4NjZ/llvm/include/clang/Basic/ObjCRuntime.h
-- Installing: /tmp/tmp.iH9s3v4NjZ/llvm/include/clang/Basic/SourceManagerInternals.h
-- Installing: /tmp/tmp.iH9s3v4NjZ/llvm/include/clang/Basic/FileSystemOptions.h
-- Installing: /tmp/tmp.iH9s3v4NjZ/llvm/include/clang/Basic/Lambda.h
-- Installing: /tmp/tmp.iH9s3v4NjZ/llvm/include/clang/Basic/Visibility.h
-- Installing: /tmp/tmp.iH9s3v4NjZ/llvm/include/clang/Basic/PPCTypes.def
-- Installing: /tmp/tmp.iH9s3v4NjZ/llvm/include/clang/Basic/AttributeCommonInfo.h
-- Installing: /tmp/tmp.iH9s3v4NjZ/llvm/include/clang/Basic/BuiltinHeaders.def
-- Installing: /tmp/tmp.iH9s3v4NjZ/llvm/include/clang/Basic/PlistSupport.h
-- Installing: /tmp/tmp.iH9s3v4NjZ/llvm/include/clang/Basic/ExpressionTraits.h
-- Installing: /tmp/tmp.iH9s3v4NjZ/llvm/include/clang/Basic/FPOptions.def
-- Installing: /tmp/tmp.iH9s3v4NjZ/llvm/include/clang/Basic/BuiltinsAMDGPU.def
-- Installing: /tmp/tmp.iH9s3v4NjZ/llvm/include/clang/Basic/BuiltinsNVPTX.def
-- Installing: /tmp/tmp.iH9s3v4NjZ/llvm/include/clang/Basic/TargetInfo.h
-- Installing: /tmp/tmp.iH9s3v4NjZ/llvm/include/clang/Basic/CharInfo.h
-- Installing: /tmp/tmp.iH9s3v4NjZ/llvm/include/clang/Basic/DiagnosticError.h
-- Installing: /tmp/tmp.iH9s3v4NjZ/llvm/include/clang/Basic/XRayLists.h
-- Installing: /tmp/tmp.iH9s3v4NjZ/llvm/include/clang/Basic/SourceManager.h
-- Installing: /tmp/tmp.iH9s3v4NjZ/llvm/include/clang/Basic/LangOptions.h
-- Installing: /tmp/tmp.iH9s3v4NjZ/llvm/include/clang/Basic/SyncScope.h
-- Installing: /tmp/tmp.iH9s3v4NjZ/llvm/include/clang/Basic/BitmaskEnum.h
-- Installing: /tmp/tmp.iH9s3v4NjZ/llvm/include/clang/Basic/DiagnosticComment.h
-- Installing: /tmp/tmp.iH9s3v4NjZ/llvm/include/clang/Basic/PartialDiagnostic.h
-- Installing: /tmp/tmp.iH9s3v4NjZ/llvm/include/clang/Basic/OpenCLImageTypes.def
-- Installing: /tmp/tmp.iH9s3v4NjZ/llvm/include/clang/Basic/PrettyStackTrace.h
-- Installing: /tmp/tmp.iH9s3v4NjZ/llvm/include/clang/Basic/DiagnosticOptions.def
-- Installing: /tmp/tmp.iH9s3v4NjZ/llvm/include/clang/Basic/TokenKinds.h
-- Installing: /tmp/tmp.iH9s3v4NjZ/llvm/include/clang/Basic/AttrKinds.h
-- Installing: /tmp/tmp.iH9s3v4NjZ/llvm/include/clang/Basic/LLVM.h
-- Installing: /tmp/tmp.iH9s3v4NjZ/llvm/include/clang/Basic/DiagnosticCrossTU.h
-- Installing: /tmp/tmp.iH9s3v4NjZ/llvm/include/clang/Basic/DiagnosticFrontend.h
-- Installing: /tmp/tmp.iH9s3v4NjZ/llvm/include/clang/Basic/DiagnosticRefactoring.h
-- Installing: /tmp/tmp.iH9s3v4NjZ/llvm/include/clang/Basic/BuiltinsXCore.def
-- Installing: /tmp/tmp.iH9s3v4NjZ/llvm/include/clang/Basic/Attributes.h
-- Installing: /tmp/tmp.iH9s3v4NjZ/llvm/include/clang/Basic/CLWarnings.h
-- Installing: /tmp/tmp.iH9s3v4NjZ/llvm/include/clang/Basic/DebugInfoOptions.h
-- Installing: /tmp/tmp.iH9s3v4NjZ/llvm/include/clang/Basic/MacroBuilder.h
-- Installing: /tmp/tmp.iH9s3v4NjZ/llvm/include/clang/Basic/Features.def
-- Installing: /tmp/tmp.iH9s3v4NjZ/llvm/include/clang/Basic/TargetOptions.h
-- Installing: /tmp/tmp.iH9s3v4NjZ/llvm/include/clang/Basic/SanitizerSpecialCaseList.h
-- Installing: /tmp/tmp.iH9s3v4NjZ/llvm/include/clang/Basic/DiagnosticSema.h
-- Installing: /tmp/tmp.iH9s3v4NjZ/llvm/include/clang/Basic/BuiltinsMips.def
-- Installing: /tmp/tmp.iH9s3v4NjZ/llvm/include/clang/Basic/RISCVVTypes.def
-- Installing: /tmp/tmp.iH9s3v4NjZ/llvm/include/clang/Basic/AArch64SVEACLETypes.def
-- Installing: /tmp/tmp.iH9s3v4NjZ/llvm/include/clang/Basic/BuiltinsAArch64.def
-- Installing: /tmp/tmp.iH9s3v4NjZ/llvm/include/clang/Basic/JsonSupport.h
-- Installing: /tmp/tmp.iH9s3v4NjZ/llvm/include/clang/Basic/Builtins.h
-- Installing: /tmp/tmp.iH9s3v4NjZ/llvm/include/clang/Basic/LangStandards.def
-- Installing: /tmp/tmp.iH9s3v4NjZ/llvm/include/clang/Basic/MSP430Target.def
-- Installing: /tmp/tmp.iH9s3v4NjZ/llvm/include/clang/Basic/XRayInstr.h
-- Installing: /tmp/tmp.iH9s3v4NjZ/llvm/include/clang/Basic/BuiltinsRISCVVector.def
-- Installing: /tmp/tmp.iH9s3v4NjZ/llvm/include/clang/Basic/SourceLocation.h
-- Installing: /tmp/tmp.iH9s3v4NjZ/llvm/include/clang/Basic/OpenCLExtensions.def
-- Installing: /tmp/tmp.iH9s3v4NjZ/llvm/include/clang/Basic/CommentOptions.h
-- Installing: /tmp/tmp.iH9s3v4NjZ/llvm/include/clang/Basic/BuiltinsLoongArch.def
-- Installing: /tmp/tmp.iH9s3v4NjZ/llvm/include/clang/Basic/AttrSubjectMatchRules.h
-- Installing: /tmp/tmp.iH9s3v4NjZ/llvm/include/clang/Basic/BuiltinsX86_64.def
-- Installing: /tmp/tmp.iH9s3v4NjZ/llvm/include/clang/Basic/LangStandard.h
-- Installing: /tmp/tmp.iH9s3v4NjZ/llvm/include/clang/Basic/TargetID.h
-- Installing: /tmp/tmp.iH9s3v4NjZ/llvm/include/clang/Basic/DiagnosticIDs.h
-- Installing: /tmp/tmp.iH9s3v4NjZ/llvm/include/clang/Basic/DiagnosticSerialization.h
-- Installing: /tmp/tmp.iH9s3v4NjZ/llvm/include/clang/Basic/BuiltinsX86.def
-- Installing: /tmp/tmp.iH9s3v4NjZ/llvm/include/clang/Basic/BuiltinsSVE.def
-- Installing: /tmp/tmp.iH9s3v4NjZ/llvm/include/clang/Basic/Linkage.h
-- Installing: /tmp/tmp.iH9s3v4NjZ/llvm/include/clang/Basic/Sanitizers.h
-- Installing: /tmp/tmp.iH9s3v4NjZ/llvm/include/clang/Basic/DarwinSDKInfo.h
-- Installing: /tmp/tmp.iH9s3v4NjZ/llvm/include/clang/Basic/TargetCXXABI.h
-- Installing: /tmp/tmp.iH9s3v4NjZ/llvm/include/clang/Basic/HeaderInclude.h
-- Installing: /tmp/tmp.iH9s3v4NjZ/llvm/include/clang/Basic/BuiltinsHexagonDep.def
-- Installing: /tmp/tmp.iH9s3v4NjZ/llvm/include/clang/Basic/CapturedStmt.h
-- Installing: /tmp/tmp.iH9s3v4NjZ/llvm/include/clang/Basic/DiagnosticAnalysis.h
-- Installing: /tmp/tmp.iH9s3v4NjZ/llvm/include/clang/Basic/OpenCLOptions.h
-- Installing: /tmp/tmp.iH9s3v4NjZ/llvm/include/clang/Basic/BuiltinsHexagonMapCustomDep.def
-- Installing: /tmp/tmp.iH9s3v4NjZ/llvm/include/clang/Basic/IdentifierTable.h
-- Installing: /tmp/tmp.iH9s3v4NjZ/llvm/include/clang/Basic/AllDiagnostics.h
-- Installing: /tmp/tmp.iH9s3v4NjZ/llvm/include/clang/Basic/NoSanitizeList.h
-- Installing: /tmp/tmp.iH9s3v4NjZ/llvm/include/clang/Basic/Builtins.def
-- Installing: /tmp/tmp.iH9s3v4NjZ/llvm/include/clang/Basic/FileManager.h
-- Installing: /tmp/tmp.iH9s3v4NjZ/llvm/include/clang/Basic/DiagnosticAST.h
-- Installing: /tmp/tmp.iH9s3v4NjZ/llvm/include/clang/Basic/BuiltinsVEVL.gen.def
-- Installing: /tmp/tmp.iH9s3v4NjZ/llvm/include/clang/Basic/DiagnosticParse.h
-- Installing: /tmp/tmp.iH9s3v4NjZ/llvm/include/clang/Basic/TokenKinds.def
-- Installing: /tmp/tmp.iH9s3v4NjZ/llvm/include/clang/Basic/OpenMPKinds.h
-- Installing: /tmp/tmp.iH9s3v4NjZ/llvm/include/clang/Basic/Module.h
-- Installing: /tmp/tmp.iH9s3v4NjZ/llvm/include/clang/Basic/ProfileList.h
-- Installing: /tmp/tmp.iH9s3v4NjZ/llvm/include/clang/Basic/TargetBuiltins.h
-- Installing: /tmp/tmp.iH9s3v4NjZ/llvm/include/clang/Basic/BuiltinsSystemZ.def
-- Installing: /tmp/tmp.iH9s3v4NjZ/llvm/include/clang/Basic/Sarif.h
-- Installing: /tmp/tmp.iH9s3v4NjZ/llvm/include/clang/Basic/LangOptions.def
-- Installing: /tmp/tmp.iH9s3v4NjZ/llvm/include/clang/Basic/TransformTypeTraits.def
-- Installing: /tmp/tmp.iH9s3v4NjZ/llvm/include/clang/Basic/BuiltinsRISCV.def
-- Installing: /tmp/tmp.iH9s3v4NjZ/llvm/include/clang/Basic/Specifiers.h
-- Installing: /tmp/tmp.iH9s3v4NjZ/llvm/include/clang/Basic/BuiltinsBPF.def
-- Installing: /tmp/tmp.iH9s3v4NjZ/llvm/include/clang/Basic/AddressSpaces.h
-- Installing: /tmp/tmp.iH9s3v4NjZ/llvm/include/clang/Basic/MakeSupport.h
-- Installing: /tmp/tmp.iH9s3v4NjZ/llvm/include/clang/Basic/BuiltinsARM.def
-- Installing: /tmp/tmp.iH9s3v4NjZ/llvm/include/clang/Basic/BuiltinsVE.def
-- Installing: /tmp/tmp.iH9s3v4NjZ/llvm/include/clang/Basic/OperatorKinds.h
-- Installing: /tmp/tmp.iH9s3v4NjZ/llvm/include/clang/Sema
-- Installing: /tmp/tmp.iH9s3v4NjZ/llvm/include/clang/Sema/Initialization.h
-- Installing: /tmp/tmp.iH9s3v4NjZ/llvm/include/clang/Sema/TemplateDeduction.h
-- Installing: /tmp/tmp.iH9s3v4NjZ/llvm/include/clang/Sema/SemaConsumer.h
-- Installing: /tmp/tmp.iH9s3v4NjZ/llvm/include/clang/Sema/AnalysisBasedWarnings.h
-- Installing: /tmp/tmp.iH9s3v4NjZ/llvm/include/clang/Sema/Ownership.h
-- Installing: /tmp/tmp.iH9s3v4NjZ/llvm/include/clang/Sema/SemaFixItUtils.h
-- Installing: /tmp/tmp.iH9s3v4NjZ/llvm/include/clang/Sema/CleanupInfo.h
-- Installing: /tmp/tmp.iH9s3v4NjZ/llvm/include/clang/Sema/TemplateInstCallback.h
-- Installing: /tmp/tmp.iH9s3v4NjZ/llvm/include/clang/Sema/DeclSpec.h
-- Installing: /tmp/tmp.iH9s3v4NjZ/llvm/include/clang/Sema/Weak.h
-- Installing: /tmp/tmp.iH9s3v4NjZ/llvm/include/clang/Sema/SemaDiagnostic.h
-- Installing: /tmp/tmp.iH9s3v4NjZ/llvm/include/clang/Sema/ParsedTemplate.h
-- Installing: /tmp/tmp.iH9s3v4NjZ/llvm/include/clang/Sema/CodeCompleteOptions.h
-- Installing: /tmp/tmp.iH9s3v4NjZ/llvm/include/clang/Sema/MultiplexExternalSemaSource.h
-- Installing: /tmp/tmp.iH9s3v4NjZ/llvm/include/clang/Sema/ExternalSemaSource.h
-- Installing: /tmp/tmp.iH9s3v4NjZ/llvm/include/clang/Sema/HLSLExternalSemaSource.h
-- Installing: /tmp/tmp.iH9s3v4NjZ/llvm/include/clang/Sema/RISCVIntrinsicManager.h
-- Installing: /tmp/tmp.iH9s3v4NjZ/llvm/include/clang/Sema/Overload.h
-- Installing: /tmp/tmp.iH9s3v4NjZ/llvm/include/clang/Sema/IdentifierResolver.h
-- Installing: /tmp/tmp.iH9s3v4NjZ/llvm/include/clang/Sema/Lookup.h
-- Installing: /tmp/tmp.iH9s3v4NjZ/llvm/include/clang/Sema/CodeCompleteConsumer.h
-- Installing: /tmp/tmp.iH9s3v4NjZ/llvm/include/clang/Sema/TypoCorrection.h
-- Installing: /tmp/tmp.iH9s3v4NjZ/llvm/include/clang/Sema/ObjCMethodList.h
-- Installing: /tmp/tmp.iH9s3v4NjZ/llvm/include/clang/Sema/SemaConcept.h
-- Installing: /tmp/tmp.iH9s3v4NjZ/llvm/include/clang/Sema/Scope.h
-- Installing: /tmp/tmp.iH9s3v4NjZ/llvm/include/clang/Sema/CXXFieldCollector.h
-- Installing: /tmp/tmp.iH9s3v4NjZ/llvm/include/clang/Sema/Designator.h
-- Installing: /tmp/tmp.iH9s3v4NjZ/llvm/include/clang/Sema/Template.h
-- Installing: /tmp/tmp.iH9s3v4NjZ/llvm/include/clang/Sema/ParsedAttr.h
-- Installing: /tmp/tmp.iH9s3v4NjZ/llvm/include/clang/Sema/Sema.h
-- Installing: /tmp/tmp.iH9s3v4NjZ/llvm/include/clang/Sema/SemaLambda.h
-- Installing: /tmp/tmp.iH9s3v4NjZ/llvm/include/clang/Sema/DelayedDiagnostic.h
-- Installing: /tmp/tmp.iH9s3v4NjZ/llvm/include/clang/Sema/ScopeInfo.h
-- Installing: /tmp/tmp.iH9s3v4NjZ/llvm/include/clang/Sema/SemaInternal.h
-- Installing: /tmp/tmp.iH9s3v4NjZ/llvm/include/clang/Frontend
-- Installing: /tmp/tmp.iH9s3v4NjZ/llvm/include/clang/Frontend/PrecompiledPreamble.h
-- Installing: /tmp/tmp.iH9s3v4NjZ/llvm/include/clang/Frontend/FrontendActions.h
-- Installing: /tmp/tmp.iH9s3v4NjZ/llvm/include/clang/Frontend/MultiplexConsumer.h
-- Installing: /tmp/tmp.iH9s3v4NjZ/llvm/include/clang/Frontend/FrontendAction.h
-- Installing: /tmp/tmp.iH9s3v4NjZ/llvm/include/clang/Frontend/SARIFDiagnosticPrinter.h
-- Installing: /tmp/tmp.iH9s3v4NjZ/llvm/include/clang/Frontend/TextDiagnosticPrinter.h
-- Installing: /tmp/tmp.iH9s3v4NjZ/llvm/include/clang/Frontend/CompilerInvocation.h
-- Installing: /tmp/tmp.iH9s3v4NjZ/llvm/include/clang/Frontend/SerializedDiagnosticPrinter.h
-- Installing: /tmp/tmp.iH9s3v4NjZ/llvm/include/clang/Frontend/SerializedDiagnostics.h
-- Installing: /tmp/tmp.iH9s3v4NjZ/llvm/include/clang/Frontend/PCHContainerOperations.h
-- Installing: /tmp/tmp.iH9s3v4NjZ/llvm/include/clang/Frontend/CompilerInstance.h
-- Installing: /tmp/tmp.iH9s3v4NjZ/llvm/include/clang/Frontend/FrontendPluginRegistry.h
-- Installing: /tmp/tmp.iH9s3v4NjZ/llvm/include/clang/Frontend/FrontendOptions.h
-- Installing: /tmp/tmp.iH9s3v4NjZ/llvm/include/clang/Frontend/SARIFDiagnostic.h
-- Installing: /tmp/tmp.iH9s3v4NjZ/llvm/include/clang/Frontend/LogDiagnosticPrinter.h
-- Installing: /tmp/tmp.iH9s3v4NjZ/llvm/include/clang/Frontend/TextDiagnostic.h
-- Installing: /tmp/tmp.iH9s3v4NjZ/llvm/include/clang/Frontend/DiagnosticRenderer.h
-- Installing: /tmp/tmp.iH9s3v4NjZ/llvm/include/clang/Frontend/ChainedDiagnosticConsumer.h
-- Installing: /tmp/tmp.iH9s3v4NjZ/llvm/include/clang/Frontend/VerifyDiagnosticConsumer.h
-- Installing: /tmp/tmp.iH9s3v4NjZ/llvm/include/clang/Frontend/TextDiagnosticBuffer.h
-- Installing: /tmp/tmp.iH9s3v4NjZ/llvm/include/clang/Frontend/CommandLineSourceLoc.h
-- Installing: /tmp/tmp.iH9s3v4NjZ/llvm/include/clang/Frontend/Utils.h
-- Installing: /tmp/tmp.iH9s3v4NjZ/llvm/include/clang/Frontend/DependencyOutputOptions.h
-- Installing: /tmp/tmp.iH9s3v4NjZ/llvm/include/clang/Frontend/SerializedDiagnosticReader.h
-- Installing: /tmp/tmp.iH9s3v4NjZ/llvm/include/clang/Frontend/ASTConsumers.h
-- Installing: /tmp/tmp.iH9s3v4NjZ/llvm/include/clang/Frontend/MigratorOptions.h
-- Installing: /tmp/tmp.iH9s3v4NjZ/llvm/include/clang/Frontend/PreprocessorOutputOptions.h
-- Installing: /tmp/tmp.iH9s3v4NjZ/llvm/include/clang/Frontend/LayoutOverrideSource.h
-- Installing: /tmp/tmp.iH9s3v4NjZ/llvm/include/clang/Frontend/ASTUnit.h
-- Installing: /tmp/tmp.iH9s3v4NjZ/llvm/include/clang/Frontend/FrontendDiagnostic.h
-- Installing: /tmp/tmp.iH9s3v4NjZ/llvm/include/clang/ARCMigrate
-- Installing: /tmp/tmp.iH9s3v4NjZ/llvm/include/clang/ARCMigrate/ARCMTActions.h
-- Installing: /tmp/tmp.iH9s3v4NjZ/llvm/include/clang/ARCMigrate/ARCMT.h
-- Installing: /tmp/tmp.iH9s3v4NjZ/llvm/include/clang/ARCMigrate/FileRemapper.h
-- Installing: /tmp/tmp.iH9s3v4NjZ/llvm/include/clang/Interpreter
-- Installing: /tmp/tmp.iH9s3v4NjZ/llvm/include/clang/Interpreter/PartialTranslationUnit.h
-- Installing: /tmp/tmp.iH9s3v4NjZ/llvm/include/clang/Interpreter/Interpreter.h
-- Installing: /tmp/tmp.iH9s3v4NjZ/llvm/include/clang/CodeGen
-- Installing: /tmp/tmp.iH9s3v4NjZ/llvm/include/clang/CodeGen/SwiftCallingConv.h
-- Installing: /tmp/tmp.iH9s3v4NjZ/llvm/include/clang/CodeGen/CGFunctionInfo.h
-- Installing: /tmp/tmp.iH9s3v4NjZ/llvm/include/clang/CodeGen/ConstantInitFuture.h
-- Installing: /tmp/tmp.iH9s3v4NjZ/llvm/include/clang/CodeGen/BackendUtil.h
-- Installing: /tmp/tmp.iH9s3v4NjZ/llvm/include/clang/CodeGen/ObjectFilePCHContainerOperations.h
-- Installing: /tmp/tmp.iH9s3v4NjZ/llvm/include/clang/CodeGen/CodeGenAction.h
-- Installing: /tmp/tmp.iH9s3v4NjZ/llvm/include/clang/CodeGen/ConstantInitBuilder.h
-- Installing: /tmp/tmp.iH9s3v4NjZ/llvm/include/clang/CodeGen/ModuleBuilder.h
-- Installing: /tmp/tmp.iH9s3v4NjZ/llvm/include/clang/CodeGen/CodeGenABITypes.h
-- Installing: /tmp/tmp.iH9s3v4NjZ/llvm/include/clang/ExtractAPI
-- Installing: /tmp/tmp.iH9s3v4NjZ/llvm/include/clang/ExtractAPI/API.h
-- Installing: /tmp/tmp.iH9s3v4NjZ/llvm/include/clang/ExtractAPI/APIIgnoresList.h
-- Installing: /tmp/tmp.iH9s3v4NjZ/llvm/include/clang/ExtractAPI/FrontendActions.h
-- Installing: /tmp/tmp.iH9s3v4NjZ/llvm/include/clang/ExtractAPI/DeclarationFragments.h
-- Installing: /tmp/tmp.iH9s3v4NjZ/llvm/include/clang/ExtractAPI/ExtractAPIVisitor.h
-- Installing: /tmp/tmp.iH9s3v4NjZ/llvm/include/clang/ExtractAPI/AvailabilityInfo.h
-- Installing: /tmp/tmp.iH9s3v4NjZ/llvm/include/clang/ExtractAPI/Serialization
-- Installing: /tmp/tmp.iH9s3v4NjZ/llvm/include/clang/ExtractAPI/Serialization/SymbolGraphSerializer.h
-- Installing: /tmp/tmp.iH9s3v4NjZ/llvm/include/clang/ExtractAPI/Serialization/SerializerBase.h
-- Installing: /tmp/tmp.iH9s3v4NjZ/llvm/include/clang/Edit
-- Installing: /tmp/tmp.iH9s3v4NjZ/llvm/include/clang/Edit/EditedSource.h
-- Installing: /tmp/tmp.iH9s3v4NjZ/llvm/include/clang/Edit/Commit.h
-- Installing: /tmp/tmp.iH9s3v4NjZ/llvm/include/clang/Edit/FileOffset.h
-- Installing: /tmp/tmp.iH9s3v4NjZ/llvm/include/clang/Edit/Rewriters.h
-- Installing: /tmp/tmp.iH9s3v4NjZ/llvm/include/clang/Edit/EditsReceiver.h
-- Installing: /tmp/tmp.iH9s3v4NjZ/llvm/include/clang/ASTMatchers
-- Installing: /tmp/tmp.iH9s3v4NjZ/llvm/include/clang/ASTMatchers/ASTMatchersInternal.h
-- Installing: /tmp/tmp.iH9s3v4NjZ/llvm/include/clang/ASTMatchers/Dynamic
-- Installing: /tmp/tmp.iH9s3v4NjZ/llvm/include/clang/ASTMatchers/Dynamic/VariantValue.h
-- Installing: /tmp/tmp.iH9s3v4NjZ/llvm/include/clang/ASTMatchers/Dynamic/Diagnostics.h
-- Installing: /tmp/tmp.iH9s3v4NjZ/llvm/include/clang/ASTMatchers/Dynamic/Registry.h
-- Installing: /tmp/tmp.iH9s3v4NjZ/llvm/include/clang/ASTMatchers/Dynamic/Parser.h
-- Installing: /tmp/tmp.iH9s3v4NjZ/llvm/include/clang/ASTMatchers/ASTMatchers.h
-- Installing: /tmp/tmp.iH9s3v4NjZ/llvm/include/clang/ASTMatchers/ASTMatchFinder.h
-- Installing: /tmp/tmp.iH9s3v4NjZ/llvm/include/clang/ASTMatchers/GtestMatchers.h
-- Installing: /tmp/tmp.iH9s3v4NjZ/llvm/include/clang/ASTMatchers/ASTMatchersMacros.h
-- Installing: /tmp/tmp.iH9s3v4NjZ/llvm/include/clang-c
-- Installing: /tmp/tmp.iH9s3v4NjZ/llvm/include/clang-c/CXErrorCode.h
-- Installing: /tmp/tmp.iH9s3v4NjZ/llvm/include/clang-c/Platform.h
-- Installing: /tmp/tmp.iH9s3v4NjZ/llvm/include/clang-c/CXSourceLocation.h
-- Installing: /tmp/tmp.iH9s3v4NjZ/llvm/include/clang-c/BuildSystem.h
-- Installing: /tmp/tmp.iH9s3v4NjZ/llvm/include/clang-c/CXCompilationDatabase.h
-- Installing: /tmp/tmp.iH9s3v4NjZ/llvm/include/clang-c/CXFile.h
-- Installing: /tmp/tmp.iH9s3v4NjZ/llvm/include/clang-c/Rewrite.h
-- Installing: /tmp/tmp.iH9s3v4NjZ/llvm/include/clang-c/FatalErrorHandler.h
-- Installing: /tmp/tmp.iH9s3v4NjZ/llvm/include/clang-c/ExternC.h
-- Installing: /tmp/tmp.iH9s3v4NjZ/llvm/include/clang-c/Documentation.h
-- Installing: /tmp/tmp.iH9s3v4NjZ/llvm/include/clang-c/Index.h
-- Installing: /tmp/tmp.iH9s3v4NjZ/llvm/include/clang-c/CXString.h
-- Installing: /tmp/tmp.iH9s3v4NjZ/llvm/include/clang-c/CXDiagnostic.h
-- Up-to-date: /tmp/tmp.iH9s3v4NjZ/llvm/include/clang
-- Up-to-date: /tmp/tmp.iH9s3v4NjZ/llvm/include/clang/AST
-- Installing: /tmp/tmp.iH9s3v4NjZ/llvm/include/clang/AST/StmtNodes.inc
-- Installing: /tmp/tmp.iH9s3v4NjZ/llvm/include/clang/AST/CommentHTMLTagsProperties.inc
-- Installing: /tmp/tmp.iH9s3v4NjZ/llvm/include/clang/AST/StmtDataCollectors.inc
-- Installing: /tmp/tmp.iH9s3v4NjZ/llvm/include/clang/AST/AttrImpl.inc
-- Installing: /tmp/tmp.iH9s3v4NjZ/llvm/include/clang/AST/AbstractTypeReader.inc
-- Installing: /tmp/tmp.iH9s3v4NjZ/llvm/include/clang/AST/CommentHTMLTags.inc
-- Installing: /tmp/tmp.iH9s3v4NjZ/llvm/include/clang/AST/CommentCommandInfo.inc
-- Installing: /tmp/tmp.iH9s3v4NjZ/llvm/include/clang/AST/AttrTextNodeDump.inc
-- Installing: /tmp/tmp.iH9s3v4NjZ/llvm/include/clang/AST/TypeNodes.inc
-- Installing: /tmp/tmp.iH9s3v4NjZ/llvm/include/clang/AST/AbstractBasicReader.inc
-- Installing: /tmp/tmp.iH9s3v4NjZ/llvm/include/clang/AST/CommentHTMLNamedCharacterReferences.inc
-- Installing: /tmp/tmp.iH9s3v4NjZ/llvm/include/clang/AST/AbstractTypeWriter.inc
-- Installing: /tmp/tmp.iH9s3v4NjZ/llvm/include/clang/AST/Attrs.inc
-- Installing: /tmp/tmp.iH9s3v4NjZ/llvm/include/clang/AST/DeclNodes.inc
-- Installing: /tmp/tmp.iH9s3v4NjZ/llvm/include/clang/AST/CommentNodes.inc
-- Installing: /tmp/tmp.iH9s3v4NjZ/llvm/include/clang/AST/CommentCommandList.inc
-- Installing: /tmp/tmp.iH9s3v4NjZ/llvm/include/clang/AST/AttrVisitor.inc
-- Installing: /tmp/tmp.iH9s3v4NjZ/llvm/include/clang/AST/AttrNodeTraverse.inc
-- Installing: /tmp/tmp.iH9s3v4NjZ/llvm/include/clang/AST/AbstractBasicWriter.inc
-- Up-to-date: /tmp/tmp.iH9s3v4NjZ/llvm/include/clang/Serialization
-- Installing: /tmp/tmp.iH9s3v4NjZ/llvm/include/clang/Serialization/AttrPCHRead.inc
-- Installing: /tmp/tmp.iH9s3v4NjZ/llvm/include/clang/Serialization/AttrPCHWrite.inc
-- Up-to-date: /tmp/tmp.iH9s3v4NjZ/llvm/include/clang/Sema
-- Installing: /tmp/tmp.iH9s3v4NjZ/llvm/include/clang/Sema/AttrSpellingListIndex.inc
-- Installing: /tmp/tmp.iH9s3v4NjZ/llvm/include/clang/Sema/AttrTemplateInstantiate.inc
-- Installing: /tmp/tmp.iH9s3v4NjZ/llvm/include/clang/Sema/AttrParsedAttrImpl.inc
-- Installing: /tmp/tmp.iH9s3v4NjZ/llvm/include/clang/Sema/AttrParsedAttrList.inc
-- Installing: /tmp/tmp.iH9s3v4NjZ/llvm/include/clang/Sema/AttrParsedAttrKinds.inc
-- Up-to-date: /tmp/tmp.iH9s3v4NjZ/llvm/include/clang/Tooling
-- Installing: /tmp/tmp.iH9s3v4NjZ/llvm/include/clang/Tooling/NodeIntrospection.inc
-- Up-to-date: /tmp/tmp.iH9s3v4NjZ/llvm/include/clang/Tooling/Syntax
-- Installing: /tmp/tmp.iH9s3v4NjZ/llvm/include/clang/Tooling/Syntax/Nodes.inc
-- Installing: /tmp/tmp.iH9s3v4NjZ/llvm/include/clang/Tooling/Syntax/NodeClasses.inc
-- Up-to-date: /tmp/tmp.iH9s3v4NjZ/llvm/include/clang/Basic
-- Installing: /tmp/tmp.iH9s3v4NjZ/llvm/include/clang/Basic/arm_mve_builtins.inc
-- Installing: /tmp/tmp.iH9s3v4NjZ/llvm/include/clang/Basic/arm_fp16.inc
-- Installing: /tmp/tmp.iH9s3v4NjZ/llvm/include/clang/Basic/arm_sve_builtins.inc
-- Installing: /tmp/tmp.iH9s3v4NjZ/llvm/include/clang/Basic/DiagnosticCrossTUKinds.inc
-- Installing: /tmp/tmp.iH9s3v4NjZ/llvm/include/clang/Basic/arm_cde_builtin_cg.inc
-- Installing: /tmp/tmp.iH9s3v4NjZ/llvm/include/clang/Basic/arm_sve_typeflags.inc
-- Installing: /tmp/tmp.iH9s3v4NjZ/llvm/include/clang/Basic/arm_sve_sema_rangechecks.inc
-- Installing: /tmp/tmp.iH9s3v4NjZ/llvm/include/clang/Basic/DiagnosticCommentKinds.inc
-- Installing: /tmp/tmp.iH9s3v4NjZ/llvm/include/clang/Basic/AttrSubMatchRulesList.inc
-- Installing: /tmp/tmp.iH9s3v4NjZ/llvm/include/clang/Basic/DiagnosticASTKinds.inc
-- Installing: /tmp/tmp.iH9s3v4NjZ/llvm/include/clang/Basic/arm_cde_builtin_aliases.inc
-- Installing: /tmp/tmp.iH9s3v4NjZ/llvm/include/clang/Basic/DiagnosticDriverKinds.inc
-- Installing: /tmp/tmp.iH9s3v4NjZ/llvm/include/clang/Basic/DiagnosticIndexName.inc
-- Installing: /tmp/tmp.iH9s3v4NjZ/llvm/include/clang/Basic/DiagnosticParseKinds.inc
-- Installing: /tmp/tmp.iH9s3v4NjZ/llvm/include/clang/Basic/Version.inc
-- Installing: /tmp/tmp.iH9s3v4NjZ/llvm/include/clang/Basic/DiagnosticFrontendKinds.inc
-- Installing: /tmp/tmp.iH9s3v4NjZ/llvm/include/clang/Basic/AttrList.inc
-- Installing: /tmp/tmp.iH9s3v4NjZ/llvm/include/clang/Basic/arm_mve_builtin_cg.inc
-- Installing: /tmp/tmp.iH9s3v4NjZ/llvm/include/clang/Basic/arm_mve_builtin_sema.inc
-- Installing: /tmp/tmp.iH9s3v4NjZ/llvm/include/clang/Basic/DiagnosticLexKinds.inc
-- Installing: /tmp/tmp.iH9s3v4NjZ/llvm/include/clang/Basic/riscv_vector_builtin_sema.inc
-- Installing: /tmp/tmp.iH9s3v4NjZ/llvm/include/clang/Basic/arm_mve_builtin_aliases.inc
-- Installing: /tmp/tmp.iH9s3v4NjZ/llvm/include/clang/Basic/DiagnosticSerializationKinds.inc
-- Installing: /tmp/tmp.iH9s3v4NjZ/llvm/include/clang/Basic/AttrHasAttributeImpl.inc
-- Installing: /tmp/tmp.iH9s3v4NjZ/llvm/include/clang/Basic/arm_neon.inc
-- Installing: /tmp/tmp.iH9s3v4NjZ/llvm/include/clang/Basic/arm_cde_builtins.inc
-- Installing: /tmp/tmp.iH9s3v4NjZ/llvm/include/clang/Basic/riscv_vector_builtins.inc
-- Installing: /tmp/tmp.iH9s3v4NjZ/llvm/include/clang/Basic/DiagnosticRefactoringKinds.inc
-- Installing: /tmp/tmp.iH9s3v4NjZ/llvm/include/clang/Basic/arm_sve_builtin_cg.inc
-- Installing: /tmp/tmp.iH9s3v4NjZ/llvm/include/clang/Basic/DiagnosticGroups.inc
-- Installing: /tmp/tmp.iH9s3v4NjZ/llvm/include/clang/Basic/DiagnosticCommonKinds.inc
-- Installing: /tmp/tmp.iH9s3v4NjZ/llvm/include/clang/Basic/DiagnosticAnalysisKinds.inc
-- Installing: /tmp/tmp.iH9s3v4NjZ/llvm/include/clang/Basic/arm_cde_builtin_sema.inc
-- Installing: /tmp/tmp.iH9s3v4NjZ/llvm/include/clang/Basic/riscv_vector_builtin_cg.inc
-- Installing: /tmp/tmp.iH9s3v4NjZ/llvm/include/clang/Basic/DiagnosticSemaKinds.inc
-- Up-to-date: /tmp/tmp.iH9s3v4NjZ/llvm/include/clang/StaticAnalyzer
-- Up-to-date: /tmp/tmp.iH9s3v4NjZ/llvm/include/clang/StaticAnalyzer/Checkers
-- Installing: /tmp/tmp.iH9s3v4NjZ/llvm/include/clang/StaticAnalyzer/Checkers/Checkers.inc
-- Up-to-date: /tmp/tmp.iH9s3v4NjZ/llvm/include/clang/Driver
-- Installing: /tmp/tmp.iH9s3v4NjZ/llvm/include/clang/Driver/Options.inc
-- Up-to-date: /tmp/tmp.iH9s3v4NjZ/llvm/include/clang/Config
-- Installing: /tmp/tmp.iH9s3v4NjZ/llvm/include/clang/Config/config.h
-- Up-to-date: /tmp/tmp.iH9s3v4NjZ/llvm/include/clang/Parse
-- Installing: /tmp/tmp.iH9s3v4NjZ/llvm/include/clang/Parse/AttrSubMatchRulesParserStringSwitches.inc
-- Installing: /tmp/tmp.iH9s3v4NjZ/llvm/include/clang/Parse/AttrParserStringSwitches.inc
[244/254] cd /home/tim911004/.llvm-project/stage1_build/tools/clang && /home/tim911004/miniconda3/envs/cuda-quantum/lib/python3.10/site-packages/cmake/data/bin/cmake -DCMAKE_INSTALL_COMPONENT="clang-libraries" -DCMAKE_INSTALL_DO_STRIP=1 -P /home/tim911004/.llvm-project/stage1_build/cmake_install.cmake
-- Install configuration: "Release"
[245/254] cd /home/tim911004/.llvm-project/stage1_build/tools/clang/lib/Headers && /home/tim911004/miniconda3/envs/cuda-quantum/lib/python3.10/site-packages/cmake/data/bin/cmake -DCMAKE_INSTALL_COMPONENT="clang-resource-headers" -DCMAKE_INSTALL_DO_STRIP=1 -P /home/tim911004/.llvm-project/stage1_build/cmake_install.cmake
-- Install configuration: "Release"
-- Installing: /tmp/tmp.iH9s3v4NjZ/llvm/lib/clang/16/include/builtins.h
-- Installing: /tmp/tmp.iH9s3v4NjZ/llvm/lib/clang/16/include/float.h
-- Installing: /tmp/tmp.iH9s3v4NjZ/llvm/lib/clang/16/include/inttypes.h
-- Installing: /tmp/tmp.iH9s3v4NjZ/llvm/lib/clang/16/include/iso646.h
-- Installing: /tmp/tmp.iH9s3v4NjZ/llvm/lib/clang/16/include/limits.h
-- Installing: /tmp/tmp.iH9s3v4NjZ/llvm/lib/clang/16/include/module.modulemap
-- Installing: /tmp/tmp.iH9s3v4NjZ/llvm/lib/clang/16/include/stdalign.h
-- Installing: /tmp/tmp.iH9s3v4NjZ/llvm/lib/clang/16/include/stdarg.h
-- Installing: /tmp/tmp.iH9s3v4NjZ/llvm/lib/clang/16/include/stdatomic.h
-- Installing: /tmp/tmp.iH9s3v4NjZ/llvm/lib/clang/16/include/stdbool.h
-- Installing: /tmp/tmp.iH9s3v4NjZ/llvm/lib/clang/16/include/stddef.h
-- Installing: /tmp/tmp.iH9s3v4NjZ/llvm/lib/clang/16/include/__stddef_max_align_t.h
-- Installing: /tmp/tmp.iH9s3v4NjZ/llvm/lib/clang/16/include/stdint.h
-- Installing: /tmp/tmp.iH9s3v4NjZ/llvm/lib/clang/16/include/stdnoreturn.h
-- Installing: /tmp/tmp.iH9s3v4NjZ/llvm/lib/clang/16/include/tgmath.h
-- Installing: /tmp/tmp.iH9s3v4NjZ/llvm/lib/clang/16/include/unwind.h
-- Installing: /tmp/tmp.iH9s3v4NjZ/llvm/lib/clang/16/include/varargs.h
-- Installing: /tmp/tmp.iH9s3v4NjZ/llvm/lib/clang/16/include/arm_acle.h
-- Installing: /tmp/tmp.iH9s3v4NjZ/llvm/lib/clang/16/include/arm_cmse.h
-- Installing: /tmp/tmp.iH9s3v4NjZ/llvm/lib/clang/16/include/armintr.h
-- Installing: /tmp/tmp.iH9s3v4NjZ/llvm/lib/clang/16/include/arm64intr.h
-- Installing: /tmp/tmp.iH9s3v4NjZ/llvm/lib/clang/16/include/arm_neon_sve_bridge.h
-- Installing: /tmp/tmp.iH9s3v4NjZ/llvm/lib/clang/16/include/__clang_cuda_builtin_vars.h
-- Installing: /tmp/tmp.iH9s3v4NjZ/llvm/lib/clang/16/include/__clang_cuda_math.h
-- Installing: /tmp/tmp.iH9s3v4NjZ/llvm/lib/clang/16/include/__clang_cuda_cmath.h
-- Installing: /tmp/tmp.iH9s3v4NjZ/llvm/lib/clang/16/include/__clang_cuda_complex_builtins.h
-- Installing: /tmp/tmp.iH9s3v4NjZ/llvm/lib/clang/16/include/__clang_cuda_device_functions.h
-- Installing: /tmp/tmp.iH9s3v4NjZ/llvm/lib/clang/16/include/__clang_cuda_intrinsics.h
-- Installing: /tmp/tmp.iH9s3v4NjZ/llvm/lib/clang/16/include/__clang_cuda_texture_intrinsics.h
-- Installing: /tmp/tmp.iH9s3v4NjZ/llvm/lib/clang/16/include/__clang_cuda_libdevice_declares.h
-- Installing: /tmp/tmp.iH9s3v4NjZ/llvm/lib/clang/16/include/__clang_cuda_math_forward_declares.h
-- Installing: /tmp/tmp.iH9s3v4NjZ/llvm/lib/clang/16/include/__clang_cuda_runtime_wrapper.h
-- Installing: /tmp/tmp.iH9s3v4NjZ/llvm/lib/clang/16/include/hexagon_circ_brev_intrinsics.h
-- Installing: /tmp/tmp.iH9s3v4NjZ/llvm/lib/clang/16/include/hexagon_protos.h
-- Installing: /tmp/tmp.iH9s3v4NjZ/llvm/lib/clang/16/include/hexagon_types.h
-- Installing: /tmp/tmp.iH9s3v4NjZ/llvm/lib/clang/16/include/hvx_hexagon_protos.h
-- Installing: /tmp/tmp.iH9s3v4NjZ/llvm/lib/clang/16/include/__clang_hip_libdevice_declares.h
-- Installing: /tmp/tmp.iH9s3v4NjZ/llvm/lib/clang/16/include/__clang_hip_cmath.h
-- Installing: /tmp/tmp.iH9s3v4NjZ/llvm/lib/clang/16/include/__clang_hip_math.h
-- Installing: /tmp/tmp.iH9s3v4NjZ/llvm/lib/clang/16/include/__clang_hip_stdlib.h
-- Installing: /tmp/tmp.iH9s3v4NjZ/llvm/lib/clang/16/include/__clang_hip_runtime_wrapper.h
-- Installing: /tmp/tmp.iH9s3v4NjZ/llvm/lib/clang/16/include/larchintrin.h
-- Installing: /tmp/tmp.iH9s3v4NjZ/llvm/lib/clang/16/include/msa.h
-- Installing: /tmp/tmp.iH9s3v4NjZ/llvm/lib/clang/16/include/opencl-c.h
-- Installing: /tmp/tmp.iH9s3v4NjZ/llvm/lib/clang/16/include/opencl-c-base.h
-- Installing: /tmp/tmp.iH9s3v4NjZ/llvm/lib/clang/16/include/altivec.h
-- Installing: /tmp/tmp.iH9s3v4NjZ/llvm/lib/clang/16/include/htmintrin.h
-- Installing: /tmp/tmp.iH9s3v4NjZ/llvm/lib/clang/16/include/htmxlintrin.h
-- Installing: /tmp/tmp.iH9s3v4NjZ/llvm/lib/clang/16/include/s390intrin.h
-- Installing: /tmp/tmp.iH9s3v4NjZ/llvm/lib/clang/16/include/vecintrin.h
-- Installing: /tmp/tmp.iH9s3v4NjZ/llvm/lib/clang/16/include/velintrin.h
-- Installing: /tmp/tmp.iH9s3v4NjZ/llvm/lib/clang/16/include/velintrin_gen.h
-- Installing: /tmp/tmp.iH9s3v4NjZ/llvm/lib/clang/16/include/velintrin_approx.h
-- Installing: /tmp/tmp.iH9s3v4NjZ/llvm/lib/clang/16/include/adxintrin.h
-- Installing: /tmp/tmp.iH9s3v4NjZ/llvm/lib/clang/16/include/ammintrin.h
-- Installing: /tmp/tmp.iH9s3v4NjZ/llvm/lib/clang/16/include/amxfp16intrin.h
-- Installing: /tmp/tmp.iH9s3v4NjZ/llvm/lib/clang/16/include/amxintrin.h
-- Installing: /tmp/tmp.iH9s3v4NjZ/llvm/lib/clang/16/include/avx2intrin.h
-- Installing: /tmp/tmp.iH9s3v4NjZ/llvm/lib/clang/16/include/avx512bf16intrin.h
-- Installing: /tmp/tmp.iH9s3v4NjZ/llvm/lib/clang/16/include/avx512bitalgintrin.h
-- Installing: /tmp/tmp.iH9s3v4NjZ/llvm/lib/clang/16/include/avx512bwintrin.h
-- Installing: /tmp/tmp.iH9s3v4NjZ/llvm/lib/clang/16/include/avx512cdintrin.h
-- Installing: /tmp/tmp.iH9s3v4NjZ/llvm/lib/clang/16/include/avx512dqintrin.h
-- Installing: /tmp/tmp.iH9s3v4NjZ/llvm/lib/clang/16/include/avx512erintrin.h
-- Installing: /tmp/tmp.iH9s3v4NjZ/llvm/lib/clang/16/include/avx512fintrin.h
-- Installing: /tmp/tmp.iH9s3v4NjZ/llvm/lib/clang/16/include/avx512fp16intrin.h
-- Installing: /tmp/tmp.iH9s3v4NjZ/llvm/lib/clang/16/include/avx512ifmaintrin.h
-- Installing: /tmp/tmp.iH9s3v4NjZ/llvm/lib/clang/16/include/avx512ifmavlintrin.h
-- Installing: /tmp/tmp.iH9s3v4NjZ/llvm/lib/clang/16/include/avx512pfintrin.h
-- Installing: /tmp/tmp.iH9s3v4NjZ/llvm/lib/clang/16/include/avx512vbmi2intrin.h
-- Installing: /tmp/tmp.iH9s3v4NjZ/llvm/lib/clang/16/include/avx512vbmiintrin.h
-- Installing: /tmp/tmp.iH9s3v4NjZ/llvm/lib/clang/16/include/avx512vbmivlintrin.h
-- Installing: /tmp/tmp.iH9s3v4NjZ/llvm/lib/clang/16/include/avx512vlbf16intrin.h
-- Installing: /tmp/tmp.iH9s3v4NjZ/llvm/lib/clang/16/include/avx512vlbitalgintrin.h
-- Installing: /tmp/tmp.iH9s3v4NjZ/llvm/lib/clang/16/include/avx512vlbwintrin.h
-- Installing: /tmp/tmp.iH9s3v4NjZ/llvm/lib/clang/16/include/avx512vlcdintrin.h
-- Installing: /tmp/tmp.iH9s3v4NjZ/llvm/lib/clang/16/include/avx512vldqintrin.h
-- Installing: /tmp/tmp.iH9s3v4NjZ/llvm/lib/clang/16/include/avx512vlfp16intrin.h
-- Installing: /tmp/tmp.iH9s3v4NjZ/llvm/lib/clang/16/include/avx512vlintrin.h
-- Installing: /tmp/tmp.iH9s3v4NjZ/llvm/lib/clang/16/include/avx512vlvbmi2intrin.h
-- Installing: /tmp/tmp.iH9s3v4NjZ/llvm/lib/clang/16/include/avx512vlvnniintrin.h
-- Installing: /tmp/tmp.iH9s3v4NjZ/llvm/lib/clang/16/include/avx512vlvp2intersectintrin.h
-- Installing: /tmp/tmp.iH9s3v4NjZ/llvm/lib/clang/16/include/avx512vnniintrin.h
-- Installing: /tmp/tmp.iH9s3v4NjZ/llvm/lib/clang/16/include/avx512vp2intersectintrin.h
-- Installing: /tmp/tmp.iH9s3v4NjZ/llvm/lib/clang/16/include/avx512vpopcntdqintrin.h
-- Installing: /tmp/tmp.iH9s3v4NjZ/llvm/lib/clang/16/include/avx512vpopcntdqvlintrin.h
-- Installing: /tmp/tmp.iH9s3v4NjZ/llvm/lib/clang/16/include/avxifmaintrin.h
-- Installing: /tmp/tmp.iH9s3v4NjZ/llvm/lib/clang/16/include/avxintrin.h
-- Installing: /tmp/tmp.iH9s3v4NjZ/llvm/lib/clang/16/include/avxneconvertintrin.h
-- Installing: /tmp/tmp.iH9s3v4NjZ/llvm/lib/clang/16/include/avxvnniint8intrin.h
-- Installing: /tmp/tmp.iH9s3v4NjZ/llvm/lib/clang/16/include/avxvnniintrin.h
-- Installing: /tmp/tmp.iH9s3v4NjZ/llvm/lib/clang/16/include/bmi2intrin.h
-- Installing: /tmp/tmp.iH9s3v4NjZ/llvm/lib/clang/16/include/bmiintrin.h
-- Installing: /tmp/tmp.iH9s3v4NjZ/llvm/lib/clang/16/include/cetintrin.h
-- Installing: /tmp/tmp.iH9s3v4NjZ/llvm/lib/clang/16/include/cldemoteintrin.h
-- Installing: /tmp/tmp.iH9s3v4NjZ/llvm/lib/clang/16/include/clflushoptintrin.h
-- Installing: /tmp/tmp.iH9s3v4NjZ/llvm/lib/clang/16/include/clwbintrin.h
-- Installing: /tmp/tmp.iH9s3v4NjZ/llvm/lib/clang/16/include/clzerointrin.h
-- Installing: /tmp/tmp.iH9s3v4NjZ/llvm/lib/clang/16/include/cmpccxaddintrin.h
-- Installing: /tmp/tmp.iH9s3v4NjZ/llvm/lib/clang/16/include/crc32intrin.h
-- Installing: /tmp/tmp.iH9s3v4NjZ/llvm/lib/clang/16/include/emmintrin.h
-- Installing: /tmp/tmp.iH9s3v4NjZ/llvm/lib/clang/16/include/enqcmdintrin.h
-- Installing: /tmp/tmp.iH9s3v4NjZ/llvm/lib/clang/16/include/f16cintrin.h
-- Installing: /tmp/tmp.iH9s3v4NjZ/llvm/lib/clang/16/include/fma4intrin.h
-- Installing: /tmp/tmp.iH9s3v4NjZ/llvm/lib/clang/16/include/fmaintrin.h
-- Installing: /tmp/tmp.iH9s3v4NjZ/llvm/lib/clang/16/include/fxsrintrin.h
-- Installing: /tmp/tmp.iH9s3v4NjZ/llvm/lib/clang/16/include/gfniintrin.h
-- Installing: /tmp/tmp.iH9s3v4NjZ/llvm/lib/clang/16/include/hresetintrin.h
-- Installing: /tmp/tmp.iH9s3v4NjZ/llvm/lib/clang/16/include/ia32intrin.h
-- Installing: /tmp/tmp.iH9s3v4NjZ/llvm/lib/clang/16/include/immintrin.h
-- Installing: /tmp/tmp.iH9s3v4NjZ/llvm/lib/clang/16/include/invpcidintrin.h
-- Installing: /tmp/tmp.iH9s3v4NjZ/llvm/lib/clang/16/include/keylockerintrin.h
-- Installing: /tmp/tmp.iH9s3v4NjZ/llvm/lib/clang/16/include/lwpintrin.h
-- Installing: /tmp/tmp.iH9s3v4NjZ/llvm/lib/clang/16/include/lzcntintrin.h
-- Installing: /tmp/tmp.iH9s3v4NjZ/llvm/lib/clang/16/include/mm3dnow.h
-- Installing: /tmp/tmp.iH9s3v4NjZ/llvm/lib/clang/16/include/mmintrin.h
-- Installing: /tmp/tmp.iH9s3v4NjZ/llvm/lib/clang/16/include/movdirintrin.h
-- Installing: /tmp/tmp.iH9s3v4NjZ/llvm/lib/clang/16/include/mwaitxintrin.h
-- Installing: /tmp/tmp.iH9s3v4NjZ/llvm/lib/clang/16/include/nmmintrin.h
-- Installing: /tmp/tmp.iH9s3v4NjZ/llvm/lib/clang/16/include/pconfigintrin.h
-- Installing: /tmp/tmp.iH9s3v4NjZ/llvm/lib/clang/16/include/pkuintrin.h
-- Installing: /tmp/tmp.iH9s3v4NjZ/llvm/lib/clang/16/include/pmmintrin.h
-- Installing: /tmp/tmp.iH9s3v4NjZ/llvm/lib/clang/16/include/popcntintrin.h
-- Installing: /tmp/tmp.iH9s3v4NjZ/llvm/lib/clang/16/include/prfchiintrin.h
-- Installing: /tmp/tmp.iH9s3v4NjZ/llvm/lib/clang/16/include/prfchwintrin.h
-- Installing: /tmp/tmp.iH9s3v4NjZ/llvm/lib/clang/16/include/ptwriteintrin.h
-- Installing: /tmp/tmp.iH9s3v4NjZ/llvm/lib/clang/16/include/raointintrin.h
-- Installing: /tmp/tmp.iH9s3v4NjZ/llvm/lib/clang/16/include/rdpruintrin.h
-- Installing: /tmp/tmp.iH9s3v4NjZ/llvm/lib/clang/16/include/rdseedintrin.h
-- Installing: /tmp/tmp.iH9s3v4NjZ/llvm/lib/clang/16/include/rtmintrin.h
-- Installing: /tmp/tmp.iH9s3v4NjZ/llvm/lib/clang/16/include/serializeintrin.h
-- Installing: /tmp/tmp.iH9s3v4NjZ/llvm/lib/clang/16/include/sgxintrin.h
-- Installing: /tmp/tmp.iH9s3v4NjZ/llvm/lib/clang/16/include/shaintrin.h
-- Installing: /tmp/tmp.iH9s3v4NjZ/llvm/lib/clang/16/include/smmintrin.h
-- Installing: /tmp/tmp.iH9s3v4NjZ/llvm/lib/clang/16/include/tbmintrin.h
-- Installing: /tmp/tmp.iH9s3v4NjZ/llvm/lib/clang/16/include/tmmintrin.h
-- Installing: /tmp/tmp.iH9s3v4NjZ/llvm/lib/clang/16/include/tsxldtrkintrin.h
-- Installing: /tmp/tmp.iH9s3v4NjZ/llvm/lib/clang/16/include/uintrintrin.h
-- Installing: /tmp/tmp.iH9s3v4NjZ/llvm/lib/clang/16/include/vaesintrin.h
-- Installing: /tmp/tmp.iH9s3v4NjZ/llvm/lib/clang/16/include/vpclmulqdqintrin.h
-- Installing: /tmp/tmp.iH9s3v4NjZ/llvm/lib/clang/16/include/waitpkgintrin.h
-- Installing: /tmp/tmp.iH9s3v4NjZ/llvm/lib/clang/16/include/wbnoinvdintrin.h
-- Installing: /tmp/tmp.iH9s3v4NjZ/llvm/lib/clang/16/include/__wmmintrin_aes.h
-- Installing: /tmp/tmp.iH9s3v4NjZ/llvm/lib/clang/16/include/wmmintrin.h
-- Installing: /tmp/tmp.iH9s3v4NjZ/llvm/lib/clang/16/include/__wmmintrin_pclmul.h
-- Installing: /tmp/tmp.iH9s3v4NjZ/llvm/lib/clang/16/include/x86gprintrin.h
-- Installing: /tmp/tmp.iH9s3v4NjZ/llvm/lib/clang/16/include/x86intrin.h
-- Installing: /tmp/tmp.iH9s3v4NjZ/llvm/lib/clang/16/include/xmmintrin.h
-- Installing: /tmp/tmp.iH9s3v4NjZ/llvm/lib/clang/16/include/xopintrin.h
-- Installing: /tmp/tmp.iH9s3v4NjZ/llvm/lib/clang/16/include/xsavecintrin.h
-- Installing: /tmp/tmp.iH9s3v4NjZ/llvm/lib/clang/16/include/xsaveintrin.h
-- Installing: /tmp/tmp.iH9s3v4NjZ/llvm/lib/clang/16/include/xsaveoptintrin.h
-- Installing: /tmp/tmp.iH9s3v4NjZ/llvm/lib/clang/16/include/xsavesintrin.h
-- Installing: /tmp/tmp.iH9s3v4NjZ/llvm/lib/clang/16/include/xtestintrin.h
-- Installing: /tmp/tmp.iH9s3v4NjZ/llvm/lib/clang/16/include/cet.h
-- Installing: /tmp/tmp.iH9s3v4NjZ/llvm/lib/clang/16/include/cpuid.h
-- Installing: /tmp/tmp.iH9s3v4NjZ/llvm/lib/clang/16/include/wasm_simd128.h
-- Installing: /tmp/tmp.iH9s3v4NjZ/llvm/lib/clang/16/include/intrin.h
-- Installing: /tmp/tmp.iH9s3v4NjZ/llvm/lib/clang/16/include/vadefs.h
-- Installing: /tmp/tmp.iH9s3v4NjZ/llvm/lib/clang/16/include/mm_malloc.h
-- Installing: /tmp/tmp.iH9s3v4NjZ/llvm/lib/clang/16/include/arm_neon.h
-- Installing: /tmp/tmp.iH9s3v4NjZ/llvm/lib/clang/16/include/arm_fp16.h
-- Installing: /tmp/tmp.iH9s3v4NjZ/llvm/lib/clang/16/include/arm_sve.h
-- Installing: /tmp/tmp.iH9s3v4NjZ/llvm/lib/clang/16/include/arm_bf16.h
-- Installing: /tmp/tmp.iH9s3v4NjZ/llvm/lib/clang/16/include/arm_mve.h
-- Installing: /tmp/tmp.iH9s3v4NjZ/llvm/lib/clang/16/include/arm_cde.h
-- Installing: /tmp/tmp.iH9s3v4NjZ/llvm/lib/clang/16/include/riscv_vector.h
-- Installing: /tmp/tmp.iH9s3v4NjZ/llvm/lib/clang/16/include/cuda_wrappers/algorithm
-- Installing: /tmp/tmp.iH9s3v4NjZ/llvm/lib/clang/16/include/cuda_wrappers/cmath
-- Installing: /tmp/tmp.iH9s3v4NjZ/llvm/lib/clang/16/include/cuda_wrappers/complex
-- Installing: /tmp/tmp.iH9s3v4NjZ/llvm/lib/clang/16/include/cuda_wrappers/new
-- Installing: /tmp/tmp.iH9s3v4NjZ/llvm/lib/clang/16/include/ppc_wrappers/mmintrin.h
-- Installing: /tmp/tmp.iH9s3v4NjZ/llvm/lib/clang/16/include/ppc_wrappers/xmmintrin.h
-- Installing: /tmp/tmp.iH9s3v4NjZ/llvm/lib/clang/16/include/ppc_wrappers/mm_malloc.h
-- Installing: /tmp/tmp.iH9s3v4NjZ/llvm/lib/clang/16/include/ppc_wrappers/emmintrin.h
-- Installing: /tmp/tmp.iH9s3v4NjZ/llvm/lib/clang/16/include/ppc_wrappers/pmmintrin.h
-- Installing: /tmp/tmp.iH9s3v4NjZ/llvm/lib/clang/16/include/ppc_wrappers/tmmintrin.h
-- Installing: /tmp/tmp.iH9s3v4NjZ/llvm/lib/clang/16/include/ppc_wrappers/smmintrin.h
-- Installing: /tmp/tmp.iH9s3v4NjZ/llvm/lib/clang/16/include/ppc_wrappers/bmiintrin.h
-- Installing: /tmp/tmp.iH9s3v4NjZ/llvm/lib/clang/16/include/ppc_wrappers/bmi2intrin.h
-- Installing: /tmp/tmp.iH9s3v4NjZ/llvm/lib/clang/16/include/ppc_wrappers/immintrin.h
-- Installing: /tmp/tmp.iH9s3v4NjZ/llvm/lib/clang/16/include/ppc_wrappers/x86intrin.h
-- Installing: /tmp/tmp.iH9s3v4NjZ/llvm/lib/clang/16/include/ppc_wrappers/x86gprintrin.h
-- Installing: /tmp/tmp.iH9s3v4NjZ/llvm/lib/clang/16/include/openmp_wrappers/math.h
-- Installing: /tmp/tmp.iH9s3v4NjZ/llvm/lib/clang/16/include/openmp_wrappers/cmath
-- Installing: /tmp/tmp.iH9s3v4NjZ/llvm/lib/clang/16/include/openmp_wrappers/complex.h
-- Installing: /tmp/tmp.iH9s3v4NjZ/llvm/lib/clang/16/include/openmp_wrappers/complex
-- Installing: /tmp/tmp.iH9s3v4NjZ/llvm/lib/clang/16/include/openmp_wrappers/__clang_openmp_device_functions.h
-- Installing: /tmp/tmp.iH9s3v4NjZ/llvm/lib/clang/16/include/openmp_wrappers/complex_cmath.h
-- Installing: /tmp/tmp.iH9s3v4NjZ/llvm/lib/clang/16/include/openmp_wrappers/new
[246/254] cd /home/tim911004/.llvm-project/stage1_build/tools/clang/tools/driver && /home/tim911004/miniconda3/envs/cuda-quantum/lib/python3.10/site-packages/cmake/data/bin/cmake -DCMAKE_INSTALL_COMPONENT="clang" -DCMAKE_INSTALL_DO_STRIP=1 -P /home/tim911004/.llvm-project/stage1_build/cmake_install.cmake
-- Install configuration: "Release"
-- Installing: /tmp/tmp.iH9s3v4NjZ/llvm/bin/clang-16
-- Installing: /tmp/tmp.iH9s3v4NjZ/llvm/bin/clang
-- Set non-toolchain portion of runtime path of "/tmp/tmp.iH9s3v4NjZ/llvm/bin/clang-16" to "$ORIGIN/../lib"
-- Creating clang++
-- Creating clang-cl
-- Creating clang-cpp
[247/254] cd /home/tim911004/.llvm-project/stage1_build/tools/clang/tools/clang-format && /home/tim911004/miniconda3/envs/cuda-quantum/lib/python3.10/site-packages/cmake/data/bin/cmake -DCMAKE_INSTALL_COMPONENT="clang-format" -DCMAKE_INSTALL_DO_STRIP=1 -P /home/tim911004/.llvm-project/stage1_build/cmake_install.cmake
-- Install configuration: "Release"
-- Installing: /tmp/tmp.iH9s3v4NjZ/llvm/bin/clang-format
-- Set non-toolchain portion of runtime path of "/tmp/tmp.iH9s3v4NjZ/llvm/bin/clang-format" to "$ORIGIN/../lib"
-- Installing: /tmp/tmp.iH9s3v4NjZ/llvm/share/clang/clang-format-bbedit.applescript
-- Installing: /tmp/tmp.iH9s3v4NjZ/llvm/share/clang/clang-format-diff.py
-- Installing: /tmp/tmp.iH9s3v4NjZ/llvm/share/clang/clang-format-sublime.py
-- Installing: /tmp/tmp.iH9s3v4NjZ/llvm/share/clang/clang-format.el
-- Installing: /tmp/tmp.iH9s3v4NjZ/llvm/share/clang/clang-format.py
-- Installing: /tmp/tmp.iH9s3v4NjZ/llvm/bin/git-clang-format
[248/254] cd /home/tim911004/.llvm-project/stage1_build/tools/lld/tools/lld && /home/tim911004/miniconda3/envs/cuda-quantum/lib/python3.10/site-packages/cmake/data/bin/cmake -DCMAKE_INSTALL_COMPONENT="lld" -DCMAKE_INSTALL_DO_STRIP=1 -P /home/tim911004/.llvm-project/stage1_build/cmake_install.cmake
-- Install configuration: "Release"
-- Installing: /tmp/tmp.iH9s3v4NjZ/llvm/bin/lld
-- Set non-toolchain portion of runtime path of "/tmp/tmp.iH9s3v4NjZ/llvm/bin/lld" to "$ORIGIN/../lib"
-- Creating lld-link
-- Creating ld.lld
-- Creating ld64.lld
-- Creating wasm-ld
[249/254] cd /home/tim911004/.llvm-project/stage1_build/tools/llc && /home/tim911004/miniconda3/envs/cuda-quantum/lib/python3.10/site-packages/cmake/data/bin/cmake -DCMAKE_INSTALL_COMPONENT="llc" -DCMAKE_INSTALL_DO_STRIP=1 -P /home/tim911004/.llvm-project/stage1_build/cmake_install.cmake
-- Install configuration: "Release"
-- Installing: /tmp/tmp.iH9s3v4NjZ/llvm/bin/llc
-- Set non-toolchain portion of runtime path of "/tmp/tmp.iH9s3v4NjZ/llvm/bin/llc" to "$ORIGIN/../lib"
[250/254] cd /home/tim911004/.llvm-project/stage1_build/tools/llvm-as && /home/tim911004/miniconda3/envs/cuda-quantum/lib/python3.10/site-packages/cmake/data/bin/cmake -DCMAKE_INSTALL_COMPONENT="llvm-as" -DCMAKE_INSTALL_DO_STRIP=1 -P /home/tim911004/.llvm-project/stage1_build/cmake_install.cmake
-- Install configuration: "Release"
-- Installing: /tmp/tmp.iH9s3v4NjZ/llvm/bin/llvm-as
-- Set non-toolchain portion of runtime path of "/tmp/tmp.iH9s3v4NjZ/llvm/bin/llvm-as" to "$ORIGIN/../lib"
[251/254] cd /home/tim911004/.llvm-project/stage1_build/tools/llvm-cov && /home/tim911004/miniconda3/envs/cuda-quantum/lib/python3.10/site-packages/cmake/data/bin/cmake -DCMAKE_INSTALL_COMPONENT="llvm-cov" -DCMAKE_INSTALL_DO_STRIP=1 -P /home/tim911004/.llvm-project/stage1_build/cmake_install.cmake
-- Install configuration: "Release"
-- Installing: /tmp/tmp.iH9s3v4NjZ/llvm/bin/llvm-cov
-- Set non-toolchain portion of runtime path of "/tmp/tmp.iH9s3v4NjZ/llvm/bin/llvm-cov" to "$ORIGIN/../lib"
[252/254] cd /home/tim911004/.llvm-project/stage1_build/tools/llvm-nm && /home/tim911004/miniconda3/envs/cuda-quantum/lib/python3.10/site-packages/cmake/data/bin/cmake -DCMAKE_INSTALL_COMPONENT="llvm-nm" -DCMAKE_INSTALL_DO_STRIP=1 -P /home/tim911004/.llvm-project/stage1_build/cmake_install.cmake
-- Install configuration: "Release"
-- Installing: /tmp/tmp.iH9s3v4NjZ/llvm/bin/llvm-nm
-- Set non-toolchain portion of runtime path of "/tmp/tmp.iH9s3v4NjZ/llvm/bin/llvm-nm" to "$ORIGIN/../lib"
[253/254] cd /home/tim911004/.llvm-project/stage1_build/tools/llvm-symbolizer && /home/tim911004/miniconda3/envs/cuda-quantum/lib/python3.10/site-packages/cmake/data/bin/cmake -DCMAKE_INSTALL_COMPONENT="llvm-symbolizer" -DCMAKE_INSTALL_DO_STRIP=1 -P /home/tim911004/.llvm-project/stage1_build/cmake_install.cmake
-- Install configuration: "Release"
-- Installing: /tmp/tmp.iH9s3v4NjZ/llvm/bin/llvm-symbolizer
-- Set non-toolchain portion of runtime path of "/tmp/tmp.iH9s3v4NjZ/llvm/bin/llvm-symbolizer" to "$ORIGIN/../lib"
Installed llvm build in directory: /tmp/tmp.iH9s3v4NjZ/llvm
Installed llvm toolchain.
[01;31mWarning: No fortran compiler installed.[0m
libz already installed in /home/tim911004/.cudaq_prereqs/zlib.
Installing LLVM libraries...
Configured C compiler: /tmp/tmp.iH9s3v4NjZ/llvm/bin/clang
Configured C++ compiler: /tmp/tmp.iH9s3v4NjZ/llvm/bin/clang++
Cloning LLVM submodule...
fatal: destination path '/home/tim911004/.llvm-project' already exists and is not an empty directory.
HEAD is now at 7cbf1a2591 [lld][WebAssembly] Fix stub library parsing with windows line endings
M	compiler-rt/cmake/Modules/CompilerRTUtils.cmake
M	llvm/include/llvm/ExecutionEngine/SectionMemoryManager.h
M	llvm/lib/ExecutionEngine/SectionMemoryManager.cpp
M	llvm/unittests/ExecutionEngine/MCJIT/MCJITMemoryManagerTest.cpp
M	mlir/cmake/modules/AddMLIRPython.cmake
M	mlir/lib/Transforms/Utils/RegionUtils.cpp
M	mlir/python/CMakeLists.txt
Applying LLVM patches in /home/tim911004/cuda-quantum/scripts/../tpls/customizations/llvm...
Skipping /home/tim911004/cuda-quantum/scripts/../tpls/customizations/llvm/CompilerRTUtils.cmake.diff because it has already been applied.
Skipping /home/tim911004/cuda-quantum/scripts/../tpls/customizations/llvm/fix_region_simplification.diff because it has already been applied.
Skipping /home/tim911004/cuda-quantum/scripts/../tpls/customizations/llvm/llvm_pr71968_mod.diff because it has already been applied.
DEBUG: projects array: clang flang lld mlir openmp
DEBUG: llvm_projects string: clang;flang;lld;mlir;openmp;
- including Clang components
- including Flang components
- including OpenMP components
- including MLIR components
- including MLIR Python bindings
- including LLD components
- including general tools and components
Cherry-picking commit 9494bd84df3c5b496fc087285af9ff40d7859b6a
Auto-merging mlir/cmake/modules/AddMLIRPython.cmake
Auto-merging mlir/python/CMakeLists.txt
Using CMake cache in /home/tim911004/cuda-quantum/scripts/../cmake/caches/LLVM.cmake.
loading initial cache file custom_toolchain.cmake
CMake Deprecation Warning at /home/tim911004/.llvm-project/cmake/Modules/CMakePolicy.cmake:6 (cmake_policy):
  The OLD behavior for policy CMP0114 will be removed from a future version
  of CMake.

  The cmake-policies(7) manual explains that the OLD behaviors of all
  policies are deprecated and that a policy should be set to OLD only under
  specific short-term circumstances.  Projects should be ported to the NEW
  behavior and not rely on setting a policy to OLD.
Call Stack (most recent call first):
  CMakeLists.txt:13 (include)


CMake Deprecation Warning at /home/tim911004/.llvm-project/cmake/Modules/CMakePolicy.cmake:11 (cmake_policy):
  The OLD behavior for policy CMP0116 will be removed from a future version
  of CMake.

  The cmake-policies(7) manual explains that the OLD behaviors of all
  policies are deprecated and that a policy should be set to OLD only under
  specific short-term circumstances.  Projects should be ported to the NEW
  behavior and not rely on setting a policy to OLD.
Call Stack (most recent call first):
  CMakeLists.txt:13 (include)


-- bolt project is disabled
-- clang project is enabled
-- clang-tools-extra project is disabled
-- compiler-rt project is disabled
-- cross-project-tests project is disabled
-- libc project is disabled
-- libclc project is disabled
-- lld project is enabled
-- lldb project is disabled
-- mlir project is enabled
-- openmp project is enabled
-- polly project is disabled
-- pstl project is disabled
-- flang project is enabled
-- Found Python3: /home/tim911004/miniconda3/envs/cuda-quantum/bin/python3 (found suitable version "3.10.19", minimum required is "3.6") found components: Interpreter 
-- Could NOT find LibEdit (missing: LibEdit_INCLUDE_DIRS LibEdit_LIBRARIES) 
-- Native target architecture is X86
-- Threads enabled.
-- Doxygen disabled.
-- Ninja version: 1.13.1
-- Could NOT find OCaml (missing: OCAMLFIND OCAML_VERSION OCAML_STDLIB_PATH) 
-- Could NOT find OCaml (missing: OCAMLFIND OCAML_VERSION OCAML_STDLIB_PATH) 
-- OCaml bindings disabled.
-- LLVM host triple: x86_64-unknown-linux-gnu
-- LLVM default target triple: x86_64-unknown-linux-gnu
-- Building with -fPIC
-- Targeting AArch64
-- Targeting AMDGPU
-- Targeting ARM
-- Targeting AVR
-- Targeting BPF
-- Targeting Hexagon
-- Targeting Lanai
-- Targeting LoongArch
-- Targeting Mips
-- Targeting MSP430
-- Targeting NVPTX
-- Targeting PowerPC
-- Targeting RISCV
-- Targeting Sparc
-- Targeting SystemZ
-- Targeting VE
-- Targeting WebAssembly
-- Targeting X86
-- Targeting XCore
-- Using LLVM include directories: /home/tim911004/.llvm-project/llvm/include;/home/tim911004/.llvm-project/build/include
CMake Warning (dev) at /home/tim911004/.llvm-project/openmp/libomptarget/cmake/Modules/LibomptargetGetDependencies.cmake:107 (find_package):
  Policy CMP0146 is not set: The FindCUDA module is removed.  Run "cmake
  --help-policy CMP0146" for policy details.  Use the cmake_policy command to
  set the policy and suppress this warning.

Call Stack (most recent call first):
  /home/tim911004/.llvm-project/openmp/libomptarget/CMakeLists.txt:31 (include)
This warning is for project developers.  Use -Wno-dev to suppress it.

-- Could NOT find LIBOMPTARGET_DEP_VEO (missing: LIBOMPTARGET_DEP_VEO_LIBRARIES LIBOMPTARGET_DEP_VEOSINFO_LIBRARIES LIBOMPTARGET_DEP_VEO_INCLUDE_DIRS) 
-- OMPT target enabled
-- OpenMP tools dir in libomptarget: /home/tim911004/.llvm-project/build/projects/openmp/runtime/src
-- LIBOMPTARGET: Building offloading runtime library libomptarget.
-- LIBOMPTARGET: Not building aarch64 offloading plugin: machine not found in the system.
-- LIBOMPTARGET: Building AMDGPU plugin for dlopened libhsa
-- LIBOMPTARGET: Not generating amdgcn test targets as libhsa is not linkable
-- LIBOMPTARGET: Building CUDA offloading plugin.
-- LIBOMPTARGET: Building CUDA plugin linked against libcuda
-- LIBOMPTARGET: Disabling tests using CUDA plugin as cuda may not be available
-- LIBOMPTARGET: Not building PPC64 offloading plugin: machine not found in the system.
-- LIBOMPTARGET: Not building PPC64le offloading plugin: machine not found in the system.
-- LIBOMPTARGET: Not building nec-aurora plugin: libveo or libveosinfo not found.
-- LIBOMPTARGET: Building x86_64 offloading plugin.
-- LIBOMPTARGET: Not building aarch64 NextGen offloading plugin: machine not found in the system.
-- LIBOMPTARGET: Building AMDGPU NextGen plugin for dlopened libhsa
-- LIBOMPTARGET: Building CUDA NextGen offloading plugin.
-- LIBOMPTARGET: Building CUDA NextGen plugin linked against libcuda
-- LIBOMPTARGET: Not building PPC64 NextGen offloading plugin: machine not found in the system.
-- LIBOMPTARGET: Not building PPC64le NextGen offloading plugin: machine not found in the system.
-- LIBOMPTARGET: Building x86_64 NextGen offloading plugin.
-- LIBOMPTARGET: Building DeviceRTL. Using clang from in-tree build
-- LIBOMPTARGET: Building the llvm-omp-device-info tool
-- LIBOMPTARGET: Building the llvm-omp-kernel-replay tool
-- Found Python3: /home/tim911004/miniconda3/envs/cuda-quantum/bin/python3 (found version "3.10.19") found components: Interpreter Development Development.Module Development.Embed 
CMake Deprecation Warning at /home/tim911004/.llvm-project/cmake/Modules/CMakePolicy.cmake:6 (cmake_policy):
  The OLD behavior for policy CMP0114 will be removed from a future version
  of CMake.

  The cmake-policies(7) manual explains that the OLD behaviors of all
  policies are deprecated and that a policy should be set to OLD only under
  specific short-term circumstances.  Projects should be ported to the NEW
  behavior and not rely on setting a policy to OLD.
Call Stack (most recent call first):
  /home/tim911004/.llvm-project/clang/CMakeLists.txt:6 (include)


CMake Deprecation Warning at /home/tim911004/.llvm-project/cmake/Modules/CMakePolicy.cmake:11 (cmake_policy):
  The OLD behavior for policy CMP0116 will be removed from a future version
  of CMake.

  The cmake-policies(7) manual explains that the OLD behaviors of all
  policies are deprecated and that a policy should be set to OLD only under
  specific short-term circumstances.  Projects should be ported to the NEW
  behavior and not rely on setting a policy to OLD.
Call Stack (most recent call first):
  /home/tim911004/.llvm-project/clang/CMakeLists.txt:6 (include)


-- Clang version: 16.0.6
CMake Warning (dev) at /home/tim911004/.llvm-project/clang/tools/nvptx-arch/CMakeLists.txt:13 (find_package):
  Policy CMP0146 is not set: The FindCUDA module is removed.  Run "cmake
  --help-policy CMP0146" for policy details.  Use the cmake_policy command to
  set the policy and suppress this warning.

This warning is for project developers.  Use -Wno-dev to suppress it.

CMake Deprecation Warning at /home/tim911004/.llvm-project/cmake/Modules/CMakePolicy.cmake:6 (cmake_policy):
  The OLD behavior for policy CMP0114 will be removed from a future version
  of CMake.

  The cmake-policies(7) manual explains that the OLD behaviors of all
  policies are deprecated and that a policy should be set to OLD only under
  specific short-term circumstances.  Projects should be ported to the NEW
  behavior and not rely on setting a policy to OLD.
Call Stack (most recent call first):
  /home/tim911004/.llvm-project/lld/CMakeLists.txt:6 (include)


CMake Deprecation Warning at /home/tim911004/.llvm-project/cmake/Modules/CMakePolicy.cmake:11 (cmake_policy):
  The OLD behavior for policy CMP0116 will be removed from a future version
  of CMake.

  The cmake-policies(7) manual explains that the OLD behaviors of all
  policies are deprecated and that a policy should be set to OLD only under
  specific short-term circumstances.  Projects should be ported to the NEW
  behavior and not rely on setting a policy to OLD.
Call Stack (most recent call first):
  /home/tim911004/.llvm-project/lld/CMakeLists.txt:6 (include)


-- LLD version: 16.0.6
CMake Deprecation Warning at /home/tim911004/.llvm-project/cmake/Modules/CMakePolicy.cmake:6 (cmake_policy):
  The OLD behavior for policy CMP0114 will be removed from a future version
  of CMake.

  The cmake-policies(7) manual explains that the OLD behaviors of all
  policies are deprecated and that a policy should be set to OLD only under
  specific short-term circumstances.  Projects should be ported to the NEW
  behavior and not rely on setting a policy to OLD.
Call Stack (most recent call first):
  /home/tim911004/.llvm-project/mlir/CMakeLists.txt:7 (include)


CMake Deprecation Warning at /home/tim911004/.llvm-project/cmake/Modules/CMakePolicy.cmake:11 (cmake_policy):
  The OLD behavior for policy CMP0116 will be removed from a future version
  of CMake.

  The cmake-policies(7) manual explains that the OLD behaviors of all
  policies are deprecated and that a policy should be set to OLD only under
  specific short-term circumstances.  Projects should be ported to the NEW
  behavior and not rely on setting a policy to OLD.
Call Stack (most recent call first):
  /home/tim911004/.llvm-project/mlir/CMakeLists.txt:7 (include)


-- Found Python3: /home/tim911004/miniconda3/envs/cuda-quantum/bin/python3 (found suitable version "3.10.19", minimum required is "3.6") found components: Interpreter Development Development.Module Development.Embed 
-- Found Python3: /home/tim911004/miniconda3/envs/cuda-quantum/bin/python3 (found suitable version "3.10.19", minimum required is "3.6") found components: Interpreter Development.Module NumPy 
-- Found python include dirs: /home/tim911004/miniconda3/envs/cuda-quantum/include/python3.10
-- Found python libraries: /home/tim911004/miniconda3/envs/cuda-quantum/lib/libpython3.10.so
-- Found numpy v2.2.6: /home/tim911004/miniconda3/envs/cuda-quantum/lib/python3.10/site-packages/numpy/_core/include
-- Checking for pybind11 in python path...
-- found (/home/tim911004/miniconda3/envs/cuda-quantum/lib/python3.10/site-packages/pybind11/share/cmake/pybind11)
-- Found pybind11: /home/tim911004/miniconda3/envs/cuda-quantum/lib/python3.10/site-packages/pybind11/include (found version "3.0.1")
-- Found pybind11 v3.0.1: /home/tim911004/miniconda3/envs/cuda-quantum/lib/python3.10/site-packages/pybind11/include
-- Python prefix = '', suffix = '', extension = '.cpython-310-x86_64-linux-gnu.so
CMake Deprecation Warning at /home/tim911004/.llvm-project/cmake/Modules/CMakePolicy.cmake:6 (cmake_policy):
  The OLD behavior for policy CMP0114 will be removed from a future version
  of CMake.

  The cmake-policies(7) manual explains that the OLD behaviors of all
  policies are deprecated and that a policy should be set to OLD only under
  specific short-term circumstances.  Projects should be ported to the NEW
  behavior and not rely on setting a policy to OLD.
Call Stack (most recent call first):
  /home/tim911004/.llvm-project/flang/CMakeLists.txt:6 (include)


CMake Deprecation Warning at /home/tim911004/.llvm-project/cmake/Modules/CMakePolicy.cmake:11 (cmake_policy):
  The OLD behavior for policy CMP0116 will be removed from a future version
  of CMake.

  The cmake-policies(7) manual explains that the OLD behaviors of all
  policies are deprecated and that a policy should be set to OLD only under
  specific short-term circumstances.  Projects should be ported to the NEW
  behavior and not rely on setting a policy to OLD.
Call Stack (most recent call first):
  /home/tim911004/.llvm-project/flang/CMakeLists.txt:6 (include)


-- Flang version: 16.0.6
-- Performing Test CXX_SUPPORTS_NO_DEPRECATED_COPY_FLAG
-- Performing Test CXX_SUPPORTS_NO_DEPRECATED_COPY_FLAG - Success
-- Performing Test CXX_SUPPORTS_NO_STRING_CONVERSION_FLAG
-- Performing Test CXX_SUPPORTS_NO_STRING_CONVERSION_FLAG - Failed
-- Performing Test CXX_SUPPORTS_NO_CTAD_MAYBE_UNSUPPORTED_FLAG
-- Performing Test CXX_SUPPORTS_NO_CTAD_MAYBE_UNSUPPORTED_FLAG - Success
-- Could NOT find Doxygen (missing: DOXYGEN_EXECUTABLE) 
-- Registering ExampleIRTransforms as a pass plugin (static build: OFF)
-- Registering Bye as a pass plugin (static build: OFF)
-- LLVM FileCheck Found: /usr/bin/FileCheck
-- git version: v0.0.0-dirty normalized to 0.0.0
-- Version: 1.6.0
-- Performing Test HAVE_GNU_POSIX_REGEX -- failed to compile
-- Performing Test HAVE_POSIX_REGEX -- success
-- Performing Test HAVE_STEADY_CLOCK -- success
-- Configuring done (10.7s)
-- Generating done (9.0s)
-- Build files have been written to: /home/tim911004/.llvm-project/build
Building LLVM with configuration Release...
[1/6914] Building CXX object lib/Demangle/CMakeFiles/LLVMDemangle.dir/Demangle.cpp.o
[2/6914] Building CXX object lib/Demangle/CMakeFiles/LLVMDemangle.dir/DLangDemangle.cpp.o
[3/6914] Building CXX object lib/Support/CMakeFiles/LLVMSupport.dir/ABIBreak.cpp.o
[4/6914] Building CXX object lib/Support/CMakeFiles/LLVMSupport.dir/AddressRanges.cpp.o
[5/6914] Building CXX object lib/Demangle/CMakeFiles/LLVMDemangle.dir/RustDemangle.cpp.o
[6/6914] Building CXX object lib/Demangle/CMakeFiles/LLVMDemangle.dir/MicrosoftDemangleNodes.cpp.o
[7/6914] Building CXX object lib/Demangle/CMakeFiles/LLVMDemangle.dir/MicrosoftDemangle.cpp.o
[8/6914] Building CXX object lib/Support/CMakeFiles/LLVMSupport.dir/AMDGPUMetadata.cpp.o
[9/6914] Building CXX object lib/Support/CMakeFiles/LLVMSupport.dir/APSInt.cpp.o
[10/6914] Building CXX object lib/Support/CMakeFiles/LLVMSupport.dir/APFixedPoint.cpp.o
[11/6914] Building CXX object lib/Support/CMakeFiles/LLVMSupport.dir/ARMBuildAttrs.cpp.o
[12/6914] Building CXX object lib/Demangle/CMakeFiles/LLVMDemangle.dir/ItaniumDemangle.cpp.o
[13/6914] Linking CXX static library lib/libLLVMDemangle.a
[14/6914] Building CXX object lib/Support/CMakeFiles/LLVMSupport.dir/AutoConvert.cpp.o
[15/6914] Building CXX object lib/Support/CMakeFiles/LLVMSupport.dir/ARMWinEH.cpp.o
[16/6914] Building CXX object lib/Support/CMakeFiles/LLVMSupport.dir/Allocator.cpp.o
[17/6914] Building CXX object lib/Support/CMakeFiles/LLVMSupport.dir/APInt.cpp.o
[18/6914] Building CXX object lib/Support/CMakeFiles/LLVMSupport.dir/Base64.cpp.o
[19/6914] Building CXX object lib/Support/CMakeFiles/LLVMSupport.dir/ARMAttributeParser.cpp.o
[20/6914] Building CXX object lib/Support/CMakeFiles/LLVMSupport.dir/BinaryStreamError.cpp.o
[21/6914] Building CXX object lib/Support/CMakeFiles/LLVMSupport.dir/APFloat.cpp.o
[22/6914] Building CXX object lib/Support/CMakeFiles/LLVMSupport.dir/BuryPointer.cpp.o
[23/6914] Building CXX object lib/Support/CMakeFiles/LLVMSupport.dir/BlockFrequency.cpp.o
[24/6914] Building CXX object lib/Support/CMakeFiles/LLVMSupport.dir/BinaryStreamReader.cpp.o
[25/6914] Building CXX object lib/Support/CMakeFiles/LLVMSupport.dir/BranchProbability.cpp.o
[26/6914] Building CXX object lib/Support/CMakeFiles/LLVMSupport.dir/BinaryStreamRef.cpp.o
[27/6914] Building CXX object lib/Support/CMakeFiles/LLVMSupport.dir/COM.cpp.o
[28/6914] Building CXX object lib/Support/CMakeFiles/LLVMSupport.dir/BinaryStreamWriter.cpp.o
[29/6914] Building CXX object lib/Support/CMakeFiles/LLVMSupport.dir/circular_raw_ostream.cpp.o
[30/6914] Building CXX object lib/Support/CMakeFiles/LLVMSupport.dir/Chrono.cpp.o
[31/6914] Building CXX object lib/Support/CMakeFiles/LLVMSupport.dir/CachePruning.cpp.o
[32/6914] Building CXX object lib/Support/CMakeFiles/LLVMSupport.dir/Caching.cpp.o
[33/6914] Building CXX object lib/Support/CMakeFiles/LLVMSupport.dir/CRC.cpp.o
[34/6914] Building CXX object lib/Support/CMakeFiles/LLVMSupport.dir/Compression.cpp.o
[35/6914] Building CXX object lib/Support/CMakeFiles/LLVMSupport.dir/ConvertUTF.cpp.o
[36/6914] Building CXX object lib/Support/CMakeFiles/LLVMSupport.dir/CodeGenCoverage.cpp.o
[37/6914] Building CXX object lib/Support/CMakeFiles/LLVMSupport.dir/CrashRecoveryContext.cpp.o
[38/6914] Building CXX object lib/Support/CMakeFiles/LLVMSupport.dir/CSKYAttributes.cpp.o
[39/6914] Building CXX object lib/Support/CMakeFiles/LLVMSupport.dir/ConvertUTFWrapper.cpp.o
[40/6914] Building CXX object lib/Support/CMakeFiles/LLVMSupport.dir/CSKYAttributeParser.cpp.o
[41/6914] Building CXX object lib/Support/CMakeFiles/LLVMSupport.dir/Debug.cpp.o
[42/6914] Building CXX object lib/Support/CMakeFiles/LLVMSupport.dir/DivisionByConstantInfo.cpp.o
[43/6914] Building CXX object lib/Support/CMakeFiles/LLVMSupport.dir/DataExtractor.cpp.o
[44/6914] Building CXX object lib/Support/CMakeFiles/LLVMSupport.dir/DeltaAlgorithm.cpp.o
[45/6914] Building CXX object lib/Support/CMakeFiles/LLVMSupport.dir/DJB.cpp.o
[46/6914] Building CXX object lib/Support/CMakeFiles/LLVMSupport.dir/DebugCounter.cpp.o
[47/6914] Building CXX object lib/Support/CMakeFiles/LLVMSupport.dir/ELFAttributes.cpp.o
[48/6914] Building CXX object lib/Support/CMakeFiles/LLVMSupport.dir/ExtensibleRTTI.cpp.o
[49/6914] Building CXX object lib/Support/CMakeFiles/LLVMSupport.dir/DAGDeltaAlgorithm.cpp.o
[50/6914] Building CXX object lib/Support/CMakeFiles/LLVMSupport.dir/ErrorHandling.cpp.o
[51/6914] Building CXX object lib/Support/CMakeFiles/LLVMSupport.dir/Error.cpp.o
[52/6914] Building CXX object lib/Support/CMakeFiles/LLVMSupport.dir/ELFAttributeParser.cpp.o
[53/6914] Building CXX object lib/Support/CMakeFiles/LLVMSupport.dir/CommandLine.cpp.o
[54/6914] Building CXX object lib/Support/CMakeFiles/LLVMSupport.dir/FileCollector.cpp.o
[55/6914] Building CXX object lib/Support/CMakeFiles/LLVMSupport.dir/FormattedStream.cpp.o
[56/6914] Building CXX object lib/Support/CMakeFiles/LLVMSupport.dir/FileUtilities.cpp.o
[57/6914] Building CXX object lib/Support/CMakeFiles/LLVMSupport.dir/FoldingSet.cpp.o
[58/6914] Building CXX object lib/Support/CMakeFiles/LLVMSupport.dir/FormatVariadic.cpp.o
[59/6914] Building CXX object lib/Support/CMakeFiles/LLVMSupport.dir/FileOutputBuffer.cpp.o
[60/6914] Building CXX object lib/Support/CMakeFiles/LLVMSupport.dir/Hashing.cpp.o
[61/6914] Building CXX object lib/Support/CMakeFiles/LLVMSupport.dir/InitLLVM.cpp.o
[62/6914] Building CXX object lib/Support/CMakeFiles/LLVMSupport.dir/GlobPattern.cpp.o
[63/6914] Building CXX object lib/Support/CMakeFiles/LLVMSupport.dir/IntEqClasses.cpp.o
[64/6914] Building CXX object lib/Support/CMakeFiles/LLVMSupport.dir/InstructionCost.cpp.o
[65/6914] Building CXX object lib/Support/CMakeFiles/LLVMSupport.dir/GraphWriter.cpp.o
[66/6914] Building CXX object lib/Support/CMakeFiles/LLVMSupport.dir/IntervalMap.cpp.o
[67/6914] Building CXX object lib/Support/CMakeFiles/LLVMSupport.dir/LEB128.cpp.o
[68/6914] Building CXX object lib/Support/CMakeFiles/LLVMSupport.dir/Locale.cpp.o
[69/6914] Building CXX object lib/Support/CMakeFiles/LLVMSupport.dir/LineIterator.cpp.o
[70/6914] Building CXX object lib/Support/CMakeFiles/LLVMSupport.dir/KnownBits.cpp.o
[71/6914] Building CXX object lib/Support/CMakeFiles/LLVMSupport.dir/LowLevelType.cpp.o
[72/6914] Building CXX object lib/Support/CMakeFiles/LLVMSupport.dir/MemAlloc.cpp.o
[73/6914] Building CXX object lib/Support/CMakeFiles/LLVMSupport.dir/ManagedStatic.cpp.o
[74/6914] Building CXX object lib/Support/CMakeFiles/LLVMSupport.dir/MathExtras.cpp.o
[75/6914] Building CXX object lib/Support/CMakeFiles/LLVMSupport.dir/LockFileManager.cpp.o
[76/6914] Building CXX object lib/Support/CMakeFiles/LLVMSupport.dir/MemoryBufferRef.cpp.o
[77/6914] Building CXX object lib/Support/CMakeFiles/LLVMSupport.dir/MD5.cpp.o
[78/6914] Building CXX object lib/Support/CMakeFiles/LLVMSupport.dir/JSON.cpp.o
[79/6914] Building CXX object lib/Support/CMakeFiles/LLVMSupport.dir/MSP430Attributes.cpp.o
[80/6914] Building CXX object lib/Support/CMakeFiles/LLVMSupport.dir/MemoryBuffer.cpp.o
[81/6914] Building CXX object lib/Support/CMakeFiles/LLVMSupport.dir/MSP430AttributeParser.cpp.o
[82/6914] Building CXX object lib/Support/CMakeFiles/LLVMSupport.dir/Optional.cpp.o
[83/6914] Building CXX object lib/Support/CMakeFiles/LLVMSupport.dir/OptimizedStructLayout.cpp.o
[84/6914] Building CXX object lib/Support/CMakeFiles/LLVMSupport.dir/NativeFormatting.cpp.o
[85/6914] Building CXX object lib/Support/CMakeFiles/LLVMSupport.dir/PluginLoader.cpp.o
[86/6914] Building CXX object lib/Support/CMakeFiles/LLVMSupport.dir/PrettyStackTrace.cpp.o
[87/6914] Building CXX object lib/Support/CMakeFiles/LLVMSupport.dir/Regex.cpp.o
[88/6914] Building CXX object lib/Support/CMakeFiles/LLVMSupport.dir/Parallel.cpp.o
[89/6914] Building CXX object lib/Support/CMakeFiles/LLVMSupport.dir/RISCVAttributes.cpp.o
[90/6914] Building CXX object lib/Support/CMakeFiles/LLVMSupport.dir/RandomNumberGenerator.cpp.o
[91/6914] Building CXX object lib/Support/CMakeFiles/LLVMSupport.dir/ItaniumManglingCanonicalizer.cpp.o
[92/6914] Building CXX object lib/Support/CMakeFiles/LLVMSupport.dir/RISCVAttributeParser.cpp.o
[93/6914] Building CXX object lib/Support/CMakeFiles/LLVMSupport.dir/SHA1.cpp.o
[94/6914] Building CXX object lib/Support/CMakeFiles/LLVMSupport.dir/ScaledNumber.cpp.o
[95/6914] Building CXX object lib/Support/CMakeFiles/LLVMSupport.dir/Signposts.cpp.o
[96/6914] Building CXX object lib/Support/CMakeFiles/LLVMSupport.dir/SHA256.cpp.o
[97/6914] Building CXX object lib/Support/CMakeFiles/LLVMSupport.dir/SmallPtrSet.cpp.o
[98/6914] Building CXX object lib/Support/CMakeFiles/LLVMSupport.dir/SmallVector.cpp.o
[99/6914] Building CXX object lib/Support/CMakeFiles/LLVMSupport.dir/RISCVISAInfo.cpp.o
[100/6914] Building CXX object lib/Support/CMakeFiles/LLVMSupport.dir/ScopedPrinter.cpp.o
[101/6914] Building CXX object lib/Support/CMakeFiles/LLVMSupport.dir/StringExtras.cpp.o
[102/6914] Building CXX object lib/Support/CMakeFiles/LLVMSupport.dir/SourceMgr.cpp.o
[103/6914] Building CXX object lib/Support/CMakeFiles/LLVMSupport.dir/SpecialCaseList.cpp.o
[104/6914] Building CXX object lib/Support/CMakeFiles/LLVMSupport.dir/StringMap.cpp.o
[105/6914] Building CXX object lib/Support/CMakeFiles/LLVMSupport.dir/StringSaver.cpp.o
[106/6914] Building CXX object lib/Support/CMakeFiles/LLVMSupport.dir/Statistic.cpp.o
[107/6914] Building CXX object lib/Support/CMakeFiles/LLVMSupport.dir/SystemUtils.cpp.o
[108/6914] Building CXX object lib/Support/CMakeFiles/LLVMSupport.dir/SuffixTree.cpp.o
[109/6914] Building CXX object lib/Support/CMakeFiles/LLVMSupport.dir/SymbolRemappingReader.cpp.o
[110/6914] Building CXX object lib/Support/CMakeFiles/LLVMSupport.dir/StringRef.cpp.o
[111/6914] Building CXX object lib/Support/CMakeFiles/LLVMSupport.dir/TarWriter.cpp.o
[112/6914] Building CXX object lib/Support/CMakeFiles/LLVMSupport.dir/ThreadPool.cpp.o
[113/6914] Building CXX object lib/Support/CMakeFiles/LLVMSupport.dir/TrigramIndex.cpp.o
[114/6914] Building CXX object lib/Support/CMakeFiles/LLVMSupport.dir/ToolOutputFile.cpp.o
[115/6914] Building CXX object lib/Support/CMakeFiles/LLVMSupport.dir/Twine.cpp.o
[116/6914] Building CXX object lib/Support/CMakeFiles/LLVMSupport.dir/TypeSize.cpp.o
[117/6914] Building CXX object lib/Support/CMakeFiles/LLVMSupport.dir/Unicode.cpp.o
[118/6914] Building CXX object lib/Support/CMakeFiles/LLVMSupport.dir/UnicodeNameToCodepointGenerated.cpp.o
[119/6914] Building CXX object lib/Support/CMakeFiles/LLVMSupport.dir/UnicodeCaseFold.cpp.o
[120/6914] Building CXX object lib/Support/CMakeFiles/LLVMSupport.dir/TimeProfiler.cpp.o
[121/6914] Building CXX object lib/Support/CMakeFiles/LLVMSupport.dir/VersionTuple.cpp.o
[122/6914] Building CXX object lib/Support/CMakeFiles/LLVMSupport.dir/Timer.cpp.o
[123/6914] Building CXX object lib/Support/CMakeFiles/LLVMSupport.dir/UnicodeNameToCodepoint.cpp.o
[124/6914] Building CXX object lib/Support/CMakeFiles/LLVMSupport.dir/raw_os_ostream.cpp.o
[125/6914] Building CXX object lib/Support/CMakeFiles/LLVMSupport.dir/WithColor.cpp.o
[126/6914] Building C object lib/Support/CMakeFiles/LLVMSupport.dir/regerror.c.o
[127/6914] Building C object lib/Support/CMakeFiles/LLVMSupport.dir/regcomp.c.o
[128/6914] Building C object lib/Support/CMakeFiles/LLVMSupport.dir/regfree.c.o
[129/6914] Building C object lib/Support/CMakeFiles/LLVMSupport.dir/regexec.c.o
[130/6914] Building C object lib/Support/CMakeFiles/LLVMSupport.dir/regstrlcpy.c.o
[131/6914] Building CXX object lib/Support/CMakeFiles/LLVMSupport.dir/xxhash.cpp.o
[132/6914] Building CXX object lib/Support/CMakeFiles/LLVMSupport.dir/Atomic.cpp.o
[133/6914] Building CXX object lib/Support/CMakeFiles/LLVMSupport.dir/YAMLTraits.cpp.o
[134/6914] Building CXX object lib/Support/CMakeFiles/LLVMSupport.dir/Z3Solver.cpp.o
[135/6914] Building CXX object lib/Support/CMakeFiles/LLVMSupport.dir/raw_ostream.cpp.o
[136/6914] Building CXX object lib/Support/CMakeFiles/LLVMSupport.dir/Errno.cpp.o
[137/6914] Building CXX object lib/Support/CMakeFiles/LLVMSupport.dir/YAMLParser.cpp.o
[138/6914] Building CXX object lib/Support/CMakeFiles/LLVMSupport.dir/DynamicLibrary.cpp.o
[139/6914] Building CXX object lib/Support/CMakeFiles/LLVMSupport.dir/Memory.cpp.o
[140/6914] Building CXX object lib/Support/CMakeFiles/LLVMSupport.dir/Process.cpp.o
[141/6914] Building CXX object lib/Support/CMakeFiles/LLVMSupport.dir/RWMutex.cpp.o
[142/6914] Building CXX object lib/Support/CMakeFiles/LLVMSupport.dir/Valgrind.cpp.o
[143/6914] Building CXX object lib/Support/CMakeFiles/LLVMSupport.dir/Watchdog.cpp.o
[144/6914] Building CXX object lib/Support/CMakeFiles/LLVMSupport.dir/Program.cpp.o
[145/6914] Building C object lib/Support/BLAKE3/CMakeFiles/LLVMSupportBlake3.dir/blake3.c.o
[146/6914] Building C object lib/Support/BLAKE3/CMakeFiles/LLVMSupportBlake3.dir/blake3_dispatch.c.o
[147/6914] Building CXX object lib/Support/CMakeFiles/LLVMSupport.dir/Threading.cpp.o
[148/6914] Building CXX object lib/Support/CMakeFiles/LLVMSupport.dir/VirtualFileSystem.cpp.o
[149/6914] Building ASM object lib/Support/BLAKE3/CMakeFiles/LLVMSupportBlake3.dir/blake3_sse2_x86-64_unix.S.o
[150/6914] Building ASM object lib/Support/BLAKE3/CMakeFiles/LLVMSupportBlake3.dir/blake3_sse41_x86-64_unix.S.o
[151/6914] Building ASM object lib/Support/BLAKE3/CMakeFiles/LLVMSupportBlake3.dir/blake3_avx2_x86-64_unix.S.o
[152/6914] Building ASM object lib/Support/BLAKE3/CMakeFiles/LLVMSupportBlake3.dir/blake3_avx512_x86-64_unix.S.o
[153/6914] Building C object lib/Support/BLAKE3/CMakeFiles/LLVMSupportBlake3.dir/blake3_portable.c.o
[154/6914] Building C object lib/Support/BLAKE3/CMakeFiles/LLVMSupportBlake3.dir/blake3_neon.c.o
[155/6914] Building CXX object lib/Support/CMakeFiles/LLVMSupport.dir/Path.cpp.o
[156/6914] Building CXX object lib/Support/CMakeFiles/LLVMSupport.dir/Signals.cpp.o
[157/6914] Linking CXX static library lib/libLLVMSupport.a
[158/6914] Building CXX object lib/TableGen/CMakeFiles/LLVMTableGen.dir/Error.cpp.o
[159/6914] Building CXX object lib/TableGen/CMakeFiles/LLVMTableGen.dir/DetailedRecordsBackend.cpp.o
[160/6914] Building CXX object lib/TableGen/CMakeFiles/LLVMTableGen.dir/Parser.cpp.o
[161/6914] Building CXX object lib/TableGen/CMakeFiles/LLVMTableGen.dir/Main.cpp.o
[162/6914] Building CXX object lib/TableGen/CMakeFiles/LLVMTableGen.dir/StringMatcher.cpp.o
[163/6914] Building CXX object lib/TableGen/CMakeFiles/LLVMTableGen.dir/JSONBackend.cpp.o
[164/6914] Building CXX object lib/TableGen/CMakeFiles/LLVMTableGen.dir/TableGenBackend.cpp.o
[165/6914] Building CXX object lib/TableGen/CMakeFiles/LLVMTableGen.dir/TableGenBackendSkeleton.cpp.o
[166/6914] Building CXX object tools/mlir/lib/TableGen/CMakeFiles/MLIRTableGen.dir/Argument.cpp.o
[167/6914] Building CXX object lib/TableGen/CMakeFiles/LLVMTableGen.dir/TGLexer.cpp.o
[168/6914] Building CXX object tools/mlir/lib/TableGen/CMakeFiles/MLIRTableGen.dir/Attribute.cpp.o
[169/6914] Building CXX object lib/TableGen/CMakeFiles/LLVMTableGen.dir/SetTheory.cpp.o
[170/6914] Building CXX object tools/mlir/lib/TableGen/CMakeFiles/MLIRTableGen.dir/AttrOrTypeDef.cpp.o
[171/6914] Building CXX object tools/mlir/lib/TableGen/CMakeFiles/MLIRTableGen.dir/Builder.cpp.o
[172/6914] Building CXX object lib/TableGen/CMakeFiles/LLVMTableGen.dir/Record.cpp.o
[173/6914] Building CXX object tools/mlir/lib/TableGen/CMakeFiles/MLIRTableGen.dir/Class.cpp.o
[174/6914] Building CXX object tools/mlir/lib/TableGen/CMakeFiles/MLIRTableGen.dir/Constraint.cpp.o
[175/6914] Building CXX object tools/mlir/lib/TableGen/CMakeFiles/MLIRTableGen.dir/Dialect.cpp.o
[176/6914] Building CXX object tools/mlir/lib/TableGen/CMakeFiles/MLIRTableGen.dir/CodeGenHelpers.cpp.o
[177/6914] Building CXX object tools/mlir/lib/TableGen/CMakeFiles/MLIRTableGen.dir/Format.cpp.o
[178/6914] Building CXX object tools/mlir/lib/TableGen/CMakeFiles/MLIRTableGen.dir/GenInfo.cpp.o
[179/6914] Building CXX object lib/TableGen/CMakeFiles/LLVMTableGen.dir/TGParser.cpp.o
[180/6914] Building CXX object tools/mlir/lib/TableGen/CMakeFiles/MLIRTableGen.dir/Pass.cpp.o
[181/6914] Building CXX object tools/mlir/lib/TableGen/CMakeFiles/MLIRTableGen.dir/Interfaces.cpp.o
[182/6914] Building CXX object tools/mlir/lib/TableGen/CMakeFiles/MLIRTableGen.dir/Region.cpp.o
[183/6914] Building CXX object tools/mlir/lib/TableGen/CMakeFiles/MLIRTableGen.dir/Predicate.cpp.o
[184/6914] Building CXX object tools/mlir/lib/TableGen/CMakeFiles/MLIRTableGen.dir/SideEffects.cpp.o
[185/6914] Linking CXX static library lib/libLLVMTableGen.a
[186/6914] Building CXX object tools/mlir/lib/TableGen/CMakeFiles/MLIRTableGen.dir/Successor.cpp.o
[187/6914] Building CXX object tools/mlir/lib/TableGen/CMakeFiles/MLIRTableGen.dir/Operator.cpp.o
[188/6914] Building CXX object tools/mlir/lib/TableGen/CMakeFiles/MLIRTableGen.dir/Trait.cpp.o
[189/6914] Building CXX object tools/mlir/lib/Support/CMakeFiles/MLIRSupportIndentedOstream.dir/IndentedOstream.cpp.o
[190/6914] Building CXX object tools/mlir/lib/TableGen/CMakeFiles/MLIRTableGen.dir/Type.cpp.o
[191/6914] Building CXX object tools/mlir/lib/TableGen/CMakeFiles/MLIRTableGen.dir/Pattern.cpp.o
[192/6914] Linking CXX static library lib/libMLIRTableGen.a
[193/6914] Building CXX object tools/mlir/lib/Tools/mlir-tblgen/CMakeFiles/MLIRTblgenLib.dir/MlirTblgenMain.cpp.o
[194/6914] Building CXX object tools/mlir/tools/mlir-tblgen/CMakeFiles/mlir-tblgen.dir/DirectiveCommonGen.cpp.o
[195/6914] Building CXX object tools/mlir/tools/mlir-tblgen/CMakeFiles/mlir-tblgen.dir/DialectGen.cpp.o
[196/6914] Building CXX object tools/mlir/tools/mlir-tblgen/CMakeFiles/mlir-tblgen.dir/FormatGen.cpp.o
[197/6914] Building CXX object tools/mlir/tools/mlir-tblgen/CMakeFiles/mlir-tblgen.dir/EnumsGen.cpp.o
[198/6914] Building CXX object tools/mlir/tools/mlir-tblgen/CMakeFiles/mlir-tblgen.dir/LLVMIRIntrinsicGen.cpp.o
[199/6914] Building CXX object tools/mlir/tools/mlir-tblgen/CMakeFiles/mlir-tblgen.dir/AttrOrTypeFormatGen.cpp.o
[200/6914] Building CXX object tools/mlir/tools/mlir-tblgen/CMakeFiles/mlir-tblgen.dir/LLVMIRConversionGen.cpp.o
[201/6914] Building CXX object tools/mlir/tools/mlir-tblgen/CMakeFiles/mlir-tblgen.dir/AttrOrTypeDefGen.cpp.o
[202/6914] Building CXX object tools/mlir/tools/mlir-tblgen/CMakeFiles/mlir-tblgen.dir/mlir-tblgen.cpp.o
[203/6914] Building CXX object tools/mlir/tools/mlir-tblgen/CMakeFiles/mlir-tblgen.dir/OpClass.cpp.o
[204/6914] Building CXX object tools/mlir/tools/mlir-tblgen/CMakeFiles/mlir-tblgen.dir/OpGenHelpers.cpp.o
[205/6914] Building CXX object tools/mlir/tools/mlir-tblgen/CMakeFiles/mlir-tblgen.dir/PassCAPIGen.cpp.o
[206/6914] Building CXX object tools/mlir/tools/mlir-tblgen/CMakeFiles/mlir-tblgen.dir/OpDocGen.cpp.o
[207/6914] Building CXX object tools/mlir/tools/mlir-tblgen/CMakeFiles/mlir-tblgen.dir/OpInterfacesGen.cpp.o
[208/6914] Building CXX object tools/mlir/tools/mlir-tblgen/CMakeFiles/mlir-tblgen.dir/OpPythonBindingGen.cpp.o
[209/6914] Building CXX object tools/mlir/tools/mlir-tblgen/CMakeFiles/mlir-tblgen.dir/PassDocGen.cpp.o
[210/6914] Linking CXX static library lib/libMLIRSupportIndentedOstream.a
[211/6914] Linking CXX static library lib/libMLIRTblgenLib.a
[212/6914] Building CXX object tools/mlir/tools/mlir-tblgen/CMakeFiles/mlir-tblgen.dir/PassGen.cpp.o
[213/6914] Building CXX object utils/TableGen/GlobalISel/CMakeFiles/LLVMTableGenGlobalISel.dir/CodeExpander.cpp.o
[214/6914] Building CXX object utils/TableGen/GlobalISel/CMakeFiles/LLVMTableGenGlobalISel.dir/GIMatchDagEdge.cpp.o
[215/6914] Building CXX object tools/mlir/tools/mlir-tblgen/CMakeFiles/mlir-tblgen.dir/OpFormatGen.cpp.o
[216/6914] Building CXX object utils/TableGen/GlobalISel/CMakeFiles/LLVMTableGenGlobalISel.dir/GIMatchDag.cpp.o
[217/6914] Building CXX object utils/TableGen/GlobalISel/CMakeFiles/LLVMTableGenGlobalISel.dir/GIMatchDagOperands.cpp.o
[218/6914] Building CXX object utils/TableGen/GlobalISel/CMakeFiles/LLVMTableGenGlobalISel.dir/GIMatchDagInstr.cpp.o
[219/6914] Building CXX object utils/TableGen/GlobalISel/CMakeFiles/LLVMTableGenGlobalISel.dir/GIMatchDagPredicate.cpp.o
[220/6914] Building CXX object tools/mlir/tools/mlir-tblgen/CMakeFiles/mlir-tblgen.dir/SPIRVUtilsGen.cpp.o
[221/6914] Building CXX object tools/mlir/tools/mlir-tblgen/CMakeFiles/mlir-tblgen.dir/RewriterGen.cpp.o
[222/6914] Building CXX object utils/TableGen/GlobalISel/CMakeFiles/LLVMTableGenGlobalISel.dir/GIMatchDagPredicateDependencyEdge.cpp.o
[223/6914] Building CXX object tools/mlir/tools/mlir-tblgen/CMakeFiles/mlir-tblgen.dir/OpDefinitionsGen.cpp.o
[224/6914] Linking CXX executable bin/mlir-tblgen
[225/6914] Building BuiltinAttributes.cpp.inc...
[226/6914] Building BuiltinAttributes.h.inc...
[227/6914] Building BuiltinAttributeInterfaces.cpp.inc...
[228/6914] Building BuiltinAttributeInterfaces.h.inc...
[229/6914] Building BuiltinDialect.cpp.inc...
[230/6914] Building BuiltinDialect.h.inc...
[231/6914] Building BuiltinLocationAttributes.cpp.inc...
[232/6914] Building BuiltinLocationAttributes.h.inc...
[233/6914] Building BuiltinOps.cpp.inc...
[234/6914] Building BuiltinOps.h.inc...
[235/6914] Building TransformDialect.cpp.inc...
[236/6914] Building TransformDialect.h.inc...
[237/6914] Building BuiltinTypes.cpp.inc...
[238/6914] Building BuiltinTypes.h.inc...
[239/6914] Building OmpCommon.td...
[240/6914] Building TransformTypes.cpp.inc...
[241/6914] Building TransformTypes.h.inc...
[242/6914] Building BuiltinTypeInterfaces.cpp.inc...
[243/6914] Building BuiltinTypeInterfaces.h.inc...
[244/6914] Building OpenMPOps.cpp.inc...
[245/6914] Building OpenMPOps.h.inc...
[246/6914] Building OpenMPOpsAttributes.cpp.inc...
[247/6914] Building OpenMPOpsAttributes.h.inc...
[248/6914] Building OpenMPOpsDialect.cpp.inc...
[249/6914] Building OpenMPOpsDialect.h.inc...
[250/6914] Building OpenMPOpsEnums.cpp.inc...
[251/6914] Building OpenMPOpsEnums.h.inc...
[252/6914] Building TransformDialectEnums.cpp.inc...
[253/6914] Building TransformDialectEnums.h.inc...
[254/6914] Building FunctionOpInterfaces.cpp.inc...
[255/6914] Building FunctionOpInterfaces.h.inc...
[256/6914] Building CXX object utils/TableGen/CMakeFiles/llvm-tblgen.dir/Attributes.cpp.o
[257/6914] Building CXX object utils/TableGen/CMakeFiles/llvm-tblgen.dir/AsmWriterInst.cpp.o
[258/6914] Building CXX object utils/TableGen/CMakeFiles/llvm-tblgen.dir/CallingConvEmitter.cpp.o
[259/6914] Building CXX object utils/TableGen/CMakeFiles/llvm-tblgen.dir/CodeEmitterGen.cpp.o
[260/6914] Building CXX object utils/TableGen/GlobalISel/CMakeFiles/LLVMTableGenGlobalISel.dir/GIMatchTree.cpp.o
[261/6914] Building CXX object utils/TableGen/CMakeFiles/llvm-tblgen.dir/AsmWriterEmitter.cpp.o
[262/6914] Building CXX object utils/TableGen/CMakeFiles/llvm-tblgen.dir/CodeGenHwModes.cpp.o
[263/6914] Building CXX object utils/TableGen/CMakeFiles/llvm-tblgen.dir/CodeGenMapTable.cpp.o
[264/6914] Building CXX object utils/TableGen/CMakeFiles/llvm-tblgen.dir/CodeGenInstruction.cpp.o
[265/6914] Building CXX object utils/TableGen/CMakeFiles/llvm-tblgen.dir/AsmMatcherEmitter.cpp.o
[266/6914] Building CXX object utils/TableGen/CMakeFiles/llvm-tblgen.dir/DAGISelEmitter.cpp.o
[267/6914] Building CXX object utils/TableGen/CMakeFiles/llvm-tblgen.dir/DAGISelMatcherEmitter.cpp.o
[268/6914] Building CXX object utils/TableGen/CMakeFiles/llvm-tblgen.dir/CodeGenDAGPatterns.cpp.o
[269/6914] Building CXX object utils/TableGen/CMakeFiles/llvm-tblgen.dir/CodeGenTarget.cpp.o
[270/6914] Building CXX object utils/TableGen/CMakeFiles/llvm-tblgen.dir/CodeGenSchedule.cpp.o
[271/6914] Building CXX object utils/TableGen/CMakeFiles/llvm-tblgen.dir/DAGISelMatcherOpt.cpp.o
[272/6914] Building CXX object utils/TableGen/CMakeFiles/llvm-tblgen.dir/DAGISelMatcherGen.cpp.o
[273/6914] Building CXX object utils/TableGen/CMakeFiles/llvm-tblgen.dir/CodeGenRegisters.cpp.o
[274/6914] Building CXX object utils/TableGen/CMakeFiles/llvm-tblgen.dir/DAGISelMatcher.cpp.o
[275/6914] Building CXX object utils/TableGen/CMakeFiles/llvm-tblgen.dir/DFAEmitter.cpp.o
[276/6914] Building CXX object utils/TableGen/CMakeFiles/llvm-tblgen.dir/DisassemblerEmitter.cpp.o
[277/6914] Building CXX object utils/TableGen/CMakeFiles/llvm-tblgen.dir/DirectiveEmitter.cpp.o
[278/6914] Building CXX object utils/TableGen/CMakeFiles/llvm-tblgen.dir/DFAPacketizerEmitter.cpp.o
[279/6914] Building CXX object utils/TableGen/CMakeFiles/llvm-tblgen.dir/ExegesisEmitter.cpp.o
[280/6914] Building CXX object utils/TableGen/CMakeFiles/llvm-tblgen.dir/DXILEmitter.cpp.o
[281/6914] Building CXX object utils/TableGen/CMakeFiles/llvm-tblgen.dir/DecoderEmitter.cpp.o
[282/6914] Building CXX object utils/TableGen/CMakeFiles/llvm-tblgen.dir/InfoByHwMode.cpp.o
[283/6914] Building CXX object utils/TableGen/CMakeFiles/llvm-tblgen.dir/FastISelEmitter.cpp.o
[284/6914] Building CXX object utils/TableGen/CMakeFiles/llvm-tblgen.dir/InstrDocsEmitter.cpp.o
[285/6914] Building CXX object utils/TableGen/CMakeFiles/llvm-tblgen.dir/GICombinerEmitter.cpp.o
[286/6914] Building CXX object utils/TableGen/CMakeFiles/llvm-tblgen.dir/OptEmitter.cpp.o
[287/6914] Building CXX object utils/TableGen/CMakeFiles/llvm-tblgen.dir/OptRSTEmitter.cpp.o
[288/6914] Building CXX object utils/TableGen/CMakeFiles/llvm-tblgen.dir/OptParserEmitter.cpp.o
[289/6914] Building CXX object utils/TableGen/CMakeFiles/llvm-tblgen.dir/IntrinsicEmitter.cpp.o
[290/6914] Building CXX object utils/TableGen/CMakeFiles/llvm-tblgen.dir/PredicateExpander.cpp.o
[291/6914] Building CXX object utils/TableGen/CMakeFiles/llvm-tblgen.dir/InstrInfoEmitter.cpp.o
[292/6914] Building CXX object utils/TableGen/CMakeFiles/llvm-tblgen.dir/RISCVTargetDefEmitter.cpp.o
[293/6914] Building CXX object utils/TableGen/CMakeFiles/llvm-tblgen.dir/PseudoLoweringEmitter.cpp.o
[294/6914] Building CXX object utils/TableGen/CMakeFiles/llvm-tblgen.dir/RegisterBankEmitter.cpp.o
[295/6914] Building CXX object utils/TableGen/CMakeFiles/llvm-tblgen.dir/SDNodeProperties.cpp.o
[296/6914] Building CXX object utils/TableGen/CMakeFiles/llvm-tblgen.dir/CompressInstEmitter.cpp.o
[297/6914] Building CXX object utils/TableGen/CMakeFiles/llvm-tblgen.dir/SubtargetFeatureInfo.cpp.o
[298/6914] Building CXX object utils/TableGen/CMakeFiles/llvm-tblgen.dir/Types.cpp.o
[299/6914] Building CXX object utils/TableGen/CMakeFiles/llvm-tblgen.dir/TableGen.cpp.o
[300/6914] Building CXX object utils/TableGen/CMakeFiles/llvm-tblgen.dir/SearchableTableEmitter.cpp.o
[301/6914] Building CXX object utils/TableGen/CMakeFiles/llvm-tblgen.dir/X86DisassemblerTables.cpp.o
[302/6914] Building CXX object utils/TableGen/CMakeFiles/llvm-tblgen.dir/VarLenCodeEmitterGen.cpp.o
[303/6914] Building CXX object utils/TableGen/CMakeFiles/llvm-tblgen.dir/SubtargetEmitter.cpp.o
[304/6914] Building CXX object utils/TableGen/CMakeFiles/llvm-tblgen.dir/X86ModRMFilters.cpp.o
[305/6914] Building CXX object utils/TableGen/CMakeFiles/llvm-tblgen.dir/RegisterInfoEmitter.cpp.o
[306/6914] Building CXX object utils/TableGen/CMakeFiles/llvm-tblgen.dir/X86EVEX2VEXTablesEmitter.cpp.o
[307/6914] Building CXX object utils/TableGen/CMakeFiles/llvm-tblgen.dir/GlobalISelEmitter.cpp.o
[308/6914] Linking CXX static library lib/libLLVMTableGenGlobalISel.a
[309/6914] Building AffineMemoryOpInterfaces.cpp.inc...
[310/6914] Building AffineMemoryOpInterfaces.h.inc...
[311/6914] Building AllocationOpInterface.cpp.inc...
[312/6914] Building AllocationOpInterface.h.inc...
[313/6914] Building BufferizableOpInterface.cpp.inc...
[314/6914] Building BufferizableOpInterface.h.inc...
[315/6914] Building OpenMPOpsInterfaces.cpp.inc...
[316/6914] Building OpenMPOpsInterfaces.h.inc...
[317/6914] Building OpenMPTypeInterfaces.cpp.inc...
[318/6914] Building OpenMPTypeInterfaces.h.inc...
[319/6914] Building CXX object utils/TableGen/CMakeFiles/llvm-tblgen.dir/X86MnemonicTables.cpp.o
[320/6914] Building DeviceMappingAttrInterface.cpp.inc...
[321/6914] Building DeviceMappingAttrInterface.h.inc...
[322/6914] Building DeviceMappingAttributes.cpp.inc...
[323/6914] Building DeviceMappingAttributes.h.inc...
[324/6914] Building TosaInterfaces.cpp.inc...
[325/6914] Building TosaInterfaces.h.inc...
[326/6914] Building TransformInterfaces.cpp.inc...
[327/6914] Building TransformInterfaces.h.inc...
[328/6914] Building MaskableOpInterface.cpp.inc...
[329/6914] Building MaskableOpInterface.h.inc...
[330/6914] Building MaskingOpInterface.cpp.inc...
[331/6914] Building MaskingOpInterface.h.inc...
[332/6914] Building OpAsmInterface.cpp.inc...
[333/6914] Building OpAsmInterface.h.inc...
[334/6914] Building SymbolInterfaces.cpp.inc...
[335/6914] Building SymbolInterfaces.h.inc...
[336/6914] Building RegionKindInterface.cpp.inc...
[337/6914] Building RegionKindInterface.h.inc...
[338/6914] Building SubElementAttrInterfaces.cpp.inc...
[339/6914] Building SubElementAttrInterfaces.h.inc...
[340/6914] Building SubElementTypeInterfaces.cpp.inc...
[341/6914] Building SubElementTypeInterfaces.h.inc...
[342/6914] Building CallInterfaces.cpp.inc...
[343/6914] Building CallInterfaces.h.inc...
[344/6914] Building CastInterfaces.cpp.inc...
[345/6914] Building CastInterfaces.h.inc...
[346/6914] Building ControlFlowInterfaces.cpp.inc...
[347/6914] Building ControlFlowInterfaces.h.inc...
[348/6914] Building CopyOpInterface.cpp.inc...
[349/6914] Building CopyOpInterface.h.inc...
[350/6914] Building DerivedAttributeOpInterface.cpp.inc...
[351/6914] Building DerivedAttributeOpInterface.h.inc...
[352/6914] Building DestinationStyleOpInterface.h.inc...
[353/6914] Building DestinationStyleOpInterface.cpp.inc...
[354/6914] Building CXX object utils/TableGen/CMakeFiles/llvm-tblgen.dir/X86FoldTablesEmitter.cpp.o
[355/6914] Building InferIntRangeInterface.h.inc...
[356/6914] Building InferIntRangeInterface.cpp.inc...
[357/6914] Building CXX object utils/TableGen/CMakeFiles/llvm-tblgen.dir/WebAssemblyDisassemblerEmitter.cpp.o
[358/6914] Building InferTypeOpInterface.cpp.inc...
[359/6914] Building InferTypeOpInterface.h.inc...
[360/6914] Building LoopLikeInterface.cpp.inc...
[361/6914] Building LoopLikeInterface.h.inc...
[362/6914] Building ParallelCombiningOpInterface.cpp.inc...
[363/6914] Building ParallelCombiningOpInterface.h.inc...
[364/6914] Building RuntimeVerifiableOpInterface.cpp.inc...
[365/6914] Building RuntimeVerifiableOpInterface.h.inc...
[366/6914] Building ShapedOpInterfaces.cpp.inc...
[367/6914] Building ShapedOpInterfaces.h.inc...
[368/6914] Building SideEffectInterfaces.cpp.inc...
[369/6914] Building SideEffectInterfaces.h.inc...
[370/6914] Building TilingInterface.cpp.inc...
[371/6914] Building TilingInterface.h.inc...
[372/6914] Building VectorInterfaces.cpp.inc...
[373/6914] Building VectorInterfaces.h.inc...
[374/6914] Building ViewLikeInterface.cpp.inc...
[375/6914] Building CXX object utils/TableGen/CMakeFiles/llvm-tblgen.dir/CTagsEmitter.cpp.o
[376/6914] Building ViewLikeInterface.h.inc...
[377/6914] Building DataLayoutAttrInterface.cpp.inc...
[378/6914] Building DataLayoutAttrInterface.h.inc...
[379/6914] Building DataLayoutOpInterface.cpp.inc...
[380/6914] Building DataLayoutOpInterface.h.inc...
[381/6914] Building DataLayoutTypeInterface.cpp.inc...
[382/6914] Building DataLayoutTypeInterface.h.inc...
[383/6914] Building TensorEncInterfaces.cpp.inc...
[384/6914] Building TensorEncInterfaces.h.inc...
[385/6914] Building LLVMOps.cpp.inc...
[386/6914] Building CXX object utils/TableGen/CMakeFiles/llvm-tblgen.dir/X86RecognizableInstr.cpp.o
[387/6914] Building CXX object tools/mlir/lib/Support/CMakeFiles/obj.MLIRSupport.dir/IndentedOstream.cpp.o
[388/6914] Linking CXX executable bin/llvm-tblgen
[389/6914] Building CXX object tools/mlir/lib/Support/CMakeFiles/obj.MLIRSupport.dir/InterfaceSupport.cpp.o
[390/6914] Building CXX object tools/mlir/lib/Support/CMakeFiles/obj.MLIRSupport.dir/FileUtilities.cpp.o
[391/6914] Building CXX object tools/mlir/lib/Support/CMakeFiles/obj.MLIRSupport.dir/DebugCounter.cpp.o
[392/6914] Building CXX object tools/mlir/lib/Support/CMakeFiles/obj.MLIRSupport.dir/ToolUtilities.cpp.o
[393/6914] Building CXX object tools/mlir/lib/Support/CMakeFiles/obj.MLIRSupport.dir/TypeID.cpp.o
[394/6914] Building RISCVTargetParserDef.inc...
[395/6914] Building CXX object tools/mlir/lib/Support/CMakeFiles/obj.MLIRSupport.dir/StorageUniquer.cpp.o
[396/6914] Building CXX object lib/Bitstream/Reader/CMakeFiles/LLVMBitstreamReader.dir/BitstreamReader.cpp.o
[397/6914] Building CXX object tools/mlir/lib/Support/CMakeFiles/obj.MLIRSupport.dir/Timing.cpp.o
[398/6914] Building CXX object tools/mlir/lib/IR/CMakeFiles/obj.MLIRIR.dir/Attributes.cpp.o
[399/6914] Building CXX object tools/mlir/lib/IR/CMakeFiles/obj.MLIRIR.dir/AffineExpr.cpp.o
[400/6914] Building CXX object tools/mlir/lib/IR/CMakeFiles/obj.MLIRIR.dir/AffineMap.cpp.o
[401/6914] Building CXX object tools/mlir/lib/IR/CMakeFiles/obj.MLIRIR.dir/Block.cpp.o
[402/6914] Building CXX object tools/mlir/lib/IR/CMakeFiles/obj.MLIRIR.dir/BuiltinAttributeInterfaces.cpp.o
[403/6914] Building CXX object tools/mlir/lib/IR/CMakeFiles/obj.MLIRIR.dir/Builders.cpp.o
[404/6914] Building CXX object tools/mlir/lib/IR/CMakeFiles/obj.MLIRIR.dir/BuiltinDialectBytecode.cpp.o
[405/6914] Building CXX object tools/mlir/lib/IR/CMakeFiles/obj.MLIRIR.dir/BuiltinTypeInterfaces.cpp.o
[406/6914] Building CXX object tools/mlir/lib/IR/CMakeFiles/obj.MLIRIR.dir/BuiltinDialect.cpp.o
[407/6914] Building CXX object tools/mlir/lib/IR/CMakeFiles/obj.MLIRIR.dir/BuiltinTypes.cpp.o
[408/6914] Building CXX object tools/mlir/lib/IR/CMakeFiles/obj.MLIRIR.dir/AsmPrinter.cpp.o
[409/6914] Building CXX object tools/mlir/lib/IR/CMakeFiles/obj.MLIRIR.dir/Dialect.cpp.o
[410/6914] Building CXX object tools/mlir/lib/IR/CMakeFiles/obj.MLIRIR.dir/DialectResourceBlobManager.cpp.o
[411/6914] Building CXX object tools/mlir/lib/IR/CMakeFiles/obj.MLIRIR.dir/Diagnostics.cpp.o
[412/6914] Building CXX object tools/mlir/lib/IR/CMakeFiles/obj.MLIRIR.dir/FunctionInterfaces.cpp.o
[413/6914] Building CXX object tools/mlir/lib/IR/CMakeFiles/obj.MLIRIR.dir/IntegerSet.cpp.o
[414/6914] Building CXX object tools/mlir/lib/IR/CMakeFiles/obj.MLIRIR.dir/FunctionImplementation.cpp.o
[415/6914] Building CXX object tools/mlir/lib/IR/CMakeFiles/obj.MLIRIR.dir/ExtensibleDialect.cpp.o
[416/6914] Building CXX object tools/mlir/lib/IR/CMakeFiles/obj.MLIRIR.dir/Location.cpp.o
[417/6914] Building CXX object tools/mlir/lib/IR/CMakeFiles/obj.MLIRIR.dir/Dominance.cpp.o
[418/6914] Building CXX object tools/mlir/lib/IR/CMakeFiles/obj.MLIRIR.dir/BuiltinAttributes.cpp.o
[419/6914] Building CXX object tools/mlir/lib/IR/CMakeFiles/obj.MLIRIR.dir/MLIRContext.cpp.o
[420/6914] Building CXX object tools/mlir/lib/IR/CMakeFiles/obj.MLIRIR.dir/Operation.cpp.o
[421/6914] Building CXX object tools/mlir/lib/IR/CMakeFiles/obj.MLIRIR.dir/OperationSupport.cpp.o
[422/6914] Building CXX object tools/mlir/lib/IR/CMakeFiles/obj.MLIRIR.dir/RegionKindInterface.cpp.o
[423/6914] Building CXX object tools/mlir/lib/IR/CMakeFiles/obj.MLIRIR.dir/PatternMatch.cpp.o
[424/6914] Building CXX object tools/mlir/lib/IR/CMakeFiles/obj.MLIRIR.dir/Region.cpp.o
[425/6914] Building CXX object tools/mlir/lib/IR/CMakeFiles/obj.MLIRIR.dir/TensorEncoding.cpp.o
[426/6914] Building CXX object tools/mlir/lib/IR/CMakeFiles/obj.MLIRIR.dir/Types.cpp.o
[427/6914] Building CXX object tools/mlir/lib/IR/CMakeFiles/obj.MLIRIR.dir/SubElementInterfaces.cpp.o
[428/6914] Building CXX object tools/mlir/lib/IR/CMakeFiles/obj.MLIRIR.dir/TypeRange.cpp.o
[429/6914] Building CXX object tools/mlir/lib/IR/CMakeFiles/obj.MLIRIR.dir/TypeUtilities.cpp.o
[430/6914] Linking CXX static library lib/libMLIRSupport.a
[431/6914] Building Attributes.inc...
[432/6914] Building IntrinsicEnums.inc...
[433/6914] Building CXX object tools/mlir/lib/IR/CMakeFiles/obj.MLIRIR.dir/Value.cpp.o
[434/6914] Building IntrinsicImpl.inc...
[435/6914] Building CXX object tools/mlir/lib/IR/CMakeFiles/obj.MLIRIR.dir/ValueRange.cpp.o
[436/6914] Building IntrinsicsAArch64.h...
[437/6914] Building IntrinsicsAMDGPU.h...
[438/6914] Building IntrinsicsARM.h...
[439/6914] Building IntrinsicsBPF.h...
[440/6914] Building IntrinsicsDirectX.h...
[441/6914] Building IntrinsicsHexagon.h...
[442/6914] Building IntrinsicsLoongArch.h...
[443/6914] Building IntrinsicsMips.h...
[444/6914] Building IntrinsicsNVPTX.h...
[445/6914] Building IntrinsicsPowerPC.h...
[446/6914] Building CXX object tools/mlir/lib/IR/CMakeFiles/obj.MLIRIR.dir/Visitors.cpp.o
[447/6914] Building IntrinsicsR600.h...
[448/6914] Building IntrinsicsRISCV.h...
[449/6914] Building IntrinsicsS390.h...
[450/6914] Building IntrinsicsSPIRV.h...
[451/6914] Building IntrinsicsVE.h...
[452/6914] Building IntrinsicsWebAssembly.h...
[453/6914] Building IntrinsicsX86.h...
[454/6914] Building IntrinsicsXCore.h...
[455/6914] Building CXX object tools/mlir/lib/IR/CMakeFiles/obj.MLIRIR.dir/SymbolTable.cpp.o
[456/6914] Building CXX object lib/TargetParser/CMakeFiles/LLVMTargetParser.dir/ARMTargetParserCommon.cpp.o
[457/6914] Building CXX object lib/TargetParser/CMakeFiles/LLVMTargetParser.dir/AArch64TargetParser.cpp.o
[458/6914] Building CXX object tools/mlir/lib/IR/CMakeFiles/obj.MLIRIR.dir/Verifier.cpp.o
[459/6914] Building CXX object lib/TargetParser/CMakeFiles/LLVMTargetParser.dir/CSKYTargetParser.cpp.o
[460/6914] Building CXX object lib/TargetParser/CMakeFiles/LLVMTargetParser.dir/LoongArchTargetParser.cpp.o
[461/6914] Building CXX object lib/TargetParser/CMakeFiles/LLVMTargetParser.dir/RISCVTargetParser.cpp.o
[462/6914] Building CXX object lib/TargetParser/CMakeFiles/LLVMTargetParser.dir/TargetParser.cpp.o
[463/6914] Building CXX object lib/TargetParser/CMakeFiles/LLVMTargetParser.dir/Host.cpp.o
[464/6914] Building CXX object lib/TargetParser/CMakeFiles/LLVMTargetParser.dir/ARMTargetParser.cpp.o
[465/6914] Building CXX object lib/TargetParser/CMakeFiles/LLVMTargetParser.dir/X86TargetParser.cpp.o
[466/6914] Building CXX object lib/TargetParser/CMakeFiles/LLVMTargetParser.dir/Triple.cpp.o
[467/6914] Building CXX object tools/mlir/lib/AsmParser/CMakeFiles/obj.MLIRAsmParser.dir/Lexer.cpp.o
[468/6914] Building CXX object tools/mlir/lib/AsmParser/CMakeFiles/obj.MLIRAsmParser.dir/AffineParser.cpp.o
[469/6914] Building CXX object tools/mlir/lib/AsmParser/CMakeFiles/obj.MLIRAsmParser.dir/AsmParserState.cpp.o
[470/6914] Building CXX object tools/mlir/lib/AsmParser/CMakeFiles/obj.MLIRAsmParser.dir/Token.cpp.o
[471/6914] Linking CXX static library lib/libMLIRIR.a
[472/6914] Building CXX object tools/mlir/lib/AsmParser/CMakeFiles/obj.MLIRAsmParser.dir/LocationParser.cpp.o
[473/6914] Building CXX object tools/mlir/lib/AsmParser/CMakeFiles/obj.MLIRAsmParser.dir/DialectSymbolParser.cpp.o
[474/6914] Building CXX object lib/BinaryFormat/CMakeFiles/LLVMBinaryFormat.dir/COFF.cpp.o
[475/6914] Building CXX object tools/mlir/lib/AsmParser/CMakeFiles/obj.MLIRAsmParser.dir/AttributeParser.cpp.o
[476/6914] Building CXX object lib/BinaryFormat/CMakeFiles/LLVMBinaryFormat.dir/DXContainer.cpp.o
[477/6914] Building CXX object lib/BinaryFormat/CMakeFiles/LLVMBinaryFormat.dir/AMDGPUMetadataVerifier.cpp.o
[478/6914] Building CXX object lib/BinaryFormat/CMakeFiles/LLVMBinaryFormat.dir/ELF.cpp.o
[479/6914] Building CXX object lib/BinaryFormat/CMakeFiles/LLVMBinaryFormat.dir/Minidump.cpp.o
[480/6914] Building CXX object lib/BinaryFormat/CMakeFiles/LLVMBinaryFormat.dir/Magic.cpp.o
[481/6914] Building CXX object lib/BinaryFormat/CMakeFiles/LLVMBinaryFormat.dir/Dwarf.cpp.o
[482/6914] Building CXX object lib/BinaryFormat/CMakeFiles/LLVMBinaryFormat.dir/MachO.cpp.o
[483/6914] Building CXX object tools/mlir/lib/AsmParser/CMakeFiles/obj.MLIRAsmParser.dir/TypeParser.cpp.o
[484/6914] Building CXX object lib/BinaryFormat/CMakeFiles/LLVMBinaryFormat.dir/Wasm.cpp.o
[485/6914] Building CXX object lib/BinaryFormat/CMakeFiles/LLVMBinaryFormat.dir/MsgPackWriter.cpp.o
[486/6914] Linking CXX static library lib/libLLVMBitstreamReader.a
[487/6914] Building CXX object lib/BinaryFormat/CMakeFiles/LLVMBinaryFormat.dir/MsgPackReader.cpp.o
[488/6914] Building CXX object lib/BinaryFormat/CMakeFiles/LLVMBinaryFormat.dir/MsgPackDocument.cpp.o
[489/6914] Building CXX object lib/BinaryFormat/CMakeFiles/LLVMBinaryFormat.dir/MsgPackDocumentYAML.cpp.o
[490/6914] Building CXX object lib/BinaryFormat/CMakeFiles/LLVMBinaryFormat.dir/XCOFF.cpp.o
[491/6914] Building CXX object lib/Remarks/CMakeFiles/LLVMRemarks.dir/Remark.cpp.o
[492/6914] Building CXX object lib/Remarks/CMakeFiles/LLVMRemarks.dir/RemarkFormat.cpp.o
[493/6914] Building CXX object lib/Remarks/CMakeFiles/LLVMRemarks.dir/RemarkLinker.cpp.o
[494/6914] Building CXX object lib/Remarks/CMakeFiles/LLVMRemarks.dir/BitstreamRemarkParser.cpp.o
[495/6914] Building CXX object lib/Remarks/CMakeFiles/LLVMRemarks.dir/RemarkParser.cpp.o
[496/6914] Building CXX object tools/mlir/lib/AsmParser/CMakeFiles/obj.MLIRAsmParser.dir/Parser.cpp.o
[497/6914] Building CXX object lib/Remarks/CMakeFiles/LLVMRemarks.dir/RemarkSerializer.cpp.o
[498/6914] Linking CXX static library lib/libLLVMTargetParser.a
[499/6914] Linking CXX static library lib/libMLIRAsmParser.a
[500/6914] Building CXX object lib/Remarks/CMakeFiles/LLVMRemarks.dir/BitstreamRemarkSerializer.cpp.o
[501/6914] Building CXX object lib/Remarks/CMakeFiles/LLVMRemarks.dir/RemarkStreamer.cpp.o
[502/6914] Building CXX object lib/Remarks/CMakeFiles/LLVMRemarks.dir/RemarkStringTable.cpp.o
[503/6914] Building CXX object lib/IR/CMakeFiles/LLVMCore.dir/AbstractCallSite.cpp.o
[504/6914] Building CXX object lib/Remarks/CMakeFiles/LLVMRemarks.dir/YAMLRemarkSerializer.cpp.o
[505/6914] Building CXX object lib/Remarks/CMakeFiles/LLVMRemarks.dir/YAMLRemarkParser.cpp.o
[506/6914] Building CXX object lib/IR/CMakeFiles/LLVMCore.dir/Assumptions.cpp.o
[507/6914] Building CXX object lib/IR/CMakeFiles/LLVMCore.dir/BuiltinGCs.cpp.o
[508/6914] Building CXX object lib/IR/CMakeFiles/LLVMCore.dir/Comdat.cpp.o
[509/6914] Building CXX object lib/IR/CMakeFiles/LLVMCore.dir/BasicBlock.cpp.o
[510/6914] Building CXX object tools/mlir/lib/Bytecode/Reader/CMakeFiles/obj.MLIRBytecodeReader.dir/BytecodeReader.cpp.o
[511/6914] Building CXX object lib/IR/CMakeFiles/LLVMCore.dir/Attributes.cpp.o
[512/6914] Building CXX object lib/IR/CMakeFiles/LLVMCore.dir/ConstantRange.cpp.o
[513/6914] Building CXX object lib/IR/CMakeFiles/LLVMCore.dir/ConstantFold.cpp.o
[514/6914] Building CXX object lib/IR/CMakeFiles/LLVMCore.dir/AsmWriter.cpp.o
[515/6914] Building CXX object lib/IR/CMakeFiles/LLVMCore.dir/AutoUpgrade.cpp.o
[516/6914] Building CXX object lib/IR/CMakeFiles/LLVMCore.dir/DataLayout.cpp.o
[517/6914] Building CXX object lib/IR/CMakeFiles/LLVMCore.dir/Constants.cpp.o
[518/6914] Building CXX object lib/IR/CMakeFiles/LLVMCore.dir/Core.cpp.o
[519/6914] Building CXX object lib/IR/CMakeFiles/LLVMCore.dir/DiagnosticHandler.cpp.o
[520/6914] Building CXX object lib/IR/CMakeFiles/LLVMCore.dir/DIBuilder.cpp.o
[521/6914] Building CXX object lib/IR/CMakeFiles/LLVMCore.dir/DiagnosticPrinter.cpp.o
[522/6914] Building CXX object lib/IR/CMakeFiles/LLVMCore.dir/DebugLoc.cpp.o
[523/6914] Building CXX object lib/IR/CMakeFiles/LLVMCore.dir/DebugInfo.cpp.o
[524/6914] Building CXX object lib/IR/CMakeFiles/LLVMCore.dir/DiagnosticInfo.cpp.o
[525/6914] Building CXX object lib/IR/CMakeFiles/LLVMCore.dir/GCStrategy.cpp.o
[526/6914] Building CXX object lib/IR/CMakeFiles/LLVMCore.dir/GVMaterializer.cpp.o
[527/6914] Building CXX object lib/IR/CMakeFiles/LLVMCore.dir/FPEnv.cpp.o
[528/6914] Building CXX object lib/IR/CMakeFiles/LLVMCore.dir/IRPrintingPasses.cpp.o
[529/6914] Building CXX object lib/IR/CMakeFiles/LLVMCore.dir/SSAContext.cpp.o
[530/6914] Building CXX object lib/IR/CMakeFiles/LLVMCore.dir/Globals.cpp.o
[531/6914] Building CXX object lib/IR/CMakeFiles/LLVMCore.dir/Dominators.cpp.o
[532/6914] Building CXX object lib/IR/CMakeFiles/LLVMCore.dir/IRBuilder.cpp.o
[533/6914] Building CXX object lib/IR/CMakeFiles/LLVMCore.dir/DebugInfoMetadata.cpp.o
[534/6914] Building CXX object lib/IR/CMakeFiles/LLVMCore.dir/Function.cpp.o
[535/6914] Building CXX object lib/IR/CMakeFiles/LLVMCore.dir/InlineAsm.cpp.o
[536/6914] Building CXX object lib/IR/CMakeFiles/LLVMCore.dir/Instruction.cpp.o
[537/6914] Building CXX object lib/IR/CMakeFiles/LLVMCore.dir/IntrinsicInst.cpp.o
[538/6914] Building CXX object lib/IR/CMakeFiles/LLVMCore.dir/LLVMContext.cpp.o
[539/6914] Building CXX object lib/IR/CMakeFiles/LLVMCore.dir/LLVMRemarkStreamer.cpp.o
[540/6914] Building CXX object lib/IR/CMakeFiles/LLVMCore.dir/MDBuilder.cpp.o
[541/6914] Building CXX object lib/IR/CMakeFiles/LLVMCore.dir/Mangler.cpp.o
[542/6914] Building CXX object lib/IR/CMakeFiles/LLVMCore.dir/Instructions.cpp.o
[543/6914] Building CXX object lib/IR/CMakeFiles/LLVMCore.dir/LLVMContextImpl.cpp.o
[544/6914] Building CXX object lib/IR/CMakeFiles/LLVMCore.dir/LegacyPassManager.cpp.o
[545/6914] Building CXX object lib/IR/CMakeFiles/LLVMCore.dir/OptBisect.cpp.o
[546/6914] Building CXX object lib/IR/CMakeFiles/LLVMCore.dir/Operator.cpp.o
[547/6914] Building CXX object lib/IR/CMakeFiles/LLVMCore.dir/PassInstrumentation.cpp.o
[548/6914] Building CXX object lib/IR/CMakeFiles/LLVMCore.dir/Pass.cpp.o
[549/6914] Building CXX object lib/IR/CMakeFiles/LLVMCore.dir/Module.cpp.o
[550/6914] Building CXX object lib/IR/CMakeFiles/LLVMCore.dir/ModuleSummaryIndex.cpp.o
[551/6914] Building CXX object lib/IR/CMakeFiles/LLVMCore.dir/PassRegistry.cpp.o
[552/6914] Building CXX object lib/IR/CMakeFiles/LLVMCore.dir/PassTimingInfo.cpp.o
[553/6914] Building CXX object lib/IR/CMakeFiles/LLVMCore.dir/ProfDataUtils.cpp.o
[554/6914] Building CXX object lib/IR/CMakeFiles/LLVMCore.dir/PrintPasses.cpp.o
[555/6914] Building CXX object lib/IR/CMakeFiles/LLVMCore.dir/ProfileSummary.cpp.o
[556/6914] Building CXX object lib/IR/CMakeFiles/LLVMCore.dir/PassManager.cpp.o
[557/6914] Building CXX object lib/IR/CMakeFiles/LLVMCore.dir/StructuralHash.cpp.o
[558/6914] Building CXX object lib/IR/CMakeFiles/LLVMCore.dir/PseudoProbe.cpp.o
[559/6914] Building CXX object lib/IR/CMakeFiles/LLVMCore.dir/ReplaceConstant.cpp.o
[560/6914] Building CXX object lib/IR/CMakeFiles/LLVMCore.dir/Statepoint.cpp.o
[561/6914] Building CXX object lib/IR/CMakeFiles/LLVMCore.dir/Use.cpp.o
[562/6914] Building CXX object lib/IR/CMakeFiles/LLVMCore.dir/SafepointIRVerifier.cpp.o
[563/6914] Building CXX object lib/IR/CMakeFiles/LLVMCore.dir/Metadata.cpp.o
[564/6914] Building CXX object lib/IR/CMakeFiles/LLVMCore.dir/TypedPointerType.cpp.o
[565/6914] Building CXX object lib/IR/CMakeFiles/LLVMCore.dir/TypeFinder.cpp.o
[566/6914] Building CXX object lib/IR/CMakeFiles/LLVMCore.dir/User.cpp.o
[567/6914] Building CXX object lib/IR/CMakeFiles/LLVMCore.dir/Type.cpp.o
[568/6914] Linking CXX static library lib/libLLVMBinaryFormat.a
[569/6914] Linking CXX static library lib/libLLVMRemarks.a
[570/6914] Building LLVMOps.h.inc...
[571/6914] Building LLVMOpsAttrDefs.cpp.inc...
[572/6914] Building LLVMOpsDialect.cpp.inc...
[573/6914] Building LLVMOpsAttrDefs.h.inc...
[574/6914] Building LLVMOpsDialect.h.inc...
[575/6914] Building LLVMOpsEnums.cpp.inc...
[576/6914] Linking CXX static library lib/libMLIRBytecodeReader.a
[577/6914] Building LLVMOpsEnums.h.inc...
[578/6914] Building CXX object lib/IR/CMakeFiles/LLVMCore.dir/ValueSymbolTable.cpp.o
[579/6914] Building LLVMTypes.cpp.inc...
[580/6914] Building LLVMTypes.h.inc...
[581/6914] Building LLVMIntrinsicOps.cpp.inc...
[582/6914] Building LLVMIntrinsicOps.h.inc...
[583/6914] Building SPIRVEnums.cpp.inc...
[584/6914] Building SPIRVEnums.h.inc...
[585/6914] Building LLVMOpsInterfaces.cpp.inc...
[586/6914] Building LLVMOpsInterfaces.h.inc...
[587/6914] Building LLVMTypeInterfaces.cpp.inc...
[588/6914] Building LLVMTypeInterfaces.h.inc...
[589/6914] Building SPIRVCapabilityImplication.inc...
[590/6914] Building SPIRVEnumAvailability.cpp.inc...
[591/6914] Building SPIRVEnumAvailability.h.inc...
[592/6914] Building LLVMConversionEnumsFromLLVM.inc...
[593/6914] Building LLVMConversionEnumsToLLVM.inc...
[594/6914] Building LLVMConversions.inc...
[595/6914] Building LLVMOpFromLLVMIRConversions.inc...
[596/6914] Building SPIRVAvailability.cpp.inc...
[597/6914] Building SPIRVAvailability.h.inc...
[598/6914] Building SPIRVOpAvailabilityImpl.inc...
[599/6914] Building LLVMConvertibleLLVMIRIntrinsics.inc...
[600/6914] Building LLVMIntrinsicConversions.inc...
[601/6914] Building LLVMIntrinsicFromLLVMIRConversions.inc...
[602/6914] Building SPIRVSerialization.inc...
[603/6914] Building CXX object lib/IR/CMakeFiles/LLVMCore.dir/VectorBuilder.cpp.o
[604/6914] Building CXX object lib/IR/CMakeFiles/LLVMCore.dir/Value.cpp.o
[605/6914] Building CXX object tools/mlir/lib/Parser/CMakeFiles/obj.MLIRParser.dir/Parser.cpp.o
[606/6914] Linking CXX static library lib/libMLIRParser.a
[607/6914] Building CXX object lib/DebugInfo/CodeView/CMakeFiles/LLVMDebugInfoCodeView.dir/AppendingTypeTableBuilder.cpp.o
[608/6914] Building CXX object lib/DebugInfo/CodeView/CMakeFiles/LLVMDebugInfoCodeView.dir/CodeViewError.cpp.o
[609/6914] Building CXX object lib/DebugInfo/CodeView/CMakeFiles/LLVMDebugInfoCodeView.dir/CodeViewRecordIO.cpp.o
[610/6914] Building CXX object lib/DebugInfo/CodeView/CMakeFiles/LLVMDebugInfoCodeView.dir/ContinuationRecordBuilder.cpp.o
[611/6914] Building CXX object lib/DebugInfo/CodeView/CMakeFiles/LLVMDebugInfoCodeView.dir/CVSymbolVisitor.cpp.o
[612/6914] Building CXX object lib/DebugInfo/CodeView/CMakeFiles/LLVMDebugInfoCodeView.dir/CVTypeVisitor.cpp.o
[613/6914] Building CXX object lib/DebugInfo/CodeView/CMakeFiles/LLVMDebugInfoCodeView.dir/DebugChecksumsSubsection.cpp.o
[614/6914] Building CXX object lib/DebugInfo/CodeView/CMakeFiles/LLVMDebugInfoCodeView.dir/DebugCrossExSubsection.cpp.o
[615/6914] Building CXX object lib/DebugInfo/CodeView/CMakeFiles/LLVMDebugInfoCodeView.dir/DebugCrossImpSubsection.cpp.o
[616/6914] Building CXX object tools/mlir/tools/mlir-linalg-ods-gen/CMakeFiles/mlir-linalg-ods-yaml-gen.dir/mlir-linalg-ods-yaml-gen.cpp.o
[617/6914] Building CXX object lib/DebugInfo/CodeView/CMakeFiles/LLVMDebugInfoCodeView.dir/DebugFrameDataSubsection.cpp.o
[618/6914] Building CXX object lib/DebugInfo/CodeView/CMakeFiles/LLVMDebugInfoCodeView.dir/DebugInlineeLinesSubsection.cpp.o
[619/6914] Building CXX object lib/DebugInfo/CodeView/CMakeFiles/LLVMDebugInfoCodeView.dir/DebugLinesSubsection.cpp.o
[620/6914] Building CXX object lib/DebugInfo/CodeView/CMakeFiles/LLVMDebugInfoCodeView.dir/DebugStringTableSubsection.cpp.o
[621/6914] Building CXX object lib/DebugInfo/CodeView/CMakeFiles/LLVMDebugInfoCodeView.dir/DebugSubsection.cpp.o
[622/6914] Building CXX object lib/DebugInfo/CodeView/CMakeFiles/LLVMDebugInfoCodeView.dir/DebugSubsectionRecord.cpp.o
[623/6914] Building CXX object lib/DebugInfo/CodeView/CMakeFiles/LLVMDebugInfoCodeView.dir/DebugSymbolRVASubsection.cpp.o
[624/6914] Building CXX object lib/DebugInfo/CodeView/CMakeFiles/LLVMDebugInfoCodeView.dir/DebugSubsectionVisitor.cpp.o
[625/6914] Building CXX object lib/DebugInfo/CodeView/CMakeFiles/LLVMDebugInfoCodeView.dir/DebugSymbolsSubsection.cpp.o
[626/6914] Building CXX object lib/DebugInfo/CodeView/CMakeFiles/LLVMDebugInfoCodeView.dir/Line.cpp.o
[627/6914] Building CXX object lib/DebugInfo/CodeView/CMakeFiles/LLVMDebugInfoCodeView.dir/Formatters.cpp.o
[628/6914] Building CXX object lib/DebugInfo/CodeView/CMakeFiles/LLVMDebugInfoCodeView.dir/GlobalTypeTableBuilder.cpp.o
[629/6914] Building CXX object lib/DebugInfo/CodeView/CMakeFiles/LLVMDebugInfoCodeView.dir/MergingTypeTableBuilder.cpp.o
[630/6914] Building CXX object lib/DebugInfo/CodeView/CMakeFiles/LLVMDebugInfoCodeView.dir/LazyRandomTypeCollection.cpp.o
[631/6914] Building CXX object lib/DebugInfo/CodeView/CMakeFiles/LLVMDebugInfoCodeView.dir/RecordName.cpp.o
[632/6914] Building CXX object lib/DebugInfo/CodeView/CMakeFiles/LLVMDebugInfoCodeView.dir/RecordSerialization.cpp.o
[633/6914] Building CXX object lib/IR/CMakeFiles/LLVMCore.dir/Verifier.cpp.o
[634/6914] Linking CXX static library lib/libLLVMCore.a
[635/6914] Building CXX object lib/DebugInfo/CodeView/CMakeFiles/LLVMDebugInfoCodeView.dir/StringsAndChecksums.cpp.o
[636/6914] Linking CXX executable bin/mlir-linalg-ods-yaml-gen
[637/6914] Generating LinalgNamedStructuredOps.yamlgen.td, LinalgNamedStructuredOps.yamlgen.cpp.inc
[638/6914] Building LinalgOpsEnums.cpp.inc...
[639/6914] Building LinalgOpsEnums.h.inc...
[640/6914] Building LinalgOpsAttrDefs.cpp.inc...
[641/6914] Building LinalgOpsAttrDefs.h.inc...
[642/6914] Building CXX object lib/DebugInfo/CodeView/CMakeFiles/LLVMDebugInfoCodeView.dir/SimpleTypeSerializer.cpp.o
[643/6914] Building CXX object lib/DebugInfo/CodeView/CMakeFiles/LLVMDebugInfoCodeView.dir/SymbolRecordHelpers.cpp.o
[644/6914] Building CXX object lib/DebugInfo/CodeView/CMakeFiles/LLVMDebugInfoCodeView.dir/SymbolSerializer.cpp.o
[645/6914] Building CXX object lib/DebugInfo/CodeView/CMakeFiles/LLVMDebugInfoCodeView.dir/SymbolRecordMapping.cpp.o
[646/6914] Building CXX object lib/DebugInfo/CodeView/CMakeFiles/LLVMDebugInfoCodeView.dir/SymbolDumper.cpp.o
[647/6914] Building CXX object lib/DebugInfo/CodeView/CMakeFiles/LLVMDebugInfoCodeView.dir/TypeIndex.cpp.o
[648/6914] Building CXX object lib/DebugInfo/CodeView/CMakeFiles/LLVMDebugInfoCodeView.dir/TypeIndexDiscovery.cpp.o
[649/6914] Building CXX object lib/DebugInfo/CodeView/CMakeFiles/LLVMDebugInfoCodeView.dir/TypeHashing.cpp.o
[650/6914] Building CXX object lib/DebugInfo/CodeView/CMakeFiles/LLVMDebugInfoCodeView.dir/TypeDumpVisitor.cpp.o
[651/6914] Building NVVMConversions.inc...
[652/6914] Building NVVMOpsAttributes.cpp.inc...
[653/6914] Building NVVMOpsAttributes.h.inc...
[654/6914] Building NVVMOpsEnums.cpp.inc...
[655/6914] Building NVVMOpsEnums.h.inc...
[656/6914] Building LinalgStructuredOps.cpp.inc...
[657/6914] Building LinalgStructuredOps.h.inc...
[658/6914] Building MLProgramAttributes.cpp.inc...
[659/6914] Building MLProgramAttributes.h.inc...
[660/6914] Building SPIRVAttrUtils.inc...
[661/6914] Building CXX object lib/DebugInfo/CodeView/CMakeFiles/LLVMDebugInfoCodeView.dir/TypeRecordHelpers.cpp.o
[662/6914] Building CXX object lib/DebugInfo/CodeView/CMakeFiles/LLVMDebugInfoCodeView.dir/TypeTableCollection.cpp.o
[663/6914] Building CXX object lib/DebugInfo/CodeView/CMakeFiles/LLVMDebugInfoCodeView.dir/TypeStreamMerger.cpp.o
[664/6914] Building CXX object lib/DebugInfo/CodeView/CMakeFiles/LLVMDebugInfoCodeView.dir/EnumTables.cpp.o
[665/6914] Building CXX object tools/mlir/lib/Interfaces/CMakeFiles/obj.MLIRInferIntRangeInterface.dir/InferIntRangeInterface.cpp.o
In file included from /home/tim911004/.llvm-project/mlir/lib/Interfaces/InferIntRangeInterface.cpp:9:
/home/tim911004/.llvm-project/mlir/include/mlir/Interfaces/InferIntRangeInterface.h:99:23: note: only here as a 'friend'
   99 |   friend raw_ostream &operator<<(raw_ostream &os,
      |                       ^~~~~~~~
[666/6914] Building CXX object lib/Bitcode/Reader/CMakeFiles/LLVMBitReader.dir/BitReader.cpp.o
[667/6914] Building CXX object lib/DebugInfo/CodeView/CMakeFiles/LLVMDebugInfoCodeView.dir/TypeRecordMapping.cpp.o
[668/6914] Building CXX object lib/Bitcode/Reader/CMakeFiles/LLVMBitReader.dir/BitcodeAnalyzer.cpp.o
[669/6914] Building CXX object lib/Bitcode/Reader/CMakeFiles/LLVMBitReader.dir/ValueList.cpp.o
[670/6914] Building CXX object lib/MC/CMakeFiles/LLVMMC.dir/ConstantPools.cpp.o
[671/6914] Building CXX object lib/MC/CMakeFiles/LLVMMC.dir/MCAsmBackend.cpp.o
[672/6914] Building CXX object lib/MC/CMakeFiles/LLVMMC.dir/MCAsmInfoCOFF.cpp.o
[673/6914] Building CXX object lib/MC/CMakeFiles/LLVMMC.dir/MCAsmInfoDarwin.cpp.o
[674/6914] Building CXX object lib/MC/CMakeFiles/LLVMMC.dir/MCAsmInfo.cpp.o
[675/6914] Building CXX object lib/MC/CMakeFiles/LLVMMC.dir/MCAsmInfoGOFF.cpp.o
[676/6914] Building CXX object lib/MC/CMakeFiles/LLVMMC.dir/MCAsmInfoWasm.cpp.o
[677/6914] Building CXX object lib/MC/CMakeFiles/LLVMMC.dir/MCAsmInfoELF.cpp.o
[678/6914] Building CXX object lib/MC/CMakeFiles/LLVMMC.dir/ELFObjectWriter.cpp.o
[679/6914] Building CXX object lib/MC/CMakeFiles/LLVMMC.dir/MCAsmInfoXCOFF.cpp.o
[680/6914] Building CXX object lib/MC/CMakeFiles/LLVMMC.dir/MCCodeEmitter.cpp.o
[681/6914] Building CXX object lib/MC/CMakeFiles/LLVMMC.dir/MCAsmMacro.cpp.o
[682/6914] Building CXX object lib/Bitcode/Reader/CMakeFiles/LLVMBitReader.dir/MetadataLoader.cpp.o
[683/6914] Building CXX object lib/MC/CMakeFiles/LLVMMC.dir/MCAssembler.cpp.o
[684/6914] Building CXX object lib/MC/CMakeFiles/LLVMMC.dir/MCCodeView.cpp.o
[685/6914] Building CXX object lib/MC/CMakeFiles/LLVMMC.dir/MCAsmStreamer.cpp.o
[686/6914] Building CXX object lib/MC/CMakeFiles/LLVMMC.dir/MCDXContainerStreamer.cpp.o
[687/6914] Building CXX object lib/MC/CMakeFiles/LLVMMC.dir/MCDwarf.cpp.o
[688/6914] Building CXX object lib/MC/CMakeFiles/LLVMMC.dir/MCDXContainerWriter.cpp.o
[689/6914] Building CXX object lib/MC/CMakeFiles/LLVMMC.dir/MCELFObjectTargetWriter.cpp.o
[690/6914] Building CXX object lib/MC/CMakeFiles/LLVMMC.dir/MCContext.cpp.o
[691/6914] Building CXX object lib/MC/CMakeFiles/LLVMMC.dir/MCInst.cpp.o
[692/6914] Building CXX object lib/MC/CMakeFiles/LLVMMC.dir/MCInstrAnalysis.cpp.o
[693/6914] Building CXX object lib/MC/CMakeFiles/LLVMMC.dir/MCInstPrinter.cpp.o
[694/6914] Building CXX object lib/MC/CMakeFiles/LLVMMC.dir/MCFragment.cpp.o
[695/6914] Building CXX object lib/MC/CMakeFiles/LLVMMC.dir/MCExpr.cpp.o
[696/6914] Building CXX object lib/MC/CMakeFiles/LLVMMC.dir/MCELFStreamer.cpp.o
[697/6914] Building CXX object lib/MC/CMakeFiles/LLVMMC.dir/MCInstrDesc.cpp.o
[698/6914] Building CXX object lib/MC/CMakeFiles/LLVMMC.dir/MCInstrInfo.cpp.o
[699/6914] Building CXX object lib/MC/CMakeFiles/LLVMMC.dir/MCLabel.cpp.o
[700/6914] Building CXX object lib/MC/CMakeFiles/LLVMMC.dir/MCMachObjectTargetWriter.cpp.o
[701/6914] Building CXX object lib/MC/CMakeFiles/LLVMMC.dir/MCLinkerOptimizationHint.cpp.o
[702/6914] Building CXX object lib/MC/CMakeFiles/LLVMMC.dir/MCNullStreamer.cpp.o
[703/6914] Building CXX object lib/MC/CMakeFiles/LLVMMC.dir/MCObjectWriter.cpp.o
[704/6914] Building CXX object lib/MC/CMakeFiles/LLVMMC.dir/MCObjectFileInfo.cpp.o
[705/6914] Building CXX object lib/MC/CMakeFiles/LLVMMC.dir/MCMachOStreamer.cpp.o
[706/6914] Building CXX object lib/MC/CMakeFiles/LLVMMC.dir/MCRegisterInfo.cpp.o
[707/6914] Building CXX object lib/MC/CMakeFiles/LLVMMC.dir/MCSchedule.cpp.o
[708/6914] Building CXX object lib/Bitcode/Reader/CMakeFiles/LLVMBitReader.dir/BitcodeReader.cpp.o
[709/6914] Building CXX object lib/MC/CMakeFiles/LLVMMC.dir/MCSectionCOFF.cpp.o
[710/6914] Building CXX object lib/MC/CMakeFiles/LLVMMC.dir/MCSectionDXContainer.cpp.o
[711/6914] Building CXX object lib/MC/CMakeFiles/LLVMMC.dir/MCSectionELF.cpp.o
[712/6914] Building CXX object lib/MC/CMakeFiles/LLVMMC.dir/MCSection.cpp.o
[713/6914] Building CXX object lib/MC/CMakeFiles/LLVMMC.dir/MCObjectStreamer.cpp.o
[714/6914] Building CXX object lib/MC/CMakeFiles/LLVMMC.dir/MCSectionWasm.cpp.o
[715/6914] Building CXX object lib/MC/CMakeFiles/LLVMMC.dir/MCSectionMachO.cpp.o
[716/6914] Building CXX object lib/MC/CMakeFiles/LLVMMC.dir/MCPseudoProbe.cpp.o
[717/6914] Building CXX object lib/MC/CMakeFiles/LLVMMC.dir/MCSectionXCOFF.cpp.o
[718/6914] Building CXX object lib/MC/CMakeFiles/LLVMMC.dir/MCSymbolELF.cpp.o
[719/6914] Building CXX object lib/MC/CMakeFiles/LLVMMC.dir/MCSymbolXCOFF.cpp.o
[720/6914] Building CXX object lib/MC/CMakeFiles/LLVMMC.dir/MCSubtargetInfo.cpp.o
[721/6914] Building CXX object lib/MC/CMakeFiles/LLVMMC.dir/MCSPIRVStreamer.cpp.o
[722/6914] Building CXX object lib/MC/CMakeFiles/LLVMMC.dir/MCTargetOptions.cpp.o
[723/6914] Building CXX object lib/MC/CMakeFiles/LLVMMC.dir/MCSymbol.cpp.o
[724/6914] Building CXX object lib/MC/CMakeFiles/LLVMMC.dir/MCValue.cpp.o
[725/6914] Building CXX object lib/MC/CMakeFiles/LLVMMC.dir/MCWasmObjectTargetWriter.cpp.o
[726/6914] Building CXX object lib/MC/CMakeFiles/LLVMMC.dir/MCTargetOptionsCommandFlags.cpp.o
[727/6914] Building CXX object lib/MC/CMakeFiles/LLVMMC.dir/MCWinEH.cpp.o
[728/6914] Building CXX object lib/MC/CMakeFiles/LLVMMC.dir/MCXCOFFObjectTargetWriter.cpp.o
[729/6914] Building CXX object lib/MC/CMakeFiles/LLVMMC.dir/MCWasmStreamer.cpp.o
[730/6914] Building CXX object lib/MC/CMakeFiles/LLVMMC.dir/MCStreamer.cpp.o
[731/6914] Building CXX object lib/MC/CMakeFiles/LLVMMC.dir/MCWinCOFFStreamer.cpp.o
[732/6914] Building CXX object lib/MC/CMakeFiles/LLVMMC.dir/MCXCOFFStreamer.cpp.o
[733/6914] Building CXX object lib/MC/CMakeFiles/LLVMMC.dir/StringTableBuilder.cpp.o
[734/6914] Building CXX object lib/MC/CMakeFiles/LLVMMC.dir/SPIRVObjectWriter.cpp.o
[735/6914] Building CXX object lib/MC/CMakeFiles/LLVMMC.dir/MCWin64EH.cpp.o
[736/6914] Building CXX object lib/MC/CMakeFiles/LLVMMC.dir/SubtargetFeature.cpp.o
[737/6914] Linking CXX static library lib/libLLVMDebugInfoCodeView.a
[738/6914] Building CXX object lib/MC/CMakeFiles/LLVMMC.dir/TargetRegistry.cpp.o
[739/6914] Building CXX object lib/MC/CMakeFiles/LLVMMC.dir/MachObjectWriter.cpp.o
[740/6914] Building CXX object lib/AsmParser/CMakeFiles/LLVMAsmParser.dir/LLLexer.cpp.o
[741/6914] Building AMDGPU.cpp.inc...
[742/6914] Building AMDGPU.h.inc...
[743/6914] Building CXX object lib/MC/CMakeFiles/LLVMMC.dir/WinCOFFObjectWriter.cpp.o
[744/6914] Building AMDGPUDialect.cpp.inc...
[745/6914] Building AMDGPUDialect.h.inc...
[746/6914] Building AMDGPUTypes.cpp.inc...
[747/6914] Building AMDGPUTypes.h.inc...
[748/6914] Building AMX.cpp.inc...
[749/6914] Building AMX.h.inc...
[750/6914] Building AMXDialect.cpp.inc...
[751/6914] Building AMXDialect.h.inc...
[752/6914] Building AMXTypes.cpp.inc...
[753/6914] Building AMXTypes.h.inc...
[754/6914] Building AffineOps.cpp.inc...
[755/6914] Building AffineOps.h.inc...
[756/6914] Building AffineOpsDialect.cpp.inc...
[757/6914] Building AffineOpsDialect.h.inc...
[758/6914] Building AffineOpsTypes.cpp.inc...
[759/6914] Building AffineOpsTypes.h.inc...
[760/6914] Building ArithOps.cpp.inc...
[761/6914] Building ArithOps.h.inc...
[762/6914] Building ArithOpsAttributes.cpp.inc...
[763/6914] Building ArithOpsAttributes.h.inc...
[764/6914] Building ArithOpsDialect.cpp.inc...
[765/6914] Building ArithOpsDialect.h.inc...
[766/6914] Building ArithOpsEnums.cpp.inc...
[767/6914] Building ArithOpsEnums.h.inc...
[768/6914] Building ArithOpsTypes.cpp.inc...
[769/6914] Building ArithOpsTypes.h.inc...
[770/6914] Building ArithOpsInterfaces.cpp.inc...
[771/6914] Building ArithOpsInterfaces.h.inc...
[772/6914] Building ArmNeon.cpp.inc...
[773/6914] Building ArmNeon.h.inc...
[774/6914] Building ArmNeonDialect.cpp.inc...
[775/6914] Building ArmNeonDialect.h.inc...
[776/6914] Building ArmNeonTypes.h.inc...
[777/6914] Building ArmNeonTypes.cpp.inc...
[778/6914] Building ArmSVE.h.inc...
[779/6914] Building ArmSVE.cpp.inc...
[780/6914] Building ArmSVEDialect.cpp.inc...
[781/6914] Building ArmSVEDialect.h.inc...
[782/6914] Building ArmSVETypes.cpp.inc...
[783/6914] Building ArmSVETypes.h.inc...
[784/6914] Building AsyncOps.cpp.inc...
[785/6914] Building AsyncOps.h.inc...
[786/6914] Building AsyncOpsDialect.cpp.inc...
[787/6914] Building AsyncOpsDialect.h.inc...
[788/6914] Building AsyncOpsTypes.cpp.inc...
[789/6914] Building AsyncOpsTypes.h.inc...
[790/6914] Building BufferizationOps.cpp.inc...
[791/6914] Building BufferizationOps.h.inc...
[792/6914] Building BufferizationOpsDialect.cpp.inc...
[793/6914] Building BufferizationOpsDialect.h.inc...
[794/6914] Building BufferizationOpsTypes.cpp.inc...
[795/6914] Building BufferizationOpsTypes.h.inc...
[796/6914] Building BufferizationEnums.cpp.inc...
[797/6914] Building BufferizationEnums.h.inc...
[798/6914] Building CXX object lib/MC/CMakeFiles/LLVMMC.dir/XCOFFObjectWriter.cpp.o
[799/6914] Building Passes.h.inc...
[800/6914] Building ComplexOps.cpp.inc...
[801/6914] Building ComplexOps.h.inc...
[802/6914] Building ComplexOpsDialect.cpp.inc...
[803/6914] Building ComplexOpsDialect.h.inc...
[804/6914] Building ComplexOpsTypes.cpp.inc...
[805/6914] Building ComplexOpsTypes.h.inc...
[806/6914] Building ControlFlowOps.cpp.inc...
[807/6914] Building ControlFlowOps.h.inc...
[808/6914] Building ControlFlowOpsDialect.cpp.inc...
[809/6914] Building ControlFlowOpsDialect.h.inc...
[810/6914] Building ControlFlowOpsTypes.h.inc...
[811/6914] Building ControlFlowOpsTypes.cpp.inc...
[812/6914] Building DLTI.cpp.inc...
[813/6914] Building DLTI.h.inc...
[814/6914] Building DLTIDialect.cpp.inc...
[815/6914] Building DLTITypes.cpp.inc...
[816/6914] Building DLTITypes.h.inc...
[817/6914] Building DLTIDialect.h.inc...
[818/6914] Building EmitC.h.inc...
[819/6914] Building EmitC.cpp.inc...
[820/6914] Building EmitCDialect.cpp.inc...
[821/6914] Building EmitCDialect.h.inc...
[822/6914] Building EmitCTypes.cpp.inc...
[823/6914] Building EmitCTypes.h.inc...
[824/6914] Building GPUOpsDialect.cpp.inc...
[825/6914] Building GPUOps.h.inc...
[826/6914] Building GPUOps.cpp.inc...
[827/6914] Building GPUOpsDialect.h.inc...
[828/6914] Building GPUOpsTypes.cpp.inc...
[829/6914] Building GPUOpsTypes.h.inc...
[830/6914] Building IndexAttrs.cpp.inc...
[831/6914] Building IndexAttrs.h.inc...
[832/6914] Building IndexEnums.cpp.inc...
[833/6914] Building IndexEnums.h.inc...
[834/6914] Building IndexOps.cpp.inc...
[835/6914] Building IndexOps.h.inc...
[836/6914] Building IndexOpsDialect.cpp.inc...
[837/6914] Building IndexOpsDialect.h.inc...
[838/6914] Building IndexOpsTypes.cpp.inc...
[839/6914] Building IndexOpsTypes.h.inc...
[840/6914] Building NVVMOps.cpp.inc...
[841/6914] Building NVVMOpsDialect.cpp.inc...
[842/6914] Building NVVMOps.h.inc...
[843/6914] Building NVVMOpsDialect.h.inc...
[844/6914] Building NVVMOpsTypes.cpp.inc...
[845/6914] Building NVVMOpsTypes.h.inc...
[846/6914] Building ROCDLOps.cpp.inc...
[847/6914] Building ROCDLOps.h.inc...
[848/6914] Building ROCDLOpsDialect.cpp.inc...
[849/6914] Building ROCDLOpsDialect.h.inc...
[850/6914] Building ROCDLOpsTypes.cpp.inc...
[851/6914] Building ROCDLOpsTypes.h.inc...
[852/6914] Building LinalgOps.cpp.inc...
[853/6914] Building LinalgOps.h.inc...
[854/6914] Building LinalgOpsDialect.cpp.inc...
[855/6914] Building LinalgOpsDialect.h.inc...
[856/6914] Building LinalgOpsTypes.cpp.inc...
[857/6914] Building LinalgOpsTypes.h.inc...
[858/6914] Building LinalgInterfaces.cpp.inc...
[859/6914] Building LinalgInterfaces.h.inc...
[860/6914] Building MLProgramOps.cpp.inc...
[861/6914] Building MLProgramOps.h.inc...
[862/6914] Building MLProgramOpsDialect.cpp.inc...
[863/6914] Building MLProgramOpsDialect.h.inc...
[864/6914] Building MLProgramOpsTypes.cpp.inc...
[865/6914] Building MLProgramOpsTypes.h.inc...
[866/6914] Building MLProgramTypes.cpp.inc...
[867/6914] Building MLProgramTypes.h.inc...
[868/6914] Building CXX object lib/MC/CMakeFiles/LLVMMC.dir/WasmObjectWriter.cpp.o
[869/6914] Building MathOps.cpp.inc...
[870/6914] Building MathOpsDialect.cpp.inc...
[871/6914] Building MathOps.h.inc...
[872/6914] Building MathOpsDialect.h.inc...
[873/6914] Building MathOpsTypes.cpp.inc...
[874/6914] Building MathOpsTypes.h.inc...
[875/6914] Building MemRefOps.cpp.inc...
[876/6914] Building MemRefOpsDialect.h.inc...
[877/6914] Building MemRefOpsDialect.cpp.inc...
[878/6914] Building MemRefOps.h.inc...
[879/6914] Building Passes.h.inc...
[880/6914] Building MemRefOpsTypes.cpp.inc...
[881/6914] Building NVGPU.cpp.inc...
[882/6914] Building MemRefOpsTypes.h.inc...
[883/6914] Building NVGPU.h.inc...
[884/6914] Building NVGPUDialect.cpp.inc...
[885/6914] Building NVGPUDialect.h.inc...
[886/6914] Building NVGPUTypes.cpp.inc...
[887/6914] Building NVGPUTypes.h.inc...
[888/6914] Building PDLOps.cpp.inc...
[889/6914] Building PDLOps.h.inc...
[890/6914] Building PDLOpsDialect.cpp.inc...
[891/6914] Building PDLOpsDialect.h.inc...
[892/6914] Building PDLOpsTypes.cpp.inc...
[893/6914] Building PDLOpsTypes.h.inc...
[894/6914] Building PDLInterpOps.cpp.inc...
[895/6914] Building PDLInterpOpsDialect.cpp.inc...
[896/6914] Building PDLInterpOpsDialect.h.inc...
[897/6914] Building PDLInterpOps.h.inc...
[898/6914] Building PDLInterpOpsTypes.cpp.inc...
[899/6914] Building PDLInterpOpsTypes.h.inc...
[900/6914] Building QuantOps.cpp.inc...
[901/6914] Building QuantOps.h.inc...
[902/6914] Building QuantOpsDialect.cpp.inc...
[903/6914] Building QuantOpsDialect.h.inc...
[904/6914] Building QuantOpsTypes.cpp.inc...
[905/6914] Building QuantOpsTypes.h.inc...
[906/6914] Building SCFOps.cpp.inc...
[907/6914] Building SCFOps.h.inc...
[908/6914] Building SCFOpsDialect.cpp.inc...
[909/6914] Building SCFOpsDialect.h.inc...
[910/6914] Building SCFOpsTypes.cpp.inc...
[911/6914] Building Passes.h.inc...
[912/6914] Building SCFOpsTypes.h.inc...
[913/6914] Building SPIRVOpsDialect.cpp.inc...
[914/6914] Building SPIRVOpsDialect.h.inc...
[915/6914] Building SPIRVOps.cpp.inc...
[916/6914] Building SPIRVOps.h.inc...
[917/6914] Building SPIRVOpsTypes.cpp.inc...
[918/6914] Building SPIRVOpsTypes.h.inc...
[919/6914] Building Passes.h.inc...
[920/6914] Building SPIRVAttributes.cpp.inc...
[921/6914] Building SPIRVAttributes.h.inc...
[922/6914] Building ShapeOpsDialect.cpp.inc...
[923/6914] Building ShapeOps.cpp.inc...
[924/6914] Building ShapeOps.h.inc...
[925/6914] Building ShapeOpsDialect.h.inc...
[926/6914] Building ShapeOpsTypes.h.inc...
[927/6914] Building ShapeOpsTypes.cpp.inc...
[928/6914] Building SparseTensorOps.h.inc...
[929/6914] Building SparseTensorOps.cpp.inc...
[930/6914] Building SparseTensorOpsDialect.cpp.inc...
[931/6914] Building SparseTensorOpsDialect.h.inc...
[932/6914] Building TensorOps.h.inc...
[933/6914] Building TensorOps.cpp.inc...
[934/6914] Building SparseTensorOpsTypes.cpp.inc...
[935/6914] Building SparseTensorOpsTypes.h.inc...
[936/6914] Building TensorOpsDialect.cpp.inc...
[937/6914] Building TensorOpsDialect.h.inc...
[938/6914] Building TensorOpsTypes.cpp.inc...
[939/6914] Building TensorOpsTypes.h.inc...
[940/6914] Building CXX object lib/AsmParser/CMakeFiles/LLVMAsmParser.dir/Parser.cpp.o
[941/6914] Building TosaOpsDialect.cpp.inc...
[942/6914] Building TosaOpsDialect.h.inc...
[943/6914] Building TosaOpsTypes.cpp.inc...
[944/6914] Building TosaOps.h.inc...
[945/6914] Building TosaOps.cpp.inc...
[946/6914] Building Passes.h.inc...
[947/6914] Building TosaOpsTypes.h.inc...
[948/6914] Building PassesEnums.cpp.inc...
[949/6914] Building PassesEnums.h.inc...
[950/6914] Building TransformOps.cpp.inc...
[951/6914] Building TransformOps.h.inc...
[952/6914] Building TransformOpsDialect.cpp.inc...
[953/6914] Building TransformOpsDialect.h.inc...
[954/6914] Building TransformOpsTypes.cpp.inc...
[955/6914] Building TransformTypeInterfaces.cpp.inc...
[956/6914] Building TransformOpsTypes.h.inc...
[957/6914] Building TransformTypeInterfaces.h.inc...
[958/6914] Building DialectUtilsEnums.cpp.inc...
[959/6914] Building DialectUtilsEnums.h.inc...
[960/6914] Building VectorOpsDialect.cpp.inc...
[961/6914] Building VectorOps.cpp.inc...
[962/6914] Building VectorOps.h.inc...
[963/6914] Building VectorOpsDialect.h.inc...
[964/6914] Building VectorOpsTypes.cpp.inc...
[965/6914] Building VectorOpsTypes.h.inc...
[966/6914] Building VectorOpsAttrDefs.cpp.inc...
[967/6914] Building VectorOpsAttrDefs.h.inc...
[968/6914] Building VectorOpsEnums.cpp.inc...
[969/6914] Building VectorOpsEnums.h.inc...
[970/6914] Building X86Vector.cpp.inc...
[971/6914] Building X86VectorDialect.cpp.inc...
[972/6914] Building X86VectorDialect.h.inc...
[973/6914] Building X86Vector.h.inc...
[974/6914] Building X86VectorTypes.cpp.inc...
[975/6914] Building X86VectorTypes.h.inc...
[976/6914] Linking CXX static library lib/libMLIRInferIntRangeInterface.a
[977/6914] Building ArithCanonicalization.inc...
[978/6914] Generating VCSRevision.h
[979/6914] Linking CXX static library lib/libLLVMBitReader.a
[980/6914] Linking CXX static library lib/libLLVMMC.a
[981/6914] Building CXX object lib/MC/MCParser/CMakeFiles/LLVMMCParser.dir/AsmLexer.cpp.o
[982/6914] Building CXX object lib/IRReader/CMakeFiles/LLVMIRReader.dir/IRReader.cpp.o
[983/6914] Building CXX object tools/mlir/lib/Dialect/CMakeFiles/obj.MLIRDialect.dir/Traits.cpp.o
[984/6914] Building CXX object tools/mlir/lib/Interfaces/CMakeFiles/obj.MLIRInferTypeOpInterface.dir/InferTypeOpInterface.cpp.o
[985/6914] Building CXX object tools/mlir/lib/Interfaces/Utils/CMakeFiles/obj.MLIRInferIntRangeCommon.dir/InferIntRangeCommon.cpp.o
[986/6914] Building CXX object lib/MC/MCParser/CMakeFiles/LLVMMCParser.dir/GOFFAsmParser.cpp.o
[987/6914] Building CXX object lib/MC/MCParser/CMakeFiles/LLVMMCParser.dir/COFFAsmParser.cpp.o
[988/6914] Building CXX object lib/MC/MCParser/CMakeFiles/LLVMMCParser.dir/COFFMasmParser.cpp.o
[989/6914] Building CXX object lib/MC/MCParser/CMakeFiles/LLVMMCParser.dir/MCAsmLexer.cpp.o
[990/6914] Building CXX object lib/MC/MCParser/CMakeFiles/LLVMMCParser.dir/ELFAsmParser.cpp.o
[991/6914] Building CXX object lib/MC/MCParser/CMakeFiles/LLVMMCParser.dir/MCAsmParser.cpp.o
[992/6914] Building CXX object lib/MC/MCParser/CMakeFiles/LLVMMCParser.dir/DarwinAsmParser.cpp.o
[993/6914] Building CXX object lib/MC/MCParser/CMakeFiles/LLVMMCParser.dir/MCAsmParserExtension.cpp.o
[994/6914] Building CXX object lib/MC/MCParser/CMakeFiles/LLVMMCParser.dir/MCTargetAsmParser.cpp.o
[995/6914] Building CXX object lib/MC/MCParser/CMakeFiles/LLVMMCParser.dir/XCOFFAsmParser.cpp.o
[996/6914] Building CXX object lib/MC/MCParser/CMakeFiles/LLVMMCParser.dir/WasmAsmParser.cpp.o
[997/6914] Building CXX object lib/TextAPI/CMakeFiles/LLVMTextAPI.dir/ArchitectureSet.cpp.o
[998/6914] Building CXX object lib/TextAPI/CMakeFiles/LLVMTextAPI.dir/Architecture.cpp.o
[999/6914] Building CXX object lib/TextAPI/CMakeFiles/LLVMTextAPI.dir/PackedVersion.cpp.o
[1000/6914] Building CXX object lib/TextAPI/CMakeFiles/LLVMTextAPI.dir/Platform.cpp.o
[1001/6914] Building CXX object lib/TextAPI/CMakeFiles/LLVMTextAPI.dir/Symbol.cpp.o
[1002/6914] Building CXX object lib/MC/MCParser/CMakeFiles/LLVMMCParser.dir/AsmParser.cpp.o
[1003/6914] Building CXX object lib/TextAPI/CMakeFiles/LLVMTextAPI.dir/InterfaceFile.cpp.o
[1004/6914] Linking CXX static library lib/libMLIRDialect.a
[1005/6914] Building CXX object lib/TextAPI/CMakeFiles/LLVMTextAPI.dir/Target.cpp.o
[1006/6914] Building CXX object lib/AsmParser/CMakeFiles/LLVMAsmParser.dir/LLParser.cpp.o
[1007/6914] Linking CXX static library lib/libLLVMAsmParser.a
[1008/6914] Building CXX object lib/TextAPI/CMakeFiles/LLVMTextAPI.dir/TextStubCommon.cpp.o
[1009/6914] Linking CXX static library lib/libMLIRInferTypeOpInterface.a
[1010/6914] Linking CXX static library lib/libMLIRInferIntRangeCommon.a
[1011/6914] Linking CXX static library lib/libLLVMIRReader.a
[1012/6914] Building CXX object tools/mlir/lib/Dialect/Arith/IR/CMakeFiles/obj.MLIRArithDialect.dir/InferIntRangeInterfaceImpls.cpp.o
[1013/6914] Building CXX object lib/Object/CMakeFiles/LLVMObject.dir/Archive.cpp.o
[1014/6914] Building CXX object lib/TextAPI/CMakeFiles/LLVMTextAPI.dir/TextStub.cpp.o
[1015/6914] Building CXX object lib/Object/CMakeFiles/LLVMObject.dir/Binary.cpp.o
[1016/6914] Building CXX object lib/Object/CMakeFiles/LLVMObject.dir/ArchiveWriter.cpp.o
[1017/6914] Building CXX object lib/MC/MCParser/CMakeFiles/LLVMMCParser.dir/MasmParser.cpp.o
[1018/6914] Linking CXX static library lib/libLLVMMCParser.a
[1019/6914] Building CXX object lib/Object/CMakeFiles/LLVMObject.dir/BuildID.cpp.o
[1020/6914] Building CXX object lib/Object/CMakeFiles/LLVMObject.dir/COFFImportFile.cpp.o
[1021/6914] Building CXX object lib/Object/CMakeFiles/LLVMObject.dir/COFFModuleDefinition.cpp.o
[1022/6914] Building CXX object lib/Object/CMakeFiles/LLVMObject.dir/Decompressor.cpp.o
[1023/6914] Building CXX object lib/Object/CMakeFiles/LLVMObject.dir/DXContainer.cpp.o
[1024/6914] Building CXX object lib/Object/CMakeFiles/LLVMObject.dir/COFFObjectFile.cpp.o
[1025/6914] Building CXX object lib/Object/CMakeFiles/LLVMObject.dir/Error.cpp.o
[1026/6914] Building CXX object lib/Object/CMakeFiles/LLVMObject.dir/FaultMapParser.cpp.o
[1027/6914] Building CXX object lib/Object/CMakeFiles/LLVMObject.dir/IRObjectFile.cpp.o
[1028/6914] Building CXX object lib/Object/CMakeFiles/LLVMObject.dir/IRSymtab.cpp.o
[1029/6914] Building CXX object tools/mlir/lib/Dialect/Arith/IR/CMakeFiles/obj.MLIRArithDialect.dir/ArithDialect.cpp.o
[1030/6914] Building CXX object lib/Object/CMakeFiles/LLVMObject.dir/Minidump.cpp.o
[1031/6914] Building CXX object lib/Object/CMakeFiles/LLVMObject.dir/MachOUniversal.cpp.o
[1032/6914] Building CXX object lib/Object/CMakeFiles/LLVMObject.dir/Object.cpp.o
[1033/6914] Building CXX object lib/Object/CMakeFiles/LLVMObject.dir/ModuleSymbolTable.cpp.o
[1034/6914] Building CXX object lib/Object/CMakeFiles/LLVMObject.dir/MachOObjectFile.cpp.o
[1035/6914] Building CXX object lib/Object/CMakeFiles/LLVMObject.dir/ObjectFile.cpp.o
[1036/6914] Building CXX object lib/Object/CMakeFiles/LLVMObject.dir/ELF.cpp.o
[1037/6914] Building CXX object lib/Object/CMakeFiles/LLVMObject.dir/ELFObjectFile.cpp.o
[1038/6914] Building CXX object tools/mlir/lib/Dialect/Arith/IR/CMakeFiles/obj.MLIRArithDialect.dir/ArithOps.cpp.o
[1039/6914] Building CXX object lib/Object/CMakeFiles/LLVMObject.dir/SymbolicFile.cpp.o
[1040/6914] Building CXX object lib/Object/CMakeFiles/LLVMObject.dir/RelocationResolver.cpp.o
[1041/6914] Building CXX object lib/Object/CMakeFiles/LLVMObject.dir/RecordStreamer.cpp.o
[1042/6914] Building CXX object lib/Object/CMakeFiles/LLVMObject.dir/OffloadBinary.cpp.o
[1043/6914] Building CXX object lib/Object/CMakeFiles/LLVMObject.dir/TapiFile.cpp.o
[1044/6914] Building CXX object lib/Object/CMakeFiles/LLVMObject.dir/SymbolSize.cpp.o
[1045/6914] Building CXX object lib/Object/CMakeFiles/LLVMObject.dir/WindowsMachineFlag.cpp.o
[1046/6914] Building CXX object lib/Object/CMakeFiles/LLVMObject.dir/TapiUniversal.cpp.o
[1047/6914] Building CXX object lib/Object/CMakeFiles/LLVMObject.dir/MachOUniversalWriter.cpp.o
[1048/6914] Building CXX object lib/DebugInfo/MSF/CMakeFiles/LLVMDebugInfoMSF.dir/MSFCommon.cpp.o
[1049/6914] Building CXX object lib/DebugInfo/MSF/CMakeFiles/LLVMDebugInfoMSF.dir/MappedBlockStream.cpp.o
[1050/6914] Linking CXX static library lib/libLLVMTextAPI.a
[1051/6914] Linking CXX static library lib/libMLIRArithDialect.a
[1052/6914] Building CXX object lib/DebugInfo/MSF/CMakeFiles/LLVMDebugInfoMSF.dir/MSFBuilder.cpp.o
[1053/6914] Building CXX object lib/Object/CMakeFiles/LLVMObject.dir/XCOFFObjectFile.cpp.o
[1054/6914] Building CXX object lib/DebugInfo/MSF/CMakeFiles/LLVMDebugInfoMSF.dir/MSFError.cpp.o
[1055/6914] Building CXX object lib/Object/CMakeFiles/LLVMObject.dir/WindowsResource.cpp.o
[1056/6914] Building CXX object lib/DebugInfo/DWARF/CMakeFiles/LLVMDebugInfoDWARF.dir/DWARFAbbreviationDeclaration.cpp.o
[1057/6914] Building CXX object lib/DebugInfo/DWARF/CMakeFiles/LLVMDebugInfoDWARF.dir/DWARFAddressRange.cpp.o
[1058/6914] Building CXX object lib/Object/CMakeFiles/LLVMObject.dir/WasmObjectFile.cpp.o
[1059/6914] Linking CXX static library lib/libLLVMObject.a
[1060/6914] Building CXX object lib/DebugInfo/DWARF/CMakeFiles/LLVMDebugInfoDWARF.dir/DWARFCompileUnit.cpp.o
[1061/6914] Building CXX object lib/DebugInfo/DWARF/CMakeFiles/LLVMDebugInfoDWARF.dir/DWARFDataExtractor.cpp.o
[1062/6914] Building CXX object lib/DebugInfo/DWARF/CMakeFiles/LLVMDebugInfoDWARF.dir/DWARFDebugAbbrev.cpp.o
[1063/6914] Building CXX object tools/mlir/lib/Dialect/Arith/Utils/CMakeFiles/obj.MLIRArithUtils.dir/Utils.cpp.o
[1064/6914] Building CXX object lib/DebugInfo/DWARF/CMakeFiles/LLVMDebugInfoDWARF.dir/DWARFDebugAddr.cpp.o
[1065/6914] Building CXX object lib/DebugInfo/DWARF/CMakeFiles/LLVMDebugInfoDWARF.dir/DWARFAcceleratorTable.cpp.o
[1066/6914] Building CXX object lib/DebugInfo/DWARF/CMakeFiles/LLVMDebugInfoDWARF.dir/DWARFDebugArangeSet.cpp.o
[1067/6914] Building CXX object lib/DebugInfo/DWARF/CMakeFiles/LLVMDebugInfoDWARF.dir/DWARFDebugAranges.cpp.o
[1068/6914] Building CXX object lib/DebugInfo/DWARF/CMakeFiles/LLVMDebugInfoDWARF.dir/DWARFDebugInfoEntry.cpp.o
[1069/6914] Building CXX object lib/DebugInfo/DWARF/CMakeFiles/LLVMDebugInfoDWARF.dir/DWARFTypePrinter.cpp.o
[1070/6914] Building CXX object lib/DebugInfo/DWARF/CMakeFiles/LLVMDebugInfoDWARF.dir/DWARFDebugLoc.cpp.o
[1071/6914] Building CXX object lib/DebugInfo/DWARF/CMakeFiles/LLVMDebugInfoDWARF.dir/DWARFDebugFrame.cpp.o
[1072/6914] Building CXX object lib/DebugInfo/DWARF/CMakeFiles/LLVMDebugInfoDWARF.dir/DWARFDebugMacro.cpp.o
[1073/6914] Building CXX object lib/DebugInfo/DWARF/CMakeFiles/LLVMDebugInfoDWARF.dir/DWARFDebugLine.cpp.o
[1074/6914] Building CXX object lib/DebugInfo/DWARF/CMakeFiles/LLVMDebugInfoDWARF.dir/DWARFContext.cpp.o
[1075/6914] Building CXX object lib/DebugInfo/DWARF/CMakeFiles/LLVMDebugInfoDWARF.dir/DWARFDebugPubTable.cpp.o
[1076/6914] Building CXX object lib/DebugInfo/DWARF/CMakeFiles/LLVMDebugInfoDWARF.dir/DWARFDebugRangeList.cpp.o
[1077/6914] Building CXX object lib/DebugInfo/DWARF/CMakeFiles/LLVMDebugInfoDWARF.dir/DWARFDebugRnglists.cpp.o
[1078/6914] Building CXX object lib/DebugInfo/DWARF/CMakeFiles/LLVMDebugInfoDWARF.dir/DWARFGdbIndex.cpp.o
[1079/6914] Building CXX object lib/DebugInfo/DWARF/CMakeFiles/LLVMDebugInfoDWARF.dir/DWARFLocationExpression.cpp.o
[1080/6914] Building CXX object lib/DebugInfo/DWARF/CMakeFiles/LLVMDebugInfoDWARF.dir/DWARFExpression.cpp.o
[1081/6914] Building CXX object lib/DebugInfo/DWARF/CMakeFiles/LLVMDebugInfoDWARF.dir/DWARFFormValue.cpp.o
[1082/6914] Building CXX object lib/DebugInfo/DWARF/CMakeFiles/LLVMDebugInfoDWARF.dir/DWARFListTable.cpp.o
[1083/6914] Linking CXX static library lib/libLLVMDebugInfoMSF.a
[1084/6914] Building CXX object lib/DebugInfo/DWARF/CMakeFiles/LLVMDebugInfoDWARF.dir/DWARFDie.cpp.o
[1085/6914] Building CXX object lib/DebugInfo/DWARF/CMakeFiles/LLVMDebugInfoDWARF.dir/DWARFTypeUnit.cpp.o
[1086/6914] Building CXX object lib/DebugInfo/DWARF/CMakeFiles/LLVMDebugInfoDWARF.dir/DWARFUnitIndex.cpp.o
[1087/6914] Building CXX object lib/DebugInfo/PDB/CMakeFiles/LLVMDebugInfoPDB.dir/GenericError.cpp.o
[1088/6914] Building CXX object lib/DebugInfo/PDB/CMakeFiles/LLVMDebugInfoPDB.dir/IPDBSourceFile.cpp.o
[1089/6914] Building CXX object lib/DebugInfo/PDB/CMakeFiles/LLVMDebugInfoPDB.dir/PDB.cpp.o
[1090/6914] Building CXX object lib/DebugInfo/PDB/CMakeFiles/LLVMDebugInfoPDB.dir/PDBInterfaceAnchors.cpp.o
[1091/6914] Building CXX object lib/DebugInfo/PDB/CMakeFiles/LLVMDebugInfoPDB.dir/PDBContext.cpp.o
[1092/6914] Building CXX object lib/DebugInfo/PDB/CMakeFiles/LLVMDebugInfoPDB.dir/PDBExtras.cpp.o
[1093/6914] Building CXX object lib/DebugInfo/DWARF/CMakeFiles/LLVMDebugInfoDWARF.dir/DWARFUnit.cpp.o
[1094/6914] Building CXX object lib/DebugInfo/PDB/CMakeFiles/LLVMDebugInfoPDB.dir/PDBSymbol.cpp.o
[1095/6914] Building CXX object lib/DebugInfo/PDB/CMakeFiles/LLVMDebugInfoPDB.dir/PDBSymbolAnnotation.cpp.o
[1096/6914] Building CXX object lib/DebugInfo/PDB/CMakeFiles/LLVMDebugInfoPDB.dir/PDBSymbolBlock.cpp.o
[1097/6914] Building CXX object lib/DebugInfo/PDB/CMakeFiles/LLVMDebugInfoPDB.dir/PDBSymbolCompiland.cpp.o
[1098/6914] Building CXX object lib/DebugInfo/PDB/CMakeFiles/LLVMDebugInfoPDB.dir/PDBSymbolCompilandDetails.cpp.o
[1099/6914] Building CXX object lib/DebugInfo/PDB/CMakeFiles/LLVMDebugInfoPDB.dir/PDBSymbolCustom.cpp.o
[1100/6914] Building CXX object lib/DebugInfo/PDB/CMakeFiles/LLVMDebugInfoPDB.dir/PDBSymbolCompilandEnv.cpp.o
[1101/6914] Building CXX object lib/DebugInfo/PDB/CMakeFiles/LLVMDebugInfoPDB.dir/PDBSymbolData.cpp.o
[1102/6914] Building CXX object lib/DebugInfo/PDB/CMakeFiles/LLVMDebugInfoPDB.dir/PDBSymbolExe.cpp.o
[1103/6914] Building CXX object lib/DebugInfo/PDB/CMakeFiles/LLVMDebugInfoPDB.dir/PDBSymbolFuncDebugStart.cpp.o
[1104/6914] Building CXX object lib/DebugInfo/PDB/CMakeFiles/LLVMDebugInfoPDB.dir/PDBSymbolFuncDebugEnd.cpp.o
[1105/6914] Building CXX object lib/DebugInfo/PDB/CMakeFiles/LLVMDebugInfoPDB.dir/PDBSymbolFunc.cpp.o
[1106/6914] Building CXX object lib/DebugInfo/PDB/CMakeFiles/LLVMDebugInfoPDB.dir/PDBSymbolLabel.cpp.o
[1107/6914] Building CXX object lib/DebugInfo/DWARF/CMakeFiles/LLVMDebugInfoDWARF.dir/DWARFVerifier.cpp.o
[1108/6914] Building CXX object lib/DebugInfo/PDB/CMakeFiles/LLVMDebugInfoPDB.dir/PDBSymbolPublicSymbol.cpp.o
[1109/6914] Building CXX object lib/DebugInfo/PDB/CMakeFiles/LLVMDebugInfoPDB.dir/PDBSymbolThunk.cpp.o
[1110/6914] Building CXX object lib/DebugInfo/PDB/CMakeFiles/LLVMDebugInfoPDB.dir/PDBSymbolTypeArray.cpp.o
[1111/6914] Building CXX object lib/DebugInfo/PDB/CMakeFiles/LLVMDebugInfoPDB.dir/PDBSymbolTypeBaseClass.cpp.o
[1112/6914] Building CXX object lib/DebugInfo/PDB/CMakeFiles/LLVMDebugInfoPDB.dir/PDBSymbolTypeBuiltin.cpp.o
[1113/6914] Building CXX object lib/DebugInfo/PDB/CMakeFiles/LLVMDebugInfoPDB.dir/PDBSymbolTypeCustom.cpp.o
[1114/6914] Building CXX object lib/DebugInfo/PDB/CMakeFiles/LLVMDebugInfoPDB.dir/PDBSymbolTypeDimension.cpp.o
[1115/6914] Building CXX object lib/DebugInfo/PDB/CMakeFiles/LLVMDebugInfoPDB.dir/PDBSymbolTypeFunctionArg.cpp.o
[1116/6914] Building CXX object lib/DebugInfo/PDB/CMakeFiles/LLVMDebugInfoPDB.dir/PDBSymbolTypeFriend.cpp.o
[1117/6914] Building CXX object lib/DebugInfo/PDB/CMakeFiles/LLVMDebugInfoPDB.dir/PDBSymbolTypeEnum.cpp.o
[1118/6914] Building CXX object lib/DebugInfo/PDB/CMakeFiles/LLVMDebugInfoPDB.dir/PDBSymbolTypeManaged.cpp.o
[1119/6914] Building CXX object lib/DebugInfo/PDB/CMakeFiles/LLVMDebugInfoPDB.dir/PDBSymbolTypeFunctionSig.cpp.o
[1120/6914] Building CXX object lib/DebugInfo/PDB/CMakeFiles/LLVMDebugInfoPDB.dir/PDBSymbolTypePointer.cpp.o
[1121/6914] Building CXX object lib/DebugInfo/PDB/CMakeFiles/LLVMDebugInfoPDB.dir/PDBSymbolTypeVTable.cpp.o
[1122/6914] Building CXX object lib/DebugInfo/PDB/CMakeFiles/LLVMDebugInfoPDB.dir/PDBSymbolTypeTypedef.cpp.o
[1123/6914] Building CXX object lib/DebugInfo/PDB/CMakeFiles/LLVMDebugInfoPDB.dir/PDBSymbolTypeUDT.cpp.o
[1124/6914] Building CXX object lib/DebugInfo/PDB/CMakeFiles/LLVMDebugInfoPDB.dir/PDBSymbolTypeVTableShape.cpp.o
[1125/6914] Building CXX object lib/DebugInfo/PDB/CMakeFiles/LLVMDebugInfoPDB.dir/PDBSymbolUnknown.cpp.o
[1126/6914] Building CXX object lib/DebugInfo/PDB/CMakeFiles/LLVMDebugInfoPDB.dir/PDBSymbolUsingNamespace.cpp.o
[1127/6914] Building CXX object lib/DebugInfo/PDB/CMakeFiles/LLVMDebugInfoPDB.dir/PDBSymDumper.cpp.o
[1128/6914] Building CXX object lib/DebugInfo/PDB/CMakeFiles/LLVMDebugInfoPDB.dir/Native/DbiModuleDescriptor.cpp.o
[1129/6914] Building CXX object lib/DebugInfo/PDB/CMakeFiles/LLVMDebugInfoPDB.dir/Native/DbiModuleDescriptorBuilder.cpp.o
[1130/6914] Building CXX object lib/DebugInfo/PDB/CMakeFiles/LLVMDebugInfoPDB.dir/Native/DbiModuleList.cpp.o
[1131/6914] Building CXX object lib/DebugInfo/PDB/CMakeFiles/LLVMDebugInfoPDB.dir/UDTLayout.cpp.o
[1132/6914] Building CXX object lib/DebugInfo/PDB/CMakeFiles/LLVMDebugInfoPDB.dir/Native/EnumTables.cpp.o
[1133/6914] Building CXX object lib/DebugInfo/PDB/CMakeFiles/LLVMDebugInfoPDB.dir/Native/DbiStream.cpp.o
[1134/6914] Building CXX object lib/DebugInfo/PDB/CMakeFiles/LLVMDebugInfoPDB.dir/Native/Hash.cpp.o
[1135/6914] Building CXX object lib/DebugInfo/PDB/CMakeFiles/LLVMDebugInfoPDB.dir/Native/FormatUtil.cpp.o
[1136/6914] Building CXX object lib/DebugInfo/PDB/CMakeFiles/LLVMDebugInfoPDB.dir/Native/HashTable.cpp.o
[1137/6914] Building CXX object lib/DebugInfo/PDB/CMakeFiles/LLVMDebugInfoPDB.dir/Native/DbiStreamBuilder.cpp.o
[1138/6914] Building CXX object lib/DebugInfo/PDB/CMakeFiles/LLVMDebugInfoPDB.dir/Native/GlobalsStream.cpp.o
[1139/6914] Building CXX object lib/DebugInfo/PDB/CMakeFiles/LLVMDebugInfoPDB.dir/Native/InfoStream.cpp.o
[1140/6914] Building CXX object lib/DebugInfo/PDB/CMakeFiles/LLVMDebugInfoPDB.dir/Native/InfoStreamBuilder.cpp.o
[1141/6914] Building CXX object lib/DebugInfo/PDB/CMakeFiles/LLVMDebugInfoPDB.dir/Native/InjectedSourceStream.cpp.o
[1142/6914] Building CXX object lib/DebugInfo/PDB/CMakeFiles/LLVMDebugInfoPDB.dir/Native/ModuleDebugStream.cpp.o
[1143/6914] Building CXX object lib/DebugInfo/PDB/CMakeFiles/LLVMDebugInfoPDB.dir/Native/NativeCompilandSymbol.cpp.o
[1144/6914] Building CXX object lib/DebugInfo/PDB/CMakeFiles/LLVMDebugInfoPDB.dir/Native/NativeEnumGlobals.cpp.o
[1145/6914] Building CXX object lib/DebugInfo/PDB/CMakeFiles/LLVMDebugInfoPDB.dir/Native/LinePrinter.cpp.o
[1146/6914] Building CXX object lib/DebugInfo/PDB/CMakeFiles/LLVMDebugInfoPDB.dir/Native/NativeEnumInjectedSources.cpp.o
[1147/6914] Building CXX object lib/DebugInfo/PDB/CMakeFiles/LLVMDebugInfoPDB.dir/Native/NativeEnumLineNumbers.cpp.o
[1148/6914] Building CXX object lib/DebugInfo/PDB/CMakeFiles/LLVMDebugInfoPDB.dir/Native/NativeEnumModules.cpp.o
[1149/6914] Building CXX object lib/DebugInfo/PDB/CMakeFiles/LLVMDebugInfoPDB.dir/Native/InputFile.cpp.o
[1150/6914] Building CXX object lib/DebugInfo/PDB/CMakeFiles/LLVMDebugInfoPDB.dir/Native/NativeEnumTypes.cpp.o
[1151/6914] Building CXX object lib/DebugInfo/PDB/CMakeFiles/LLVMDebugInfoPDB.dir/Native/NativeEnumSymbols.cpp.o
[1152/6914] Building CXX object lib/DebugInfo/PDB/CMakeFiles/LLVMDebugInfoPDB.dir/Native/NativeExeSymbol.cpp.o
[1153/6914] Building CXX object lib/DebugInfo/PDB/CMakeFiles/LLVMDebugInfoPDB.dir/Native/NativeLineNumber.cpp.o
[1154/6914] Building CXX object lib/DebugInfo/PDB/CMakeFiles/LLVMDebugInfoPDB.dir/Native/NativePublicSymbol.cpp.o
[1155/6914] Building CXX object lib/DebugInfo/PDB/CMakeFiles/LLVMDebugInfoPDB.dir/Native/NativeRawSymbol.cpp.o
[1156/6914] Building CXX object lib/DebugInfo/PDB/CMakeFiles/LLVMDebugInfoPDB.dir/Native/NativeInlineSiteSymbol.cpp.o
[1157/6914] Building CXX object lib/DebugInfo/PDB/CMakeFiles/LLVMDebugInfoPDB.dir/Native/NativeFunctionSymbol.cpp.o
[1158/6914] Building CXX object lib/DebugInfo/PDB/CMakeFiles/LLVMDebugInfoPDB.dir/Native/NativeSourceFile.cpp.o
[1159/6914] Building CXX object lib/DebugInfo/PDB/CMakeFiles/LLVMDebugInfoPDB.dir/Native/NativeSymbolEnumerator.cpp.o
[1160/6914] Building CXX object lib/DebugInfo/PDB/CMakeFiles/LLVMDebugInfoPDB.dir/Native/NativeTypeBuiltin.cpp.o
[1161/6914] Building CXX object lib/DebugInfo/PDB/CMakeFiles/LLVMDebugInfoPDB.dir/Native/NativeTypeArray.cpp.o
[1162/6914] Building CXX object lib/DebugInfo/PDB/CMakeFiles/LLVMDebugInfoPDB.dir/Native/NativeTypeFunctionSig.cpp.o
[1163/6914] Building CXX object lib/DebugInfo/PDB/CMakeFiles/LLVMDebugInfoPDB.dir/Native/NativeTypePointer.cpp.o
[1164/6914] Building CXX object lib/DebugInfo/PDB/CMakeFiles/LLVMDebugInfoPDB.dir/Native/NativeTypeEnum.cpp.o
[1165/6914] Building CXX object lib/DebugInfo/PDB/CMakeFiles/LLVMDebugInfoPDB.dir/Native/NativeTypeVTShape.cpp.o
[1166/6914] Building CXX object lib/DebugInfo/PDB/CMakeFiles/LLVMDebugInfoPDB.dir/Native/NativeTypeTypedef.cpp.o
[1167/6914] Building CXX object lib/DebugInfo/PDB/CMakeFiles/LLVMDebugInfoPDB.dir/Native/NativeTypeUDT.cpp.o
[1168/6914] Building CXX object lib/DebugInfo/PDB/CMakeFiles/LLVMDebugInfoPDB.dir/Native/NamedStreamMap.cpp.o
[1169/6914] Building CXX object lib/DebugInfo/PDB/CMakeFiles/LLVMDebugInfoPDB.dir/Native/PDBStringTable.cpp.o
[1170/6914] Building CXX object lib/DebugInfo/PDB/CMakeFiles/LLVMDebugInfoPDB.dir/Native/PDBStringTableBuilder.cpp.o
[1171/6914] Building CXX object lib/DebugInfo/PDB/CMakeFiles/LLVMDebugInfoPDB.dir/Native/PDBFile.cpp.o
[1172/6914] Building CXX object lib/DebugInfo/PDB/CMakeFiles/LLVMDebugInfoPDB.dir/Native/RawError.cpp.o
[1173/6914] Building CXX object lib/DebugInfo/PDB/CMakeFiles/LLVMDebugInfoPDB.dir/Native/PDBFileBuilder.cpp.o
[1174/6914] Building CXX object lib/DebugInfo/PDB/CMakeFiles/LLVMDebugInfoPDB.dir/Native/PublicsStream.cpp.o
[1175/6914] Building CXX object lib/DebugInfo/PDB/CMakeFiles/LLVMDebugInfoPDB.dir/Native/SymbolStream.cpp.o
[1176/6914] Building CXX object lib/DebugInfo/PDB/CMakeFiles/LLVMDebugInfoPDB.dir/Native/NativeSession.cpp.o
[1177/6914] Linking CXX static library lib/libMLIRArithUtils.a
[1178/6914] Building CXX object lib/DebugInfo/PDB/CMakeFiles/LLVMDebugInfoPDB.dir/Native/TpiHashing.cpp.o
[1179/6914] Building CXX object lib/DebugInfo/PDB/CMakeFiles/LLVMDebugInfoPDB.dir/Native/GSIStreamBuilder.cpp.o
[1180/6914] Building CXX object lib/DebugInfo/PDB/CMakeFiles/LLVMDebugInfoPDB.dir/Native/TpiStream.cpp.o
[1181/6914] Building CXX object lib/DebugInfo/PDB/CMakeFiles/LLVMDebugInfoPDB.dir/Native/TpiStreamBuilder.cpp.o
[1182/6914] Building CXX object tools/mlir/lib/Dialect/Utils/CMakeFiles/obj.MLIRDialectUtils.dir/IndexingUtils.cpp.o
[1183/6914] Building CXX object tools/mlir/lib/Dialect/Utils/CMakeFiles/obj.MLIRDialectUtils.dir/StructuredOpsUtils.cpp.o
[1184/6914] Building CXX object tools/mlir/lib/Interfaces/CMakeFiles/obj.MLIRCallInterfaces.dir/CallInterfaces.cpp.o
[1185/6914] Building CXX object lib/DebugInfo/PDB/CMakeFiles/LLVMDebugInfoPDB.dir/Native/SymbolCache.cpp.o
[1186/6914] Building CXX object tools/mlir/lib/Dialect/Utils/CMakeFiles/obj.MLIRDialectUtils.dir/ReshapeOpsUtils.cpp.o
[1187/6914] Building CXX object tools/mlir/lib/Dialect/Utils/CMakeFiles/obj.MLIRDialectUtils.dir/StaticValueUtils.cpp.o
[1188/6914] Building CXX object tools/mlir/lib/Interfaces/CMakeFiles/obj.MLIRLoopLikeInterface.dir/LoopLikeInterface.cpp.o
[1189/6914] Linking CXX static library lib/libLLVMDebugInfoDWARF.a
[1190/6914] Building CXX object tools/mlir/lib/Interfaces/CMakeFiles/obj.MLIRShapedOpInterfaces.dir/ShapedOpInterfaces.cpp.o
[1191/6914] Building CXX object tools/mlir/lib/Interfaces/CMakeFiles/obj.MLIRControlFlowInterfaces.dir/ControlFlowInterfaces.cpp.o
[1192/6914] Linking CXX static library lib/libLLVMDebugInfoPDB.a
[1193/6914] Building CXX object lib/DebugInfo/Symbolize/CMakeFiles/LLVMSymbolize.dir/Markup.cpp.o
[1194/6914] Building CXX object tools/mlir/lib/Interfaces/CMakeFiles/obj.MLIRSideEffectInterfaces.dir/SideEffectInterfaces.cpp.o
[1195/6914] Building CXX object tools/mlir/lib/Interfaces/CMakeFiles/obj.MLIRDataLayoutInterfaces.dir/DataLayoutInterfaces.cpp.o
[1196/6914] Building ComplexAttributes.cpp.inc...
[1197/6914] Building ComplexAttributes.h.inc...
[1198/6914] Building CXX object tools/mlir/lib/Interfaces/CMakeFiles/obj.MLIRViewLikeInterface.dir/ViewLikeInterface.cpp.o
[1199/6914] Building SparseTensorAttrDefs.cpp.inc...
[1200/6914] Building SparseTensorAttrDefs.h.inc...
[1201/6914] Building SparseTensorAttrEnums.cpp.inc...
[1202/6914] Building SparseTensorAttrEnums.h.inc...
[1203/6914] Building CXX object lib/DebugInfo/Symbolize/CMakeFiles/LLVMSymbolize.dir/DIPrinter.cpp.o
[1204/6914] Building CXX object tools/mlir/lib/Analysis/CMakeFiles/obj.MLIRAnalysis.dir/AliasAnalysis.cpp.o
[1205/6914] Building CXX object lib/DebugInfo/Symbolize/CMakeFiles/LLVMSymbolize.dir/MarkupFilter.cpp.o
[1206/6914] Building CXX object lib/DebugInfo/Symbolize/CMakeFiles/LLVMSymbolize.dir/SymbolizableObjectFile.cpp.o
[1207/6914] Building CXX object tools/mlir/lib/Analysis/CMakeFiles/obj.MLIRAnalysis.dir/DataFlowFramework.cpp.o
[1208/6914] Building CXX object tools/mlir/lib/Analysis/CMakeFiles/obj.MLIRAnalysis.dir/CallGraph.cpp.o
[1209/6914] Building CXX object tools/mlir/lib/Analysis/CMakeFiles/obj.MLIRAnalysis.dir/DataLayoutAnalysis.cpp.o
[1210/6914] Building CXX object lib/DebugInfo/Symbolize/CMakeFiles/LLVMSymbolize.dir/Symbolize.cpp.o
[1211/6914] Building CXX object tools/mlir/lib/Analysis/CMakeFiles/obj.MLIRAnalysis.dir/SliceAnalysis.cpp.o
[1212/6914] Building CXX object tools/mlir/lib/Analysis/CMakeFiles/obj.MLIRAnalysis.dir/DataFlow/ConstantPropagationAnalysis.cpp.o
[1213/6914] Building CXX object tools/mlir/lib/Analysis/CMakeFiles/obj.MLIRAnalysis.dir/Liveness.cpp.o
[1214/6914] Building CXX object tools/mlir/lib/Analysis/CMakeFiles/obj.MLIRAnalysis.dir/AliasAnalysis/LocalAliasAnalysis.cpp.o
[1215/6914] Building CXX object tools/mlir/lib/Analysis/CMakeFiles/obj.MLIRAnalysis.dir/DataFlow/DenseAnalysis.cpp.o
[1216/6914] Building CXX object tools/mlir/lib/Analysis/CMakeFiles/obj.MLIRAnalysis.dir/DataFlow/DeadCodeAnalysis.cpp.o
[1217/6914] Building CXX object tools/mlir/lib/Analysis/CMakeFiles/obj.MLIRAnalysis.dir/DataFlow/IntegerRangeAnalysis.cpp.o
[1218/6914] Linking CXX static library lib/libMLIRDialectUtils.a
[1219/6914] Linking CXX static library lib/libMLIRCallInterfaces.a
[1220/6914] Linking CXX static library lib/libMLIRControlFlowInterfaces.a
[1221/6914] Linking CXX static library lib/libMLIRDataLayoutInterfaces.a
[1222/6914] Linking CXX static library lib/libMLIRLoopLikeInterface.a
[1223/6914] Linking CXX static library lib/libMLIRShapedOpInterfaces.a
[1224/6914] Linking CXX static library lib/libMLIRSideEffectInterfaces.a
[1225/6914] Linking CXX static library lib/libMLIRViewLikeInterface.a
[1226/6914] Linking CXX static library lib/libLLVMSymbolize.a
[1227/6914] Building CXX object tools/mlir/lib/Analysis/CMakeFiles/obj.MLIRAnalysis.dir/DataFlow/SparseAnalysis.cpp.o
[1228/6914] Building CXX object tools/mlir/lib/Dialect/PDL/IR/CMakeFiles/obj.MLIRPDLDialect.dir/PDLTypes.cpp.o
[1229/6914] Building CXX object lib/ProfileData/CMakeFiles/LLVMProfileData.dir/GCOV.cpp.o
[1230/6914] Building CXX object lib/ProfileData/CMakeFiles/LLVMProfileData.dir/InstrProf.cpp.o
[1231/6914] Building CXX object lib/ProfileData/CMakeFiles/LLVMProfileData.dir/InstrProfCorrelator.cpp.o
[1232/6914] Building CXX object tools/mlir/lib/Dialect/MemRef/IR/CMakeFiles/obj.MLIRMemRefDialect.dir/MemRefDialect.cpp.o
[1233/6914] Building CXX object lib/ProfileData/CMakeFiles/LLVMProfileData.dir/MemProf.cpp.o
[1234/6914] Building CXX object tools/mlir/lib/Dialect/PDL/IR/CMakeFiles/obj.MLIRPDLDialect.dir/PDL.cpp.o
[1235/6914] Building CXX object lib/ProfileData/CMakeFiles/LLVMProfileData.dir/ProfileSummaryBuilder.cpp.o
[1236/6914] Building CXX object lib/ProfileData/CMakeFiles/LLVMProfileData.dir/InstrProfReader.cpp.o
[1237/6914] Building CXX object lib/ProfileData/CMakeFiles/LLVMProfileData.dir/InstrProfWriter.cpp.o
[1238/6914] Building Passes.capi.cpp.inc...
[1239/6914] Building Passes.capi.h.inc...
[1240/6914] Building Passes.h.inc...
[1241/6914] Building FuncOps.cpp.inc...
[1242/6914] Building FuncOps.h.inc...
[1243/6914] Building FuncOpsDialect.cpp.inc...
[1244/6914] Building FuncOpsDialect.h.inc...
[1245/6914] Building SparseTensorTypes.cpp.inc...
[1246/6914] Building SparseTensorTypes.h.inc...
[1247/6914] Linking CXX static library lib/libMLIRAnalysis.a
[1248/6914] Building CXX object tools/mlir/lib/Dialect/Affine/IR/CMakeFiles/obj.MLIRAffineDialect.dir/AffineMemoryOpInterfaces.cpp.o
[1249/6914] Building CXX object lib/ProfileData/CMakeFiles/LLVMProfileData.dir/SampleProf.cpp.o
[1250/6914] Building CXX object lib/ProfileData/CMakeFiles/LLVMProfileData.dir/SampleProfWriter.cpp.o
[1251/6914] Building CXX object lib/ProfileData/CMakeFiles/LLVMProfileData.dir/SampleProfReader.cpp.o
[1252/6914] Building CXX object lib/ProfileData/CMakeFiles/LLVMProfileData.dir/RawMemProfReader.cpp.o
[1253/6914] Building CXX object tools/mlir/lib/Dialect/MemRef/IR/CMakeFiles/obj.MLIRMemRefDialect.dir/MemRefOps.cpp.o
[1254/6914] Linking CXX static library lib/libMLIRMemRefDialect.a
[1255/6914] Linking CXX static library lib/libMLIRPDLDialect.a
[1256/6914] Building CXX object tools/mlir/lib/Dialect/Affine/IR/CMakeFiles/obj.MLIRAffineDialect.dir/AffineValueMap.cpp.o
[1257/6914] Building CXX object tools/mlir/lib/Interfaces/CMakeFiles/obj.MLIRCastInterfaces.dir/CastInterfaces.cpp.o
[1258/6914] Building CXX object tools/mlir/lib/Dialect/Complex/IR/CMakeFiles/obj.MLIRComplexDialect.dir/ComplexOps.cpp.o
[1259/6914] Building CXX object tools/mlir/lib/Interfaces/CMakeFiles/obj.MLIRDestinationStyleOpInterface.dir/DestinationStyleOpInterface.cpp.o
[1260/6914] Building CXX object tools/mlir/lib/Interfaces/CMakeFiles/obj.MLIRParallelCombiningOpInterface.dir/ParallelCombiningOpInterface.cpp.o
[1261/6914] Building CXX object tools/mlir/lib/Dialect/Complex/IR/CMakeFiles/obj.MLIRComplexDialect.dir/ComplexDialect.cpp.o
[1262/6914] Building CXX object tools/mlir/lib/Pass/CMakeFiles/obj.MLIRPass.dir/IRPrinting.cpp.o
[1263/6914] Building CXX object tools/mlir/lib/Dialect/ControlFlow/IR/CMakeFiles/obj.MLIRControlFlowDialect.dir/ControlFlowOps.cpp.o
[1264/6914] Building CXX object tools/mlir/lib/Pass/CMakeFiles/obj.MLIRPass.dir/PassManagerOptions.cpp.o
[1265/6914] Building CXX object tools/mlir/lib/Pass/CMakeFiles/obj.MLIRPass.dir/PassCrashRecovery.cpp.o
[1266/6914] Building CXX object tools/mlir/lib/Pass/CMakeFiles/obj.MLIRPass.dir/Pass.cpp.o
[1267/6914] Building CXX object tools/mlir/lib/Pass/CMakeFiles/obj.MLIRPass.dir/PassRegistry.cpp.o
[1268/6914] Building CXX object tools/mlir/lib/Pass/CMakeFiles/obj.MLIRPass.dir/PassStatistics.cpp.o
[1269/6914] Building CXX object tools/mlir/lib/Pass/CMakeFiles/obj.MLIRPass.dir/PassTiming.cpp.o
[1270/6914] Building CXX object lib/Analysis/CMakeFiles/LLVMAnalysis.dir/AliasAnalysisSummary.cpp.o
[1271/6914] Building CXX object lib/Analysis/CMakeFiles/LLVMAnalysis.dir/AliasAnalysisEvaluator.cpp.o
[1272/6914] Building CXX object tools/mlir/lib/Dialect/Affine/IR/CMakeFiles/obj.MLIRAffineDialect.dir/AffineOps.cpp.o
[1273/6914] Building CXX object lib/Analysis/CMakeFiles/LLVMAnalysis.dir/Analysis.cpp.o
[1274/6914] Building CXX object lib/Analysis/CMakeFiles/LLVMAnalysis.dir/AliasAnalysis.cpp.o
[1275/6914] Building CXX object tools/mlir/lib/Dialect/PDLInterp/IR/CMakeFiles/obj.MLIRPDLInterpDialect.dir/PDLInterp.cpp.o
[1276/6914] Building CXX object lib/Analysis/CMakeFiles/LLVMAnalysis.dir/AliasSetTracker.cpp.o
[1277/6914] Building CXX object lib/Analysis/CMakeFiles/LLVMAnalysis.dir/AssumeBundleQueries.cpp.o
[1278/6914] Building CXX object lib/Analysis/CMakeFiles/LLVMAnalysis.dir/AssumptionCache.cpp.o
[1279/6914] Building CXX object lib/Analysis/CMakeFiles/LLVMAnalysis.dir/BlockFrequencyInfoImpl.cpp.o
[1280/6914] Building CXX object lib/Analysis/CMakeFiles/LLVMAnalysis.dir/BlockFrequencyInfo.cpp.o
[1281/6914] Building CXX object lib/Analysis/CMakeFiles/LLVMAnalysis.dir/BasicAliasAnalysis.cpp.o
[1282/6914] Building CXX object lib/Analysis/CMakeFiles/LLVMAnalysis.dir/CFG.cpp.o
[1283/6914] Building CXX object lib/Analysis/CMakeFiles/LLVMAnalysis.dir/CFGSCCPrinter.cpp.o
[1284/6914] Building CXX object lib/Analysis/CMakeFiles/LLVMAnalysis.dir/BranchProbabilityInfo.cpp.o
[1285/6914] Building CXX object lib/Analysis/CMakeFiles/LLVMAnalysis.dir/CFGPrinter.cpp.o
[1286/6914] Building CXX object lib/Analysis/CMakeFiles/LLVMAnalysis.dir/CallGraphSCCPass.cpp.o
[1287/6914] Building CXX object lib/Analysis/CMakeFiles/LLVMAnalysis.dir/CallGraph.cpp.o
[1288/6914] Building CXX object lib/Analysis/CMakeFiles/LLVMAnalysis.dir/CallPrinter.cpp.o
[1289/6914] Building CXX object lib/Analysis/CMakeFiles/LLVMAnalysis.dir/CaptureTracking.cpp.o
[1290/6914] Building CXX object lib/Analysis/CMakeFiles/LLVMAnalysis.dir/CmpInstAnalysis.cpp.o
[1291/6914] Building CXX object lib/Analysis/CMakeFiles/LLVMAnalysis.dir/CGSCCPassManager.cpp.o
[1292/6914] Building CXX object lib/Analysis/CMakeFiles/LLVMAnalysis.dir/CodeMetrics.cpp.o
[1293/6914] Building CXX object lib/Analysis/CMakeFiles/LLVMAnalysis.dir/CostModel.cpp.o
[1294/6914] Building CXX object lib/Analysis/CMakeFiles/LLVMAnalysis.dir/ConstraintSystem.cpp.o
[1295/6914] Building CXX object lib/Analysis/CMakeFiles/LLVMAnalysis.dir/CycleAnalysis.cpp.o
[1296/6914] Building CXX object lib/Analysis/CMakeFiles/LLVMAnalysis.dir/DDGPrinter.cpp.o
[1297/6914] Building CXX object lib/Analysis/CMakeFiles/LLVMAnalysis.dir/DDG.cpp.o
[1298/6914] Building CXX object lib/Analysis/CMakeFiles/LLVMAnalysis.dir/Delinearization.cpp.o
[1299/6914] Building CXX object lib/Analysis/CMakeFiles/LLVMAnalysis.dir/DevelopmentModeInlineAdvisor.cpp.o
[1300/6914] Building CXX object lib/Analysis/CMakeFiles/LLVMAnalysis.dir/ConstantFolding.cpp.o
[1301/6914] Building CXX object lib/Analysis/CMakeFiles/LLVMAnalysis.dir/DemandedBits.cpp.o
[1302/6914] Building CXX object lib/Analysis/CMakeFiles/LLVMAnalysis.dir/DivergenceAnalysis.cpp.o
[1303/6914] Building CXX object lib/Analysis/CMakeFiles/LLVMAnalysis.dir/DependenceGraphBuilder.cpp.o
[1304/6914] Building CXX object lib/Analysis/CMakeFiles/LLVMAnalysis.dir/DependenceAnalysis.cpp.o
[1305/6914] Building CXX object lib/Analysis/CMakeFiles/LLVMAnalysis.dir/DomPrinter.cpp.o
[1306/6914] Building CXX object lib/Analysis/CMakeFiles/LLVMAnalysis.dir/DomTreeUpdater.cpp.o
[1307/6914] Building CXX object lib/Analysis/CMakeFiles/LLVMAnalysis.dir/DominanceFrontier.cpp.o
[1308/6914] Building CXX object lib/Analysis/CMakeFiles/LLVMAnalysis.dir/EHPersonalities.cpp.o
[1309/6914] Building CXX object lib/Analysis/CMakeFiles/LLVMAnalysis.dir/HeatUtils.cpp.o
[1310/6914] Building CXX object lib/Analysis/CMakeFiles/LLVMAnalysis.dir/GuardUtils.cpp.o
[1311/6914] Building CXX object lib/Analysis/CMakeFiles/LLVMAnalysis.dir/FunctionPropertiesAnalysis.cpp.o
[1312/6914] Building CXX object lib/Analysis/CMakeFiles/LLVMAnalysis.dir/IndirectCallPromotionAnalysis.cpp.o
[1313/6914] Building CXX object lib/Analysis/CMakeFiles/LLVMAnalysis.dir/ImportedFunctionsInliningStatistics.cpp.o
[1314/6914] Building CXX object lib/Analysis/CMakeFiles/LLVMAnalysis.dir/IVUsers.cpp.o
[1315/6914] Building CXX object lib/Analysis/CMakeFiles/LLVMAnalysis.dir/IVDescriptors.cpp.o
[1316/6914] Building CXX object lib/Analysis/CMakeFiles/LLVMAnalysis.dir/GlobalsModRef.cpp.o
[1317/6914] Building CXX object lib/Analysis/CMakeFiles/LLVMAnalysis.dir/IRSimilarityIdentifier.cpp.o
[1318/6914] Building CXX object lib/Analysis/CMakeFiles/LLVMAnalysis.dir/InlineSizeEstimatorAnalysis.cpp.o
[1319/6914] Building CXX object lib/Analysis/CMakeFiles/LLVMAnalysis.dir/InstCount.cpp.o
[1320/6914] Building CXX object lib/Analysis/CMakeFiles/LLVMAnalysis.dir/InlineAdvisor.cpp.o
[1321/6914] Building CXX object lib/Analysis/CMakeFiles/LLVMAnalysis.dir/Interval.cpp.o
[1322/6914] Building CXX object lib/Analysis/CMakeFiles/LLVMAnalysis.dir/InstructionPrecedenceTracking.cpp.o
[1323/6914] Building CXX object lib/Analysis/CMakeFiles/LLVMAnalysis.dir/InlineOrder.cpp.o
[1324/6914] Building CXX object lib/Analysis/CMakeFiles/LLVMAnalysis.dir/LazyBlockFrequencyInfo.cpp.o
[1325/6914] Building CXX object lib/Analysis/CMakeFiles/LLVMAnalysis.dir/IntervalPartition.cpp.o
[1326/6914] Building CXX object lib/Analysis/CMakeFiles/LLVMAnalysis.dir/InlineCost.cpp.o
[1327/6914] Building CXX object lib/Analysis/CMakeFiles/LLVMAnalysis.dir/LazyBranchProbabilityInfo.cpp.o
[1328/6914] Building CXX object lib/Analysis/CMakeFiles/LLVMAnalysis.dir/LegacyDivergenceAnalysis.cpp.o
[1329/6914] Building CXX object lib/Analysis/CMakeFiles/LLVMAnalysis.dir/LazyCallGraph.cpp.o
[1330/6914] Building CXX object lib/Analysis/CMakeFiles/LLVMAnalysis.dir/Lint.cpp.o
[1331/6914] Building CXX object lib/Analysis/CMakeFiles/LLVMAnalysis.dir/Loads.cpp.o
[1332/6914] Building CXX object lib/Analysis/CMakeFiles/LLVMAnalysis.dir/Local.cpp.o
[1333/6914] Building CXX object lib/Analysis/CMakeFiles/LLVMAnalysis.dir/InstructionSimplify.cpp.o
[1334/6914] Building CXX object lib/Analysis/CMakeFiles/LLVMAnalysis.dir/LazyValueInfo.cpp.o
[1335/6914] Building CXX object lib/Analysis/CMakeFiles/LLVMAnalysis.dir/LoopAnalysisManager.cpp.o
[1336/6914] Building CXX object lib/Analysis/CMakeFiles/LLVMAnalysis.dir/LoopNestAnalysis.cpp.o
[1337/6914] Building CXX object lib/Analysis/CMakeFiles/LLVMAnalysis.dir/LoopUnrollAnalyzer.cpp.o
[1338/6914] Building CXX object lib/Analysis/CMakeFiles/LLVMAnalysis.dir/LoopCacheAnalysis.cpp.o
[1339/6914] Building CXX object lib/Analysis/CMakeFiles/LLVMAnalysis.dir/LoopPass.cpp.o
[1340/6914] Building CXX object lib/Analysis/CMakeFiles/LLVMAnalysis.dir/MemDerefPrinter.cpp.o
[1341/6914] Building CXX object lib/Analysis/CMakeFiles/LLVMAnalysis.dir/MemDepPrinter.cpp.o
[1342/6914] Building CXX object lib/Analysis/CMakeFiles/LLVMAnalysis.dir/LoopAccessAnalysis.cpp.o
[1343/6914] Building CXX object lib/Analysis/CMakeFiles/LLVMAnalysis.dir/LoopInfo.cpp.o
[1344/6914] Building CXX object lib/Analysis/CMakeFiles/LLVMAnalysis.dir/MLInlineAdvisor.cpp.o
[1345/6914] Building CXX object lib/Analysis/CMakeFiles/LLVMAnalysis.dir/MemoryProfileInfo.cpp.o
[1346/6914] Building CXX object lib/Analysis/CMakeFiles/LLVMAnalysis.dir/ModelUnderTrainingRunner.cpp.o
[1347/6914] Building CXX object lib/Analysis/CMakeFiles/LLVMAnalysis.dir/MemoryLocation.cpp.o
[1348/6914] Building CXX object lib/Analysis/CMakeFiles/LLVMAnalysis.dir/MemoryBuiltins.cpp.o
[1349/6914] Building CXX object lib/Analysis/CMakeFiles/LLVMAnalysis.dir/ModuleDebugInfoPrinter.cpp.o
[1350/6914] Building CXX object lib/Analysis/CMakeFiles/LLVMAnalysis.dir/MemoryDependenceAnalysis.cpp.o
[1351/6914] Building CXX object lib/Analysis/CMakeFiles/LLVMAnalysis.dir/NoInferenceModelRunner.cpp.o
[1352/6914] Building CXX object lib/Analysis/CMakeFiles/LLVMAnalysis.dir/MemorySSAUpdater.cpp.o
[1353/6914] Building CXX object lib/Analysis/CMakeFiles/LLVMAnalysis.dir/ObjCARCAliasAnalysis.cpp.o
[1354/6914] Building CXX object lib/Analysis/CMakeFiles/LLVMAnalysis.dir/MemorySSA.cpp.o
[1355/6914] Building CXX object lib/Analysis/CMakeFiles/LLVMAnalysis.dir/ObjCARCInstKind.cpp.o
[1356/6914] Building CXX object lib/Analysis/CMakeFiles/LLVMAnalysis.dir/ObjCARCAnalysisUtils.cpp.o
[1357/6914] Building CXX object lib/Analysis/CMakeFiles/LLVMAnalysis.dir/MustExecute.cpp.o
[1358/6914] Building CXX object lib/Analysis/CMakeFiles/LLVMAnalysis.dir/ModuleSummaryAnalysis.cpp.o
[1359/6914] Building CXX object lib/Analysis/CMakeFiles/LLVMAnalysis.dir/OptimizationRemarkEmitter.cpp.o
[1360/6914] Building CXX object lib/Analysis/CMakeFiles/LLVMAnalysis.dir/OverflowInstAnalysis.cpp.o
[1361/6914] Building CXX object lib/Analysis/CMakeFiles/LLVMAnalysis.dir/PostDominators.cpp.o
[1362/6914] Building CXX object lib/Analysis/CMakeFiles/LLVMAnalysis.dir/PHITransAddr.cpp.o
[1363/6914] Building CXX object lib/Analysis/CMakeFiles/LLVMAnalysis.dir/PhiValues.cpp.o
[1364/6914] Building CXX object lib/Analysis/CMakeFiles/LLVMAnalysis.dir/PtrUseVisitor.cpp.o
[1365/6914] Building CXX object lib/Analysis/CMakeFiles/LLVMAnalysis.dir/ProfileSummaryInfo.cpp.o
[1366/6914] Building CXX object lib/Analysis/CMakeFiles/LLVMAnalysis.dir/RegionPass.cpp.o
[1367/6914] Building CXX object lib/Analysis/CMakeFiles/LLVMAnalysis.dir/RegionInfo.cpp.o
[1368/6914] Building CXX object lib/Analysis/CMakeFiles/LLVMAnalysis.dir/ReplayInlineAdvisor.cpp.o
[1369/6914] Building CXX object lib/Analysis/CMakeFiles/LLVMAnalysis.dir/RegionPrinter.cpp.o
[1370/6914] Building CXX object lib/Analysis/CMakeFiles/LLVMAnalysis.dir/ScalarEvolutionAliasAnalysis.cpp.o
[1371/6914] Building CXX object lib/Analysis/CMakeFiles/LLVMAnalysis.dir/ScalarEvolutionDivision.cpp.o
[1372/6914] Building CXX object lib/Analysis/CMakeFiles/LLVMAnalysis.dir/ScalarEvolutionNormalization.cpp.o
[1373/6914] Building CXX object lib/Analysis/CMakeFiles/LLVMAnalysis.dir/TFLiteUtils.cpp.o
[1374/6914] Building CXX object lib/Analysis/CMakeFiles/LLVMAnalysis.dir/SyncDependenceAnalysis.cpp.o
[1375/6914] Building CXX object lib/Analysis/CMakeFiles/LLVMAnalysis.dir/StackLifetime.cpp.o
[1376/6914] Building CXX object lib/Analysis/CMakeFiles/LLVMAnalysis.dir/SyntheticCountsUtils.cpp.o
[1377/6914] Building CXX object lib/Analysis/CMakeFiles/LLVMAnalysis.dir/TensorSpec.cpp.o
[1378/6914] Building CXX object lib/Analysis/CMakeFiles/LLVMAnalysis.dir/Trace.cpp.o
[1379/6914] Building CXX object lib/Analysis/CMakeFiles/LLVMAnalysis.dir/TargetLibraryInfo.cpp.o
[1380/6914] Building CXX object lib/Analysis/CMakeFiles/LLVMAnalysis.dir/StackSafetyAnalysis.cpp.o
[1381/6914] Building CXX object lib/Analysis/CMakeFiles/LLVMAnalysis.dir/TrainingLogger.cpp.o
[1382/6914] Building CXX object lib/Analysis/CMakeFiles/LLVMAnalysis.dir/TypeBasedAliasAnalysis.cpp.o
[1383/6914] Building CXX object lib/Analysis/CMakeFiles/LLVMAnalysis.dir/TargetTransformInfo.cpp.o
[1384/6914] Building CXX object lib/Analysis/CMakeFiles/LLVMAnalysis.dir/ScopedNoAliasAA.cpp.o
[1385/6914] Building CXX object lib/Analysis/CMakeFiles/LLVMAnalysis.dir/TypeMetadataUtils.cpp.o
[1386/6914] Building CXX object lib/Analysis/CMakeFiles/LLVMAnalysis.dir/ValueLattice.cpp.o
[1387/6914] Building CXX object lib/Analysis/CMakeFiles/LLVMAnalysis.dir/ValueLatticeUtils.cpp.o
[1388/6914] Linking CXX static library lib/libLLVMProfileData.a
[1389/6914] Building CXX object lib/Analysis/CMakeFiles/LLVMAnalysis.dir/UniformityAnalysis.cpp.o
[1390/6914] Building CXX object tools/clang/utils/TableGen/CMakeFiles/clang-tblgen.dir/ASTTableGen.cpp.o
[1391/6914] Building CXX object lib/Analysis/CMakeFiles/LLVMAnalysis.dir/VFABIDemangling.cpp.o
[1392/6914] Building CXX object tools/clang/utils/TableGen/CMakeFiles/clang-tblgen.dir/ClangASTNodesEmitter.cpp.o
[1393/6914] Building CXX object tools/clang/utils/TableGen/CMakeFiles/clang-tblgen.dir/ClangCommentCommandInfoEmitter.cpp.o
[1394/6914] Building CXX object tools/clang/utils/TableGen/CMakeFiles/clang-tblgen.dir/ClangASTPropertiesEmitter.cpp.o
[1395/6914] Building CXX object tools/clang/utils/TableGen/CMakeFiles/clang-tblgen.dir/ClangCommentHTMLNamedCharacterReferenceEmitter.cpp.o
[1396/6914] Building CXX object tools/clang/utils/TableGen/CMakeFiles/clang-tblgen.dir/ClangCommentHTMLTagsEmitter.cpp.o
[1397/6914] Building CXX object lib/Analysis/CMakeFiles/LLVMAnalysis.dir/VectorUtils.cpp.o
[1398/6914] Building CXX object tools/clang/utils/TableGen/CMakeFiles/clang-tblgen.dir/ClangDataCollectorsEmitter.cpp.o
[1399/6914] Building CXX object lib/Analysis/CMakeFiles/LLVMAnalysis.dir/ScalarEvolution.cpp.o
[1400/6914] Building CXX object tools/clang/utils/TableGen/CMakeFiles/clang-tblgen.dir/ClangOpcodesEmitter.cpp.o
[1401/6914] Building CXX object tools/clang/utils/TableGen/CMakeFiles/clang-tblgen.dir/ClangSACheckersEmitter.cpp.o
[1402/6914] Building CXX object tools/clang/utils/TableGen/CMakeFiles/clang-tblgen.dir/ClangOptionDocEmitter.cpp.o
[1403/6914] Building CXX object tools/clang/utils/TableGen/CMakeFiles/clang-tblgen.dir/ClangDiagnosticsEmitter.cpp.o
[1404/6914] Building CXX object tools/clang/utils/TableGen/CMakeFiles/clang-tblgen.dir/ClangOpenCLBuiltinEmitter.cpp.o
[1405/6914] Building CXX object lib/Analysis/CMakeFiles/LLVMAnalysis.dir/ValueTracking.cpp.o
[1406/6914] Building CXX object tools/clang/utils/TableGen/CMakeFiles/clang-tblgen.dir/ClangTypeNodesEmitter.cpp.o
[1407/6914] Building CXX object tools/clang/utils/TableGen/CMakeFiles/clang-tblgen.dir/ClangAttrEmitter.cpp.o
[1408/6914] Building CXX object tools/clang/utils/TableGen/CMakeFiles/clang-tblgen.dir/ClangSyntaxEmitter.cpp.o
[1409/6914] Building CXX object tools/clang/utils/TableGen/CMakeFiles/clang-tblgen.dir/TableGen.cpp.o
[1410/6914] Building GPUOpInterfaces.cpp.inc...
[1411/6914] Building GPUOpInterfaces.h.inc...
[1412/6914] Building CXX object tools/clang/utils/TableGen/CMakeFiles/clang-tblgen.dir/RISCVVEmitter.cpp.o
[1413/6914] Building CXX object tools/clang/lib/Support/CMakeFiles/obj.clangSupport.dir/RISCVVIntrinsicUtils.cpp.o
[1414/6914] Building CXX object tools/clang/utils/TableGen/CMakeFiles/clang-tblgen.dir/SveEmitter.cpp.o
[1415/6914] Building CXX object tools/mlir/lib/Conversion/PDLToPDLInterp/CMakeFiles/obj.MLIRPDLToPDLInterp.dir/Predicate.cpp.o
[1416/6914] Building CXX object tools/clang/utils/TableGen/CMakeFiles/clang-tblgen.dir/MveEmitter.cpp.o
[1417/6914] Building CXX object tools/clang/utils/TableGen/CMakeFiles/clang-tblgen.dir/NeonEmitter.cpp.o
[1418/6914] Linking CXX static library lib/libMLIRComplexDialect.a
[1419/6914] Linking CXX static library lib/libMLIRAffineDialect.a
[1420/6914] Linking CXX static library lib/libMLIRControlFlowDialect.a
[1421/6914] Linking CXX static library lib/libMLIRPDLInterpDialect.a
[1422/6914] Building CXX object tools/mlir/lib/Conversion/PDLToPDLInterp/CMakeFiles/obj.MLIRPDLToPDLInterp.dir/RootOrdering.cpp.o
[1423/6914] Building CXX object tools/mlir/lib/Conversion/PDLToPDLInterp/CMakeFiles/obj.MLIRPDLToPDLInterp.dir/PDLToPDLInterp.cpp.o
[1424/6914] Linking CXX static library lib/libMLIRCastInterfaces.a
[1425/6914] Linking CXX static library lib/libMLIRDestinationStyleOpInterface.a
[1426/6914] Linking CXX static library lib/libMLIRParallelCombiningOpInterface.a
[1427/6914] Linking CXX static library lib/libMLIRPass.a
[1428/6914] Building CXX object tools/mlir/lib/Conversion/PDLToPDLInterp/CMakeFiles/obj.MLIRPDLToPDLInterp.dir/PredicateTree.cpp.o
[1429/6914] Building CXX object lib/Bitcode/Writer/CMakeFiles/LLVMBitWriter.dir/BitWriter.cpp.o
[1430/6914] Building CXX object tools/mlir/lib/Dialect/Func/IR/CMakeFiles/obj.MLIRFuncDialect.dir/FuncOps.cpp.o
[1431/6914] Building CXX object tools/mlir/lib/Dialect/Tensor/IR/CMakeFiles/obj.MLIRTensorDialect.dir/TensorDialect.cpp.o
[1432/6914] Building CXX object lib/Bitcode/Writer/CMakeFiles/LLVMBitWriter.dir/BitcodeWriterPass.cpp.o
[1433/6914] Building CXX object lib/Transforms/Utils/CMakeFiles/LLVMTransformUtils.dir/AMDGPUEmitPrintf.cpp.o
[1434/6914] Building CXX object lib/Bitcode/Writer/CMakeFiles/LLVMBitWriter.dir/ValueEnumerator.cpp.o
[1435/6914] Building CXX object lib/Transforms/Utils/CMakeFiles/LLVMTransformUtils.dir/ASanStackFrameLayout.cpp.o
[1436/6914] Building CXX object lib/Transforms/Utils/CMakeFiles/LLVMTransformUtils.dir/AddDiscriminators.cpp.o
[1437/6914] Building CXX object lib/Bitcode/Writer/CMakeFiles/LLVMBitWriter.dir/BitcodeWriter.cpp.o
[1438/6914] Building CXX object tools/mlir/lib/Dialect/SparseTensor/IR/CMakeFiles/obj.MLIRSparseTensorDialect.dir/SparseTensorDialect.cpp.o
[1439/6914] Building CXX object lib/Transforms/Utils/CMakeFiles/LLVMTransformUtils.dir/BreakCriticalEdges.cpp.o
[1440/6914] Building CXX object lib/Transforms/Utils/CMakeFiles/LLVMTransformUtils.dir/AssumeBundleBuilder.cpp.o
[1441/6914] Building CXX object lib/Transforms/Utils/CMakeFiles/LLVMTransformUtils.dir/BypassSlowDivision.cpp.o
[1442/6914] Building CXX object lib/Transforms/Utils/CMakeFiles/LLVMTransformUtils.dir/BasicBlockUtils.cpp.o
[1443/6914] Building CXX object lib/Transforms/Utils/CMakeFiles/LLVMTransformUtils.dir/BuildLibCalls.cpp.o
[1444/6914] Building CXX object lib/Transforms/Utils/CMakeFiles/LLVMTransformUtils.dir/CanonicalizeAliases.cpp.o
[1445/6914] Building CXX object lib/Transforms/Utils/CMakeFiles/LLVMTransformUtils.dir/CallPromotionUtils.cpp.o
[1446/6914] Building CXX object lib/Transforms/Utils/CMakeFiles/LLVMTransformUtils.dir/CallGraphUpdater.cpp.o
[1447/6914] Building CXX object tools/mlir/lib/Dialect/Tensor/IR/CMakeFiles/obj.MLIRTensorDialect.dir/TensorOps.cpp.o
[1448/6914] Building CXX object lib/Transforms/Utils/CMakeFiles/LLVMTransformUtils.dir/CanonicalizeFreezeInLoops.cpp.o
[1449/6914] Building CXX object lib/Transforms/Utils/CMakeFiles/LLVMTransformUtils.dir/CloneModule.cpp.o
[1450/6914] Building CXX object lib/Transforms/Utils/CMakeFiles/LLVMTransformUtils.dir/CtorUtils.cpp.o
[1451/6914] Building CXX object lib/Transforms/Utils/CMakeFiles/LLVMTransformUtils.dir/CodeMoverUtils.cpp.o
[1452/6914] Building CXX object lib/Transforms/Utils/CMakeFiles/LLVMTransformUtils.dir/CodeLayout.cpp.o
[1453/6914] Building CXX object lib/Transforms/Utils/CMakeFiles/LLVMTransformUtils.dir/DemoteRegToStack.cpp.o
[1454/6914] Building CXX object lib/Transforms/Utils/CMakeFiles/LLVMTransformUtils.dir/CloneFunction.cpp.o
[1455/6914] Building CXX object lib/Transforms/Utils/CMakeFiles/LLVMTransformUtils.dir/EscapeEnumerator.cpp.o
[1456/6914] Building CXX object lib/Transforms/Utils/CMakeFiles/LLVMTransformUtils.dir/EntryExitInstrumenter.cpp.o
[1457/6914] Building CXX object lib/Transforms/Utils/CMakeFiles/LLVMTransformUtils.dir/CodeExtractor.cpp.o
[1458/6914] Building CXX object lib/Transforms/Utils/CMakeFiles/LLVMTransformUtils.dir/Debugify.cpp.o
[1459/6914] Building CXX object lib/Transforms/Utils/CMakeFiles/LLVMTransformUtils.dir/FunctionImportUtils.cpp.o
[1460/6914] Building CXX object lib/Transforms/Utils/CMakeFiles/LLVMTransformUtils.dir/FunctionComparator.cpp.o
[1461/6914] Building CXX object lib/Transforms/Utils/CMakeFiles/LLVMTransformUtils.dir/Evaluator.cpp.o
[1462/6914] Building CXX object lib/Transforms/Utils/CMakeFiles/LLVMTransformUtils.dir/FlattenCFG.cpp.o
[1463/6914] Building CXX object lib/Transforms/Utils/CMakeFiles/LLVMTransformUtils.dir/FixIrreducible.cpp.o
[1464/6914] Building CXX object lib/Transforms/Utils/CMakeFiles/LLVMTransformUtils.dir/HelloWorld.cpp.o
[1465/6914] Building CXX object lib/Transforms/Utils/CMakeFiles/LLVMTransformUtils.dir/GlobalStatus.cpp.o
[1466/6914] Building CXX object lib/Transforms/Utils/CMakeFiles/LLVMTransformUtils.dir/InstructionNamer.cpp.o
[1467/6914] Building CXX object lib/Transforms/Utils/CMakeFiles/LLVMTransformUtils.dir/GuardUtils.cpp.o
[1468/6914] Building CXX object lib/Transforms/Utils/CMakeFiles/LLVMTransformUtils.dir/InjectTLIMappings.cpp.o
[1469/6914] Building CXX object lib/Transforms/Utils/CMakeFiles/LLVMTransformUtils.dir/IntegerDivision.cpp.o
[1470/6914] Building CXX object lib/Transforms/Utils/CMakeFiles/LLVMTransformUtils.dir/LibCallsShrinkWrap.cpp.o
[1471/6914] Building CXX object lib/Transforms/Utils/CMakeFiles/LLVMTransformUtils.dir/LCSSA.cpp.o
[1472/6914] Building CXX object lib/Transforms/Utils/CMakeFiles/LLVMTransformUtils.dir/InlineFunction.cpp.o
[1473/6914] Building CXX object lib/Transforms/Utils/CMakeFiles/LLVMTransformUtils.dir/LoopPeel.cpp.o
[1474/6914] Building CXX object lib/Transforms/Utils/CMakeFiles/LLVMTransformUtils.dir/LoopRotationUtils.cpp.o
[1475/6914] Building CXX object lib/Transforms/Utils/CMakeFiles/LLVMTransformUtils.dir/LoopSimplify.cpp.o
[1476/6914] Building CXX object lib/Transforms/Utils/CMakeFiles/LLVMTransformUtils.dir/Local.cpp.o
[1477/6914] Building CXX object lib/Transforms/Utils/CMakeFiles/LLVMTransformUtils.dir/LoopUnroll.cpp.o
[1478/6914] Building CXX object lib/Transforms/Utils/CMakeFiles/LLVMTransformUtils.dir/LowerAtomic.cpp.o
[1479/6914] Building CXX object lib/Transforms/Utils/CMakeFiles/LLVMTransformUtils.dir/LowerIFunc.cpp.o
[1480/6914] Building CXX object lib/Transforms/Utils/CMakeFiles/LLVMTransformUtils.dir/LoopUnrollAndJam.cpp.o
[1481/6914] Building CXX object lib/Transforms/Utils/CMakeFiles/LLVMTransformUtils.dir/LowerGlobalDtors.cpp.o
[1482/6914] Building CXX object lib/Transforms/Utils/CMakeFiles/LLVMTransformUtils.dir/LoopUnrollRuntime.cpp.o
[1483/6914] Building CXX object lib/Transforms/Utils/CMakeFiles/LLVMTransformUtils.dir/LoopUtils.cpp.o
[1484/6914] Building CXX object lib/Transforms/Utils/CMakeFiles/LLVMTransformUtils.dir/LoopVersioning.cpp.o
[1485/6914] Building CXX object lib/Transforms/Utils/CMakeFiles/LLVMTransformUtils.dir/LowerInvoke.cpp.o
[1486/6914] Building CXX object lib/Transforms/Utils/CMakeFiles/LLVMTransformUtils.dir/MatrixUtils.cpp.o
[1487/6914] Building CXX object lib/Transforms/Utils/CMakeFiles/LLVMTransformUtils.dir/LowerSwitch.cpp.o
[1488/6914] Building CXX object lib/Transforms/Utils/CMakeFiles/LLVMTransformUtils.dir/Mem2Reg.cpp.o
[1489/6914] Building CXX object lib/Transforms/Utils/CMakeFiles/LLVMTransformUtils.dir/LowerMemIntrinsics.cpp.o
[1490/6914] Building CXX object lib/Transforms/Utils/CMakeFiles/LLVMTransformUtils.dir/MemoryOpRemark.cpp.o
[1491/6914] Building CXX object lib/Transforms/Utils/CMakeFiles/LLVMTransformUtils.dir/MemoryTaggingSupport.cpp.o
[1492/6914] Building CXX object lib/Transforms/Utils/CMakeFiles/LLVMTransformUtils.dir/MetaRenamer.cpp.o
[1493/6914] Building CXX object lib/Transforms/Utils/CMakeFiles/LLVMTransformUtils.dir/MisExpect.cpp.o
[1494/6914] Building CXX object lib/Transforms/Utils/CMakeFiles/LLVMTransformUtils.dir/NameAnonGlobals.cpp.o
[1495/6914] Building CXX object lib/Transforms/Utils/CMakeFiles/LLVMTransformUtils.dir/RelLookupTableConverter.cpp.o
[1496/6914] Building CXX object lib/Transforms/Utils/CMakeFiles/LLVMTransformUtils.dir/ModuleUtils.cpp.o
[1497/6914] Building CXX object lib/Transforms/Utils/CMakeFiles/LLVMTransformUtils.dir/PredicateInfo.cpp.o
[1498/6914] Building CXX object lib/Transforms/Utils/CMakeFiles/LLVMTransformUtils.dir/PromoteMemoryToRegister.cpp.o
[1499/6914] Building CXX object lib/Transforms/Utils/CMakeFiles/LLVMTransformUtils.dir/StripGCRelocates.cpp.o
[1500/6914] Building CXX object lib/Transforms/Utils/CMakeFiles/LLVMTransformUtils.dir/SCCPSolver.cpp.o
[1501/6914] Building CXX object lib/Transforms/Utils/CMakeFiles/LLVMTransformUtils.dir/SSAUpdater.cpp.o
[1502/6914] Building CXX object lib/Transforms/Utils/CMakeFiles/LLVMTransformUtils.dir/SampleProfileInference.cpp.o
[1503/6914] Building CXX object lib/Transforms/Utils/CMakeFiles/LLVMTransformUtils.dir/SampleProfileLoaderBaseUtil.cpp.o
[1504/6914] Building CXX object lib/Transforms/Utils/CMakeFiles/LLVMTransformUtils.dir/ScalarEvolutionExpander.cpp.o
[1505/6914] Building CXX object lib/Transforms/Utils/CMakeFiles/LLVMTransformUtils.dir/SanitizerStats.cpp.o
[1506/6914] Building CXX object lib/Transforms/Utils/CMakeFiles/LLVMTransformUtils.dir/SSAUpdaterBulk.cpp.o
[1507/6914] Building CXX object lib/Transforms/Utils/CMakeFiles/LLVMTransformUtils.dir/SizeOpts.cpp.o
[1508/6914] Building CXX object lib/Transforms/Utils/CMakeFiles/LLVMTransformUtils.dir/StripNonLineTableDebugInfo.cpp.o
[1509/6914] Building CXX object lib/Transforms/Utils/CMakeFiles/LLVMTransformUtils.dir/SplitModule.cpp.o
[1510/6914] Building CXX object lib/Transforms/Utils/CMakeFiles/LLVMTransformUtils.dir/SymbolRewriter.cpp.o
[1511/6914] Building CXX object lib/Transforms/Utils/CMakeFiles/LLVMTransformUtils.dir/UnifyFunctionExitNodes.cpp.o
[1512/6914] Building CXX object lib/Transforms/Utils/CMakeFiles/LLVMTransformUtils.dir/SimplifyIndVar.cpp.o
[1513/6914] Building CXX object lib/Transforms/Utils/CMakeFiles/LLVMTransformUtils.dir/Utils.cpp.o
[1514/6914] Linking CXX static library lib/libLLVMAnalysis.a
[1515/6914] Building CXX object lib/Transforms/Utils/CMakeFiles/LLVMTransformUtils.dir/SimplifyLibCalls.cpp.o
[1516/6914] Building ParallelLoopMapperEnums.cpp.inc...
[1517/6914] Building ParallelLoopMapperEnums.h.inc...
[1518/6914] Linking CXX static library lib/libMLIRPDLToPDLInterp.a
[1519/6914] Linking CXX executable bin/clang-tblgen
[1520/6914] Building CXX object lib/Transforms/Utils/CMakeFiles/LLVMTransformUtils.dir/UnifyLoopExits.cpp.o
[1521/6914] Building CXX object tools/mlir/lib/Dialect/Bufferization/IR/CMakeFiles/obj.MLIRBufferizationDialect.dir/AllocationOpInterface.cpp.o
[1522/6914] Building CXX object lib/Transforms/Utils/CMakeFiles/LLVMTransformUtils.dir/VNCoercion.cpp.o
[1523/6914] Linking CXX static library lib/libMLIRFuncDialect.a
[1524/6914] Linking CXX static library lib/libMLIRSparseTensorDialect.a
[1525/6914] Linking CXX static library lib/libMLIRTensorDialect.a
[1526/6914] Building CXX object lib/Transforms/Utils/CMakeFiles/LLVMTransformUtils.dir/ValueMapper.cpp.o
[1527/6914] Building CXX object lib/Transforms/Utils/CMakeFiles/LLVMTransformUtils.dir/SimplifyCFG.cpp.o
[1528/6914] Building CXX object tools/mlir/lib/Dialect/Bufferization/IR/CMakeFiles/obj.MLIRBufferizationDialect.dir/BufferizableOpInterface.cpp.o
[1529/6914] Building OMP.h.inc...
[1530/6914] Building OMP.inc...
[1531/6914] Linking CXX static library lib/libLLVMBitWriter.a
[1532/6914] Linking CXX static library lib/libLLVMTransformUtils.a
[1533/6914] Building CXX object tools/mlir/lib/Rewrite/CMakeFiles/obj.MLIRRewrite.dir/FrozenRewritePatternSet.cpp.o
[1534/6914] Building CXX object tools/mlir/lib/Dialect/Bufferization/IR/CMakeFiles/obj.MLIRBufferizationDialect.dir/BufferizationOps.cpp.o
[1535/6914] Building CXX object tools/mlir/lib/Dialect/Bufferization/IR/CMakeFiles/obj.MLIRBufferizationDialect.dir/BufferizationDialect.cpp.o
[1536/6914] Building CXX object tools/mlir/lib/Rewrite/CMakeFiles/obj.MLIRRewrite.dir/PatternApplicator.cpp.o
[1537/6914] Building CXX object lib/Transforms/AggressiveInstCombine/CMakeFiles/LLVMAggressiveInstCombine.dir/TruncInstCombine.cpp.o
[1538/6914] Building CXX object tools/mlir/lib/Rewrite/CMakeFiles/obj.MLIRRewrite.dir/ByteCode.cpp.o
[1539/6914] Building CXX object lib/Transforms/AggressiveInstCombine/CMakeFiles/LLVMAggressiveInstCombine.dir/AggressiveInstCombine.cpp.o
[1540/6914] Building CXX object lib/Transforms/InstCombine/CMakeFiles/LLVMInstCombine.dir/InstCombineAtomicRMW.cpp.o
[1541/6914] Building CXX object lib/Transforms/InstCombine/CMakeFiles/LLVMInstCombine.dir/InstCombineAddSub.cpp.o
[1542/6914] Building CXX object lib/Transforms/InstCombine/CMakeFiles/LLVMInstCombine.dir/InstructionCombining.cpp.o
[1543/6914] Building CXX object lib/Transforms/InstCombine/CMakeFiles/LLVMInstCombine.dir/InstCombineCasts.cpp.o
[1544/6914] Building CXX object lib/Transforms/InstCombine/CMakeFiles/LLVMInstCombine.dir/InstCombineAndOrXor.cpp.o
[1545/6914] Building CXX object lib/Transforms/InstCombine/CMakeFiles/LLVMInstCombine.dir/InstCombineCalls.cpp.o
[1546/6914] Building CXX object lib/Transforms/InstCombine/CMakeFiles/LLVMInstCombine.dir/InstCombineLoadStoreAlloca.cpp.o
[1547/6914] Building CXX object lib/Transforms/InstCombine/CMakeFiles/LLVMInstCombine.dir/InstCombineNegator.cpp.o
[1548/6914] Building CXX object lib/Transforms/InstCombine/CMakeFiles/LLVMInstCombine.dir/InstCombineMulDivRem.cpp.o
[1549/6914] Building CXX object lib/Transforms/InstCombine/CMakeFiles/LLVMInstCombine.dir/InstCombineCompares.cpp.o
[1550/6914] Building Attrs.inc...
[1551/6914] Building AttrImpl.inc...
[1552/6914] Building AttrTextNodeDump.inc...
[1553/6914] Building AttrNodeTraverse.inc...
[1554/6914] Building AttrVisitor.inc...
[1555/6914] Building StmtNodes.inc...
[1556/6914] Building DeclNodes.inc...
[1557/6914] Building TypeNodes.inc...
[1558/6914] Building AbstractBasicReader.inc...
[1559/6914] Building AbstractBasicWriter.inc...
[1560/6914] Building AbstractTypeReader.inc...
[1561/6914] Building AbstractTypeWriter.inc...
[1562/6914] Building CommentNodes.inc...
[1563/6914] Building CommentHTMLTags.inc...
[1564/6914] Building CommentHTMLTagsProperties.inc...
[1565/6914] Building CommentHTMLNamedCharacterReferences.inc...
[1566/6914] Building CommentCommandInfo.inc...
[1567/6914] Building CommentCommandList.inc...
[1568/6914] Building StmtDataCollectors.inc...
[1569/6914] Building DiagnosticAnalysisKinds.inc...
[1570/6914] Building DiagnosticASTKinds.inc...
[1571/6914] Building DiagnosticCommentKinds.inc...
[1572/6914] Building DiagnosticCommonKinds.inc...
[1573/6914] Building DiagnosticCrossTUKinds.inc...
[1574/6914] Building DiagnosticDriverKinds.inc...
[1575/6914] Building DiagnosticFrontendKinds.inc...
[1576/6914] Building DiagnosticLexKinds.inc...
[1577/6914] Building DiagnosticParseKinds.inc...
[1578/6914] Building CXX object lib/Transforms/InstCombine/CMakeFiles/LLVMInstCombine.dir/InstCombinePHI.cpp.o
[1579/6914] Building DiagnosticRefactoringKinds.inc...
[1580/6914] Building DiagnosticSemaKinds.inc...
[1581/6914] Building DiagnosticSerializationKinds.inc...
[1582/6914] Building DiagnosticGroups.inc...
[1583/6914] Building DiagnosticIndexName.inc...
[1584/6914] Building AttrList.inc...
[1585/6914] Building AttrSubMatchRulesList.inc...
[1586/6914] Building AttrHasAttributeImpl.inc...
[1587/6914] Building arm_fp16.inc...
[1588/6914] Building arm_neon.inc...
[1589/6914] Building arm_mve_builtins.inc...
[1590/6914] Building arm_mve_builtin_cg.inc...
[1591/6914] Building arm_mve_builtin_sema.inc...
[1592/6914] Building arm_mve_builtin_aliases.inc...
[1593/6914] Building arm_sve_builtins.inc...
[1594/6914] Building arm_sve_typeflags.inc...
[1595/6914] Building arm_sve_builtin_cg.inc...
[1596/6914] Building arm_cde_builtins.inc...
[1597/6914] Building arm_cde_builtin_cg.inc...
[1598/6914] Building arm_cde_builtin_sema.inc...
[1599/6914] Building arm_cde_builtin_aliases.inc...
[1600/6914] Building arm_sve_sema_rangechecks.inc...
[1601/6914] Building riscv_vector_builtins.inc...
[1602/6914] Building riscv_vector_builtin_cg.inc...
[1603/6914] Building AttrParserStringSwitches.inc...
[1604/6914] Building AttrSubMatchRulesParserStringSwitches.inc...
[1605/6914] Building AttrTemplateInstantiate.inc...
[1606/6914] Building riscv_vector_builtin_sema.inc...
[1607/6914] Building AttrParsedAttrList.inc...
[1608/6914] Building AttrParsedAttrKinds.inc...
[1609/6914] Building AttrSpellingListIndex.inc...
[1610/6914] Building AttrPCHRead.inc...
[1611/6914] Building AttrParsedAttrImpl.inc...
[1612/6914] Building AttrPCHWrite.inc...
[1613/6914] Building Checkers.inc...
[1614/6914] Building Nodes.inc...
[1615/6914] Building NodeClasses.inc...
[1616/6914] Building GPUOpsEnums.h.inc...
[1617/6914] Building GPUOpsEnums.cpp.inc...
[1618/6914] Building Transforms.capi.cpp.inc...
[1619/6914] Building Passes.h.inc...
[1620/6914] Building Transforms.capi.h.inc...
[1621/6914] Building CXX object lib/Transforms/InstCombine/CMakeFiles/LLVMInstCombine.dir/InstCombineShifts.cpp.o
[1622/6914] Building CXX object tools/mlir/lib/Analysis/Presburger/CMakeFiles/obj.MLIRPresburger.dir/LinearTransform.cpp.o
[1623/6914] Building CXX object lib/Transforms/InstCombine/CMakeFiles/LLVMInstCombine.dir/InstCombineSimplifyDemanded.cpp.o
[1624/6914] Building CXX object tools/mlir/lib/Analysis/Presburger/CMakeFiles/obj.MLIRPresburger.dir/MPInt.cpp.o
[1625/6914] Building CXX object tools/mlir/lib/Analysis/Presburger/CMakeFiles/obj.MLIRPresburger.dir/Matrix.cpp.o
[1626/6914] Building CXX object lib/Transforms/InstCombine/CMakeFiles/LLVMInstCombine.dir/InstCombineSelect.cpp.o
[1627/6914] Building CXX object lib/Transforms/InstCombine/CMakeFiles/LLVMInstCombine.dir/InstCombineVectorOps.cpp.o
[1628/6914] Building CXX object tools/mlir/lib/Analysis/Presburger/CMakeFiles/obj.MLIRPresburger.dir/PresburgerSpace.cpp.o
[1629/6914] Building CXX object tools/mlir/lib/Analysis/Presburger/CMakeFiles/obj.MLIRPresburger.dir/SlowMPInt.cpp.o
[1630/6914] Linking CXX static library lib/libMLIRBufferizationDialect.a
[1631/6914] Building CXX object tools/mlir/lib/Analysis/Presburger/CMakeFiles/obj.MLIRPresburger.dir/PresburgerRelation.cpp.o
[1632/6914] Building CXX object tools/mlir/lib/Analysis/Presburger/CMakeFiles/obj.MLIRPresburger.dir/PWMAFunction.cpp.o
[1633/6914] Building CXX object tools/mlir/lib/Analysis/Presburger/CMakeFiles/obj.MLIRPresburger.dir/Utils.cpp.o
[1634/6914] Building CXX object tools/mlir/lib/Analysis/Presburger/CMakeFiles/obj.MLIRPresburger.dir/IntegerRelation.cpp.o
[1635/6914] Building CXX object tools/mlir/lib/Analysis/Presburger/CMakeFiles/obj.MLIRPresburger.dir/Simplex.cpp.o
[1636/6914] Building CXX object tools/mlir/lib/Dialect/LLVMIR/CMakeFiles/obj.MLIRLLVMDialect.dir/IR/FunctionCallUtils.cpp.o
[1637/6914] Building CXX object tools/mlir/lib/Dialect/LLVMIR/CMakeFiles/obj.MLIRLLVMDialect.dir/IR/LLVMTypeSyntax.cpp.o
[1638/6914] Building CXX object tools/mlir/lib/Dialect/SCF/IR/CMakeFiles/obj.MLIRSCFDialect.dir/DeviceMappingInterface.cpp.o
[1639/6914] Building CXX object tools/mlir/lib/Dialect/Vector/Interfaces/CMakeFiles/obj.MLIRMaskableOpInterface.dir/MaskableOpInterface.cpp.o
[1640/6914] Building CXX object tools/mlir/lib/Dialect/Vector/Interfaces/CMakeFiles/obj.MLIRMaskingOpInterface.dir/MaskingOpInterface.cpp.o
[1641/6914] Building CXX object tools/mlir/lib/Dialect/LLVMIR/CMakeFiles/obj.MLIRLLVMDialect.dir/IR/LLVMTypes.cpp.o
[1642/6914] Building CXX object tools/mlir/lib/Interfaces/CMakeFiles/obj.MLIRCopyOpInterface.dir/CopyOpInterface.cpp.o
[1643/6914] Linking CXX static library lib/libMLIRRewrite.a
[1644/6914] Building CXX object tools/mlir/lib/Interfaces/CMakeFiles/obj.MLIRRuntimeVerifiableOpInterface.dir/RuntimeVerifiableOpInterface.cpp.o
[1645/6914] Building CXX object tools/mlir/lib/Interfaces/CMakeFiles/obj.MLIRVectorInterfaces.dir/VectorInterfaces.cpp.o
[1646/6914] Building CXX object tools/mlir/lib/Dialect/LLVMIR/CMakeFiles/obj.MLIRLLVMDialect.dir/IR/LLVMAttrs.cpp.o
[1647/6914] Building CXX object tools/mlir/lib/Transforms/Utils/CMakeFiles/obj.MLIRTransformUtils.dir/ControlFlowSinkUtils.cpp.o
[1648/6914] Building CXX object tools/mlir/lib/Transforms/Utils/CMakeFiles/obj.MLIRTransformUtils.dir/CommutativityUtils.cpp.o
[1649/6914] Building CXX object tools/mlir/lib/Transforms/Utils/CMakeFiles/obj.MLIRTransformUtils.dir/FoldUtils.cpp.o
[1650/6914] Building CXX object tools/mlir/lib/Transforms/Utils/CMakeFiles/obj.MLIRTransformUtils.dir/InliningUtils.cpp.o
[1651/6914] Building CXX object tools/mlir/lib/Transforms/Utils/CMakeFiles/obj.MLIRTransformUtils.dir/GreedyPatternRewriteDriver.cpp.o
[1652/6914] Building CXX object tools/mlir/lib/Transforms/Utils/CMakeFiles/obj.MLIRTransformUtils.dir/LoopInvariantCodeMotionUtils.cpp.o
[1653/6914] Linking CXX static library lib/libLLVMAggressiveInstCombine.a
[1654/6914] Linking CXX static library lib/libLLVMInstCombine.a
[1655/6914] Building CXX object tools/mlir/lib/Transforms/Utils/CMakeFiles/obj.MLIRTransformUtils.dir/TopologicalSortUtils.cpp.o
[1656/6914] Building CXX object tools/mlir/lib/Transforms/Utils/CMakeFiles/obj.MLIRTransformUtils.dir/DialectConversion.cpp.o
[1657/6914] Building CXX object tools/mlir/lib/Dialect/SCF/IR/CMakeFiles/obj.MLIRSCFDialect.dir/SCF.cpp.o
[1658/6914] Building CXX object tools/mlir/lib/Transforms/Utils/CMakeFiles/obj.MLIRTransformUtils.dir/RegionUtils.cpp.o
[1659/6914] Building CXX object lib/Transforms/Scalar/CMakeFiles/LLVMScalarOpts.dir/AlignmentFromAssumptions.cpp.o
[1660/6914] Building CXX object lib/Transforms/Scalar/CMakeFiles/LLVMScalarOpts.dir/AnnotationRemarks.cpp.o
[1661/6914] Building CXX object lib/Transforms/Scalar/CMakeFiles/LLVMScalarOpts.dir/BDCE.cpp.o
[1662/6914] Building CXX object lib/Transforms/Scalar/CMakeFiles/LLVMScalarOpts.dir/ADCE.cpp.o
[1663/6914] Building CXX object lib/Transforms/Scalar/CMakeFiles/LLVMScalarOpts.dir/CallSiteSplitting.cpp.o
[1664/6914] Building CXX object lib/Transforms/Scalar/CMakeFiles/LLVMScalarOpts.dir/DCE.cpp.o
[1665/6914] Building CXX object lib/Transforms/Scalar/CMakeFiles/LLVMScalarOpts.dir/CorrelatedValuePropagation.cpp.o
[1666/6914] Building CXX object lib/Transforms/Scalar/CMakeFiles/LLVMScalarOpts.dir/ConstantHoisting.cpp.o
[1667/6914] Building CXX object lib/Transforms/Scalar/CMakeFiles/LLVMScalarOpts.dir/ConstraintElimination.cpp.o
[1668/6914] Building CXX object lib/Transforms/Scalar/CMakeFiles/LLVMScalarOpts.dir/FlattenCFGPass.cpp.o
[1669/6914] Building CXX object lib/Transforms/Scalar/CMakeFiles/LLVMScalarOpts.dir/DivRemPairs.cpp.o
[1670/6914] Building CXX object lib/Transforms/Scalar/CMakeFiles/LLVMScalarOpts.dir/DeadStoreElimination.cpp.o
[1671/6914] Building CXX object lib/Transforms/Scalar/CMakeFiles/LLVMScalarOpts.dir/DFAJumpThreading.cpp.o
[1672/6914] Building CXX object lib/Transforms/Scalar/CMakeFiles/LLVMScalarOpts.dir/EarlyCSE.cpp.o
[1673/6914] Building CXX object lib/Transforms/Scalar/CMakeFiles/LLVMScalarOpts.dir/Float2Int.cpp.o
[1674/6914] Building CXX object lib/Transforms/Scalar/CMakeFiles/LLVMScalarOpts.dir/IVUsersPrinter.cpp.o
[1675/6914] Building CXX object lib/Transforms/Scalar/CMakeFiles/LLVMScalarOpts.dir/GuardWidening.cpp.o
[1676/6914] Building CXX object lib/Transforms/Scalar/CMakeFiles/LLVMScalarOpts.dir/GVNSink.cpp.o
[1677/6914] Building CXX object lib/Transforms/Scalar/CMakeFiles/LLVMScalarOpts.dir/GVNHoist.cpp.o
[1678/6914] Building CXX object lib/Transforms/Scalar/CMakeFiles/LLVMScalarOpts.dir/GVN.cpp.o
[1679/6914] Building CXX object lib/Transforms/Scalar/CMakeFiles/LLVMScalarOpts.dir/InductiveRangeCheckElimination.cpp.o
[1680/6914] Building CXX object lib/Transforms/Scalar/CMakeFiles/LLVMScalarOpts.dir/IndVarSimplify.cpp.o
[1681/6914] Building CXX object lib/Transforms/Scalar/CMakeFiles/LLVMScalarOpts.dir/InstSimplifyPass.cpp.o
[1682/6914] Building CXX object lib/Transforms/Scalar/CMakeFiles/LLVMScalarOpts.dir/InferAddressSpaces.cpp.o
[1683/6914] Building CXX object lib/Transforms/Scalar/CMakeFiles/LLVMScalarOpts.dir/LoopAccessAnalysisPrinter.cpp.o
[1684/6914] Building CXX object lib/Transforms/Scalar/CMakeFiles/LLVMScalarOpts.dir/LoopBoundSplit.cpp.o
[1685/6914] Building CXX object lib/Transforms/Scalar/CMakeFiles/LLVMScalarOpts.dir/JumpThreading.cpp.o
[1686/6914] Building CXX object lib/Transforms/Scalar/CMakeFiles/LLVMScalarOpts.dir/LoopSink.cpp.o
[1687/6914] Building CXX object lib/Transforms/Scalar/CMakeFiles/LLVMScalarOpts.dir/LICM.cpp.o
[1688/6914] Building CXX object lib/Transforms/Scalar/CMakeFiles/LLVMScalarOpts.dir/LoopDeletion.cpp.o
[1689/6914] Building CXX object lib/Transforms/Scalar/CMakeFiles/LLVMScalarOpts.dir/LoopDataPrefetch.cpp.o
[1690/6914] Building CXX object lib/Transforms/Scalar/CMakeFiles/LLVMScalarOpts.dir/LoopFuse.cpp.o
[1691/6914] Building CXX object lib/Transforms/Scalar/CMakeFiles/LLVMScalarOpts.dir/LoopDistribute.cpp.o
[1692/6914] Building CXX object lib/Transforms/Scalar/CMakeFiles/LLVMScalarOpts.dir/LoopInstSimplify.cpp.o
[1693/6914] Building CXX object lib/Transforms/Scalar/CMakeFiles/LLVMScalarOpts.dir/LoopIdiomRecognize.cpp.o
[1694/6914] Building CXX object lib/Transforms/Scalar/CMakeFiles/LLVMScalarOpts.dir/LoopFlatten.cpp.o
[1695/6914] Building CXX object lib/Transforms/Scalar/CMakeFiles/LLVMScalarOpts.dir/LoopInterchange.cpp.o
[1696/6914] Building CXX object lib/Transforms/Scalar/CMakeFiles/LLVMScalarOpts.dir/LoopPassManager.cpp.o
[1697/6914] Building CXX object lib/Transforms/Scalar/CMakeFiles/LLVMScalarOpts.dir/LoopLoadElimination.cpp.o
[1698/6914] Building CXX object lib/Transforms/Scalar/CMakeFiles/LLVMScalarOpts.dir/LoopPredication.cpp.o
[1699/6914] Building CXX object lib/Transforms/Scalar/CMakeFiles/LLVMScalarOpts.dir/LoopRotation.cpp.o
[1700/6914] Building CXX object lib/Transforms/Scalar/CMakeFiles/LLVMScalarOpts.dir/LoopSimplifyCFG.cpp.o
[1701/6914] Building CXX object lib/Transforms/Scalar/CMakeFiles/LLVMScalarOpts.dir/LoopRerollPass.cpp.o
[1702/6914] Building CXX object lib/Transforms/Scalar/CMakeFiles/LLVMScalarOpts.dir/LoopUnrollAndJamPass.cpp.o
[1703/6914] Building CXX object lib/Transforms/Scalar/CMakeFiles/LLVMScalarOpts.dir/LowerAtomicPass.cpp.o
[1704/6914] Building CXX object tools/mlir/lib/Dialect/LLVMIR/CMakeFiles/obj.MLIRLLVMDialect.dir/IR/LLVMDialect.cpp.o
[1705/6914] Building CXX object lib/Transforms/Scalar/CMakeFiles/LLVMScalarOpts.dir/LoopUnrollPass.cpp.o
[1706/6914] Building CXX object lib/Transforms/Scalar/CMakeFiles/LLVMScalarOpts.dir/LowerExpectIntrinsic.cpp.o
[1707/6914] Building CXX object lib/Transforms/Scalar/CMakeFiles/LLVMScalarOpts.dir/LoopVersioningLICM.cpp.o
[1708/6914] Building CXX object lib/Transforms/Scalar/CMakeFiles/LLVMScalarOpts.dir/LowerGuardIntrinsic.cpp.o
[1709/6914] Building CXX object lib/Transforms/Scalar/CMakeFiles/LLVMScalarOpts.dir/LowerConstantIntrinsics.cpp.o
[1710/6914] Building CXX object lib/Transforms/Scalar/CMakeFiles/LLVMScalarOpts.dir/MakeGuardsExplicit.cpp.o
[1711/6914] Building CXX object lib/Transforms/Scalar/CMakeFiles/LLVMScalarOpts.dir/LoopStrengthReduce.cpp.o
[1712/6914] Building CXX object lib/Transforms/Scalar/CMakeFiles/LLVMScalarOpts.dir/LowerWidenableCondition.cpp.o
[1713/6914] Building CXX object lib/Transforms/Scalar/CMakeFiles/LLVMScalarOpts.dir/MergedLoadStoreMotion.cpp.o
[1714/6914] Building CXX object lib/Transforms/Scalar/CMakeFiles/LLVMScalarOpts.dir/MemCpyOptimizer.cpp.o
[1715/6914] Building CXX object lib/Transforms/Scalar/CMakeFiles/LLVMScalarOpts.dir/MergeICmps.cpp.o
[1716/6914] Building CXX object lib/Transforms/Scalar/CMakeFiles/LLVMScalarOpts.dir/NaryReassociate.cpp.o
[1717/6914] Building CXX object lib/Transforms/Scalar/CMakeFiles/LLVMScalarOpts.dir/PartiallyInlineLibCalls.cpp.o
[1718/6914] Building CXX object lib/Transforms/Scalar/CMakeFiles/LLVMScalarOpts.dir/LowerMatrixIntrinsics.cpp.o
[1719/6914] Building CXX object lib/Transforms/Scalar/CMakeFiles/LLVMScalarOpts.dir/Reg2Mem.cpp.o
[1720/6914] Building CXX object lib/Transforms/Scalar/CMakeFiles/LLVMScalarOpts.dir/PlaceSafepoints.cpp.o
[1721/6914] Building CXX object lib/Transforms/Scalar/CMakeFiles/LLVMScalarOpts.dir/SCCP.cpp.o
[1722/6914] Building CXX object lib/Transforms/Scalar/CMakeFiles/LLVMScalarOpts.dir/Scalar.cpp.o
[1723/6914] Building CXX object lib/Transforms/Scalar/CMakeFiles/LLVMScalarOpts.dir/NewGVN.cpp.o
[1724/6914] Building CXX object lib/Transforms/Scalar/CMakeFiles/LLVMScalarOpts.dir/Reassociate.cpp.o
[1725/6914] Building CXX object lib/Transforms/Scalar/CMakeFiles/LLVMScalarOpts.dir/RewriteStatepointsForGC.cpp.o
[1726/6914] Building CXX object lib/Transforms/Scalar/CMakeFiles/LLVMScalarOpts.dir/Scalarizer.cpp.o
[1727/6914] Building CXX object lib/Transforms/Scalar/CMakeFiles/LLVMScalarOpts.dir/ScalarizeMaskedMemIntrin.cpp.o
[1728/6914] Building CXX object lib/Transforms/Scalar/CMakeFiles/LLVMScalarOpts.dir/SeparateConstOffsetFromGEP.cpp.o
[1729/6914] Building CXX object lib/Transforms/Scalar/CMakeFiles/LLVMScalarOpts.dir/SimplifyCFGPass.cpp.o
[1730/6914] Building CXX object lib/Transforms/Scalar/CMakeFiles/LLVMScalarOpts.dir/Sink.cpp.o
[1731/6914] Building CXX object lib/Transforms/Scalar/CMakeFiles/LLVMScalarOpts.dir/SROA.cpp.o
[1732/6914] Building CXX object lib/Transforms/Scalar/CMakeFiles/LLVMScalarOpts.dir/SpeculativeExecution.cpp.o
[1733/6914] Building CXX object lib/Transforms/Scalar/CMakeFiles/LLVMScalarOpts.dir/StraightLineStrengthReduce.cpp.o
[1734/6914] Generating VCSVersion.inc
[1735/6914] Building GPUOpsAttributes.cpp.inc...
[1736/6914] Building GPUOpsAttributes.h.inc...
[1737/6914] Building CXX object lib/Transforms/Scalar/CMakeFiles/LLVMScalarOpts.dir/TLSVariableHoist.cpp.o
[1738/6914] Building Passes.h.inc...
[1739/6914] Linking CXX static library lib/libMLIRPresburger.a
[1740/6914] Building CXX object lib/Transforms/Scalar/CMakeFiles/LLVMScalarOpts.dir/WarnMissedTransforms.cpp.o
[1741/6914] Building CXX object lib/Transforms/Scalar/CMakeFiles/LLVMScalarOpts.dir/TailRecursionElimination.cpp.o
[1742/6914] Building CXX object lib/Transforms/Scalar/CMakeFiles/LLVMScalarOpts.dir/StructurizeCFG.cpp.o
[1743/6914] Building CXX object lib/Transforms/Scalar/CMakeFiles/LLVMScalarOpts.dir/SimpleLoopUnswitch.cpp.o
[1744/6914] Building CXX object tools/mlir/lib/Dialect/Affine/Analysis/CMakeFiles/obj.MLIRAffineAnalysis.dir/NestedMatcher.cpp.o
[1745/6914] Building CXX object tools/mlir/lib/Dialect/Affine/Analysis/CMakeFiles/obj.MLIRAffineAnalysis.dir/AffineAnalysis.cpp.o
[1746/6914] Linking CXX static library lib/libMLIRLLVMDialect.a
[1747/6914] Building CXX object tools/mlir/lib/Dialect/Affine/Analysis/CMakeFiles/obj.MLIRAffineAnalysis.dir/LoopAnalysis.cpp.o
[1748/6914] Building CXX object tools/mlir/lib/Dialect/Affine/Analysis/CMakeFiles/obj.MLIRAffineAnalysis.dir/AffineStructures.cpp.o
[1749/6914] Building CXX object tools/mlir/lib/Dialect/DLTI/CMakeFiles/obj.MLIRDLTIDialect.dir/Traits.cpp.o
[1750/6914] Linking CXX static library lib/libMLIRSCFDialect.a
[1751/6914] Building CXX object tools/mlir/lib/Dialect/DLTI/CMakeFiles/obj.MLIRDLTIDialect.dir/DLTI.cpp.o
[1752/6914] Linking CXX static library lib/libMLIRMaskableOpInterface.a
[1753/6914] Linking CXX static library lib/libMLIRMaskingOpInterface.a
[1754/6914] Linking CXX static library lib/libMLIRCopyOpInterface.a
[1755/6914] Linking CXX static library lib/libMLIRRuntimeVerifiableOpInterface.a
[1756/6914] Building CXX object tools/mlir/lib/Dialect/Affine/Analysis/CMakeFiles/obj.MLIRAffineAnalysis.dir/Utils.cpp.o
[1757/6914] Linking CXX static library lib/libMLIRVectorInterfaces.a
[1758/6914] Building CXX object tools/mlir/lib/Interfaces/CMakeFiles/obj.MLIRTilingInterface.dir/TilingInterface.cpp.o
[1759/6914] Building CXX object tools/mlir/lib/Transforms/CMakeFiles/obj.MLIRTransforms.dir/Canonicalizer.cpp.o
[1760/6914] Building CXX object tools/mlir/lib/Transforms/CMakeFiles/obj.MLIRTransforms.dir/ControlFlowSink.cpp.o
[1761/6914] Building CXX object tools/mlir/lib/Dialect/Math/IR/CMakeFiles/obj.MLIRMathDialect.dir/MathOps.cpp.o
[1762/6914] Building CXX object tools/mlir/lib/Dialect/Math/IR/CMakeFiles/obj.MLIRMathDialect.dir/MathDialect.cpp.o
[1763/6914] Building CXX object tools/mlir/lib/Transforms/CMakeFiles/obj.MLIRTransforms.dir/GenerateRuntimeVerification.cpp.o
[1764/6914] Building CXX object tools/mlir/lib/Transforms/CMakeFiles/obj.MLIRTransforms.dir/CSE.cpp.o
[1765/6914] Building CXX object tools/mlir/lib/Transforms/CMakeFiles/obj.MLIRTransforms.dir/LoopInvariantCodeMotion.cpp.o
[1766/6914] Building CXX object tools/mlir/lib/Transforms/CMakeFiles/obj.MLIRTransforms.dir/LocationSnapshot.cpp.o
[1767/6914] Building CXX object tools/mlir/lib/Transforms/CMakeFiles/obj.MLIRTransforms.dir/OpStats.cpp.o
[1768/6914] Building CXX object tools/mlir/lib/Transforms/CMakeFiles/obj.MLIRTransforms.dir/Inliner.cpp.o
[1769/6914] Building CXX object tools/mlir/lib/Transforms/CMakeFiles/obj.MLIRTransforms.dir/SCCP.cpp.o
[1770/6914] Building CXX object tools/mlir/lib/Dialect/LLVMIR/CMakeFiles/obj.MLIRNVVMDialect.dir/IR/NVVMDialect.cpp.o
[1771/6914] Building CXX object tools/mlir/lib/Transforms/CMakeFiles/obj.MLIRTransforms.dir/StripDebugInfo.cpp.o
[1772/6914] Linking CXX static library lib/libMLIRTransformUtils.a
[1773/6914] Building CXX object lib/Frontend/OpenMP/CMakeFiles/LLVMFrontendOpenMP.dir/OMP.cpp.o
[1774/6914] Building CXX object tools/mlir/lib/Transforms/CMakeFiles/obj.MLIRTransforms.dir/SymbolDCE.cpp.o
[1775/6914] Building CXX object tools/mlir/lib/Transforms/CMakeFiles/obj.MLIRTransforms.dir/SymbolPrivatize.cpp.o
[1776/6914] Building CXX object tools/mlir/lib/Transforms/CMakeFiles/obj.MLIRTransforms.dir/TopologicalSort.cpp.o
[1777/6914] Building CXX object lib/Frontend/OpenMP/CMakeFiles/LLVMFrontendOpenMP.dir/OMPContext.cpp.o
[1778/6914] Building CXX object tools/mlir/lib/Transforms/CMakeFiles/obj.MLIRTransforms.dir/ViewOpGraph.cpp.o
[1779/6914] Building CXX object lib/Transforms/Instrumentation/CMakeFiles/LLVMInstrumentation.dir/BoundsChecking.cpp.o
[1780/6914] Building CXX object lib/Transforms/Instrumentation/CMakeFiles/LLVMInstrumentation.dir/CGProfile.cpp.o
[1781/6914] Building CXX object lib/Transforms/Instrumentation/CMakeFiles/LLVMInstrumentation.dir/AddressSanitizer.cpp.o
[1782/6914] Building CXX object lib/Transforms/Instrumentation/CMakeFiles/LLVMInstrumentation.dir/ControlHeightReduction.cpp.o
[1783/6914] Building CXX object lib/Transforms/Instrumentation/CMakeFiles/LLVMInstrumentation.dir/GCOVProfiling.cpp.o
[1784/6914] Building CXX object lib/Transforms/Instrumentation/CMakeFiles/LLVMInstrumentation.dir/DataFlowSanitizer.cpp.o
[1785/6914] Building CXX object lib/Transforms/Instrumentation/CMakeFiles/LLVMInstrumentation.dir/MemProfiler.cpp.o
[1786/6914] Building CXX object lib/Frontend/OpenMP/CMakeFiles/LLVMFrontendOpenMP.dir/OMPIRBuilder.cpp.o
[1787/6914] Building CXX object lib/Transforms/Instrumentation/CMakeFiles/LLVMInstrumentation.dir/Instrumentation.cpp.o
[1788/6914] Building CXX object lib/Transforms/Instrumentation/CMakeFiles/LLVMInstrumentation.dir/IndirectCallPromotion.cpp.o
[1789/6914] Building CXX object tools/mlir/lib/Dialect/Vector/IR/CMakeFiles/obj.MLIRVectorDialect.dir/VectorOps.cpp.o
[1790/6914] Building CXX object lib/Transforms/Instrumentation/CMakeFiles/LLVMInstrumentation.dir/InstrOrderFile.cpp.o
[1791/6914] Building CXX object lib/Transforms/Instrumentation/CMakeFiles/LLVMInstrumentation.dir/KCFI.cpp.o
[1792/6914] Building CXX object lib/Transforms/Instrumentation/CMakeFiles/LLVMInstrumentation.dir/PoisonChecking.cpp.o
[1793/6914] Building CXX object lib/Transforms/Instrumentation/CMakeFiles/LLVMInstrumentation.dir/MemorySanitizer.cpp.o
[1794/6914] Building CXX object lib/Transforms/Instrumentation/CMakeFiles/LLVMInstrumentation.dir/InstrProfiling.cpp.o
[1795/6914] Building CXX object lib/Transforms/Instrumentation/CMakeFiles/LLVMInstrumentation.dir/PGOMemOPSizeOpt.cpp.o
[1796/6914] Building CXX object lib/Transforms/Instrumentation/CMakeFiles/LLVMInstrumentation.dir/ValueProfileCollector.cpp.o
[1797/6914] Building CXX object lib/Transforms/Instrumentation/CMakeFiles/LLVMInstrumentation.dir/SanitizerBinaryMetadata.cpp.o
[1798/6914] Linking CXX static library lib/libLLVMScalarOpts.a
[1799/6914] Building CXX object lib/Transforms/Instrumentation/CMakeFiles/LLVMInstrumentation.dir/SanitizerCoverage.cpp.o
[1800/6914] Building CXX object lib/Transforms/Instrumentation/CMakeFiles/LLVMInstrumentation.dir/ThreadSanitizer.cpp.o
[1801/6914] Building CXX object lib/Transforms/Instrumentation/CMakeFiles/LLVMInstrumentation.dir/PGOInstrumentation.cpp.o
[1802/6914] Building CXX object lib/Transforms/Instrumentation/CMakeFiles/LLVMInstrumentation.dir/HWAddressSanitizer.cpp.o
[1803/6914] Building CXX object lib/Transforms/Vectorize/CMakeFiles/LLVMVectorize.dir/Vectorize.cpp.o
[1804/6914] Building CXX object lib/Transforms/Vectorize/CMakeFiles/LLVMVectorize.dir/LoadStoreVectorizer.cpp.o
[1805/6914] Building CXX object lib/Transforms/Vectorize/CMakeFiles/LLVMVectorize.dir/LoopVectorizationLegality.cpp.o
[1806/6914] Building CXX object lib/Transforms/Vectorize/CMakeFiles/LLVMVectorize.dir/VectorCombine.cpp.o
[1807/6914] Building CXX object lib/Transforms/Vectorize/CMakeFiles/LLVMVectorize.dir/VPlan.cpp.o
[1808/6914] Building CXX object lib/Transforms/Vectorize/CMakeFiles/LLVMVectorize.dir/VPlanHCFGBuilder.cpp.o
[1809/6914] Building CXX object lib/Transforms/Vectorize/CMakeFiles/LLVMVectorize.dir/VPlanRecipes.cpp.o
[1810/6914] Building CXX object lib/Transforms/ObjCARC/CMakeFiles/LLVMObjCARCOpts.dir/ObjCARC.cpp.o
[1811/6914] Building CXX object lib/Transforms/Vectorize/CMakeFiles/LLVMVectorize.dir/VPlanSLP.cpp.o
[1812/6914] Building CXX object lib/Transforms/Vectorize/CMakeFiles/LLVMVectorize.dir/VPlanVerifier.cpp.o
[1813/6914] Building CXX object lib/Transforms/ObjCARC/CMakeFiles/LLVMObjCARCOpts.dir/ObjCARCExpand.cpp.o
[1814/6914] Building CXX object lib/Transforms/Vectorize/CMakeFiles/LLVMVectorize.dir/VPlanTransforms.cpp.o
[1815/6914] Building CXX object lib/Transforms/ObjCARC/CMakeFiles/LLVMObjCARCOpts.dir/ObjCARCAPElim.cpp.o
[1816/6914] Building CXX object lib/Transforms/ObjCARC/CMakeFiles/LLVMObjCARCOpts.dir/ObjCARCOpts.cpp.o
[1817/6914] Building CXX object lib/Transforms/ObjCARC/CMakeFiles/LLVMObjCARCOpts.dir/ObjCARCContract.cpp.o
[1818/6914] Building CXX object lib/Transforms/ObjCARC/CMakeFiles/LLVMObjCARCOpts.dir/DependencyAnalysis.cpp.o
[1819/6914] Building CXX object lib/Transforms/Vectorize/CMakeFiles/LLVMVectorize.dir/LoopVectorize.cpp.o
[1820/6914] Building CXX object lib/Transforms/ObjCARC/CMakeFiles/LLVMObjCARCOpts.dir/ProvenanceAnalysis.cpp.o
[1821/6914] Building CXX object lib/Transforms/ObjCARC/CMakeFiles/LLVMObjCARCOpts.dir/ProvenanceAnalysisEvaluator.cpp.o
[1822/6914] Building CXX object lib/Target/CMakeFiles/LLVMTarget.dir/Target.cpp.o
[1823/6914] Building CXX object lib/Transforms/ObjCARC/CMakeFiles/LLVMObjCARCOpts.dir/PtrState.cpp.o
[1824/6914] Building CXX object lib/Target/CMakeFiles/LLVMTarget.dir/TargetIntrinsicInfo.cpp.o
[1825/6914] Building CXX object lib/Linker/CMakeFiles/LLVMLinker.dir/LinkModules.cpp.o
[1826/6914] Building CXX object lib/Target/CMakeFiles/LLVMTarget.dir/TargetLoweringObjectFile.cpp.o
[1827/6914] Building CXX object lib/Target/CMakeFiles/LLVMTarget.dir/TargetMachine.cpp.o
[1828/6914] Building CXX object lib/Target/CMakeFiles/LLVMTarget.dir/TargetMachineC.cpp.o
[1829/6914] Building CXX object lib/Linker/CMakeFiles/LLVMLinker.dir/IRMover.cpp.o
[1830/6914] Building AMDGPUGenCallingConv.inc...
[1831/6914] Building AMDGPUGenDisassemblerTables.inc...
[1832/6914] Building CXX object lib/Transforms/Vectorize/CMakeFiles/LLVMVectorize.dir/SLPVectorizer.cpp.o
[1833/6914] Building AMDGPUGenAsmMatcher.inc...
[1834/6914] Building AMDGPUGenAsmWriter.inc...
[1835/6914] Building AMDGPUGenMCCodeEmitter.inc...
[1836/6914] Building AMDGPUGenDAGISel.inc...
[1837/6914] Building AMDGPUGenMCPseudoLowering.inc...
[1838/6914] Building AMDGPUGenPostLegalizeGICombiner.inc...
[1839/6914] Building AMDGPUGenGlobalISel.inc...
[1840/6914] Building AMDGPUGenPreLegalizeGICombiner.inc...
[1841/6914] Building AMDGPUGenRegBankGICombiner.inc...
[1842/6914] Building R600GenAsmWriter.inc...
[1843/6914] Building R600GenCallingConv.inc...
[1844/6914] Building R600GenDAGISel.inc...
[1845/6914] Building R600GenDFAPacketizer.inc...
[1846/6914] Building R600GenInstrInfo.inc...
[1847/6914] Building R600GenMCCodeEmitter.inc...
[1848/6914] Building R600GenRegisterInfo.inc...
[1849/6914] Building AMDGPUGenInstrInfo.inc...
[1850/6914] Building R600GenSubtargetInfo.inc...
[1851/6914] Building AMDGPUGenSearchableTables.inc...
[1852/6914] Building CXX object tools/clang/lib/Basic/CMakeFiles/obj.clangBasic.dir/Builtins.cpp.o
[1853/6914] Building CXX object tools/clang/lib/Basic/CMakeFiles/obj.clangBasic.dir/CLWarnings.cpp.o
[1854/6914] Building CXX object tools/clang/lib/Basic/CMakeFiles/obj.clangBasic.dir/CharInfo.cpp.o
[1855/6914] Building AMDGPUGenSubtargetInfo.inc...
[1856/6914] Building CXX object tools/clang/lib/Basic/CMakeFiles/obj.clangBasic.dir/CodeGenOptions.cpp.o
[1857/6914] Building CXX object tools/clang/lib/Basic/CMakeFiles/obj.clangBasic.dir/Cuda.cpp.o
[1858/6914] Building CXX object tools/clang/lib/Basic/CMakeFiles/obj.clangBasic.dir/DarwinSDKInfo.cpp.o
[1859/6914] Building CXX object tools/clang/lib/Basic/CMakeFiles/obj.clangBasic.dir/DiagnosticOptions.cpp.o
[1860/6914] Building CXX object tools/clang/lib/Basic/CMakeFiles/obj.clangBasic.dir/ExpressionTraits.cpp.o
[1861/6914] Building CXX object tools/clang/lib/Basic/CMakeFiles/obj.clangBasic.dir/Diagnostic.cpp.o
[1862/6914] Building CXX object tools/clang/lib/Basic/CMakeFiles/obj.clangBasic.dir/FileEntry.cpp.o
[1863/6914] Building CXX object tools/clang/lib/Basic/CMakeFiles/obj.clangBasic.dir/FileSystemStatCache.cpp.o
[1864/6914] Building CXX object tools/clang/lib/Basic/CMakeFiles/obj.clangBasic.dir/FileManager.cpp.o
[1865/6914] Building CXX object tools/clang/lib/Basic/CMakeFiles/obj.clangBasic.dir/Attributes.cpp.o
[1866/6914] Building CXX object tools/clang/lib/Basic/CMakeFiles/obj.clangBasic.dir/LangStandards.cpp.o
[1867/6914] Building AMDGPUGenRegisterBank.inc...
[1868/6914] Building CXX object tools/clang/lib/Basic/CMakeFiles/obj.clangBasic.dir/LangOptions.cpp.o
[1869/6914] Building CXX object tools/clang/lib/Basic/CMakeFiles/obj.clangBasic.dir/MakeSupport.cpp.o
[1870/6914] Building CXX object tools/clang/lib/Basic/CMakeFiles/obj.clangBasic.dir/ObjCRuntime.cpp.o
[1871/6914] Building CXX object tools/clang/lib/Basic/CMakeFiles/obj.clangBasic.dir/DiagnosticIDs.cpp.o
[1872/6914] Building CXX object tools/clang/lib/Basic/CMakeFiles/obj.clangBasic.dir/IdentifierTable.cpp.o
[1873/6914] Building CXX object tools/clang/lib/Basic/CMakeFiles/obj.clangBasic.dir/OperatorPrecedence.cpp.o
[1874/6914] Building AMDGPUGenRegisterInfo.inc...
[1875/6914] Building CXX object tools/clang/lib/Basic/CMakeFiles/obj.clangBasic.dir/OpenCLOptions.cpp.o
[1876/6914] Building CXX object tools/clang/lib/Basic/CMakeFiles/obj.clangBasic.dir/OpenMPKinds.cpp.o
[1877/6914] Building CXX object tools/clang/lib/Basic/CMakeFiles/obj.clangBasic.dir/SanitizerSpecialCaseList.cpp.o
[1878/6914] Building CXX object tools/clang/lib/Basic/CMakeFiles/obj.clangBasic.dir/NoSanitizeList.cpp.o
[1879/6914] Building CXX object tools/clang/lib/Basic/CMakeFiles/obj.clangBasic.dir/ProfileList.cpp.o
[1880/6914] Building CXX object tools/clang/lib/Basic/CMakeFiles/obj.clangBasic.dir/Module.cpp.o
[1881/6914] Building CXX object tools/clang/lib/Basic/CMakeFiles/obj.clangBasic.dir/Sanitizers.cpp.o
[1882/6914] Building CXX object tools/clang/lib/Basic/CMakeFiles/obj.clangBasic.dir/Stack.cpp.o
[1883/6914] Building CXX object tools/clang/lib/Basic/CMakeFiles/obj.clangBasic.dir/SourceLocation.cpp.o
[1884/6914] Building CXX object tools/clang/lib/Basic/CMakeFiles/obj.clangBasic.dir/TargetID.cpp.o
[1885/6914] Building CXX object tools/clang/lib/Basic/CMakeFiles/obj.clangBasic.dir/TargetInfo.cpp.o
[1886/6914] Building CXX object tools/clang/lib/Basic/CMakeFiles/obj.clangBasic.dir/Sarif.cpp.o
[1887/6914] Building CXX object tools/clang/lib/Basic/CMakeFiles/obj.clangBasic.dir/Targets/AMDGPU.cpp.o
[1888/6914] Building CXX object tools/clang/lib/Basic/CMakeFiles/obj.clangBasic.dir/SourceManager.cpp.o
[1889/6914] Building CXX object tools/clang/lib/Basic/CMakeFiles/obj.clangBasic.dir/Targets/ARC.cpp.o
[1890/6914] Building CXX object tools/clang/lib/Basic/CMakeFiles/obj.clangBasic.dir/Targets/AArch64.cpp.o
[1891/6914] Building CXX object tools/clang/lib/Basic/CMakeFiles/obj.clangBasic.dir/Targets/BPF.cpp.o
[1892/6914] Building CXX object tools/clang/lib/Basic/CMakeFiles/obj.clangBasic.dir/Targets/DirectX.cpp.o
[1893/6914] Building CXX object tools/clang/lib/Basic/CMakeFiles/obj.clangBasic.dir/Targets/CSKY.cpp.o
[1894/6914] Building CXX object tools/clang/lib/Basic/CMakeFiles/obj.clangBasic.dir/Targets/ARM.cpp.o
[1895/6914] Building CXX object tools/clang/lib/Basic/CMakeFiles/obj.clangBasic.dir/Targets/AVR.cpp.o
[1896/6914] Building CXX object tools/clang/lib/Basic/CMakeFiles/obj.clangBasic.dir/Targets.cpp.o
[1897/6914] Building CXX object tools/clang/lib/Basic/CMakeFiles/obj.clangBasic.dir/Targets/Lanai.cpp.o
[1898/6914] Building CXX object tools/clang/lib/Basic/CMakeFiles/obj.clangBasic.dir/Targets/Le64.cpp.o
[1899/6914] Building CXX object tools/clang/lib/Basic/CMakeFiles/obj.clangBasic.dir/Targets/Hexagon.cpp.o
[1900/6914] Building CXX object tools/clang/lib/Basic/CMakeFiles/obj.clangBasic.dir/Targets/LoongArch.cpp.o
[1901/6914] Building CXX object tools/clang/lib/Basic/CMakeFiles/obj.clangBasic.dir/Targets/MSP430.cpp.o
[1902/6914] Building CXX object tools/clang/lib/Basic/CMakeFiles/obj.clangBasic.dir/Targets/M68k.cpp.o
[1903/6914] Building CXX object tools/clang/lib/Basic/CMakeFiles/obj.clangBasic.dir/Targets/OSTargets.cpp.o
[1904/6914] Building CXX object tools/clang/lib/Basic/CMakeFiles/obj.clangBasic.dir/Targets/NVPTX.cpp.o
[1905/6914] Building CXX object tools/clang/lib/Basic/CMakeFiles/obj.clangBasic.dir/Targets/PNaCl.cpp.o
[1906/6914] Building CXX object tools/clang/lib/Basic/CMakeFiles/obj.clangBasic.dir/Targets/Mips.cpp.o
[1907/6914] Building CXX object tools/clang/lib/Basic/CMakeFiles/obj.clangBasic.dir/Targets/SPIR.cpp.o
[1908/6914] Building CXX object tools/clang/lib/Basic/CMakeFiles/obj.clangBasic.dir/Targets/PPC.cpp.o
[1909/6914] Building CXX object tools/clang/lib/Basic/CMakeFiles/obj.clangBasic.dir/Targets/RISCV.cpp.o
[1910/6914] Building CXX object tools/clang/lib/Basic/CMakeFiles/obj.clangBasic.dir/Targets/Sparc.cpp.o
[1911/6914] Building CXX object tools/clang/lib/Basic/CMakeFiles/obj.clangBasic.dir/Targets/TCE.cpp.o
[1912/6914] Building CXX object tools/clang/lib/Basic/CMakeFiles/obj.clangBasic.dir/Targets/SystemZ.cpp.o
[1913/6914] Building CXX object tools/clang/lib/Basic/CMakeFiles/obj.clangBasic.dir/TypeTraits.cpp.o
[1914/6914] Building CXX object tools/clang/lib/Basic/CMakeFiles/obj.clangBasic.dir/TokenKinds.cpp.o
[1915/6914] Building CXX object tools/clang/lib/Basic/CMakeFiles/obj.clangBasic.dir/Version.cpp.o
[1916/6914] Building CXX object tools/clang/lib/Basic/CMakeFiles/obj.clangBasic.dir/Targets/VE.cpp.o
[1917/6914] Building CXX object tools/clang/lib/Basic/CMakeFiles/obj.clangBasic.dir/Warnings.cpp.o
[1918/6914] Building AMXConversions.inc...
[1919/6914] Building ArmSVEConversions.inc...
[1920/6914] Building Passes.h.inc...
[1921/6914] Building Passes.h.inc...
[1922/6914] Building VectorTransformsEnums.cpp.inc...
[1923/6914] Building VectorTransformsEnums.h.inc...
[1924/6914] Building CXX object tools/clang/lib/Basic/CMakeFiles/obj.clangBasic.dir/XRayInstr.cpp.o
[1925/6914] Building X86VectorConversions.inc...
[1926/6914] Building CXX object tools/clang/lib/Basic/CMakeFiles/obj.clangBasic.dir/Targets/XCore.cpp.o
[1927/6914] Building CXX object tools/clang/lib/Basic/CMakeFiles/obj.clangBasic.dir/Targets/WebAssembly.cpp.o
[1928/6914] Building CXX object tools/clang/lib/Basic/CMakeFiles/obj.clangBasic.dir/XRayLists.cpp.o
[1929/6914] Building CXX object tools/clang/lib/Basic/CMakeFiles/obj.clangBasic.dir/Targets/X86.cpp.o
[1930/6914] Building CXX object tools/mlir/lib/Conversion/LLVMCommon/CMakeFiles/obj.MLIRLLVMCommonConversion.dir/LoweringOptions.cpp.o
[1931/6914] Building CXX object tools/mlir/lib/Conversion/LLVMCommon/CMakeFiles/obj.MLIRLLVMCommonConversion.dir/ConversionTarget.cpp.o
[1932/6914] Linking CXX static library lib/libMLIRAffineAnalysis.a
[1933/6914] Building CXX object tools/mlir/lib/Conversion/LLVMCommon/CMakeFiles/obj.MLIRLLVMCommonConversion.dir/Pattern.cpp.o
[1934/6914] Building CXX object tools/mlir/lib/Conversion/LLVMCommon/CMakeFiles/obj.MLIRLLVMCommonConversion.dir/MemRefBuilder.cpp.o
[1935/6914] Building CXX object tools/mlir/lib/Conversion/LLVMCommon/CMakeFiles/obj.MLIRLLVMCommonConversion.dir/StructBuilder.cpp.o
[1936/6914] Building CXX object tools/mlir/lib/Conversion/LLVMCommon/CMakeFiles/obj.MLIRLLVMCommonConversion.dir/VectorPattern.cpp.o
[1937/6914] Building CXX object tools/mlir/lib/Conversion/LLVMCommon/CMakeFiles/obj.MLIRLLVMCommonConversion.dir/TypeConverter.cpp.o
[1938/6914] Building CXX object tools/mlir/lib/Dialect/Affine/Utils/CMakeFiles/obj.MLIRAffineUtils.dir/ViewLikeInterfaceUtils.cpp.o
[1939/6914] Building CXX object tools/mlir/lib/Dialect/Affine/Utils/CMakeFiles/obj.MLIRAffineUtils.dir/LoopFusionUtils.cpp.o
[1940/6914] Building CXX object tools/mlir/lib/Dialect/Affine/Utils/CMakeFiles/obj.MLIRAffineUtils.dir/Utils.cpp.o
[1941/6914] Building CXX object tools/mlir/lib/Dialect/AMX/IR/CMakeFiles/obj.MLIRAMXDialect.dir/AMXDialect.cpp.o
[1942/6914] Building CXX object tools/mlir/lib/Dialect/Affine/Utils/CMakeFiles/obj.MLIRAffineUtils.dir/LoopUtils.cpp.o
[1943/6914] Building CXX object tools/mlir/lib/Dialect/ArmSVE/IR/CMakeFiles/obj.MLIRArmSVEDialect.dir/ArmSVEDialect.cpp.o
[1944/6914] Building CXX object tools/mlir/lib/Dialect/Bufferization/Transforms/CMakeFiles/obj.MLIRBufferizationTransforms.dir/Bufferize.cpp.o
[1945/6914] Building CXX object tools/mlir/lib/Dialect/Bufferization/Transforms/CMakeFiles/obj.MLIRBufferizationTransforms.dir/BufferDeallocation.cpp.o
[1946/6914] Building CXX object tools/mlir/lib/Dialect/Bufferization/Transforms/CMakeFiles/obj.MLIRBufferizationTransforms.dir/BufferResultsToOutParams.cpp.o
[1947/6914] Building CXX object tools/mlir/lib/Dialect/Bufferization/Transforms/CMakeFiles/obj.MLIRBufferizationTransforms.dir/BufferOptimizations.cpp.o
[1948/6914] Building CXX object tools/mlir/lib/Dialect/Bufferization/Transforms/CMakeFiles/obj.MLIRBufferizationTransforms.dir/BufferUtils.cpp.o
[1949/6914] Building CXX object tools/mlir/lib/Dialect/Bufferization/Transforms/CMakeFiles/obj.MLIRBufferizationTransforms.dir/BufferViewFlowAnalysis.cpp.o
[1950/6914] Building CXX object tools/mlir/lib/Dialect/Bufferization/Transforms/CMakeFiles/obj.MLIRBufferizationTransforms.dir/DropEquivalentBufferResults.cpp.o
[1951/6914] Building CXX object tools/mlir/lib/Dialect/Bufferization/Transforms/CMakeFiles/obj.MLIRBufferizationTransforms.dir/EmptyTensorElimination.cpp.o
[1952/6914] Linking CXX static library lib/libMLIRDLTIDialect.a
[1953/6914] Building CXX object tools/mlir/lib/Dialect/Bufferization/Transforms/CMakeFiles/obj.MLIRBufferizationTransforms.dir/EmptyTensorToAllocTensor.cpp.o
[1954/6914] Building CXX object tools/mlir/lib/Dialect/Bufferization/Transforms/CMakeFiles/obj.MLIRBufferizationTransforms.dir/TensorCopyInsertion.cpp.o
[1955/6914] Building CXX object tools/mlir/lib/Dialect/Bufferization/Transforms/CMakeFiles/obj.MLIRBufferizationTransforms.dir/FuncBufferizableOpInterfaceImpl.cpp.o
[1956/6914] Building CXX object tools/mlir/lib/Dialect/Bufferization/Transforms/CMakeFiles/obj.MLIRBufferizationTransforms.dir/OneShotAnalysis.cpp.o
[1957/6914] Building CXX object tools/mlir/lib/Dialect/GPU/CMakeFiles/obj.MLIRGPUOps.dir/IR/InferIntRangeInterfaceImpls.cpp.o
[1958/6914] Linking CXX static library lib/libMLIRNVVMDialect.a
[1959/6914] Building CXX object tools/mlir/lib/Dialect/Bufferization/Transforms/CMakeFiles/obj.MLIRBufferizationTransforms.dir/OneShotModuleBufferize.cpp.o
[1960/6914] Building CXX object tools/mlir/lib/Dialect/Linalg/IR/CMakeFiles/obj.MLIRLinalgDialect.dir/LinalgInterfaces.cpp.o
[1961/6914] Building CXX object tools/mlir/lib/Dialect/LLVMIR/Transforms/CMakeFiles/obj.MLIRLLVMIRTransforms.dir/LegalizeForExport.cpp.o
[1962/6914] Linking CXX static library lib/libMLIRMathDialect.a
[1963/6914] Linking CXX static library lib/libMLIRVectorDialect.a
[1964/6914] Building CXX object tools/mlir/lib/Dialect/LLVMIR/Transforms/CMakeFiles/obj.MLIRLLVMIRTransforms.dir/OptimizeForNVVM.cpp.o
[1965/6914] Building CXX object tools/mlir/lib/Dialect/LLVMIR/Transforms/CMakeFiles/obj.MLIRLLVMIRTransforms.dir/RequestCWrappers.cpp.o
[1966/6914] Linking CXX static library lib/libMLIRTilingInterface.a
[1967/6914] Building CXX object tools/mlir/lib/Dialect/Vector/Utils/CMakeFiles/obj.MLIRVectorUtils.dir/VectorUtils.cpp.o
[1968/6914] Building CXX object tools/mlir/lib/Tools/mlir-translate/CMakeFiles/obj.MLIRTranslateLib.dir/MlirTranslateMain.cpp.o
[1969/6914] Linking CXX static library lib/libMLIRTransforms.a
[1970/6914] Building CXX object tools/mlir/lib/Tools/mlir-translate/CMakeFiles/obj.MLIRTranslateLib.dir/Translation.cpp.o
[1971/6914] Building CXX object tools/mlir/lib/Dialect/X86Vector/IR/CMakeFiles/obj.MLIRX86VectorDialect.dir/X86VectorDialect.cpp.o
[1972/6914] Building CXX object lib/CodeGen/CMakeFiles/LLVMCodeGen.dir/AllocationOrder.cpp.o
[1973/6914] Building CXX object tools/mlir/lib/Dialect/GPU/CMakeFiles/obj.MLIRGPUOps.dir/IR/GPUDialect.cpp.o
[1974/6914] Building CXX object lib/CodeGen/CMakeFiles/LLVMCodeGen.dir/AggressiveAntiDepBreaker.cpp.o
[1975/6914] Building CXX object lib/CodeGen/CMakeFiles/LLVMCodeGen.dir/Analysis.cpp.o
[1976/6914] Building CXX object lib/CodeGen/CMakeFiles/LLVMCodeGen.dir/BasicTargetTransformInfo.cpp.o
[1977/6914] Building CXX object lib/CodeGen/CMakeFiles/LLVMCodeGen.dir/AtomicExpandPass.cpp.o
[1978/6914] Building CXX object lib/CodeGen/CMakeFiles/LLVMCodeGen.dir/BranchFolding.cpp.o
[1979/6914] Building CXX object lib/CodeGen/CMakeFiles/LLVMCodeGen.dir/AssignmentTrackingAnalysis.cpp.o
[1980/6914] Building CXX object lib/CodeGen/CMakeFiles/LLVMCodeGen.dir/BranchRelaxation.cpp.o
[1981/6914] Building CXX object lib/CodeGen/CMakeFiles/LLVMCodeGen.dir/BreakFalseDeps.cpp.o
[1982/6914] Building CXX object lib/CodeGen/CMakeFiles/LLVMCodeGen.dir/BasicBlockSectionsProfileReader.cpp.o
[1983/6914] Building CXX object tools/mlir/lib/Dialect/Linalg/IR/CMakeFiles/obj.MLIRLinalgDialect.dir/LinalgOps.cpp.o
[1984/6914] Building CXX object lib/CodeGen/CMakeFiles/LLVMCodeGen.dir/BasicBlockSections.cpp.o
[1985/6914] Building CXX object lib/CodeGen/CMakeFiles/LLVMCodeGen.dir/CalcSpillWeights.cpp.o
[1986/6914] Building CXX object lib/CodeGen/CMakeFiles/LLVMCodeGen.dir/CallingConvLower.cpp.o
[1987/6914] Building CXX object lib/CodeGen/CMakeFiles/LLVMCodeGen.dir/CFGuardLongjmp.cpp.o
[1988/6914] Building CXX object lib/CodeGen/CMakeFiles/LLVMCodeGen.dir/CodeGen.cpp.o
[1989/6914] Building CXX object lib/CodeGen/CMakeFiles/LLVMCodeGen.dir/CFIFixup.cpp.o
[1990/6914] Building CXX object lib/CodeGen/CMakeFiles/LLVMCodeGen.dir/CFIInstrInserter.cpp.o
[1991/6914] Building CXX object lib/CodeGen/CMakeFiles/LLVMCodeGen.dir/CodeGenCommonISel.cpp.o
[1992/6914] Building CXX object lib/CodeGen/CMakeFiles/LLVMCodeGen.dir/CodeGenPassBuilder.cpp.o
[1993/6914] Building CXX object lib/CodeGen/CMakeFiles/LLVMCodeGen.dir/CommandFlags.cpp.o
[1994/6914] Building CXX object lib/CodeGen/CMakeFiles/LLVMCodeGen.dir/DeadMachineInstructionElim.cpp.o
[1995/6914] Building CXX object lib/CodeGen/CMakeFiles/LLVMCodeGen.dir/ComplexDeinterleavingPass.cpp.o
[1996/6914] Building CXX object lib/CodeGen/CMakeFiles/LLVMCodeGen.dir/CriticalAntiDepBreaker.cpp.o
[1997/6914] Building CXX object lib/CodeGen/CMakeFiles/LLVMCodeGen.dir/DetectDeadLanes.cpp.o
[1998/6914] Building CXX object lib/CodeGen/CMakeFiles/LLVMCodeGen.dir/EdgeBundles.cpp.o
[1999/6914] Building CXX object lib/CodeGen/CMakeFiles/LLVMCodeGen.dir/DFAPacketizer.cpp.o
[2000/6914] Building CXX object lib/CodeGen/CMakeFiles/LLVMCodeGen.dir/DwarfEHPrepare.cpp.o
[2001/6914] Building CXX object lib/CodeGen/CMakeFiles/LLVMCodeGen.dir/EarlyIfConversion.cpp.o
[2002/6914] Building CXX object lib/CodeGen/CMakeFiles/LLVMCodeGen.dir/EHContGuardCatchret.cpp.o
[2003/6914] Building CXX object lib/CodeGen/CMakeFiles/LLVMCodeGen.dir/ExecutionDomainFix.cpp.o
[2004/6914] Building CXX object tools/mlir/lib/Dialect/Linalg/IR/CMakeFiles/obj.MLIRLinalgDialect.dir/LinalgDialect.cpp.o
[2005/6914] Building CXX object lib/CodeGen/CMakeFiles/LLVMCodeGen.dir/ExpandLargeDivRem.cpp.o
[2006/6914] Building CXX object lib/CodeGen/CMakeFiles/LLVMCodeGen.dir/CodeGenPrepare.cpp.o
[2007/6914] Building CXX object lib/CodeGen/CMakeFiles/LLVMCodeGen.dir/ExpandMemCmp.cpp.o
[2008/6914] Building CXX object lib/CodeGen/CMakeFiles/LLVMCodeGen.dir/ExpandPostRAPseudos.cpp.o
[2009/6914] Building CXX object lib/CodeGen/CMakeFiles/LLVMCodeGen.dir/ExpandLargeFpConvert.cpp.o
[2010/6914] Building CXX object lib/CodeGen/CMakeFiles/LLVMCodeGen.dir/ExpandReductions.cpp.o
[2011/6914] Building CXX object lib/CodeGen/CMakeFiles/LLVMCodeGen.dir/FaultMaps.cpp.o
[2012/6914] Building CXX object lib/CodeGen/CMakeFiles/LLVMCodeGen.dir/ExpandVectorPredication.cpp.o
[2013/6914] Building CXX object lib/CodeGen/CMakeFiles/LLVMCodeGen.dir/FEntryInserter.cpp.o
[2014/6914] Building CXX object lib/CodeGen/CMakeFiles/LLVMCodeGen.dir/GCMetadataPrinter.cpp.o
[2015/6914] Building CXX object lib/CodeGen/CMakeFiles/LLVMCodeGen.dir/FuncletLayout.cpp.o
[2016/6914] Building CXX object lib/CodeGen/CMakeFiles/LLVMCodeGen.dir/FinalizeISel.cpp.o
[2017/6914] Building CXX object lib/CodeGen/CMakeFiles/LLVMCodeGen.dir/GCMetadata.cpp.o
[2018/6914] Building CXX object lib/CodeGen/CMakeFiles/LLVMCodeGen.dir/FixupStatepointCallerSaved.cpp.o
[2019/6914] Building CXX object lib/CodeGen/CMakeFiles/LLVMCodeGen.dir/GCRootLowering.cpp.o
[2020/6914] Building CXX object lib/CodeGen/CMakeFiles/LLVMCodeGen.dir/ImplicitNullChecks.cpp.o
[2021/6914] Building CXX object lib/CodeGen/CMakeFiles/LLVMCodeGen.dir/GlobalMerge.cpp.o
[2022/6914] Building CXX object lib/CodeGen/CMakeFiles/LLVMCodeGen.dir/IndirectBrExpandPass.cpp.o
[2023/6914] Building CXX object lib/CodeGen/CMakeFiles/LLVMCodeGen.dir/HardwareLoops.cpp.o
[2024/6914] Building CXX object lib/CodeGen/CMakeFiles/LLVMCodeGen.dir/InterferenceCache.cpp.o
[2025/6914] Building CXX object lib/CodeGen/CMakeFiles/LLVMCodeGen.dir/IfConversion.cpp.o
[2026/6914] Building CXX object lib/CodeGen/CMakeFiles/LLVMCodeGen.dir/IntrinsicLowering.cpp.o
[2027/6914] Building CXX object lib/CodeGen/CMakeFiles/LLVMCodeGen.dir/InterleavedAccessPass.cpp.o
[2028/6914] Building CXX object lib/CodeGen/CMakeFiles/LLVMCodeGen.dir/JMCInstrumenter.cpp.o
[2029/6914] Building CXX object lib/CodeGen/CMakeFiles/LLVMCodeGen.dir/LatencyPriorityQueue.cpp.o
[2030/6914] Building CXX object lib/CodeGen/CMakeFiles/LLVMCodeGen.dir/InlineSpiller.cpp.o
[2031/6914] Building CXX object lib/CodeGen/CMakeFiles/LLVMCodeGen.dir/InterleavedLoadCombinePass.cpp.o
[2032/6914] Building CXX object lib/CodeGen/CMakeFiles/LLVMCodeGen.dir/LazyMachineBlockFrequencyInfo.cpp.o
[2033/6914] Building CXX object lib/CodeGen/CMakeFiles/LLVMCodeGen.dir/LexicalScopes.cpp.o
[2034/6914] Building CXX object lib/CodeGen/CMakeFiles/LLVMCodeGen.dir/LiveIntervalUnion.cpp.o
[2035/6914] Building CXX object lib/CodeGen/CMakeFiles/LLVMCodeGen.dir/LivePhysRegs.cpp.o
[2036/6914] Building CXX object lib/CodeGen/CMakeFiles/LLVMCodeGen.dir/LiveInterval.cpp.o
[2037/6914] Building CXX object lib/CodeGen/CMakeFiles/LLVMCodeGen.dir/LiveRangeCalc.cpp.o
[2038/6914] Building CXX object lib/CodeGen/CMakeFiles/LLVMCodeGen.dir/LiveIntervals.cpp.o
[2039/6914] Building CXX object lib/CodeGen/CMakeFiles/LLVMCodeGen.dir/LiveIntervalCalc.cpp.o
[2040/6914] Building CXX object lib/CodeGen/CMakeFiles/LLVMCodeGen.dir/LiveDebugVariables.cpp.o
[2041/6914] Building CXX object lib/CodeGen/CMakeFiles/LLVMCodeGen.dir/LiveRangeShrink.cpp.o
[2042/6914] Building CXX object lib/CodeGen/CMakeFiles/LLVMCodeGen.dir/LiveRegUnits.cpp.o
[2043/6914] Building CXX object lib/CodeGen/CMakeFiles/LLVMCodeGen.dir/LiveRangeEdit.cpp.o
[2044/6914] Building CXX object lib/CodeGen/CMakeFiles/LLVMCodeGen.dir/LiveRegMatrix.cpp.o
[2045/6914] Building CXX object lib/CodeGen/CMakeFiles/LLVMCodeGen.dir/LowLevelType.cpp.o
[2046/6914] Building CXX object lib/CodeGen/CMakeFiles/LLVMCodeGen.dir/LiveStacks.cpp.o
[2047/6914] Building CXX object lib/CodeGen/CMakeFiles/LLVMCodeGen.dir/LoopTraversal.cpp.o
[2048/6914] Building CXX object lib/CodeGen/CMakeFiles/LLVMCodeGen.dir/LocalStackSlotAllocation.cpp.o
[2049/6914] Building CXX object lib/CodeGen/CMakeFiles/LLVMCodeGen.dir/LowerEmuTLS.cpp.o
[2050/6914] Building CXX object lib/CodeGen/CMakeFiles/LLVMCodeGen.dir/LiveVariables.cpp.o
[2051/6914] Building CXX object lib/CodeGen/CMakeFiles/LLVMCodeGen.dir/MachineBranchProbabilityInfo.cpp.o
[2052/6914] Building CXX object lib/CodeGen/CMakeFiles/LLVMCodeGen.dir/MachineBlockFrequencyInfo.cpp.o
[2053/6914] Building CXX object lib/CodeGen/CMakeFiles/LLVMCodeGen.dir/MachineCFGPrinter.cpp.o
[2054/6914] Building CXX object lib/CodeGen/CMakeFiles/LLVMCodeGen.dir/LLVMTargetMachine.cpp.o
[2055/6914] Building CXX object lib/CodeGen/CMakeFiles/LLVMCodeGen.dir/MachineBasicBlock.cpp.o
[2056/6914] Building CXX object lib/CodeGen/CMakeFiles/LLVMCodeGen.dir/MachineCombiner.cpp.o
[2057/6914] Building CXX object lib/CodeGen/CMakeFiles/LLVMCodeGen.dir/MachineBlockPlacement.cpp.o
[2058/6914] Building CXX object lib/CodeGen/CMakeFiles/LLVMCodeGen.dir/MachineCheckDebugify.cpp.o
[2059/6914] Building CXX object lib/CodeGen/CMakeFiles/LLVMCodeGen.dir/MachineCSE.cpp.o
[2060/6914] Building CXX object lib/CodeGen/CMakeFiles/LLVMCodeGen.dir/MachineCopyPropagation.cpp.o
[2061/6914] Building CXX object lib/CodeGen/CMakeFiles/LLVMCodeGen.dir/MachineCycleAnalysis.cpp.o
[2062/6914] Building CXX object lib/CodeGen/CMakeFiles/LLVMCodeGen.dir/MachineDebugify.cpp.o
[2063/6914] Building CXX object lib/CodeGen/CMakeFiles/LLVMCodeGen.dir/MachineDominanceFrontier.cpp.o
[2064/6914] Building CXX object lib/CodeGen/CMakeFiles/LLVMCodeGen.dir/MachineFrameInfo.cpp.o
[2065/6914] Building CXX object lib/CodeGen/CMakeFiles/LLVMCodeGen.dir/MachineFunctionPrinterPass.cpp.o
[2066/6914] Building CXX object lib/CodeGen/CMakeFiles/LLVMCodeGen.dir/MachineDominators.cpp.o
[2067/6914] Building CXX object lib/CodeGen/CMakeFiles/LLVMCodeGen.dir/MachineFunctionPass.cpp.o
[2068/6914] Building CXX object lib/CodeGen/CMakeFiles/LLVMCodeGen.dir/MachineFunctionSplitter.cpp.o
[2069/6914] Building CXX object lib/CodeGen/CMakeFiles/LLVMCodeGen.dir/MachineInstrBundle.cpp.o
[2070/6914] Building CXX object lib/CodeGen/CMakeFiles/LLVMCodeGen.dir/MachineLateInstrsCleanup.cpp.o
[2071/6914] Building CXX object lib/CodeGen/CMakeFiles/LLVMCodeGen.dir/MachineFunction.cpp.o
[2072/6914] Building CXX object lib/CodeGen/CMakeFiles/LLVMCodeGen.dir/MachineLoopUtils.cpp.o
[2073/6914] Building CXX object lib/CodeGen/CMakeFiles/LLVMCodeGen.dir/MachineInstr.cpp.o
[2074/6914] Building CXX object lib/CodeGen/CMakeFiles/LLVMCodeGen.dir/MachineModuleInfoImpls.cpp.o
[2075/6914] Building CXX object lib/CodeGen/CMakeFiles/LLVMCodeGen.dir/MachineModuleInfo.cpp.o
[2076/6914] Building CXX object lib/CodeGen/CMakeFiles/LLVMCodeGen.dir/MachineLoopInfo.cpp.o
[2077/6914] Building CXX object lib/CodeGen/CMakeFiles/LLVMCodeGen.dir/MachineModuleSlotTracker.cpp.o
[2078/6914] Building CXX object lib/CodeGen/CMakeFiles/LLVMCodeGen.dir/MachineLICM.cpp.o
[2079/6914] Building CXX object lib/CodeGen/CMakeFiles/LLVMCodeGen.dir/MachineOptimizationRemarkEmitter.cpp.o
[2080/6914] Building CXX object lib/CodeGen/CMakeFiles/LLVMCodeGen.dir/MachineOperand.cpp.o
[2081/6914] Building CXX object lib/CodeGen/CMakeFiles/LLVMCodeGen.dir/MachinePassManager.cpp.o
[2082/6914] Building CXX object lib/CodeGen/CMakeFiles/LLVMCodeGen.dir/MachinePostDominators.cpp.o
[2083/6914] Building CXX object lib/CodeGen/CMakeFiles/LLVMCodeGen.dir/MachineRegisterInfo.cpp.o
[2084/6914] Building CXX object lib/CodeGen/CMakeFiles/LLVMCodeGen.dir/MachineOutliner.cpp.o
[2085/6914] Building CXX object lib/CodeGen/CMakeFiles/LLVMCodeGen.dir/MachineRegionInfo.cpp.o
[2086/6914] Building CXX object lib/CodeGen/CMakeFiles/LLVMCodeGen.dir/MachineSizeOpts.cpp.o
[2087/6914] Building CXX object lib/CodeGen/CMakeFiles/LLVMCodeGen.dir/MachineSSAContext.cpp.o
[2088/6914] Building CXX object lib/CodeGen/CMakeFiles/LLVMCodeGen.dir/MachineSSAUpdater.cpp.o
[2089/6914] Building CXX object lib/CodeGen/CMakeFiles/LLVMCodeGen.dir/MachineStripDebug.cpp.o
[2090/6914] Building CXX object lib/CodeGen/CMakeFiles/LLVMCodeGen.dir/MachineScheduler.cpp.o
[2091/6914] Building CXX object lib/CodeGen/CMakeFiles/LLVMCodeGen.dir/MachinePipeliner.cpp.o
[2092/6914] Building CXX object lib/CodeGen/CMakeFiles/LLVMCodeGen.dir/MachineTraceMetrics.cpp.o
[2093/6914] Building CXX object lib/CodeGen/CMakeFiles/LLVMCodeGen.dir/MachineSink.cpp.o
[2094/6914] Building CXX object lib/CodeGen/CMakeFiles/LLVMCodeGen.dir/MIRYamlMapping.cpp.o
[2095/6914] Building CXX object lib/CodeGen/CMakeFiles/LLVMCodeGen.dir/MachineUniformityAnalysis.cpp.o
[2096/6914] Building CXX object lib/CodeGen/CMakeFiles/LLVMCodeGen.dir/MIRFSDiscriminator.cpp.o
[2097/6914] Building CXX object lib/CodeGen/CMakeFiles/LLVMCodeGen.dir/MultiHazardRecognizer.cpp.o
[2098/6914] Building CXX object lib/CodeGen/CMakeFiles/LLVMCodeGen.dir/MLRegallocEvictAdvisor.cpp.o
[2099/6914] Building CXX object lib/CodeGen/CMakeFiles/LLVMCodeGen.dir/MLRegallocPriorityAdvisor.cpp.o
[2100/6914] Building CXX object lib/CodeGen/CMakeFiles/LLVMCodeGen.dir/PatchableFunction.cpp.o
[2101/6914] Building CXX object lib/CodeGen/CMakeFiles/LLVMCodeGen.dir/MachineVerifier.cpp.o
[2102/6914] Building CXX object lib/CodeGen/CMakeFiles/LLVMCodeGen.dir/MIRSampleProfile.cpp.o
[2103/6914] Building CXX object lib/CodeGen/CMakeFiles/LLVMCodeGen.dir/MBFIWrapper.cpp.o
[2104/6914] Building CXX object lib/CodeGen/CMakeFiles/LLVMCodeGen.dir/NonRelocatableStringpool.cpp.o
[2105/6914] Building CXX object lib/CodeGen/CMakeFiles/LLVMCodeGen.dir/MIRPrintingPass.cpp.o
[2106/6914] Building CXX object lib/CodeGen/CMakeFiles/LLVMCodeGen.dir/OptimizePHIs.cpp.o
[2107/6914] Building CXX object lib/CodeGen/CMakeFiles/LLVMCodeGen.dir/ModuloSchedule.cpp.o
[2108/6914] Building CXX object lib/CodeGen/CMakeFiles/LLVMCodeGen.dir/ParallelCG.cpp.o
[2109/6914] Building CXX object lib/CodeGen/CMakeFiles/LLVMCodeGen.dir/MacroFusion.cpp.o
[2110/6914] Building CXX object lib/CodeGen/CMakeFiles/LLVMCodeGen.dir/PHIEliminationUtils.cpp.o
[2111/6914] Building CXX object lib/CodeGen/CMakeFiles/LLVMCodeGen.dir/PeepholeOptimizer.cpp.o
[2112/6914] Building CXX object lib/CodeGen/CMakeFiles/LLVMCodeGen.dir/PostRAHazardRecognizer.cpp.o
[2113/6914] Building CXX object lib/CodeGen/CMakeFiles/LLVMCodeGen.dir/MIRPrinter.cpp.o
[2114/6914] Building CXX object lib/CodeGen/CMakeFiles/LLVMCodeGen.dir/PreISelIntrinsicLowering.cpp.o
[2115/6914] Building CXX object lib/CodeGen/CMakeFiles/LLVMCodeGen.dir/PHIElimination.cpp.o
[2116/6914] Building CXX object lib/CodeGen/CMakeFiles/LLVMCodeGen.dir/PostRASchedulerList.cpp.o
[2117/6914] Building CXX object lib/CodeGen/CMakeFiles/LLVMCodeGen.dir/ProcessImplicitDefs.cpp.o
[2118/6914] Building CXX object lib/CodeGen/CMakeFiles/LLVMCodeGen.dir/PseudoSourceValue.cpp.o
[2119/6914] Building CXX object lib/CodeGen/CMakeFiles/LLVMCodeGen.dir/PseudoProbeInserter.cpp.o
[2120/6914] Building CXX object lib/CodeGen/CMakeFiles/LLVMCodeGen.dir/RDFRegisters.cpp.o
[2121/6914] Building CXX object lib/CodeGen/CMakeFiles/LLVMCodeGen.dir/PrologEpilogInserter.cpp.o
[2122/6914] Building CXX object lib/CodeGen/CMakeFiles/LLVMCodeGen.dir/RegAllocBase.cpp.o
[2123/6914] Building CXX object lib/CodeGen/CMakeFiles/LLVMCodeGen.dir/ReachingDefAnalysis.cpp.o
[2124/6914] Building CXX object lib/CodeGen/CMakeFiles/LLVMCodeGen.dir/RegAllocBasic.cpp.o
[2125/6914] Building CXX object lib/CodeGen/CMakeFiles/LLVMCodeGen.dir/RDFGraph.cpp.o
[2126/6914] Building CXX object lib/CodeGen/CMakeFiles/LLVMCodeGen.dir/RDFLiveness.cpp.o
[2127/6914] Building CXX object lib/CodeGen/CMakeFiles/LLVMCodeGen.dir/RegAllocEvictionAdvisor.cpp.o
[2128/6914] Building CXX object lib/CodeGen/CMakeFiles/LLVMCodeGen.dir/RegAllocPriorityAdvisor.cpp.o
[2129/6914] Building CXX object lib/CodeGen/CMakeFiles/LLVMCodeGen.dir/RegAllocFast.cpp.o
[2130/6914] Building CXX object lib/CodeGen/CMakeFiles/LLVMCodeGen.dir/RegAllocScore.cpp.o
[2131/6914] Building CXX object lib/CodeGen/CMakeFiles/LLVMCodeGen.dir/RegisterClassInfo.cpp.o
[2132/6914] Building CXX object lib/CodeGen/CMakeFiles/LLVMCodeGen.dir/RegAllocGreedy.cpp.o
[2133/6914] Building CXX object lib/CodeGen/CMakeFiles/LLVMCodeGen.dir/RegisterScavenging.cpp.o
[2134/6914] Building CXX object lib/CodeGen/CMakeFiles/LLVMCodeGen.dir/RemoveRedundantDebugValues.cpp.o
[2135/6914] Building CXX object lib/CodeGen/CMakeFiles/LLVMCodeGen.dir/RegAllocPBQP.cpp.o
[2136/6914] Building CXX object lib/CodeGen/CMakeFiles/LLVMCodeGen.dir/RegisterPressure.cpp.o
[2137/6914] Building CXX object lib/CodeGen/CMakeFiles/LLVMCodeGen.dir/MIRNamerPass.cpp.o
[2138/6914] Building CXX object lib/CodeGen/CMakeFiles/LLVMCodeGen.dir/MachineStableHash.cpp.o
[2139/6914] Building CXX object lib/CodeGen/CMakeFiles/LLVMCodeGen.dir/MIRVRegNamerUtils.cpp.o
[2140/6914] Building CXX object lib/CodeGen/CMakeFiles/LLVMCodeGen.dir/RenameIndependentSubregs.cpp.o
[2141/6914] Building CXX object lib/CodeGen/CMakeFiles/LLVMCodeGen.dir/MIRCanonicalizerPass.cpp.o
[2142/6914] Building CXX object lib/CodeGen/CMakeFiles/LLVMCodeGen.dir/RegisterCoalescer.cpp.o
[2143/6914] Building CXX object lib/CodeGen/CMakeFiles/LLVMCodeGen.dir/RegisterUsageInfo.cpp.o
[2144/6914] Building CXX object lib/CodeGen/CMakeFiles/LLVMCodeGen.dir/RegUsageInfoCollector.cpp.o
[2145/6914] Building CXX object lib/CodeGen/CMakeFiles/LLVMCodeGen.dir/RegUsageInfoPropagate.cpp.o
[2146/6914] Building CXX object lib/CodeGen/CMakeFiles/LLVMCodeGen.dir/RegisterBank.cpp.o
[2147/6914] Building CXX object lib/CodeGen/CMakeFiles/LLVMCodeGen.dir/ResetMachineFunctionPass.cpp.o
[2148/6914] Building CXX object lib/CodeGen/CMakeFiles/LLVMCodeGen.dir/ReplaceWithVeclib.cpp.o
[2149/6914] Building CXX object lib/CodeGen/CMakeFiles/LLVMCodeGen.dir/SafeStackLayout.cpp.o
[2150/6914] Building CXX object lib/CodeGen/CMakeFiles/LLVMCodeGen.dir/RegisterBankInfo.cpp.o
[2151/6914] Building CXX object lib/CodeGen/CMakeFiles/LLVMCodeGen.dir/SanitizerBinaryMetadata.cpp.o
[2152/6914] Building CXX object lib/CodeGen/CMakeFiles/LLVMCodeGen.dir/ScheduleDAGPrinter.cpp.o
[2153/6914] Building CXX object lib/CodeGen/CMakeFiles/LLVMCodeGen.dir/ScheduleDAG.cpp.o
[2154/6914] Building CXX object lib/CodeGen/CMakeFiles/LLVMCodeGen.dir/SafeStack.cpp.o
[2155/6914] Building CXX object lib/CodeGen/CMakeFiles/LLVMCodeGen.dir/ScoreboardHazardRecognizer.cpp.o
[2156/6914] Building CXX object lib/CodeGen/CMakeFiles/LLVMCodeGen.dir/ScheduleDAGInstrs.cpp.o
[2157/6914] Building CXX object lib/CodeGen/CMakeFiles/LLVMCodeGen.dir/SlotIndexes.cpp.o
[2158/6914] Building CXX object lib/CodeGen/CMakeFiles/LLVMCodeGen.dir/ShadowStackGCLowering.cpp.o
[2159/6914] Building CXX object lib/CodeGen/CMakeFiles/LLVMCodeGen.dir/SelectOptimize.cpp.o
[2160/6914] Building CXX object lib/CodeGen/CMakeFiles/LLVMCodeGen.dir/SjLjEHPrepare.cpp.o
[2161/6914] Building CXX object lib/CodeGen/CMakeFiles/LLVMCodeGen.dir/SpillPlacement.cpp.o
[2162/6914] Building CXX object lib/CodeGen/CMakeFiles/LLVMCodeGen.dir/ShrinkWrap.cpp.o
[2163/6914] Building CXX object lib/CodeGen/CMakeFiles/LLVMCodeGen.dir/StackMapLivenessAnalysis.cpp.o
[2164/6914] Building CXX object lib/CodeGen/CMakeFiles/LLVMCodeGen.dir/StackFrameLayoutAnalysisPass.cpp.o
[2165/6914] Building CXX object lib/CodeGen/CMakeFiles/LLVMCodeGen.dir/StackMaps.cpp.o
[2166/6914] Building CXX object lib/CodeGen/CMakeFiles/LLVMCodeGen.dir/StackColoring.cpp.o
[2167/6914] Building CXX object lib/CodeGen/CMakeFiles/LLVMCodeGen.dir/SplitKit.cpp.o
[2168/6914] Building CXX object lib/CodeGen/CMakeFiles/LLVMCodeGen.dir/StackSlotColoring.cpp.o
[2169/6914] Building CXX object lib/CodeGen/CMakeFiles/LLVMCodeGen.dir/StackProtector.cpp.o
[2170/6914] Building CXX object lib/CodeGen/CMakeFiles/LLVMCodeGen.dir/TailDuplication.cpp.o
[2171/6914] Building CXX object lib/CodeGen/CMakeFiles/LLVMCodeGen.dir/TargetFrameLoweringImpl.cpp.o
[2172/6914] Building CXX object lib/CodeGen/CMakeFiles/LLVMCodeGen.dir/SwitchLoweringUtils.cpp.o
[2173/6914] Building CXX object lib/CodeGen/CMakeFiles/LLVMCodeGen.dir/SwiftErrorValueTracking.cpp.o
[2174/6914] Building CXX object lib/CodeGen/CMakeFiles/LLVMCodeGen.dir/TailDuplicator.cpp.o
[2175/6914] Building CXX object lib/CodeGen/CMakeFiles/LLVMCodeGen.dir/TargetOptionsImpl.cpp.o
[2176/6914] Building CXX object lib/CodeGen/CMakeFiles/LLVMCodeGen.dir/TargetInstrInfo.cpp.o
[2177/6914] Building CXX object lib/CodeGen/CMakeFiles/LLVMCodeGen.dir/TargetSubtargetInfo.cpp.o
[2178/6914] Building CXX object lib/CodeGen/CMakeFiles/LLVMCodeGen.dir/TargetSchedule.cpp.o
[2179/6914] Building CXX object lib/CodeGen/CMakeFiles/LLVMCodeGen.dir/TargetPassConfig.cpp.o
[2180/6914] Building CXX object lib/CodeGen/CMakeFiles/LLVMCodeGen.dir/TargetRegisterInfo.cpp.o
[2181/6914] Building CXX object lib/CodeGen/CMakeFiles/LLVMCodeGen.dir/TargetLoweringObjectFileImpl.cpp.o
[2182/6914] Building CXX object lib/CodeGen/CMakeFiles/LLVMCodeGen.dir/TargetLoweringBase.cpp.o
[2183/6914] Building CXX object lib/CodeGen/CMakeFiles/LLVMCodeGen.dir/ValueTypes.cpp.o
[2184/6914] Building CXX object lib/CodeGen/CMakeFiles/LLVMCodeGen.dir/UnreachableBlockElim.cpp.o
[2185/6914] Building CXX object lib/CodeGen/CMakeFiles/LLVMCodeGen.dir/VirtRegMap.cpp.o
[2186/6914] Building CXX object lib/CodeGen/CMakeFiles/LLVMCodeGen.dir/WasmEHPrepare.cpp.o
[2187/6914] Building CXX object lib/CodeGen/CMakeFiles/LLVMCodeGen.dir/TwoAddressInstructionPass.cpp.o
[2188/6914] Building CXX object lib/CodeGen/CMakeFiles/LLVMCodeGen.dir/VLIWMachineScheduler.cpp.o
[2189/6914] Building CXX object lib/CodeGen/CMakeFiles/LLVMCodeGen.dir/TypePromotion.cpp.o
[2190/6914] Linking CXX static library lib/libLLVMFrontendOpenMP.a
[2191/6914] Linking CXX static library lib/libLLVMInstrumentation.a
[2192/6914] Building CXX object lib/CodeGen/CMakeFiles/LLVMCodeGen.dir/LiveDebugValues/LiveDebugValues.cpp.o
[2193/6914] Building CXX object lib/Transforms/IPO/CMakeFiles/LLVMipo.dir/Annotation2Metadata.cpp.o
[2194/6914] Building CXX object lib/Transforms/IPO/CMakeFiles/LLVMipo.dir/AlwaysInliner.cpp.o
[2195/6914] Building CXX object lib/CodeGen/CMakeFiles/LLVMCodeGen.dir/XRayInstrumentation.cpp.o
[2196/6914] Building CXX object lib/CodeGen/CMakeFiles/LLVMCodeGen.dir/WinEHPrepare.cpp.o
[2197/6914] Building CXX object lib/Transforms/IPO/CMakeFiles/LLVMipo.dir/BarrierNoopPass.cpp.o
[2198/6914] Building CXX object lib/Transforms/IPO/CMakeFiles/LLVMipo.dir/BlockExtractor.cpp.o
[2199/6914] Building CXX object lib/Transforms/IPO/CMakeFiles/LLVMipo.dir/ArgumentPromotion.cpp.o
[2200/6914] Building CXX object lib/CodeGen/CMakeFiles/LLVMCodeGen.dir/LiveDebugValues/VarLocBasedImpl.cpp.o
[2201/6914] Building CXX object lib/Transforms/IPO/CMakeFiles/LLVMipo.dir/ConstantMerge.cpp.o
[2202/6914] Building CXX object lib/Transforms/IPO/CMakeFiles/LLVMipo.dir/CalledValuePropagation.cpp.o
[2203/6914] Building CXX object lib/Transforms/IPO/CMakeFiles/LLVMipo.dir/CrossDSOCFI.cpp.o
[2204/6914] Building CXX object lib/Transforms/IPO/CMakeFiles/LLVMipo.dir/ElimAvailExtern.cpp.o
[2205/6914] Building CXX object lib/Transforms/IPO/CMakeFiles/LLVMipo.dir/ExtractGV.cpp.o
[2206/6914] Building CXX object lib/Transforms/IPO/CMakeFiles/LLVMipo.dir/DeadArgumentElimination.cpp.o
[2207/6914] Building CXX object lib/Transforms/IPO/CMakeFiles/LLVMipo.dir/ForceFunctionAttrs.cpp.o
[2208/6914] Building CXX object lib/CodeGen/CMakeFiles/LLVMCodeGen.dir/LiveDebugValues/InstrRefBasedImpl.cpp.o
[2209/6914] Building CXX object lib/Transforms/IPO/CMakeFiles/LLVMipo.dir/Attributor.cpp.o
[2210/6914] Building CXX object lib/Transforms/IPO/CMakeFiles/LLVMipo.dir/FunctionSpecialization.cpp.o
[2211/6914] Building CXX object lib/Transforms/IPO/CMakeFiles/LLVMipo.dir/FunctionAttrs.cpp.o
[2212/6914] Building CXX object lib/Transforms/IPO/CMakeFiles/LLVMipo.dir/GlobalDCE.cpp.o
[2213/6914] Building CXX object lib/Transforms/IPO/CMakeFiles/LLVMipo.dir/FunctionImport.cpp.o
[2214/6914] Building CXX object lib/Transforms/IPO/CMakeFiles/LLVMipo.dir/GlobalSplit.cpp.o
[2215/6914] Building CXX object lib/Transforms/IPO/CMakeFiles/LLVMipo.dir/IPO.cpp.o
[2216/6914] Building CXX object lib/Transforms/IPO/CMakeFiles/LLVMipo.dir/InferFunctionAttrs.cpp.o
[2217/6914] Building CXX object lib/Transforms/IPO/CMakeFiles/LLVMipo.dir/HotColdSplitting.cpp.o
[2218/6914] Building CXX object lib/Transforms/IPO/CMakeFiles/LLVMipo.dir/GlobalOpt.cpp.o
[2219/6914] Building CXX object lib/Transforms/IPO/CMakeFiles/LLVMipo.dir/InlineSimple.cpp.o
[2220/6914] Building CXX object lib/Transforms/IPO/CMakeFiles/LLVMipo.dir/LoopExtractor.cpp.o
[2221/6914] Building CXX object lib/Transforms/IPO/CMakeFiles/LLVMipo.dir/AttributorAttributes.cpp.o
[2222/6914] Building CXX object lib/Transforms/IPO/CMakeFiles/LLVMipo.dir/Internalize.cpp.o
[2223/6914] Building CXX object lib/Transforms/IPO/CMakeFiles/LLVMipo.dir/IROutliner.cpp.o
[2224/6914] Building CXX object lib/Transforms/IPO/CMakeFiles/LLVMipo.dir/Inliner.cpp.o
[2225/6914] Building CXX object lib/Transforms/IPO/CMakeFiles/LLVMipo.dir/MergeFunctions.cpp.o
[2226/6914] Building CXX object lib/Transforms/IPO/CMakeFiles/LLVMipo.dir/ModuleInliner.cpp.o
[2227/6914] Building CXX object lib/Transforms/IPO/CMakeFiles/LLVMipo.dir/PassManagerBuilder.cpp.o
[2228/6914] Building CXX object lib/Transforms/IPO/CMakeFiles/LLVMipo.dir/SampleContextTracker.cpp.o
[2229/6914] Building CXX object lib/Transforms/IPO/CMakeFiles/LLVMipo.dir/LowerTypeTests.cpp.o
[2230/6914] Building CXX object lib/Transforms/IPO/CMakeFiles/LLVMipo.dir/PartialInlining.cpp.o
[2231/6914] Building CXX object lib/Transforms/IPO/CMakeFiles/LLVMipo.dir/StripDeadPrototypes.cpp.o
[2232/6914] Building CXX object lib/Transforms/IPO/CMakeFiles/LLVMipo.dir/SCCP.cpp.o
[2233/6914] Building CXX object lib/Transforms/IPO/CMakeFiles/LLVMipo.dir/SampleProfileProbe.cpp.o
[2234/6914] Building CXX object lib/Transforms/IPO/CMakeFiles/LLVMipo.dir/StripSymbols.cpp.o
[2235/6914] Linking CXX static library lib/libLLVMVectorize.a
[2236/6914] Linking CXX static library lib/libLLVMObjCARCOpts.a
[2237/6914] Linking CXX static library lib/libLLVMLinker.a
[2238/6914] Linking CXX static library lib/libLLVMTarget.a
[2239/6914] Building CXX object lib/Transforms/IPO/CMakeFiles/LLVMipo.dir/SyntheticCountsPropagation.cpp.o
[2240/6914] Building InstCombineTables.inc...
[2241/6914] Building NVPTXGenAsmWriter.inc...
[2242/6914] Building NVPTXGenDAGISel.inc...
[2243/6914] Building NVPTXGenRegisterInfo.inc...
[2244/6914] Building NVPTXGenInstrInfo.inc...
[2245/6914] Linking CXX static library lib/libclangBasic.a
[2246/6914] Building NVPTXGenSubtargetInfo.inc...
[2247/6914] Building CXX object tools/clang/lib/Lex/CMakeFiles/obj.clangLex.dir/HeaderMap.cpp.o
[2248/6914] Building CXX object tools/clang/lib/Lex/CMakeFiles/obj.clangLex.dir/DependencyDirectivesScanner.cpp.o
[2249/6914] Building CXX object lib/Transforms/IPO/CMakeFiles/LLVMipo.dir/OpenMPOpt.cpp.o
[2250/6914] Building CXX object lib/Transforms/IPO/CMakeFiles/LLVMipo.dir/SampleProfile.cpp.o
[2251/6914] Building CXX object lib/Transforms/IPO/CMakeFiles/LLVMipo.dir/ThinLTOBitcodeWriter.cpp.o
[2252/6914] Building CXX object tools/clang/lib/Lex/CMakeFiles/obj.clangLex.dir/InitHeaderSearch.cpp.o
[2253/6914] Building CXX object tools/clang/lib/Lex/CMakeFiles/obj.clangLex.dir/MacroArgs.cpp.o
[2254/6914] Building CXX object tools/clang/lib/Lex/CMakeFiles/obj.clangLex.dir/Lexer.cpp.o
[2255/6914] Building CXX object tools/clang/lib/Lex/CMakeFiles/obj.clangLex.dir/HeaderSearch.cpp.o
[2256/6914] Building CXX object tools/clang/lib/Lex/CMakeFiles/obj.clangLex.dir/MacroInfo.cpp.o
[2257/6914] Building CXX object tools/clang/lib/Lex/CMakeFiles/obj.clangLex.dir/LiteralSupport.cpp.o
[2258/6914] Building CXX object lib/Transforms/IPO/CMakeFiles/LLVMipo.dir/WholeProgramDevirt.cpp.o
[2259/6914] Building CXX object tools/clang/lib/Lex/CMakeFiles/obj.clangLex.dir/PPCallbacks.cpp.o
[2260/6914] Building CXX object tools/clang/lib/Lex/CMakeFiles/obj.clangLex.dir/PPCaching.cpp.o
[2261/6914] Building CXX object tools/clang/lib/Lex/CMakeFiles/obj.clangLex.dir/PPConditionalDirectiveRecord.cpp.o
[2262/6914] Building CXX object tools/clang/lib/Lex/CMakeFiles/obj.clangLex.dir/PPExpressions.cpp.o
[2263/6914] Building CXX object tools/clang/lib/Lex/CMakeFiles/obj.clangLex.dir/PPLexerChange.cpp.o
[2264/6914] Building CXX object tools/clang/lib/Lex/CMakeFiles/obj.clangLex.dir/ModuleMap.cpp.o
[2265/6914] Building CXX object tools/clang/lib/Lex/CMakeFiles/obj.clangLex.dir/PPDirectives.cpp.o
[2266/6914] Building CXX object tools/clang/lib/Lex/CMakeFiles/obj.clangLex.dir/Pragma.cpp.o
[2267/6914] Building CXX object tools/clang/lib/Lex/CMakeFiles/obj.clangLex.dir/PPMacroExpansion.cpp.o
[2268/6914] Building CXX object tools/clang/lib/Lex/CMakeFiles/obj.clangLex.dir/ScratchBuffer.cpp.o
[2269/6914] Building Opcodes.inc...
[2270/6914] Building AttrDocTable.inc...
[2271/6914] Building Passes.h.inc...
[2272/6914] Building Passes.h.inc...
[2273/6914] Building CXX object tools/clang/lib/Lex/CMakeFiles/obj.clangLex.dir/PreprocessingRecord.cpp.o
[2274/6914] Linking CXX static library lib/libMLIRLLVMCommonConversion.a
[2275/6914] Linking CXX static library lib/libMLIRAffineUtils.a
[2276/6914] Building CXX object tools/clang/lib/Lex/CMakeFiles/obj.clangLex.dir/PreprocessorLexer.cpp.o
[2277/6914] Linking CXX static library lib/libMLIRArmSVEDialect.a
[2278/6914] Building CXX object tools/clang/lib/Lex/CMakeFiles/obj.clangLex.dir/TokenConcatenation.cpp.o
[2279/6914] Linking CXX static library lib/libMLIRAMXDialect.a
[2280/6914] Building CXX object tools/clang/lib/Lex/CMakeFiles/obj.clangLex.dir/TokenLexer.cpp.o
[2281/6914] Linking CXX static library lib/libMLIRBufferizationTransforms.a
[2282/6914] Building CXX object tools/clang/lib/Lex/CMakeFiles/obj.clangLex.dir/Preprocessor.cpp.o
[2283/6914] Building CXX object tools/mlir/lib/Conversion/ArithCommon/CMakeFiles/obj.MLIRArithAttrToLLVMConversion.dir/AttrToLLVMConverter.cpp.o
[2284/6914] Building CXX object tools/mlir/lib/Dialect/ArmNeon/CMakeFiles/obj.MLIRArmNeonDialect.dir/IR/ArmNeonDialect.cpp.o
[2285/6914] Linking CXX static library lib/libMLIRGPUOps.a
[2286/6914] Linking CXX static library lib/libMLIRLinalgDialect.a
[2287/6914] Linking CXX static library lib/libMLIRLLVMIRTransforms.a
[2288/6914] Building CXX object tools/mlir/lib/Dialect/Func/Transforms/CMakeFiles/obj.MLIRFuncTransforms.dir/DecomposeCallGraphTypes.cpp.o
[2289/6914] Building CXX object tools/mlir/lib/Dialect/ArmSVE/Transforms/CMakeFiles/obj.MLIRArmSVETransforms.dir/LegalizeForLLVMExport.cpp.o
[2290/6914] Building CXX object tools/mlir/lib/Dialect/Func/Transforms/CMakeFiles/obj.MLIRFuncTransforms.dir/FuncBufferize.cpp.o
[2291/6914] Building CXX object tools/mlir/lib/Dialect/AMX/Transforms/CMakeFiles/obj.MLIRAMXTransforms.dir/LegalizeForLLVMExport.cpp.o
[2292/6914] Building CXX object tools/mlir/lib/Dialect/Func/Transforms/CMakeFiles/obj.MLIRFuncTransforms.dir/FuncConversions.cpp.o
[2293/6914] Building CXX object tools/mlir/lib/Dialect/Tensor/Utils/CMakeFiles/obj.MLIRTensorUtils.dir/Utils.cpp.o
[2294/6914] Building CXX object tools/mlir/lib/Dialect/Vector/Transforms/CMakeFiles/obj.MLIRVectorTransforms.dir/BufferizableOpInterfaceImpl.cpp.o
[2295/6914] Building CXX object tools/mlir/lib/Dialect/Vector/Transforms/CMakeFiles/obj.MLIRVectorTransforms.dir/LowerVectorMask.cpp.o
[2296/6914] Building CXX object tools/mlir/lib/Dialect/Vector/Transforms/CMakeFiles/obj.MLIRVectorTransforms.dir/Bufferize.cpp.o
[2297/6914] Building CXX object tools/mlir/lib/Dialect/Vector/Transforms/CMakeFiles/obj.MLIRVectorTransforms.dir/VectorDropLeadUnitDim.cpp.o
[2298/6914] Building CXX object tools/mlir/lib/Dialect/Vector/Transforms/CMakeFiles/obj.MLIRVectorTransforms.dir/VectorInsertExtractStridedSliceRewritePatterns.cpp.o
[2299/6914] Building CXX object tools/mlir/lib/Dialect/Vector/Transforms/CMakeFiles/obj.MLIRVectorTransforms.dir/VectorMultiDimReductionTransforms.cpp.o
[2300/6914] Building CXX object tools/mlir/lib/Dialect/Vector/Transforms/CMakeFiles/obj.MLIRVectorTransforms.dir/VectorDistribute.cpp.o
[2301/6914] Linking CXX static library lib/libMLIRVectorUtils.a
[2302/6914] Linking CXX static library lib/libMLIRX86VectorDialect.a
[2303/6914] Building CXX object tools/mlir/lib/Dialect/Vector/Transforms/CMakeFiles/obj.MLIRVectorTransforms.dir/VectorTransferPermutationMapRewritePatterns.cpp.o
[2304/6914] Building CXX object tools/mlir/lib/Dialect/Vector/Transforms/CMakeFiles/obj.MLIRVectorTransforms.dir/VectorTransferOpTransforms.cpp.o
[2305/6914] Building CXX object tools/mlir/lib/Dialect/Vector/Transforms/CMakeFiles/obj.MLIRVectorTransforms.dir/VectorTransferSplitRewritePatterns.cpp.o
[2306/6914] Building CXX object tools/mlir/lib/Dialect/Vector/Transforms/CMakeFiles/obj.MLIRVectorTransforms.dir/VectorUnroll.cpp.o
[2307/6914] Building CXX object tools/mlir/lib/Dialect/X86Vector/Transforms/CMakeFiles/obj.MLIRX86VectorTransforms.dir/AVXTranspose.cpp.o
[2308/6914] Linking CXX static library lib/libMLIRTranslateLib.a
[2309/6914] Building CXX object tools/mlir/lib/Dialect/X86Vector/Transforms/CMakeFiles/obj.MLIRX86VectorTransforms.dir/LegalizeForLLVMExport.cpp.o
[2310/6914] Linking CXX static library lib/libLLVMCodeGen.a
[2311/6914] Building CXX object tools/mlir/lib/Target/LLVMIR/CMakeFiles/obj.MLIRTargetLLVMIRExport.dir/DebugTranslation.cpp.o
[2312/6914] Building CXX object tools/mlir/lib/Target/LLVMIR/CMakeFiles/obj.MLIRTargetLLVMIRExport.dir/TypeToLLVM.cpp.o
[2313/6914] Building CXX object lib/IRPrinter/CMakeFiles/LLVMIRPrinter.dir/IRPrintingPasses.cpp.o
[2314/6914] Building CXX object tools/mlir/lib/Dialect/Vector/Transforms/CMakeFiles/obj.MLIRVectorTransforms.dir/VectorTransforms.cpp.o
[2315/6914] Building CXX object tools/mlir/lib/Target/LLVMIR/CMakeFiles/obj.MLIRTargetLLVMIRExport.dir/ModuleTranslation.cpp.o
[2316/6914] Building CXX object lib/CodeGen/SelectionDAG/CMakeFiles/LLVMSelectionDAG.dir/InstrEmitter.cpp.o
[2317/6914] Building CXX object lib/CodeGen/SelectionDAG/CMakeFiles/LLVMSelectionDAG.dir/FunctionLoweringInfo.cpp.o
[2318/6914] Building CXX object lib/CodeGen/SelectionDAG/CMakeFiles/LLVMSelectionDAG.dir/FastISel.cpp.o
[2319/6914] Building CXX object lib/CodeGen/SelectionDAG/CMakeFiles/LLVMSelectionDAG.dir/LegalizeDAG.cpp.o
[2320/6914] Building CXX object lib/CodeGen/SelectionDAG/CMakeFiles/LLVMSelectionDAG.dir/LegalizeTypesGeneric.cpp.o
[2321/6914] Building CXX object lib/CodeGen/SelectionDAG/CMakeFiles/LLVMSelectionDAG.dir/LegalizeFloatTypes.cpp.o
[2322/6914] Building CXX object lib/CodeGen/SelectionDAG/CMakeFiles/LLVMSelectionDAG.dir/LegalizeTypes.cpp.o
[2323/6914] Building CXX object lib/CodeGen/SelectionDAG/CMakeFiles/LLVMSelectionDAG.dir/LegalizeIntegerTypes.cpp.o
[2324/6914] Building CXX object lib/CodeGen/SelectionDAG/CMakeFiles/LLVMSelectionDAG.dir/LegalizeVectorOps.cpp.o
[2325/6914] Building CXX object lib/CodeGen/SelectionDAG/CMakeFiles/LLVMSelectionDAG.dir/ResourcePriorityQueue.cpp.o
[2326/6914] Building CXX object lib/CodeGen/SelectionDAG/CMakeFiles/LLVMSelectionDAG.dir/ScheduleDAGFast.cpp.o
[2327/6914] Building CXX object lib/CodeGen/SelectionDAG/CMakeFiles/LLVMSelectionDAG.dir/ScheduleDAGVLIW.cpp.o
[2328/6914] Building CXX object lib/CodeGen/SelectionDAG/CMakeFiles/LLVMSelectionDAG.dir/ScheduleDAGRRList.cpp.o
[2329/6914] Building CXX object lib/CodeGen/SelectionDAG/CMakeFiles/LLVMSelectionDAG.dir/ScheduleDAGSDNodes.cpp.o
[2330/6914] Building CXX object lib/CodeGen/SelectionDAG/CMakeFiles/LLVMSelectionDAG.dir/LegalizeVectorTypes.cpp.o
[2331/6914] Building CXX object lib/CodeGen/SelectionDAG/CMakeFiles/LLVMSelectionDAG.dir/SelectionDAGAddressAnalysis.cpp.o
[2332/6914] Building CXX object lib/CodeGen/SelectionDAG/CMakeFiles/LLVMSelectionDAG.dir/SelectionDAGDumper.cpp.o
[2333/6914] Building CXX object lib/CodeGen/SelectionDAG/CMakeFiles/LLVMSelectionDAG.dir/DAGCombiner.cpp.o
[2334/6914] Building CXX object lib/CodeGen/SelectionDAG/CMakeFiles/LLVMSelectionDAG.dir/SelectionDAGPrinter.cpp.o
[2335/6914] Building CXX object lib/CodeGen/SelectionDAG/CMakeFiles/LLVMSelectionDAG.dir/SelectionDAGTargetInfo.cpp.o
[2336/6914] Linking CXX static library lib/libLLVMipo.a
[2337/6914] Building CXX object lib/Transforms/Coroutines/CMakeFiles/LLVMCoroutines.dir/Coroutines.cpp.o
[2338/6914] Building CXX object lib/CodeGen/SelectionDAG/CMakeFiles/LLVMSelectionDAG.dir/SelectionDAGISel.cpp.o
[2339/6914] Building CXX object lib/CodeGen/SelectionDAG/CMakeFiles/LLVMSelectionDAG.dir/StatepointLowering.cpp.o
[2340/6914] Building CXX object lib/Transforms/Coroutines/CMakeFiles/LLVMCoroutines.dir/CoroCleanup.cpp.o
[2341/6914] Building CXX object lib/Transforms/Coroutines/CMakeFiles/LLVMCoroutines.dir/CoroConditionalWrapper.cpp.o
[2342/6914] Building CXX object lib/Transforms/Coroutines/CMakeFiles/LLVMCoroutines.dir/CoroEarly.cpp.o
[2343/6914] Building CXX object lib/CodeGen/SelectionDAG/CMakeFiles/LLVMSelectionDAG.dir/SelectionDAG.cpp.o
[2344/6914] Building CXX object lib/CodeGen/SelectionDAG/CMakeFiles/LLVMSelectionDAG.dir/SelectionDAGBuilder.cpp.o
[2345/6914] Building CXX object lib/Target/AMDGPU/TargetInfo/CMakeFiles/LLVMAMDGPUInfo.dir/AMDGPUTargetInfo.cpp.o
[2346/6914] Building CXX object lib/Target/AMDGPU/Utils/CMakeFiles/LLVMAMDGPUUtils.dir/AMDGPUAsmUtils.cpp.o
[2347/6914] Building CXX object lib/Transforms/Coroutines/CMakeFiles/LLVMCoroutines.dir/CoroElide.cpp.o
[2348/6914] Building CXX object lib/Target/AMDGPU/Utils/CMakeFiles/LLVMAMDGPUUtils.dir/AMDGPUMemoryUtils.cpp.o
[2349/6914] Building CXX object lib/Target/AMDGPU/Utils/CMakeFiles/LLVMAMDGPUUtils.dir/AMDGPUPALMetadata.cpp.o
[2350/6914] Building CXX object lib/Target/NVPTX/TargetInfo/CMakeFiles/LLVMNVPTXInfo.dir/NVPTXTargetInfo.cpp.o
[2351/6914] Linking CXX static library lib/libclangLex.a
[2352/6914] Building CXX object lib/Target/AMDGPU/Utils/CMakeFiles/LLVMAMDGPUUtils.dir/AMDKernelCodeTUtils.cpp.o
[2353/6914] Building CXX object lib/Transforms/Coroutines/CMakeFiles/LLVMCoroutines.dir/CoroSplit.cpp.o
[2354/6914] Building CXX object lib/CodeGen/SelectionDAG/CMakeFiles/LLVMSelectionDAG.dir/TargetLowering.cpp.o
[2355/6914] Building CXX object lib/Transforms/Coroutines/CMakeFiles/LLVMCoroutines.dir/CoroFrame.cpp.o
[2356/6914] Building CXX object tools/clang/lib/AST/CMakeFiles/obj.clangAST.dir/ASTConsumer.cpp.o
[2357/6914] Building CXX object tools/clang/lib/AST/CMakeFiles/obj.clangAST.dir/ASTConcept.cpp.o
[2358/6914] Building CXX object tools/clang/lib/AST/CMakeFiles/obj.clangAST.dir/APValue.cpp.o
[2359/6914] Building CXX object lib/Target/AMDGPU/Utils/CMakeFiles/LLVMAMDGPUUtils.dir/AMDGPUBaseInfo.cpp.o
[2360/6914] Building CXX object tools/clang/lib/AST/CMakeFiles/obj.clangAST.dir/ASTDiagnostic.cpp.o
[2361/6914] Building CXX object tools/clang/lib/AST/CMakeFiles/obj.clangAST.dir/ASTTypeTraits.cpp.o
[2362/6914] Building CXX object tools/clang/lib/AST/CMakeFiles/obj.clangAST.dir/ASTStructuralEquivalence.cpp.o
[2363/6914] Building CXX object tools/clang/lib/AST/CMakeFiles/obj.clangAST.dir/AttrDocTable.cpp.o
[2364/6914] Building CXX object tools/clang/lib/AST/CMakeFiles/obj.clangAST.dir/ASTDumper.cpp.o
[2365/6914] Building CXX object tools/clang/lib/AST/CMakeFiles/obj.clangAST.dir/ASTImporterLookupTable.cpp.o
[2366/6914] Building CXX object tools/clang/lib/AST/CMakeFiles/obj.clangAST.dir/CommentCommandTraits.cpp.o
[2367/6914] Building CXX object tools/clang/lib/AST/CMakeFiles/obj.clangAST.dir/CommentBriefParser.cpp.o
[2368/6914] Building CXX object tools/clang/lib/AST/CMakeFiles/obj.clangAST.dir/Comment.cpp.o
[2369/6914] Building CXX object tools/clang/lib/AST/CMakeFiles/obj.clangAST.dir/CommentLexer.cpp.o
[2370/6914] Building CXX object tools/clang/lib/AST/CMakeFiles/obj.clangAST.dir/CommentParser.cpp.o
[2371/6914] Building CXX object tools/clang/lib/AST/CMakeFiles/obj.clangAST.dir/ComparisonCategories.cpp.o
[2372/6914] Building CXX object tools/clang/lib/AST/CMakeFiles/obj.clangAST.dir/ASTImporter.cpp.o
[2373/6914] Building CXX object tools/clang/lib/AST/CMakeFiles/obj.clangAST.dir/CommentSema.cpp.o
[2374/6914] Building CXX object tools/clang/lib/AST/CMakeFiles/obj.clangAST.dir/ASTContext.cpp.o
[2375/6914] Building CXX object tools/clang/lib/AST/CMakeFiles/obj.clangAST.dir/ComputeDependence.cpp.o
[2376/6914] Building CXX object tools/clang/lib/AST/CMakeFiles/obj.clangAST.dir/DataCollection.cpp.o
[2377/6914] Building CXX object tools/clang/lib/AST/CMakeFiles/obj.clangAST.dir/CXXInheritance.cpp.o
[2378/6914] Building CXX object tools/clang/lib/AST/CMakeFiles/obj.clangAST.dir/DeclarationName.cpp.o
[2379/6914] Building CXX object tools/clang/lib/AST/CMakeFiles/obj.clangAST.dir/DeclFriend.cpp.o
[2380/6914] Building CXX object tools/clang/lib/AST/CMakeFiles/obj.clangAST.dir/DeclGroup.cpp.o
[2381/6914] Building CXX object tools/clang/lib/AST/CMakeFiles/obj.clangAST.dir/DeclBase.cpp.o
[2382/6914] Building CXX object tools/clang/lib/AST/CMakeFiles/obj.clangAST.dir/DeclCXX.cpp.o
[2383/6914] Building CXX object tools/clang/lib/AST/CMakeFiles/obj.clangAST.dir/DeclOpenMP.cpp.o
[2384/6914] Building CXX object tools/clang/lib/AST/CMakeFiles/obj.clangAST.dir/Decl.cpp.o
[2385/6914] Building CXX object tools/clang/lib/AST/CMakeFiles/obj.clangAST.dir/DeclObjC.cpp.o
[2386/6914] Building CXX object tools/clang/lib/AST/CMakeFiles/obj.clangAST.dir/DeclPrinter.cpp.o
[2387/6914] Building CXX object tools/clang/lib/AST/CMakeFiles/obj.clangAST.dir/DeclTemplate.cpp.o
[2388/6914] Building CXX object tools/clang/lib/AST/CMakeFiles/obj.clangAST.dir/AttrImpl.cpp.o
[2389/6914] Building CXX object tools/clang/lib/AST/CMakeFiles/obj.clangAST.dir/ExprClassification.cpp.o
[2390/6914] Building CXX object tools/clang/lib/AST/CMakeFiles/obj.clangAST.dir/ExprConcepts.cpp.o
[2391/6914] Building CXX object tools/clang/lib/AST/CMakeFiles/obj.clangAST.dir/ExprObjC.cpp.o
[2392/6914] Building CXX object tools/clang/lib/AST/CMakeFiles/obj.clangAST.dir/ExprCXX.cpp.o
[2393/6914] Building CXX object tools/clang/lib/AST/CMakeFiles/obj.clangAST.dir/ExternalASTSource.cpp.o
[2394/6914] Building CXX object tools/clang/lib/AST/CMakeFiles/obj.clangAST.dir/ExternalASTMerger.cpp.o
[2395/6914] Building CXX object tools/clang/lib/AST/CMakeFiles/obj.clangAST.dir/ParentMapContext.cpp.o
[2396/6914] Building CXX object tools/clang/lib/AST/CMakeFiles/obj.clangAST.dir/Expr.cpp.o
[2397/6914] Building CXX object tools/clang/lib/AST/CMakeFiles/obj.clangAST.dir/FormatString.cpp.o
[2398/6914] Building CXX object tools/clang/lib/AST/CMakeFiles/obj.clangAST.dir/Interp/ByteCodeGenError.cpp.o
[2399/6914] Building CXX object tools/clang/lib/AST/CMakeFiles/obj.clangAST.dir/InheritViz.cpp.o
[2400/6914] Building CXX object tools/clang/lib/AST/CMakeFiles/obj.clangAST.dir/Interp/Descriptor.cpp.o
[2401/6914] Building CXX object tools/clang/lib/AST/CMakeFiles/obj.clangAST.dir/Interp/ByteCodeEmitter.cpp.o
[2402/6914] Building CXX object tools/clang/lib/AST/CMakeFiles/obj.clangAST.dir/Interp/ByteCodeStmtGen.cpp.o
[2403/6914] Building CXX object tools/clang/lib/AST/CMakeFiles/obj.clangAST.dir/Interp/Frame.cpp.o
[2404/6914] Building CXX object tools/clang/lib/AST/CMakeFiles/obj.clangAST.dir/Interp/ByteCodeExprGen.cpp.o
[2405/6914] Building CXX object tools/clang/lib/AST/CMakeFiles/obj.clangAST.dir/Interp/Context.cpp.o
[2406/6914] Building CXX object tools/clang/lib/AST/CMakeFiles/obj.clangAST.dir/Interp/Function.cpp.o
[2407/6914] Building CXX object tools/clang/lib/AST/CMakeFiles/obj.clangAST.dir/Interp/Disasm.cpp.o
[2408/6914] Building CXX object tools/clang/lib/AST/CMakeFiles/obj.clangAST.dir/Interp/InterpBlock.cpp.o
[2409/6914] Building CXX object tools/clang/lib/AST/CMakeFiles/obj.clangAST.dir/Interp/InterpStack.cpp.o
[2410/6914] Building CXX object tools/clang/lib/AST/CMakeFiles/obj.clangAST.dir/Interp/InterpState.cpp.o
[2411/6914] Building CXX object tools/clang/lib/AST/CMakeFiles/obj.clangAST.dir/Interp/Pointer.cpp.o
[2412/6914] Building CXX object tools/clang/lib/AST/CMakeFiles/obj.clangAST.dir/Interp/InterpFrame.cpp.o
[2413/6914] Building CXX object tools/clang/lib/AST/CMakeFiles/obj.clangAST.dir/Interp/PrimType.cpp.o
[2414/6914] Building CXX object tools/clang/lib/AST/CMakeFiles/obj.clangAST.dir/Interp/Record.cpp.o
[2415/6914] Building CXX object tools/clang/lib/AST/CMakeFiles/obj.clangAST.dir/Interp/Source.cpp.o
[2416/6914] Building CXX object tools/clang/lib/AST/CMakeFiles/obj.clangAST.dir/Interp/Interp.cpp.o
[2417/6914] Building CXX object tools/clang/lib/AST/CMakeFiles/obj.clangAST.dir/Interp/Program.cpp.o
[2418/6914] Building CXX object tools/clang/lib/AST/CMakeFiles/obj.clangAST.dir/Interp/State.cpp.o
[2419/6914] Building CXX object tools/clang/lib/AST/CMakeFiles/obj.clangAST.dir/ExprConstant.cpp.o
[2420/6914] Building CXX object tools/clang/lib/AST/CMakeFiles/obj.clangAST.dir/Interp/EvalEmitter.cpp.o
[2421/6914] Building CXX object tools/clang/lib/AST/CMakeFiles/obj.clangAST.dir/ItaniumCXXABI.cpp.o
[2422/6914] Building CXX object tools/clang/lib/AST/CMakeFiles/obj.clangAST.dir/MicrosoftCXXABI.cpp.o
[2423/6914] Building CXX object tools/clang/lib/AST/CMakeFiles/obj.clangAST.dir/Mangle.cpp.o
[2424/6914] Building CXX object tools/clang/lib/AST/CMakeFiles/obj.clangAST.dir/NestedNameSpecifier.cpp.o
[2425/6914] Building CXX object tools/clang/lib/AST/CMakeFiles/obj.clangAST.dir/NSAPI.cpp.o
[2426/6914] Building CXX object tools/clang/lib/AST/CMakeFiles/obj.clangAST.dir/JSONNodeDumper.cpp.o
[2427/6914] Building CXX object tools/clang/lib/AST/CMakeFiles/obj.clangAST.dir/ItaniumMangle.cpp.o
[2428/6914] Building CXX object tools/clang/lib/AST/CMakeFiles/obj.clangAST.dir/MicrosoftMangle.cpp.o
[2429/6914] Building CXX object tools/clang/lib/AST/CMakeFiles/obj.clangAST.dir/ODRHash.cpp.o
[2430/6914] Building CXX object tools/clang/lib/AST/CMakeFiles/obj.clangAST.dir/ODRDiagsEmitter.cpp.o
[2431/6914] Building CXX object tools/clang/lib/AST/CMakeFiles/obj.clangAST.dir/OSLog.cpp.o
[2432/6914] Building CXX object tools/clang/lib/AST/CMakeFiles/obj.clangAST.dir/ParentMap.cpp.o
[2433/6914] Building CXX object tools/clang/lib/AST/CMakeFiles/obj.clangAST.dir/PrintfFormatString.cpp.o
[2434/6914] Building CXX object tools/clang/lib/AST/CMakeFiles/obj.clangAST.dir/Randstruct.cpp.o
[2435/6914] Building CXX object tools/clang/lib/AST/CMakeFiles/obj.clangAST.dir/OpenMPClause.cpp.o
[2436/6914] Building CXX object tools/clang/lib/AST/CMakeFiles/obj.clangAST.dir/QualTypeNames.cpp.o
[2437/6914] Building CXX object tools/clang/lib/AST/CMakeFiles/obj.clangAST.dir/RecordLayout.cpp.o
[2438/6914] Building CXX object tools/clang/lib/AST/CMakeFiles/obj.clangAST.dir/RawCommentList.cpp.o
[2439/6914] Building CXX object tools/clang/lib/AST/CMakeFiles/obj.clangAST.dir/SelectorLocationsKind.cpp.o
[2440/6914] Building CXX object tools/clang/lib/AST/CMakeFiles/obj.clangAST.dir/ScanfFormatString.cpp.o
[2441/6914] Building CXX object tools/clang/lib/AST/CMakeFiles/obj.clangAST.dir/StmtIterator.cpp.o
[2442/6914] Building CXX object tools/clang/lib/AST/CMakeFiles/obj.clangAST.dir/StmtCXX.cpp.o
[2443/6914] Building CXX object tools/clang/lib/AST/CMakeFiles/obj.clangAST.dir/StmtObjC.cpp.o
[2444/6914] Building CXX object tools/clang/lib/AST/CMakeFiles/obj.clangAST.dir/RecordLayoutBuilder.cpp.o
[2445/6914] Building CXX object tools/clang/lib/AST/CMakeFiles/obj.clangAST.dir/StmtViz.cpp.o
[2446/6914] Building CXX object tools/clang/lib/AST/CMakeFiles/obj.clangAST.dir/Stmt.cpp.o
[2447/6914] Building CXX object tools/clang/lib/AST/CMakeFiles/obj.clangAST.dir/StmtOpenMP.cpp.o
[2448/6914] Building CXX object tools/clang/lib/AST/CMakeFiles/obj.clangAST.dir/StmtProfile.cpp.o
[2449/6914] Building CXX object tools/clang/lib/AST/CMakeFiles/obj.clangAST.dir/TemplateBase.cpp.o
[2450/6914] Building CXX object tools/clang/lib/AST/CMakeFiles/obj.clangAST.dir/TemplateName.cpp.o
[2451/6914] Building CXX object tools/clang/lib/AST/CMakeFiles/obj.clangAST.dir/StmtPrinter.cpp.o
[2452/6914] Building CXX object tools/clang/lib/AST/CMakeFiles/obj.clangAST.dir/TypeLoc.cpp.o
[2453/6914] Building ROCDLConversions.inc...
[2454/6914] Linking CXX static library lib/libMLIRArithAttrToLLVMConversion.a
[2455/6914] Building CXX object tools/clang/lib/AST/CMakeFiles/obj.clangAST.dir/VTTBuilder.cpp.o
[2456/6914] Building CXX object tools/clang/lib/AST/CMakeFiles/obj.clangAST.dir/Type.cpp.o
[2457/6914] Building CXX object tools/clang/lib/AST/CMakeFiles/obj.clangAST.dir/TypePrinter.cpp.o
[2458/6914] Building CXX object tools/clang/lib/AST/CMakeFiles/obj.clangAST.dir/TextNodeDumper.cpp.o
[2459/6914] Building CXX object tools/mlir/lib/Conversion/ControlFlowToLLVM/CMakeFiles/obj.MLIRControlFlowToLLVM.dir/ControlFlowToLLVM.cpp.o
[2460/6914] Building CXX object tools/clang/lib/AST/CMakeFiles/obj.clangAST.dir/VTableBuilder.cpp.o
[2461/6914] Building CXX object tools/mlir/lib/Dialect/Arith/Transforms/CMakeFiles/obj.MLIRArithTransforms.dir/BufferizableOpInterfaceImpl.cpp.o
[2462/6914] Building CXX object tools/mlir/lib/Dialect/Arith/Transforms/CMakeFiles/obj.MLIRArithTransforms.dir/Bufferize.cpp.o
[2463/6914] Building CXX object tools/mlir/lib/Conversion/VectorToLLVM/CMakeFiles/obj.MLIRVectorToLLVM.dir/ConvertVectorToLLVMPass.cpp.o
[2464/6914] Building CXX object tools/mlir/lib/Conversion/ArithToLLVM/CMakeFiles/obj.MLIRArithToLLVM.dir/ArithToLLVM.cpp.o
[2465/6914] Linking CXX static library lib/libMLIRArmNeonDialect.a
[2466/6914] Linking CXX static library lib/libMLIRArmSVETransforms.a
[2467/6914] Linking CXX static library lib/libMLIRAMXTransforms.a
[2468/6914] Linking CXX static library lib/libMLIRFuncTransforms.a
[2469/6914] Building CXX object tools/mlir/lib/Conversion/VectorToLLVM/CMakeFiles/obj.MLIRVectorToLLVM.dir/ConvertVectorToLLVM.cpp.o
[2470/6914] Building CXX object tools/mlir/lib/Dialect/Arith/Transforms/CMakeFiles/obj.MLIRArithTransforms.dir/ExpandOps.cpp.o
[2471/6914] Building CXX object tools/mlir/lib/Dialect/Arith/Transforms/CMakeFiles/obj.MLIRArithTransforms.dir/IntRangeOptimizations.cpp.o
[2472/6914] Building CXX object tools/mlir/lib/Dialect/Arith/Transforms/CMakeFiles/obj.MLIRArithTransforms.dir/EmulateWideInt.cpp.o
[2473/6914] Building CXX object tools/mlir/lib/Dialect/Arith/Transforms/CMakeFiles/obj.MLIRArithTransforms.dir/UnsignedWhenEquivalent.cpp.o
[2474/6914] Building CXX object tools/mlir/lib/Dialect/SCF/Utils/CMakeFiles/obj.MLIRSCFUtils.dir/AffineCanonicalizationUtils.cpp.o
[2475/6914] Building CXX object tools/mlir/lib/Dialect/Linalg/Utils/CMakeFiles/obj.MLIRLinalgUtils.dir/Utils.cpp.o
[2476/6914] Building CXX object tools/mlir/lib/Dialect/Tensor/Transforms/CMakeFiles/obj.MLIRTensorTransforms.dir/EmptyOpPatterns.cpp.o
[2477/6914] Building CXX object tools/mlir/lib/Dialect/Tensor/Transforms/CMakeFiles/obj.MLIRTensorTransforms.dir/Bufferize.cpp.o
[2478/6914] Building CXX object tools/mlir/lib/Dialect/SCF/Utils/CMakeFiles/obj.MLIRSCFUtils.dir/Utils.cpp.o
[2479/6914] Building CXX object tools/mlir/lib/Dialect/Tensor/Transforms/CMakeFiles/obj.MLIRTensorTransforms.dir/ExtractSliceFromReshapeUtils.cpp.o
[2480/6914] Building CXX object tools/mlir/lib/Dialect/Tensor/Transforms/CMakeFiles/obj.MLIRTensorTransforms.dir/BufferizableOpInterfaceImpl.cpp.o
[2481/6914] Linking CXX static library lib/libMLIRTensorUtils.a
[2482/6914] Building CXX object tools/mlir/lib/Dialect/Tensor/Transforms/CMakeFiles/obj.MLIRTensorTransforms.dir/FoldIntoPackAndUnpackPatterns.cpp.o
[2483/6914] Linking CXX static library lib/libMLIRVectorTransforms.a
[2484/6914] Linking CXX static library lib/libMLIRX86VectorTransforms.a
[2485/6914] Linking CXX static library lib/libMLIRTargetLLVMIRExport.a
[2486/6914] Linking CXX static library lib/libLLVMIRPrinter.a
[2487/6914] Linking CXX static library lib/libLLVMSelectionDAG.a
[2488/6914] Building CXX object tools/mlir/lib/Dialect/Tensor/Transforms/CMakeFiles/obj.MLIRTensorTransforms.dir/ReshapePatterns.cpp.o
[2489/6914] Building CXX object tools/mlir/lib/Dialect/Tensor/Transforms/CMakeFiles/obj.MLIRTensorTransforms.dir/MergeConsecutiveInsertExtractSlicePatterns.cpp.o
[2490/6914] Building CXX object tools/mlir/lib/Dialect/Tensor/Transforms/CMakeFiles/obj.MLIRTensorTransforms.dir/SplitPaddingPatterns.cpp.o
[2491/6914] Building CXX object tools/mlir/lib/Dialect/Tensor/Transforms/CMakeFiles/obj.MLIRTensorTransforms.dir/SwapExtractSliceWithProducerPatterns.cpp.o
[2492/6914] Building CXX object lib/CodeGen/AsmPrinter/CMakeFiles/LLVMAsmPrinter.dir/AddressPool.cpp.o
[2493/6914] Building CXX object lib/CodeGen/AsmPrinter/CMakeFiles/LLVMAsmPrinter.dir/ARMException.cpp.o
[2494/6914] Building CXX object lib/CodeGen/AsmPrinter/CMakeFiles/LLVMAsmPrinter.dir/AIXException.cpp.o
[2495/6914] Building CXX object lib/CodeGen/AsmPrinter/CMakeFiles/LLVMAsmPrinter.dir/AsmPrinterDwarf.cpp.o
[2496/6914] Building CXX object lib/CodeGen/AsmPrinter/CMakeFiles/LLVMAsmPrinter.dir/AccelTable.cpp.o
[2497/6914] Building CXX object lib/CodeGen/AsmPrinter/CMakeFiles/LLVMAsmPrinter.dir/AsmPrinterInlineAsm.cpp.o
[2498/6914] Building CXX object lib/CodeGen/AsmPrinter/CMakeFiles/LLVMAsmPrinter.dir/DebugLocStream.cpp.o
[2499/6914] Building CXX object lib/CodeGen/AsmPrinter/CMakeFiles/LLVMAsmPrinter.dir/DebugHandlerBase.cpp.o
[2500/6914] Building CXX object lib/CodeGen/AsmPrinter/CMakeFiles/LLVMAsmPrinter.dir/DbgEntityHistoryCalculator.cpp.o
[2501/6914] Building CXX object lib/CodeGen/AsmPrinter/CMakeFiles/LLVMAsmPrinter.dir/DIE.cpp.o
[2502/6914] Building CXX object lib/CodeGen/AsmPrinter/CMakeFiles/LLVMAsmPrinter.dir/DwarfCFIException.cpp.o
[2503/6914] Building CXX object lib/CodeGen/AsmPrinter/CMakeFiles/LLVMAsmPrinter.dir/DIEHash.cpp.o
[2504/6914] Building CXX object lib/CodeGen/AsmPrinter/CMakeFiles/LLVMAsmPrinter.dir/AsmPrinter.cpp.o
[2505/6914] Building CXX object lib/CodeGen/AsmPrinter/CMakeFiles/LLVMAsmPrinter.dir/DwarfStringPool.cpp.o
[2506/6914] Building CXX object lib/CodeGen/AsmPrinter/CMakeFiles/LLVMAsmPrinter.dir/DwarfCompileUnit.cpp.o
[2507/6914] Building CXX object lib/CodeGen/AsmPrinter/CMakeFiles/LLVMAsmPrinter.dir/DwarfExpression.cpp.o
[2508/6914] Building CXX object lib/CodeGen/AsmPrinter/CMakeFiles/LLVMAsmPrinter.dir/DwarfFile.cpp.o
[2509/6914] Building CXX object lib/CodeGen/AsmPrinter/CMakeFiles/LLVMAsmPrinter.dir/EHStreamer.cpp.o
[2510/6914] Building CXX object lib/CodeGen/AsmPrinter/CMakeFiles/LLVMAsmPrinter.dir/ErlangGCPrinter.cpp.o
[2511/6914] Building CXX object lib/CodeGen/AsmPrinter/CMakeFiles/LLVMAsmPrinter.dir/OcamlGCPrinter.cpp.o
[2512/6914] Building CXX object lib/CodeGen/AsmPrinter/CMakeFiles/LLVMAsmPrinter.dir/PseudoProbePrinter.cpp.o
[2513/6914] Building CXX object lib/CodeGen/AsmPrinter/CMakeFiles/LLVMAsmPrinter.dir/DwarfUnit.cpp.o
[2514/6914] Building CXX object lib/CodeGen/AsmPrinter/CMakeFiles/LLVMAsmPrinter.dir/WinCFGuard.cpp.o
[2515/6914] Building CXX object lib/CodeGen/MIRParser/CMakeFiles/LLVMMIRParser.dir/MILexer.cpp.o
[2516/6914] Building CXX object lib/CodeGen/AsmPrinter/CMakeFiles/LLVMAsmPrinter.dir/WasmException.cpp.o
[2517/6914] Building CXX object lib/CodeGen/AsmPrinter/CMakeFiles/LLVMAsmPrinter.dir/DwarfDebug.cpp.o
[2518/6914] Building CXX object lib/CodeGen/AsmPrinter/CMakeFiles/LLVMAsmPrinter.dir/WinException.cpp.o
[2519/6914] Building CXX object lib/CodeGen/GlobalISel/CMakeFiles/LLVMGlobalISel.dir/CSEInfo.cpp.o
[2520/6914] Building CXX object lib/CodeGen/GlobalISel/CMakeFiles/LLVMGlobalISel.dir/GISelKnownBits.cpp.o
[2521/6914] Building CXX object lib/CodeGen/GlobalISel/CMakeFiles/LLVMGlobalISel.dir/CSEMIRBuilder.cpp.o
[2522/6914] Building CXX object lib/CodeGen/GlobalISel/CMakeFiles/LLVMGlobalISel.dir/GlobalISel.cpp.o
[2523/6914] Building CXX object lib/CodeGen/MIRParser/CMakeFiles/LLVMMIRParser.dir/MIParser.cpp.o
[2524/6914] Building CXX object lib/CodeGen/MIRParser/CMakeFiles/LLVMMIRParser.dir/MIRParser.cpp.o
[2525/6914] Building CXX object lib/CodeGen/AsmPrinter/CMakeFiles/LLVMAsmPrinter.dir/CodeViewDebug.cpp.o
[2526/6914] Building CXX object lib/CodeGen/GlobalISel/CMakeFiles/LLVMGlobalISel.dir/Combiner.cpp.o
[2527/6914] Building CXX object lib/CodeGen/GlobalISel/CMakeFiles/LLVMGlobalISel.dir/GISelChangeObserver.cpp.o
[2528/6914] Building CXX object lib/CodeGen/GlobalISel/CMakeFiles/LLVMGlobalISel.dir/CallLowering.cpp.o
[2529/6914] Building CXX object lib/CodeGen/GlobalISel/CMakeFiles/LLVMGlobalISel.dir/InstructionSelector.cpp.o
[2530/6914] Building CXX object lib/CodeGen/GlobalISel/CMakeFiles/LLVMGlobalISel.dir/LegalityPredicates.cpp.o
[2531/6914] Building CXX object lib/CodeGen/GlobalISel/CMakeFiles/LLVMGlobalISel.dir/LegalizeMutations.cpp.o
[2532/6914] Building CXX object lib/CodeGen/GlobalISel/CMakeFiles/LLVMGlobalISel.dir/InlineAsmLowering.cpp.o
[2533/6914] Building CXX object lib/CodeGen/GlobalISel/CMakeFiles/LLVMGlobalISel.dir/InstructionSelect.cpp.o
[2534/6914] Building CXX object lib/CodeGen/GlobalISel/CMakeFiles/LLVMGlobalISel.dir/LegalizerInfo.cpp.o
[2535/6914] Building CXX object lib/CodeGen/GlobalISel/CMakeFiles/LLVMGlobalISel.dir/LegacyLegalizerInfo.cpp.o
[2536/6914] Building CXX object lib/CodeGen/GlobalISel/CMakeFiles/LLVMGlobalISel.dir/Legalizer.cpp.o
[2537/6914] Building CXX object lib/CodeGen/GlobalISel/CMakeFiles/LLVMGlobalISel.dir/CombinerHelper.cpp.o
[2538/6914] Building CXX object lib/CodeGen/GlobalISel/CMakeFiles/LLVMGlobalISel.dir/LostDebugLocObserver.cpp.o
[2539/6914] Building CXX object lib/CodeGen/GlobalISel/CMakeFiles/LLVMGlobalISel.dir/IRTranslator.cpp.o
[2540/6914] Building CXX object lib/CodeGen/GlobalISel/CMakeFiles/LLVMGlobalISel.dir/Localizer.cpp.o
[2541/6914] Linking CXX static library lib/libLLVMCoroutines.a
[2542/6914] Building CXX object lib/CodeGen/GlobalISel/CMakeFiles/LLVMGlobalISel.dir/LoadStoreOpt.cpp.o
[2543/6914] Building CXX object lib/CodeGen/GlobalISel/CMakeFiles/LLVMGlobalISel.dir/RegBankSelect.cpp.o
[2544/6914] Building CXX object lib/Target/AMDGPU/MCTargetDesc/CMakeFiles/LLVMAMDGPUDesc.dir/AMDGPUELFObjectWriter.cpp.o
[2545/6914] Building CXX object lib/Target/AMDGPU/MCTargetDesc/CMakeFiles/LLVMAMDGPUDesc.dir/AMDGPUAsmBackend.cpp.o
[2546/6914] Building CXX object lib/CodeGen/GlobalISel/CMakeFiles/LLVMGlobalISel.dir/MachineIRBuilder.cpp.o
[2547/6914] Building CXX object lib/Target/AMDGPU/MCTargetDesc/CMakeFiles/LLVMAMDGPUDesc.dir/AMDGPUMCCodeEmitter.cpp.o
[2548/6914] Building CXX object lib/CodeGen/GlobalISel/CMakeFiles/LLVMGlobalISel.dir/LegalizerHelper.cpp.o
[2549/6914] Building CXX object lib/Target/AMDGPU/MCTargetDesc/CMakeFiles/LLVMAMDGPUDesc.dir/AMDGPUMCAsmInfo.cpp.o
[2550/6914] Building CXX object lib/Target/AMDGPU/MCTargetDesc/CMakeFiles/LLVMAMDGPUDesc.dir/AMDGPUELFStreamer.cpp.o
[2551/6914] Building CXX object lib/Target/AMDGPU/MCTargetDesc/CMakeFiles/LLVMAMDGPUDesc.dir/R600InstPrinter.cpp.o
[2552/6914] Building CXX object lib/CodeGen/GlobalISel/CMakeFiles/LLVMGlobalISel.dir/Utils.cpp.o
[2553/6914] Building CXX object lib/Target/AMDGPU/MCTargetDesc/CMakeFiles/LLVMAMDGPUDesc.dir/R600MCCodeEmitter.cpp.o
[2554/6914] Linking CXX static library lib/libLLVMAMDGPUInfo.a
[2555/6914] Linking CXX static library lib/libLLVMAMDGPUUtils.a
[2556/6914] Building CXX object lib/Target/AMDGPU/MCTargetDesc/CMakeFiles/LLVMAMDGPUDesc.dir/R600MCTargetDesc.cpp.o
[2557/6914] Building CXX object lib/Target/NVPTX/MCTargetDesc/CMakeFiles/LLVMNVPTXDesc.dir/NVPTXMCAsmInfo.cpp.o
[2558/6914] Building CXX object lib/Target/AMDGPU/MCTargetDesc/CMakeFiles/LLVMAMDGPUDesc.dir/AMDGPUTargetStreamer.cpp.o
[2559/6914] Building CXX object lib/Target/AMDGPU/MCTargetDesc/CMakeFiles/LLVMAMDGPUDesc.dir/AMDGPUInstPrinter.cpp.o
[2560/6914] Linking CXX static library lib/libLLVMNVPTXInfo.a
[2561/6914] Building CXX object lib/Passes/CMakeFiles/LLVMPasses.dir/OptimizationLevel.cpp.o
[2562/6914] Building CXX object lib/Target/NVPTX/MCTargetDesc/CMakeFiles/LLVMNVPTXDesc.dir/NVPTXTargetStreamer.cpp.o
[2563/6914] Building CXX object lib/Target/NVPTX/MCTargetDesc/CMakeFiles/LLVMNVPTXDesc.dir/NVPTXMCTargetDesc.cpp.o
[2564/6914] Building CXX object lib/Target/AMDGPU/MCTargetDesc/CMakeFiles/LLVMAMDGPUDesc.dir/AMDGPUMCTargetDesc.cpp.o
[2565/6914] Building CXX object lib/Passes/CMakeFiles/LLVMPasses.dir/PassPlugin.cpp.o
[2566/6914] Building CXX object lib/Passes/CMakeFiles/LLVMPasses.dir/PassBuilderBindings.cpp.o
[2567/6914] Linking CXX static library lib/libclangAST.a
[2568/6914] Building CXX object lib/Target/NVPTX/MCTargetDesc/CMakeFiles/LLVMNVPTXDesc.dir/NVPTXInstPrinter.cpp.o
[2569/6914] Building CXX object lib/Passes/CMakeFiles/LLVMPasses.dir/StandardInstrumentations.cpp.o
[2570/6914] Building CXX object lib/Target/AMDGPU/MCTargetDesc/CMakeFiles/LLVMAMDGPUDesc.dir/SIMCCodeEmitter.cpp.o
[2571/6914] Building Passes.capi.cpp.inc...
[2572/6914] Building Passes.capi.h.inc...
[2573/6914] Building Passes.h.inc...
[2574/6914] Linking CXX static library lib/libMLIRArithToLLVM.a
[2575/6914] Linking CXX static library lib/libMLIRControlFlowToLLVM.a
[2576/6914] Building CXX object lib/Passes/CMakeFiles/LLVMPasses.dir/PassBuilderPipelines.cpp.o
[2577/6914] Linking CXX static library lib/libMLIRVectorToLLVM.a
[2578/6914] Building CXX object tools/clang/lib/ASTMatchers/CMakeFiles/obj.clangASTMatchers.dir/ASTMatchersInternal.cpp.o
[2579/6914] Linking CXX static library lib/libMLIRArithTransforms.a
[2580/6914] Building CXX object tools/mlir/lib/Dialect/Linalg/Analysis/CMakeFiles/obj.MLIRLinalgAnalysis.dir/DependenceAnalysis.cpp.o
[2581/6914] Building CXX object tools/mlir/lib/Conversion/VectorToSCF/CMakeFiles/obj.MLIRVectorToSCF.dir/VectorToSCF.cpp.o
[2582/6914] Linking CXX static library lib/libMLIRLinalgUtils.a
[2583/6914] Building CXX object tools/mlir/lib/Conversion/FuncToLLVM/CMakeFiles/obj.MLIRFuncToLLVM.dir/FuncToLLVM.cpp.o
[2584/6914] Building CXX object tools/clang/lib/ASTMatchers/CMakeFiles/obj.clangASTMatchers.dir/GtestMatchers.cpp.o
[2585/6914] Building CXX object tools/mlir/lib/Dialect/MemRef/Transforms/CMakeFiles/obj.MLIRMemRefTransforms.dir/ComposeSubView.cpp.o
[2586/6914] Building CXX object tools/clang/lib/ASTMatchers/CMakeFiles/obj.clangASTMatchers.dir/ASTMatchFinder.cpp.o
[2587/6914] Building CXX object tools/mlir/lib/Dialect/MemRef/Transforms/CMakeFiles/obj.MLIRMemRefTransforms.dir/ExpandOps.cpp.o
[2588/6914] Building CXX object tools/mlir/lib/Dialect/MemRef/Transforms/CMakeFiles/obj.MLIRMemRefTransforms.dir/ExpandStridedMetadata.cpp.o
[2589/6914] Building CXX object tools/mlir/lib/Dialect/MemRef/Transforms/CMakeFiles/obj.MLIRMemRefTransforms.dir/EmulateWideInt.cpp.o
[2590/6914] Building CXX object tools/mlir/lib/Dialect/MemRef/Transforms/CMakeFiles/obj.MLIRMemRefTransforms.dir/MultiBuffer.cpp.o
[2591/6914] Building CXX object tools/mlir/lib/Dialect/MemRef/Transforms/CMakeFiles/obj.MLIRMemRefTransforms.dir/FoldMemRefAliasOps.cpp.o
[2592/6914] Building CXX object tools/mlir/lib/Dialect/MemRef/Transforms/CMakeFiles/obj.MLIRMemRefTransforms.dir/NormalizeMemRefs.cpp.o
[2593/6914] Building CXX object tools/mlir/lib/Dialect/MemRef/Transforms/CMakeFiles/obj.MLIRMemRefTransforms.dir/ResolveShapedTypeResultDims.cpp.o
[2594/6914] Building CXX object tools/mlir/lib/Dialect/LLVMIR/CMakeFiles/obj.MLIRROCDLDialect.dir/IR/ROCDLDialect.cpp.o
[2595/6914] Building CXX object tools/mlir/lib/Dialect/MemRef/Transforms/CMakeFiles/obj.MLIRMemRefTransforms.dir/RuntimeOpVerification.cpp.o
[2596/6914] Building CXX object tools/mlir/lib/Dialect/Quant/IR/CMakeFiles/obj.MLIRQuantDialect.dir/QuantDialectBytecode.cpp.o
[2597/6914] Building CXX object lib/Passes/CMakeFiles/LLVMPasses.dir/PassBuilder.cpp.o
[2598/6914] Building CXX object tools/mlir/lib/Dialect/Quant/IR/CMakeFiles/obj.MLIRQuantDialect.dir/TypeParser.cpp.o
[2599/6914] Building CXX object tools/mlir/lib/Dialect/Quant/IR/CMakeFiles/obj.MLIRQuantDialect.dir/QuantTypes.cpp.o
[2600/6914] Building CXX object tools/mlir/lib/Dialect/Quant/IR/CMakeFiles/obj.MLIRQuantDialect.dir/QuantOps.cpp.o
[2601/6914] Building CXX object tools/mlir/lib/Dialect/SCF/Transforms/CMakeFiles/obj.MLIRSCFTransforms.dir/Bufferize.cpp.o
[2602/6914] Building CXX object tools/mlir/lib/Dialect/SCF/Transforms/CMakeFiles/obj.MLIRSCFTransforms.dir/ForToWhile.cpp.o
[2603/6914] Building CXX object tools/mlir/lib/Dialect/SCF/Transforms/CMakeFiles/obj.MLIRSCFTransforms.dir/BufferizableOpInterfaceImpl.cpp.o
[2604/6914] Building CXX object tools/mlir/lib/Dialect/SCF/Transforms/CMakeFiles/obj.MLIRSCFTransforms.dir/LoopRangeFolding.cpp.o
[2605/6914] Building CXX object tools/mlir/lib/Dialect/SCF/Transforms/CMakeFiles/obj.MLIRSCFTransforms.dir/LoopCanonicalization.cpp.o
[2606/6914] Building CXX object tools/mlir/lib/Dialect/SCF/Transforms/CMakeFiles/obj.MLIRSCFTransforms.dir/LoopPipelining.cpp.o
[2607/6914] Building CXX object tools/mlir/lib/Dialect/SCF/Transforms/CMakeFiles/obj.MLIRSCFTransforms.dir/ParallelLoopCollapsing.cpp.o
[2608/6914] Linking CXX static library lib/libMLIRSCFUtils.a
[2609/6914] Building SPIRVCanonicalization.inc...
[2610/6914] Building CXX object tools/mlir/lib/Dialect/SCF/Transforms/CMakeFiles/obj.MLIRSCFTransforms.dir/LoopSpecialization.cpp.o
[2611/6914] Linking CXX static library lib/libMLIRTensorTransforms.a
[2612/6914] Linking CXX static library lib/libLLVMAsmPrinter.a
[2613/6914] Linking CXX static library lib/libLLVMMIRParser.a
[2614/6914] Linking CXX static library lib/libLLVMGlobalISel.a
[2615/6914] Building CXX object tools/mlir/lib/Dialect/SCF/Transforms/CMakeFiles/obj.MLIRSCFTransforms.dir/ParallelLoopFusion.cpp.o
[2616/6914] Building CXX object lib/Option/CMakeFiles/LLVMOption.dir/Arg.cpp.o
[2617/6914] Building CXX object tools/mlir/lib/Dialect/SCF/Transforms/CMakeFiles/obj.MLIRSCFTransforms.dir/StructuralTypeConversions.cpp.o
[2618/6914] Building CXX object lib/Frontend/HLSL/CMakeFiles/LLVMFrontendHLSL.dir/HLSLResource.cpp.o
[2619/6914] Building CXX object tools/mlir/lib/Dialect/SCF/Transforms/CMakeFiles/obj.MLIRSCFTransforms.dir/ParallelLoopTiling.cpp.o
[2620/6914] Building CXX object lib/Option/CMakeFiles/LLVMOption.dir/ArgList.cpp.o
[2621/6914] Building CXX object lib/Option/CMakeFiles/LLVMOption.dir/Option.cpp.o
[2622/6914] Building CXX object lib/Option/CMakeFiles/LLVMOption.dir/OptTable.cpp.o
[2623/6914] Building CXX object tools/mlir/lib/Dialect/SCF/Transforms/CMakeFiles/obj.MLIRSCFTransforms.dir/TileUsingInterface.cpp.o
[2624/6914] Building CXX object lib/Target/AMDGPU/CMakeFiles/LLVMAMDGPUCodeGen.dir/AMDGPUAliasAnalysis.cpp.o
[2625/6914] Building CXX object tools/mlir/lib/Dialect/Tensor/IR/CMakeFiles/obj.MLIRTensorTilingInterfaceImpl.dir/TensorTilingInterfaceImpl.cpp.o
[2626/6914] Building CXX object lib/Target/AMDGPU/CMakeFiles/LLVMAMDGPUCodeGen.dir/AMDGPUAnnotateUniformValues.cpp.o
[2627/6914] Building CXX object lib/Target/AMDGPU/CMakeFiles/LLVMAMDGPUCodeGen.dir/AMDGPUAnnotateKernelFeatures.cpp.o
[2628/6914] Building CXX object lib/Target/AMDGPU/CMakeFiles/LLVMAMDGPUCodeGen.dir/AMDGPUAlwaysInlinePass.cpp.o
[2629/6914] Building CXX object lib/Target/AMDGPU/CMakeFiles/LLVMAMDGPUCodeGen.dir/AMDGPUArgumentUsageInfo.cpp.o
[2630/6914] Building CXX object lib/Target/AMDGPU/CMakeFiles/LLVMAMDGPUCodeGen.dir/AMDGPUAtomicOptimizer.cpp.o
[2631/6914] Building CXX object lib/Target/AMDGPU/CMakeFiles/LLVMAMDGPUCodeGen.dir/AMDGPUAsmPrinter.cpp.o
[2632/6914] Building CXX object lib/Target/AMDGPU/CMakeFiles/LLVMAMDGPUCodeGen.dir/AMDGPUCtorDtorLowering.cpp.o
[2633/6914] Building CXX object lib/Target/AMDGPU/CMakeFiles/LLVMAMDGPUCodeGen.dir/AMDGPUFrameLowering.cpp.o
[2634/6914] Building CXX object lib/Target/AMDGPU/CMakeFiles/LLVMAMDGPUCodeGen.dir/AMDGPUCombinerHelper.cpp.o
[2635/6914] Building CXX object lib/Target/AMDGPU/CMakeFiles/LLVMAMDGPUCodeGen.dir/AMDGPUCallLowering.cpp.o
[2636/6914] Building CXX object lib/Target/AMDGPU/CMakeFiles/LLVMAMDGPUCodeGen.dir/AMDGPUCodeGenPrepare.cpp.o
[2637/6914] Building CXX object lib/Target/AMDGPU/CMakeFiles/LLVMAMDGPUCodeGen.dir/AMDGPUAttributor.cpp.o
[2638/6914] Building CXX object lib/Target/AMDGPU/CMakeFiles/LLVMAMDGPUCodeGen.dir/AMDGPUInstrInfo.cpp.o
[2639/6914] Building CXX object lib/Target/AMDGPU/CMakeFiles/LLVMAMDGPUCodeGen.dir/AMDGPUExportClustering.cpp.o
[2640/6914] Building CXX object lib/Target/AMDGPU/CMakeFiles/LLVMAMDGPUCodeGen.dir/AMDGPUGlobalISelUtils.cpp.o
[2641/6914] Building CXX object lib/Target/AMDGPU/CMakeFiles/LLVMAMDGPUCodeGen.dir/AMDGPUInsertDelayAlu.cpp.o
[2642/6914] Building CXX object lib/Target/AMDGPU/CMakeFiles/LLVMAMDGPUCodeGen.dir/AMDGPUInstCombineIntrinsic.cpp.o
[2643/6914] Building CXX object lib/Target/AMDGPU/CMakeFiles/LLVMAMDGPUCodeGen.dir/AMDGPUHSAMetadataStreamer.cpp.o
[2644/6914] Building CXX object lib/Target/AMDGPU/CMakeFiles/LLVMAMDGPUCodeGen.dir/AMDGPULateCodeGenPrepare.cpp.o
[2645/6914] Building CXX object lib/Target/AMDGPU/CMakeFiles/LLVMAMDGPUCodeGen.dir/AMDGPULibFunc.cpp.o
[2646/6914] Building CXX object lib/Target/AMDGPU/CMakeFiles/LLVMAMDGPUCodeGen.dir/AMDGPUISelDAGToDAG.cpp.o
[2647/6914] Building CXX object lib/Target/AMDGPU/CMakeFiles/LLVMAMDGPUCodeGen.dir/AMDGPULowerIntrinsics.cpp.o
[2648/6914] Building CXX object lib/Target/AMDGPU/CMakeFiles/LLVMAMDGPUCodeGen.dir/AMDGPUISelLowering.cpp.o
[2649/6914] Building CXX object lib/Target/AMDGPU/CMakeFiles/LLVMAMDGPUCodeGen.dir/AMDGPULibCalls.cpp.o
[2650/6914] Building CXX object lib/Target/AMDGPU/CMakeFiles/LLVMAMDGPUCodeGen.dir/AMDGPUInstructionSelector.cpp.o
[2651/6914] Building CXX object lib/Target/AMDGPU/CMakeFiles/LLVMAMDGPUCodeGen.dir/AMDGPULowerKernelAttributes.cpp.o
[2652/6914] Building CXX object lib/Target/AMDGPU/CMakeFiles/LLVMAMDGPUCodeGen.dir/AMDGPUMachineFunction.cpp.o
[2653/6914] Building CXX object lib/Target/AMDGPU/CMakeFiles/LLVMAMDGPUCodeGen.dir/AMDGPUMachineModuleInfo.cpp.o
[2654/6914] Building CXX object lib/Target/AMDGPU/CMakeFiles/LLVMAMDGPUCodeGen.dir/AMDGPULowerKernelArguments.cpp.o
[2655/6914] Building CXX object lib/Target/AMDGPU/CMakeFiles/LLVMAMDGPUCodeGen.dir/AMDGPULegalizerInfo.cpp.o
[2656/6914] Building CXX object lib/Target/AMDGPU/CMakeFiles/LLVMAMDGPUCodeGen.dir/AMDGPULowerModuleLDSPass.cpp.o
[2657/6914] Building CXX object lib/Target/AMDGPU/CMakeFiles/LLVMAMDGPUCodeGen.dir/AMDGPUMacroFusion.cpp.o
[2658/6914] Building CXX object lib/Target/AMDGPU/CMakeFiles/LLVMAMDGPUCodeGen.dir/AMDGPUOpenCLEnqueuedBlockLowering.cpp.o
[2659/6914] Building CXX object lib/Target/AMDGPU/CMakeFiles/LLVMAMDGPUCodeGen.dir/AMDGPUMachineCFGStructurizer.cpp.o
[2660/6914] Building CXX object lib/Target/AMDGPU/CMakeFiles/LLVMAMDGPUCodeGen.dir/AMDGPUMIRFormatter.cpp.o
[2661/6914] Building CXX object lib/Target/AMDGPU/CMakeFiles/LLVMAMDGPUCodeGen.dir/AMDGPUMCInstLower.cpp.o
[2662/6914] Building CXX object lib/Target/AMDGPU/CMakeFiles/LLVMAMDGPUCodeGen.dir/AMDGPUPerfHintAnalysis.cpp.o
[2663/6914] Building CXX object lib/Target/AMDGPU/CMakeFiles/LLVMAMDGPUCodeGen.dir/AMDGPUIGroupLP.cpp.o
[2664/6914] Building CXX object lib/Target/AMDGPU/CMakeFiles/LLVMAMDGPUCodeGen.dir/AMDGPUPrintfRuntimeBinding.cpp.o
[2665/6914] Building CXX object lib/Target/AMDGPU/CMakeFiles/LLVMAMDGPUCodeGen.dir/AMDGPUPromoteKernelArguments.cpp.o
[2666/6914] Building CXX object lib/Target/AMDGPU/CMakeFiles/LLVMAMDGPUCodeGen.dir/AMDGPUPropagateAttributes.cpp.o
[2667/6914] Building CXX object lib/Target/AMDGPU/CMakeFiles/LLVMAMDGPUCodeGen.dir/AMDGPUPostLegalizerCombiner.cpp.o
[2668/6914] Building CXX object lib/Target/AMDGPU/CMakeFiles/LLVMAMDGPUCodeGen.dir/AMDGPUPreLegalizerCombiner.cpp.o
[2669/6914] Building CXX object lib/Target/AMDGPU/CMakeFiles/LLVMAMDGPUCodeGen.dir/AMDGPUPromoteAlloca.cpp.o
[2670/6914] Building CXX object lib/Target/AMDGPU/CMakeFiles/LLVMAMDGPUCodeGen.dir/AMDGPUReleaseVGPRs.cpp.o
[2671/6914] Building CXX object lib/Target/AMDGPU/CMakeFiles/LLVMAMDGPUCodeGen.dir/AMDGPURewriteOutArguments.cpp.o
[2672/6914] Building CXX object lib/Target/AMDGPU/CMakeFiles/LLVMAMDGPUCodeGen.dir/AMDGPURegBankCombiner.cpp.o
[2673/6914] Building CXX object lib/Target/AMDGPU/CMakeFiles/LLVMAMDGPUCodeGen.dir/AMDGPURewriteUndefForPHI.cpp.o
[2674/6914] Building CXX object lib/Target/AMDGPU/CMakeFiles/LLVMAMDGPUCodeGen.dir/AMDGPUResourceUsageAnalysis.cpp.o
[2675/6914] Building CXX object lib/Target/AMDGPU/CMakeFiles/LLVMAMDGPUCodeGen.dir/AMDGPUReplaceLDSUseWithPointer.cpp.o
[2676/6914] Building CXX object lib/Target/AMDGPU/CMakeFiles/LLVMAMDGPUCodeGen.dir/AMDGPURegisterBankInfo.cpp.o
[2677/6914] Building CXX object lib/Target/AMDGPU/CMakeFiles/LLVMAMDGPUCodeGen.dir/AMDGPUTargetObjectFile.cpp.o
[2678/6914] Building CXX object lib/Target/AMDGPU/CMakeFiles/LLVMAMDGPUCodeGen.dir/AMDGPUUnifyMetadata.cpp.o
[2679/6914] Building CXX object lib/Target/AMDGPU/CMakeFiles/LLVMAMDGPUCodeGen.dir/AMDGPUSetWavePriority.cpp.o
[2680/6914] Building CXX object lib/Target/AMDGPU/CMakeFiles/LLVMAMDGPUCodeGen.dir/AMDGPUUnifyDivergentExitNodes.cpp.o
[2681/6914] Building CXX object lib/Target/AMDGPU/CMakeFiles/LLVMAMDGPUCodeGen.dir/AMDGPUSubtarget.cpp.o
[2682/6914] Building CXX object lib/Target/AMDGPU/CMakeFiles/LLVMAMDGPUCodeGen.dir/GCNCreateVOPD.cpp.o
[2683/6914] Building CXX object lib/Target/AMDGPU/CMakeFiles/LLVMAMDGPUCodeGen.dir/AMDGPUTargetTransformInfo.cpp.o
[2684/6914] Building CXX object lib/Target/AMDGPU/CMakeFiles/LLVMAMDGPUCodeGen.dir/R600MachineCFGStructurizer.cpp.o
[2685/6914] Building CXX object lib/Target/AMDGPU/CMakeFiles/LLVMAMDGPUCodeGen.dir/GCNDPPCombine.cpp.o
[2686/6914] Building CXX object lib/Target/AMDGPU/CMakeFiles/LLVMAMDGPUCodeGen.dir/GCNILPSched.cpp.o
[2687/6914] Building CXX object lib/Target/AMDGPU/CMakeFiles/LLVMAMDGPUCodeGen.dir/GCNMinRegStrategy.cpp.o
[2688/6914] Building CXX object lib/Target/AMDGPU/CMakeFiles/LLVMAMDGPUCodeGen.dir/AMDGPUTargetMachine.cpp.o
[2689/6914] Building CXX object lib/Target/AMDGPU/CMakeFiles/LLVMAMDGPUCodeGen.dir/GCNHazardRecognizer.cpp.o
[2690/6914] Building CXX object lib/Target/AMDGPU/CMakeFiles/LLVMAMDGPUCodeGen.dir/GCNIterativeScheduler.cpp.o
[2691/6914] Building CXX object lib/Target/AMDGPU/CMakeFiles/LLVMAMDGPUCodeGen.dir/GCNNSAReassign.cpp.o
[2692/6914] Building CXX object lib/Target/AMDGPU/CMakeFiles/LLVMAMDGPUCodeGen.dir/GCNPreRAOptimizations.cpp.o
[2693/6914] Building CXX object lib/Target/AMDGPU/CMakeFiles/LLVMAMDGPUCodeGen.dir/GCNRegPressure.cpp.o
[2694/6914] Building CXX object lib/Target/AMDGPU/CMakeFiles/LLVMAMDGPUCodeGen.dir/GCNVOPDUtils.cpp.o
[2695/6914] Building CXX object lib/Target/AMDGPU/CMakeFiles/LLVMAMDGPUCodeGen.dir/R600ClauseMergePass.cpp.o
[2696/6914] Building CXX object lib/Target/AMDGPU/CMakeFiles/LLVMAMDGPUCodeGen.dir/R600AsmPrinter.cpp.o
[2697/6914] Building CXX object lib/Target/AMDGPU/CMakeFiles/LLVMAMDGPUCodeGen.dir/R600EmitClauseMarkers.cpp.o
[2698/6914] Building CXX object lib/Target/AMDGPU/CMakeFiles/LLVMAMDGPUCodeGen.dir/GCNSchedStrategy.cpp.o
[2699/6914] Building CXX object lib/Target/AMDGPU/CMakeFiles/LLVMAMDGPUCodeGen.dir/R600ControlFlowFinalizer.cpp.o
[2700/6914] Building CXX object lib/Target/AMDGPU/CMakeFiles/LLVMAMDGPUCodeGen.dir/R600ExpandSpecialInstrs.cpp.o
[2701/6914] Building CXX object lib/Target/AMDGPU/CMakeFiles/LLVMAMDGPUCodeGen.dir/R600FrameLowering.cpp.o
[2702/6914] Building CXX object lib/Target/AMDGPU/CMakeFiles/LLVMAMDGPUCodeGen.dir/R600InstrInfo.cpp.o
[2703/6914] Building CXX object lib/Target/AMDGPU/CMakeFiles/LLVMAMDGPUCodeGen.dir/R600MachineFunctionInfo.cpp.o
[2704/6914] Building CXX object lib/Target/AMDGPU/CMakeFiles/LLVMAMDGPUCodeGen.dir/R600MachineScheduler.cpp.o
[2705/6914] Building CXX object lib/Target/AMDGPU/CMakeFiles/LLVMAMDGPUCodeGen.dir/R600OpenCLImageTypeLoweringPass.cpp.o
[2706/6914] Building CXX object lib/Target/AMDGPU/CMakeFiles/LLVMAMDGPUCodeGen.dir/R600MCInstLower.cpp.o
[2707/6914] Building CXX object lib/Target/AMDGPU/CMakeFiles/LLVMAMDGPUCodeGen.dir/R600ISelLowering.cpp.o
[2708/6914] Building CXX object lib/Target/AMDGPU/CMakeFiles/LLVMAMDGPUCodeGen.dir/R600ISelDAGToDAG.cpp.o
[2709/6914] Building CXX object lib/Target/AMDGPU/CMakeFiles/LLVMAMDGPUCodeGen.dir/R600OptimizeVectorRegisters.cpp.o
[2710/6914] Building CXX object lib/Target/AMDGPU/CMakeFiles/LLVMAMDGPUCodeGen.dir/R600Packetizer.cpp.o
[2711/6914] Building CXX object lib/Target/AMDGPU/CMakeFiles/LLVMAMDGPUCodeGen.dir/R600RegisterInfo.cpp.o
[2712/6914] Building CXX object lib/Target/AMDGPU/CMakeFiles/LLVMAMDGPUCodeGen.dir/R600Subtarget.cpp.o
[2713/6914] Building CXX object lib/Target/AMDGPU/CMakeFiles/LLVMAMDGPUCodeGen.dir/R600TargetTransformInfo.cpp.o
[2714/6914] Building CXX object lib/Target/AMDGPU/CMakeFiles/LLVMAMDGPUCodeGen.dir/SIAnnotateControlFlow.cpp.o
[2715/6914] Building CXX object lib/Target/AMDGPU/CMakeFiles/LLVMAMDGPUCodeGen.dir/SIFixVGPRCopies.cpp.o
[2716/6914] Building CXX object lib/Target/AMDGPU/CMakeFiles/LLVMAMDGPUCodeGen.dir/R600TargetMachine.cpp.o
[2717/6914] Building CXX object lib/Target/AMDGPU/CMakeFiles/LLVMAMDGPUCodeGen.dir/SIFoldOperands.cpp.o
[2718/6914] Building CXX object lib/Target/AMDGPU/CMakeFiles/LLVMAMDGPUCodeGen.dir/SIFixSGPRCopies.cpp.o
[2719/6914] Building CXX object lib/Target/AMDGPU/CMakeFiles/LLVMAMDGPUCodeGen.dir/SIFormMemoryClauses.cpp.o
[2720/6914] Building CXX object lib/Target/AMDGPU/CMakeFiles/LLVMAMDGPUCodeGen.dir/SIInsertHardClauses.cpp.o
[2721/6914] Building CXX object lib/Target/AMDGPU/CMakeFiles/LLVMAMDGPUCodeGen.dir/SIFrameLowering.cpp.o
[2722/6914] Building CXX object lib/Target/AMDGPU/CMakeFiles/LLVMAMDGPUCodeGen.dir/SIInsertWaitcnts.cpp.o
[2723/6914] Building CXX object lib/Target/AMDGPU/CMakeFiles/LLVMAMDGPUCodeGen.dir/SILoadStoreOptimizer.cpp.o
[2724/6914] Building CXX object lib/Target/AMDGPU/CMakeFiles/LLVMAMDGPUCodeGen.dir/SILateBranchLowering.cpp.o
[2725/6914] Building CXX object lib/Target/AMDGPU/CMakeFiles/LLVMAMDGPUCodeGen.dir/SILowerControlFlow.cpp.o
[2726/6914] Building CXX object lib/Target/AMDGPU/CMakeFiles/LLVMAMDGPUCodeGen.dir/SILowerI1Copies.cpp.o
[2727/6914] Building CXX object lib/Target/AMDGPU/CMakeFiles/LLVMAMDGPUCodeGen.dir/SIInstrInfo.cpp.o
[2728/6914] Building CXX object lib/Target/AMDGPU/CMakeFiles/LLVMAMDGPUCodeGen.dir/SIISelLowering.cpp.o
[2729/6914] Building CXX object lib/Target/AMDGPU/CMakeFiles/LLVMAMDGPUCodeGen.dir/SILowerSGPRSpills.cpp.o
[2730/6914] Building CXX object lib/Target/AMDGPU/CMakeFiles/LLVMAMDGPUCodeGen.dir/SIMachineFunctionInfo.cpp.o
[2731/6914] Building CXX object lib/Target/AMDGPU/CMakeFiles/LLVMAMDGPUCodeGen.dir/SIModeRegister.cpp.o
[2732/6914] Building CXX object lib/Target/AMDGPU/CMakeFiles/LLVMAMDGPUCodeGen.dir/SIMemoryLegalizer.cpp.o
[2733/6914] Building CXX object lib/Target/AMDGPU/CMakeFiles/LLVMAMDGPUCodeGen.dir/SIMachineScheduler.cpp.o
[2734/6914] Building CXX object lib/Target/AMDGPU/CMakeFiles/LLVMAMDGPUCodeGen.dir/SIOptimizeExecMasking.cpp.o
[2735/6914] Building CXX object lib/Target/AMDGPU/CMakeFiles/LLVMAMDGPUCodeGen.dir/SIOptimizeExecMaskingPreRA.cpp.o
[2736/6914] Building CXX object lib/Target/AMDGPU/CMakeFiles/LLVMAMDGPUCodeGen.dir/SIProgramInfo.cpp.o
[2737/6914] Building CXX object lib/Target/AMDGPU/CMakeFiles/LLVMAMDGPUCodeGen.dir/SIPeepholeSDWA.cpp.o
[2738/6914] Building CXX object lib/Target/AMDGPU/CMakeFiles/LLVMAMDGPUCodeGen.dir/SIPostRABundler.cpp.o
[2739/6914] Building CXX object lib/Target/AMDGPU/CMakeFiles/LLVMAMDGPUCodeGen.dir/SIOptimizeVGPRLiveRange.cpp.o
[2740/6914] Building CXX object lib/Target/AMDGPU/CMakeFiles/LLVMAMDGPUCodeGen.dir/SIPreEmitPeephole.cpp.o
[2741/6914] Building CXX object lib/Target/AMDGPU/CMakeFiles/LLVMAMDGPUCodeGen.dir/SIPreAllocateWWMRegs.cpp.o
[2742/6914] Linking CXX static library lib/libLLVMAMDGPUDesc.a
[2743/6914] Building CXX object lib/Target/NVPTX/CMakeFiles/LLVMNVPTXCodeGen.dir/NVPTXAllocaHoisting.cpp.o
[2744/6914] Building CXX object lib/Target/NVPTX/CMakeFiles/LLVMNVPTXCodeGen.dir/NVPTXAtomicLower.cpp.o
[2745/6914] Building CXX object lib/Target/AMDGPU/CMakeFiles/LLVMAMDGPUCodeGen.dir/SIShrinkInstructions.cpp.o
[2746/6914] Building CXX object lib/Target/NVPTX/CMakeFiles/LLVMNVPTXCodeGen.dir/NVPTXAssignValidGlobalNames.cpp.o
[2747/6914] Building CXX object lib/Target/AMDGPU/CMakeFiles/LLVMAMDGPUCodeGen.dir/SIRegisterInfo.cpp.o
[2748/6914] Building CXX object lib/Target/NVPTX/CMakeFiles/LLVMNVPTXCodeGen.dir/NVPTXGenericToNVVM.cpp.o
[2749/6914] Building CXX object lib/Target/AMDGPU/CMakeFiles/LLVMAMDGPUCodeGen.dir/SIWholeQuadMode.cpp.o
[2750/6914] Building CXX object lib/Target/NVPTX/CMakeFiles/LLVMNVPTXCodeGen.dir/NVPTXFrameLowering.cpp.o
[2751/6914] Building CXX object lib/Target/NVPTX/CMakeFiles/LLVMNVPTXCodeGen.dir/NVPTXAsmPrinter.cpp.o
[2752/6914] Building CXX object lib/Target/NVPTX/CMakeFiles/LLVMNVPTXCodeGen.dir/NVPTXImageOptimizer.cpp.o
[2753/6914] Building CXX object lib/Target/NVPTX/CMakeFiles/LLVMNVPTXCodeGen.dir/NVPTXISelDAGToDAG.cpp.o
[2754/6914] Building CXX object lib/Target/NVPTX/CMakeFiles/LLVMNVPTXCodeGen.dir/NVPTXInstrInfo.cpp.o
[2755/6914] Building CXX object lib/Target/NVPTX/CMakeFiles/LLVMNVPTXCodeGen.dir/NVPTXLowerAggrCopies.cpp.o
[2756/6914] Building CXX object lib/Target/NVPTX/CMakeFiles/LLVMNVPTXCodeGen.dir/NVPTXLowerAlloca.cpp.o
[2757/6914] Building CXX object lib/Target/NVPTX/CMakeFiles/LLVMNVPTXCodeGen.dir/NVPTXISelLowering.cpp.o
[2758/6914] Building CXX object lib/Target/NVPTX/CMakeFiles/LLVMNVPTXCodeGen.dir/NVPTXMCExpr.cpp.o
[2759/6914] Building CXX object lib/Target/NVPTX/CMakeFiles/LLVMNVPTXCodeGen.dir/NVPTXLowerArgs.cpp.o
[2760/6914] Building CXX object lib/Target/AMDGPU/AsmParser/CMakeFiles/LLVMAMDGPUAsmParser.dir/AMDGPUAsmParser.cpp.o
[2761/6914] Building CXX object lib/Target/NVPTX/CMakeFiles/LLVMNVPTXCodeGen.dir/NVPTXPeephole.cpp.o
[2762/6914] Building CXX object lib/Target/NVPTX/CMakeFiles/LLVMNVPTXCodeGen.dir/NVPTXPrologEpilogPass.cpp.o
[2763/6914] Building CXX object lib/Target/NVPTX/CMakeFiles/LLVMNVPTXCodeGen.dir/NVPTXRegisterInfo.cpp.o
[2764/6914] Building CXX object lib/Target/NVPTX/CMakeFiles/LLVMNVPTXCodeGen.dir/NVPTXReplaceImageHandles.cpp.o
[2765/6914] Building CXX object lib/Target/NVPTX/CMakeFiles/LLVMNVPTXCodeGen.dir/NVPTXSubtarget.cpp.o
[2766/6914] Building CXX object lib/Target/NVPTX/CMakeFiles/LLVMNVPTXCodeGen.dir/NVVMIntrRange.cpp.o
[2767/6914] Linking CXX static library lib/libLLVMNVPTXDesc.a
[2768/6914] Linking CXX static library lib/libLLVMPasses.a
[2769/6914] Linking CXX static library lib/libclangASTMatchers.a
[2770/6914] Building OpenCLBuiltins.inc...
[2771/6914] Building CXX object lib/Target/NVPTX/CMakeFiles/LLVMNVPTXCodeGen.dir/NVVMReflect.cpp.o
[2772/6914] Building CXX object lib/Target/NVPTX/CMakeFiles/LLVMNVPTXCodeGen.dir/NVPTXUtilities.cpp.o
[2773/6914] Building CXX object lib/Target/NVPTX/CMakeFiles/LLVMNVPTXCodeGen.dir/NVPTXProxyRegErasure.cpp.o
[2774/6914] Building CXX object lib/Target/NVPTX/CMakeFiles/LLVMNVPTXCodeGen.dir/NVPTXTargetTransformInfo.cpp.o
[2775/6914] Building CXX object tools/clang/lib/Analysis/CMakeFiles/obj.clangAnalysis.dir/BodyFarm.cpp.o
[2776/6914] Building CXX object lib/Target/NVPTX/CMakeFiles/LLVMNVPTXCodeGen.dir/NVPTXTargetMachine.cpp.o
[2777/6914] Building CXX object tools/clang/lib/Analysis/CMakeFiles/obj.clangAnalysis.dir/CFGReachabilityAnalysis.cpp.o
[2778/6914] Building CXX object tools/clang/lib/Analysis/CMakeFiles/obj.clangAnalysis.dir/AnalysisDeclContext.cpp.o
[2779/6914] Building CXX object tools/clang/lib/Analysis/CMakeFiles/obj.clangAnalysis.dir/CFGStmtMap.cpp.o
[2780/6914] Building CXX object tools/clang/lib/Analysis/CMakeFiles/obj.clangAnalysis.dir/CocoaConventions.cpp.o
[2781/6914] Building CXX object tools/clang/lib/Analysis/CMakeFiles/obj.clangAnalysis.dir/ConstructionContext.cpp.o
[2782/6914] Building CXX object tools/clang/lib/Analysis/CMakeFiles/obj.clangAnalysis.dir/CodeInjector.cpp.o
[2783/6914] Building CXX object tools/clang/lib/Analysis/CMakeFiles/obj.clangAnalysis.dir/CallGraph.cpp.o
[2784/6914] Building CXX object tools/clang/lib/Analysis/CMakeFiles/obj.clangAnalysis.dir/CFG.cpp.o
[2785/6914] Building CXX object tools/clang/lib/Analysis/CMakeFiles/obj.clangAnalysis.dir/CloneDetection.cpp.o
[2786/6914] Building CXX object tools/clang/lib/Analysis/CMakeFiles/obj.clangAnalysis.dir/CalledOnceCheck.cpp.o
[2787/6914] Building CXX object tools/clang/lib/Analysis/CMakeFiles/obj.clangAnalysis.dir/Dominators.cpp.o
[2788/6914] Building CXX object tools/clang/lib/Analysis/CMakeFiles/obj.clangAnalysis.dir/Consumed.cpp.o
[2789/6914] Building CXX object tools/clang/lib/Analysis/CMakeFiles/obj.clangAnalysis.dir/IssueHash.cpp.o
[2790/6914] Building CXX object tools/clang/lib/Analysis/CMakeFiles/obj.clangAnalysis.dir/MacroExpansionContext.cpp.o
[2791/6914] Building CXX object tools/clang/lib/Analysis/CMakeFiles/obj.clangAnalysis.dir/ObjCNoReturn.cpp.o
[2792/6914] Building CXX object tools/clang/lib/Analysis/CMakeFiles/obj.clangAnalysis.dir/LiveVariables.cpp.o
[2793/6914] Building CXX object tools/clang/lib/Analysis/CMakeFiles/obj.clangAnalysis.dir/PostOrderCFGView.cpp.o
[2794/6914] Building CXX object tools/clang/lib/Analysis/CMakeFiles/obj.clangAnalysis.dir/ProgramPoint.cpp.o
[2795/6914] Building CXX object tools/clang/lib/Analysis/CMakeFiles/obj.clangAnalysis.dir/PathDiagnostic.cpp.o
[2796/6914] Building CXX object tools/clang/lib/Analysis/CMakeFiles/obj.clangAnalysis.dir/ReachableCode.cpp.o
[2797/6914] Building CXX object tools/clang/lib/Analysis/CMakeFiles/obj.clangAnalysis.dir/ThreadSafetyLogical.cpp.o
[2798/6914] Building CXX object tools/clang/lib/Analysis/CMakeFiles/obj.clangAnalysis.dir/ThreadSafetyTIL.cpp.o
[2799/6914] Building CXX object tools/clang/lib/Analysis/CMakeFiles/obj.clangAnalysis.dir/ThreadSafetyCommon.cpp.o
[2800/6914] Building CXX object tools/clang/lib/Analysis/CMakeFiles/obj.clangAnalysis.dir/ThreadSafety.cpp.o
[2801/6914] Building CXX object tools/clang/lib/Analysis/CMakeFiles/obj.clangAnalysis.dir/ExprMutationAnalyzer.cpp.o
[2802/6914] Building CXX object tools/clang/lib/Analysis/CMakeFiles/obj.clangAnalysis.dir/UninitializedValues.cpp.o
[2803/6914] Building CXX object tools/clang/lib/Edit/CMakeFiles/obj.clangEdit.dir/Commit.cpp.o
[2804/6914] Building CXX object tools/clang/lib/Rewrite/CMakeFiles/obj.clangRewrite.dir/DeltaTree.cpp.o
[2805/6914] Building CXX object tools/clang/lib/Analysis/CMakeFiles/obj.clangAnalysis.dir/RetainSummaryManager.cpp.o
[2806/6914] Building CXX object tools/clang/lib/Edit/CMakeFiles/obj.clangEdit.dir/EditedSource.cpp.o
[2807/6914] Building CXX object tools/clang/lib/Rewrite/CMakeFiles/obj.clangRewrite.dir/RewriteRope.cpp.o
[2808/6914] Building AMDGPUEnums.cpp.inc...
[2809/6914] Building AMDGPUEnums.h.inc...
[2810/6914] Building Passes.h.inc...
[2811/6914] Building Passes.capi.cpp.inc...
[2812/6914] Building Passes.capi.h.inc...
[2813/6914] Building Passes.h.inc...
[2814/6914] Building GPUTransformOps.cpp.inc...
[2815/6914] Building GPUTransformOps.h.inc...
[2816/6914] Building AccCommon.td...
[2817/6914] Building Passes.capi.cpp.inc...
[2818/6914] Building Passes.capi.h.inc...
[2819/6914] Building Passes.h.inc...
[2820/6914] Building TosaAttributes.cpp.inc...
[2821/6914] Building TosaAttributes.h.inc...
[2822/6914] Linking CXX static library lib/libMLIRFuncToLLVM.a
[2823/6914] Linking CXX static library lib/libMLIRVectorToSCF.a
[2824/6914] Building CXX object tools/clang/lib/Edit/CMakeFiles/obj.clangEdit.dir/RewriteObjCFoundationAPI.cpp.o
[2825/6914] Linking CXX static library lib/libMLIRLinalgAnalysis.a
[2826/6914] Building CXX object tools/clang/lib/Rewrite/CMakeFiles/obj.clangRewrite.dir/TokenRewriter.cpp.o
[2827/6914] Building CXX object tools/clang/lib/Rewrite/CMakeFiles/obj.clangRewrite.dir/HTMLRewrite.cpp.o
[2828/6914] Building CXX object tools/clang/lib/Rewrite/CMakeFiles/obj.clangRewrite.dir/Rewriter.cpp.o
[2829/6914] Building CXX object tools/mlir/lib/Dialect/Linalg/Transforms/CMakeFiles/obj.MLIRLinalgTransforms.dir/BubbleUpExtractSlice.cpp.o
[2830/6914] Building CXX object tools/mlir/lib/Dialect/Linalg/Transforms/CMakeFiles/obj.MLIRLinalgTransforms.dir/Bufferize.cpp.o
[2831/6914] Building CXX object tools/mlir/lib/Dialect/Linalg/Transforms/CMakeFiles/obj.MLIRLinalgTransforms.dir/ConstantFold.cpp.o
[2832/6914] Building CXX object tools/mlir/lib/Dialect/Linalg/Transforms/CMakeFiles/obj.MLIRLinalgTransforms.dir/BufferizableOpInterfaceImpl.cpp.o
[2833/6914] Building CXX object tools/mlir/lib/Dialect/Linalg/Transforms/CMakeFiles/obj.MLIRLinalgTransforms.dir/ConvertToDestinationStyle.cpp.o
[2834/6914] Building CXX object tools/clang/lib/Analysis/CMakeFiles/obj.clangAnalysis.dir/UnsafeBufferUsage.cpp.o
[2835/6914] Building CXX object tools/mlir/lib/Dialect/Async/IR/CMakeFiles/obj.MLIRAsyncDialect.dir/Async.cpp.o
[2836/6914] Building CXX object tools/mlir/lib/Dialect/Linalg/Transforms/CMakeFiles/obj.MLIRLinalgTransforms.dir/DecomposeLinalgOps.cpp.o
[2837/6914] Building CXX object tools/mlir/lib/Dialect/Linalg/Transforms/CMakeFiles/obj.MLIRLinalgTransforms.dir/DataLayoutPropagation.cpp.o
[2838/6914] Building CXX object tools/mlir/lib/Dialect/Linalg/Transforms/CMakeFiles/obj.MLIRLinalgTransforms.dir/Detensorize.cpp.o
[2839/6914] Building CXX object tools/mlir/lib/Dialect/Linalg/Transforms/CMakeFiles/obj.MLIRLinalgTransforms.dir/FusePadOpWithLinalgProducer.cpp.o
[2840/6914] Building CXX object tools/mlir/lib/Dialect/Linalg/Transforms/CMakeFiles/obj.MLIRLinalgTransforms.dir/ElementwiseToLinalg.cpp.o
[2841/6914] Building CXX object tools/mlir/lib/Dialect/Linalg/Transforms/CMakeFiles/obj.MLIRLinalgTransforms.dir/EraseUnusedOperandsAndResults.cpp.o
[2842/6914] Building CXX object tools/mlir/lib/Dialect/Linalg/Transforms/CMakeFiles/obj.MLIRLinalgTransforms.dir/DropUnitDims.cpp.o
[2843/6914] Building CXX object tools/mlir/lib/Dialect/Linalg/Transforms/CMakeFiles/obj.MLIRLinalgTransforms.dir/ElementwiseOpFusion.cpp.o
[2844/6914] Building CXX object tools/mlir/lib/Dialect/Linalg/Transforms/CMakeFiles/obj.MLIRLinalgTransforms.dir/Fusion.cpp.o
[2845/6914] Building CXX object tools/mlir/lib/Dialect/Linalg/Transforms/CMakeFiles/obj.MLIRLinalgTransforms.dir/Generalization.cpp.o
[2846/6914] Building CXX object tools/mlir/lib/Dialect/Linalg/Transforms/CMakeFiles/obj.MLIRLinalgTransforms.dir/FusionOnTensors.cpp.o
[2847/6914] Building CXX object tools/mlir/lib/Dialect/Linalg/Transforms/CMakeFiles/obj.MLIRLinalgTransforms.dir/Hoisting.cpp.o
[2848/6914] Building CXX object tools/mlir/lib/Dialect/Linalg/Transforms/CMakeFiles/obj.MLIRLinalgTransforms.dir/HoistPadding.cpp.o
[2849/6914] Building CXX object tools/mlir/lib/Dialect/Linalg/Transforms/CMakeFiles/obj.MLIRLinalgTransforms.dir/InlineScalarOperands.cpp.o
[2850/6914] Building CXX object tools/mlir/lib/Dialect/Linalg/Transforms/CMakeFiles/obj.MLIRLinalgTransforms.dir/Interchange.cpp.o
[2851/6914] Building CXX object tools/mlir/lib/Dialect/Linalg/Transforms/CMakeFiles/obj.MLIRLinalgTransforms.dir/NamedOpConversions.cpp.o
[2852/6914] Building CXX object tools/mlir/lib/Dialect/Linalg/Transforms/CMakeFiles/obj.MLIRLinalgTransforms.dir/Split.cpp.o
[2853/6914] Building CXX object tools/mlir/lib/Dialect/Linalg/Transforms/CMakeFiles/obj.MLIRLinalgTransforms.dir/Loops.cpp.o
[2854/6914] Building CXX object tools/mlir/lib/Dialect/Linalg/Transforms/CMakeFiles/obj.MLIRLinalgTransforms.dir/Promotion.cpp.o
[2855/6914] Building CXX object tools/mlir/lib/Dialect/Linalg/Transforms/CMakeFiles/obj.MLIRLinalgTransforms.dir/SwapExtractSliceWithFillPatterns.cpp.o
[2856/6914] Linking CXX static library lib/libMLIRROCDLDialect.a
[2857/6914] Linking CXX static library lib/libMLIRMemRefTransforms.a
[2858/6914] Linking CXX static library lib/libMLIRQuantDialect.a
[2859/6914] Building CXX object tools/mlir/lib/Dialect/Linalg/Transforms/CMakeFiles/obj.MLIRLinalgTransforms.dir/SplitReduction.cpp.o
[2860/6914] Building CXX object tools/mlir/lib/Dialect/Quant/Utils/CMakeFiles/obj.MLIRQuantUtils.dir/UniformSupport.cpp.o
[2861/6914] Linking CXX static library lib/libMLIRSCFTransforms.a
[2862/6914] Building ShapeCanonicalization.inc...
[2863/6914] Building CXX object tools/mlir/lib/Dialect/Quant/Utils/CMakeFiles/obj.MLIRQuantUtils.dir/FakeQuantSupport.cpp.o
[2864/6914] Building CXX object tools/mlir/lib/Dialect/Linalg/Transforms/CMakeFiles/obj.MLIRLinalgTransforms.dir/Tiling.cpp.o
[2865/6914] Building CXX object tools/mlir/lib/Dialect/SparseTensor/Utils/CMakeFiles/obj.MLIRSparseTensorUtils.dir/Merger.cpp.o
[2866/6914] Building CXX object tools/mlir/lib/Dialect/Linalg/Transforms/CMakeFiles/obj.MLIRLinalgTransforms.dir/Transforms.cpp.o
[2867/6914] Building CXX object tools/mlir/lib/Dialect/Linalg/Transforms/CMakeFiles/obj.MLIRLinalgTransforms.dir/Vectorization.cpp.o
[2868/6914] Building CXX object tools/mlir/lib/Dialect/SPIRV/IR/CMakeFiles/obj.MLIRSPIRVDialect.dir/SPIRVCanonicalization.cpp.o
[2869/6914] Building CXX object tools/mlir/lib/Dialect/SPIRV/IR/CMakeFiles/obj.MLIRSPIRVDialect.dir/SPIRVAttributes.cpp.o
[2870/6914] Building CXX object tools/mlir/lib/Dialect/SPIRV/IR/CMakeFiles/obj.MLIRSPIRVDialect.dir/SPIRVGLCanonicalization.cpp.o
[2871/6914] Building CXX object tools/mlir/lib/Dialect/SPIRV/IR/CMakeFiles/obj.MLIRSPIRVDialect.dir/SPIRVEnums.cpp.o
[2872/6914] Linking CXX static library lib/libMLIRTensorTilingInterfaceImpl.a
[2873/6914] Building CXX object tools/mlir/lib/Dialect/Transform/Utils/CMakeFiles/obj.MLIRTransformDialectUtils.dir/DiagnosedSilenceableFailure.cpp.o
[2874/6914] Building CXX object tools/mlir/lib/Dialect/SPIRV/IR/CMakeFiles/obj.MLIRSPIRVDialect.dir/SPIRVTypes.cpp.o
[2875/6914] Building CXX object tools/mlir/lib/Dialect/SPIRV/IR/CMakeFiles/obj.MLIRSPIRVDialect.dir/TargetAndABI.cpp.o
[2876/6914] Building CXX object tools/mlir/lib/Dialect/Linalg/Transforms/CMakeFiles/obj.MLIRLinalgTransforms.dir/TilingInterfaceImpl.cpp.o
[2877/6914] Building CXX object tools/mlir/lib/Dialect/Transform/Utils/CMakeFiles/obj.MLIRTransformDialectUtils.dir/Utils.cpp.o
[2878/6914] Linking CXX static library lib/libLLVMFrontendHLSL.a
[2879/6914] Linking CXX static library lib/libLLVMOption.a
[2880/6914] Linking CXX static library lib/libLLVMAMDGPUCodeGen.a
[2881/6914] Linking CXX static library lib/libLLVMAMDGPUAsmParser.a
[2882/6914] Linking CXX static library lib/libLLVMNVPTXCodeGen.a
[2883/6914] Building CXX object lib/WindowsDriver/CMakeFiles/LLVMWindowsDriver.dir/MSVCPaths.cpp.o
[2884/6914] Building Options.inc...
[2885/6914] Building CXX object tools/mlir/lib/ExecutionEngine/CMakeFiles/obj.MLIRExecutionEngineUtils.dir/OptUtils.cpp.o
[2886/6914] Building CXX object tools/mlir/lib/Target/LLVMIR/Dialect/ROCDL/CMakeFiles/obj.MLIRROCDLToLLVMIRTranslation.dir/ROCDLToLLVMIRTranslation.cpp.o
[2887/6914] Building CXX object tools/mlir/lib/Target/LLVMIR/Dialect/LLVMIR/CMakeFiles/obj.MLIRLLVMToLLVMIRTranslation.dir/LLVMToLLVMIRTranslation.cpp.o
[2888/6914] Building CXX object tools/clang/lib/Sema/CMakeFiles/obj.clangSema.dir/CodeCompleteConsumer.cpp.o
[2889/6914] Building CXX object tools/clang/lib/Sema/CMakeFiles/obj.clangSema.dir/DeclSpec.cpp.o
[2890/6914] Building CXX object tools/clang/lib/Sema/CMakeFiles/obj.clangSema.dir/DelayedDiagnostic.cpp.o
[2891/6914] Building CXX object tools/clang/lib/Sema/CMakeFiles/obj.clangSema.dir/IdentifierResolver.cpp.o
[2892/6914] Building CXX object tools/clang/lib/Sema/CMakeFiles/obj.clangSema.dir/AnalysisBasedWarnings.cpp.o
[2893/6914] Building CXX object tools/clang/lib/Sema/CMakeFiles/obj.clangSema.dir/HLSLExternalSemaSource.cpp.o
[2894/6914] Building CXX object tools/clang/lib/Sema/CMakeFiles/obj.clangSema.dir/Scope.cpp.o
[2895/6914] Building CXX object tools/clang/lib/Sema/CMakeFiles/obj.clangSema.dir/MultiplexExternalSemaSource.cpp.o
[2896/6914] Building CXX object tools/clang/lib/Sema/CMakeFiles/obj.clangSema.dir/JumpDiagnostics.cpp.o
[2897/6914] Building CXX object tools/clang/lib/Sema/CMakeFiles/obj.clangSema.dir/ScopeInfo.cpp.o
[2898/6914] Building CXX object tools/clang/lib/Sema/CMakeFiles/obj.clangSema.dir/ParsedAttr.cpp.o
[2899/6914] Building CXX object tools/clang/lib/Sema/CMakeFiles/obj.clangSema.dir/SemaAccess.cpp.o
[2900/6914] Building CXX object tools/clang/lib/Sema/CMakeFiles/obj.clangSema.dir/SemaAttr.cpp.o
[2901/6914] Building CXX object tools/clang/lib/Sema/CMakeFiles/obj.clangSema.dir/Sema.cpp.o
[2902/6914] Building CXX object tools/mlir/lib/Dialect/SPIRV/IR/CMakeFiles/obj.MLIRSPIRVDialect.dir/SPIRVOps.cpp.o
[2903/6914] Building CXX object tools/mlir/lib/Dialect/SPIRV/IR/CMakeFiles/obj.MLIRSPIRVDialect.dir/SPIRVDialect.cpp.o
[2904/6914] Building CXX object tools/clang/lib/Sema/CMakeFiles/obj.clangSema.dir/SemaCXXScopeSpec.cpp.o
[2905/6914] Building CXX object tools/clang/lib/Sema/CMakeFiles/obj.clangSema.dir/SemaConsumer.cpp.o
[2906/6914] Building CXX object tools/clang/lib/Sema/CMakeFiles/obj.clangSema.dir/SemaCast.cpp.o
[2907/6914] Building CXX object tools/clang/lib/Sema/CMakeFiles/obj.clangSema.dir/SemaCoroutine.cpp.o
[2908/6914] Building CXX object tools/clang/lib/Sema/CMakeFiles/obj.clangSema.dir/SemaAvailability.cpp.o
[2909/6914] Building CXX object tools/clang/lib/Sema/CMakeFiles/obj.clangSema.dir/SemaCUDA.cpp.o
[2910/6914] Building CXX object tools/clang/lib/Sema/CMakeFiles/obj.clangSema.dir/SemaConcept.cpp.o
[2911/6914] Building CXX object tools/clang/lib/Sema/CMakeFiles/obj.clangSema.dir/SemaChecking.cpp.o
[2912/6914] Building CXX object tools/clang/lib/Sema/CMakeFiles/obj.clangSema.dir/SemaCodeComplete.cpp.o
[2913/6914] Building CXX object tools/clang/lib/Sema/CMakeFiles/obj.clangSema.dir/SemaExceptionSpec.cpp.o
[2914/6914] Building CXX object tools/clang/lib/Sema/CMakeFiles/obj.clangSema.dir/SemaDeclObjC.cpp.o
[2915/6914] Building CXX object tools/clang/lib/Sema/CMakeFiles/obj.clangSema.dir/SemaDeclAttr.cpp.o
[2916/6914] Building CXX object tools/clang/lib/Sema/CMakeFiles/obj.clangSema.dir/SemaDecl.cpp.o
[2917/6914] Building CXX object tools/clang/lib/Sema/CMakeFiles/obj.clangSema.dir/SemaDeclCXX.cpp.o
[2918/6914] Building CXX object tools/clang/lib/Sema/CMakeFiles/obj.clangSema.dir/SemaExprMember.cpp.o
[2919/6914] Building CXX object tools/clang/lib/Sema/CMakeFiles/obj.clangSema.dir/SemaFixItUtils.cpp.o
[2920/6914] Building CXX object tools/clang/lib/Sema/CMakeFiles/obj.clangSema.dir/SemaExprObjC.cpp.o
[2921/6914] Building CXX object tools/clang/lib/Sema/CMakeFiles/obj.clangSema.dir/SemaHLSL.cpp.o
[2922/6914] Building CXX object tools/clang/lib/Sema/CMakeFiles/obj.clangSema.dir/SemaLambda.cpp.o
[2923/6914] Building CXX object tools/clang/lib/Sema/CMakeFiles/obj.clangSema.dir/SemaModule.cpp.o
[2924/6914] Building CXX object tools/clang/lib/Sema/CMakeFiles/obj.clangSema.dir/SemaInit.cpp.o
[2925/6914] Building CXX object tools/clang/lib/Sema/CMakeFiles/obj.clangSema.dir/SemaExprCXX.cpp.o
[2926/6914] Building CXX object tools/clang/lib/Sema/CMakeFiles/obj.clangSema.dir/SemaObjCProperty.cpp.o
[2927/6914] Building CXX object tools/clang/lib/Sema/CMakeFiles/obj.clangSema.dir/SemaLookup.cpp.o
[2928/6914] Building CXX object tools/clang/lib/Sema/CMakeFiles/obj.clangSema.dir/SemaPseudoObject.cpp.o
[2929/6914] Building CXX object tools/clang/lib/Sema/CMakeFiles/obj.clangSema.dir/SemaRISCVVectorLookup.cpp.o
[2930/6914] Building CXX object tools/clang/lib/Sema/CMakeFiles/obj.clangSema.dir/SemaOverload.cpp.o
[2931/6914] Building CXX object tools/clang/lib/Sema/CMakeFiles/obj.clangSema.dir/SemaExpr.cpp.o
[2932/6914] Building CXX object tools/clang/lib/Sema/CMakeFiles/obj.clangSema.dir/SemaStmtAsm.cpp.o
[2933/6914] Building CXX object tools/clang/lib/Sema/CMakeFiles/obj.clangSema.dir/SemaStmtAttr.cpp.o
[2934/6914] Building CXX object tools/clang/lib/Sema/CMakeFiles/obj.clangSema.dir/SemaSYCL.cpp.o
[2935/6914] Building CXX object tools/clang/lib/Sema/CMakeFiles/obj.clangSema.dir/SemaStmt.cpp.o
[2936/6914] Building CXX object tools/clang/lib/Sema/CMakeFiles/obj.clangSema.dir/SemaTemplateVariadic.cpp.o
[2937/6914] Building CXX object tools/clang/lib/Sema/CMakeFiles/obj.clangSema.dir/SemaTemplateInstantiate.cpp.o
[2938/6914] Building CXX object tools/clang/lib/Sema/CMakeFiles/obj.clangSema.dir/SemaOpenMP.cpp.o
[2939/6914] Linking CXX static library lib/libclangAnalysis.a
[2940/6914] Linking CXX static library lib/libclangEdit.a
[2941/6914] Linking CXX static library lib/libclangRewrite.a
[2942/6914] Building CXX object tools/clang/lib/Sema/CMakeFiles/obj.clangSema.dir/TypeLocBuilder.cpp.o
[2943/6914] Building CXX object tools/clang/lib/Tooling/Core/CMakeFiles/obj.clangToolingCore.dir/Diagnostic.cpp.o
[2944/6914] Linking CXX static library lib/libclangSupport.a
[2945/6914] Building AMDGPUAttributes.cpp.inc...
[2946/6914] Building AMDGPUAttributes.h.inc...
[2947/6914] Building AffineTransformOps.cpp.inc...
[2948/6914] Building AffineTransformOps.h.inc...
[2949/6914] Building Passes.capi.cpp.inc...
[2950/6914] Building Passes.capi.h.inc...
[2951/6914] Building Passes.h.inc...
[2952/6914] Building BufferizationTransformOps.cpp.inc...
[2953/6914] Building BufferizationTransformOps.h.inc...
[2954/6914] Building EmitCAttributes.cpp.inc...
[2955/6914] Building EmitCAttributes.h.inc...
[2956/6914] Building GPUDeviceMapperEnums.cpp.inc...
[2957/6914] Building GPUDeviceMapperEnums.h.inc...
[2958/6914] Building LinalgTransformOps.cpp.inc...
[2959/6914] Building LinalgTransformOps.h.inc...
[2960/6914] Building LinalgTransformOpsEnums.cpp.inc...
[2961/6914] Building LinalgTransformOpsEnums.h.inc...
[2962/6914] Building MemRefTransformOps.cpp.inc...
[2963/6914] Building MemRefTransformOps.h.inc...
[2964/6914] Building Passes.capi.cpp.inc...
[2965/6914] Building Passes.capi.h.inc...
[2966/6914] Building Passes.h.inc...
[2967/6914] Building OpenACCOps.cpp.inc...
[2968/6914] Building OpenACCOps.h.inc...
[2969/6914] Building OpenACCOpsAttributes.cpp.inc...
[2970/6914] Building OpenACCOpsAttributes.h.inc...
[2971/6914] Building OpenACCOpsDialect.cpp.inc...
[2972/6914] Building OpenACCOpsDialect.h.inc...
[2973/6914] Building OpenACCOpsEnums.cpp.inc...
[2974/6914] Building OpenACCOpsEnums.h.inc...
[2975/6914] Building SCFTransformOps.cpp.inc...
[2976/6914] Building SCFTransformOps.h.inc...
[2977/6914] Building Passes.h.inc...
[2978/6914] Building Passes.h.inc...
[2979/6914] Building VectorTransformOps.cpp.inc...
[2980/6914] Building VectorTransformOps.h.inc...
[2981/6914] Building CXX object tools/clang/lib/Sema/CMakeFiles/obj.clangSema.dir/SemaTemplateInstantiateDecl.cpp.o
[2982/6914] Building CXX object tools/clang/lib/Sema/CMakeFiles/obj.clangSema.dir/SemaTemplateDeduction.cpp.o
[2983/6914] Building CXX object tools/clang/lib/Tooling/Core/CMakeFiles/obj.clangToolingCore.dir/Replacement.cpp.o
[2984/6914] Building CXX object tools/mlir/lib/Conversion/AffineToStandard/CMakeFiles/obj.MLIRAffineToStandard.dir/AffineToStandard.cpp.o
[2985/6914] Building CXX object tools/mlir/lib/Conversion/ComplexToLibm/CMakeFiles/obj.MLIRComplexToLibm.dir/ComplexToLibm.cpp.o
[2986/6914] Building CXX object tools/mlir/lib/Conversion/ComplexToLLVM/CMakeFiles/obj.MLIRComplexToLLVM.dir/ComplexToLLVM.cpp.o
[2987/6914] Building CXX object tools/clang/lib/Sema/CMakeFiles/obj.clangSema.dir/SemaType.cpp.o
[2988/6914] Building CXX object tools/mlir/lib/Conversion/ComplexToStandard/CMakeFiles/obj.MLIRComplexToStandard.dir/ComplexToStandard.cpp.o
[2989/6914] Building CXX object tools/mlir/lib/Conversion/MemRefToLLVM/CMakeFiles/obj.MLIRMemRefToLLVM.dir/AllocLikeConversion.cpp.o
[2990/6914] Building CXX object tools/mlir/lib/Conversion/ReconcileUnrealizedCasts/CMakeFiles/obj.MLIRReconcileUnrealizedCasts.dir/ReconcileUnrealizedCasts.cpp.o
[2991/6914] Building CXX object tools/mlir/lib/Conversion/MathToLLVM/CMakeFiles/obj.MLIRMathToLLVM.dir/MathToLLVM.cpp.o
[2992/6914] Building CXX object tools/mlir/lib/Conversion/SCFToControlFlow/CMakeFiles/obj.MLIRSCFToControlFlow.dir/SCFToControlFlow.cpp.o
[2993/6914] Building CXX object tools/mlir/lib/Conversion/MathToLibm/CMakeFiles/obj.MLIRMathToLibm.dir/MathToLibm.cpp.o
[2994/6914] Building CXX object tools/mlir/lib/Dialect/Affine/Transforms/CMakeFiles/obj.MLIRAffineTransforms.dir/AffineDataCopyGeneration.cpp.o
[2995/6914] Building CXX object tools/clang/lib/Sema/CMakeFiles/obj.clangSema.dir/SemaTemplate.cpp.o
[2996/6914] Building CXX object tools/mlir/lib/Conversion/MemRefToLLVM/CMakeFiles/obj.MLIRMemRefToLLVM.dir/MemRefToLLVM.cpp.o
[2997/6914] Building CXX object tools/mlir/lib/Dialect/Affine/Transforms/CMakeFiles/obj.MLIRAffineTransforms.dir/AffineExpandIndexOps.cpp.o
[2998/6914] Building CXX object tools/mlir/lib/Dialect/Affine/Transforms/CMakeFiles/obj.MLIRAffineTransforms.dir/AffineLoopNormalize.cpp.o
[2999/6914] Building CXX object tools/mlir/lib/Dialect/Affine/Transforms/CMakeFiles/obj.MLIRAffineTransforms.dir/AffineLoopInvariantCodeMotion.cpp.o
[3000/6914] Building CXX object tools/mlir/lib/Dialect/Affine/Transforms/CMakeFiles/obj.MLIRAffineTransforms.dir/AffineParallelize.cpp.o
[3001/6914] Building CXX object tools/mlir/lib/Dialect/Affine/Transforms/CMakeFiles/obj.MLIRAffineTransforms.dir/AffineScalarReplacement.cpp.o
[3002/6914] Building CXX object tools/mlir/lib/Dialect/Affine/Transforms/CMakeFiles/obj.MLIRAffineTransforms.dir/LoopCoalescing.cpp.o
[3003/6914] Building CXX object tools/mlir/lib/Dialect/Affine/Transforms/CMakeFiles/obj.MLIRAffineTransforms.dir/LoopUnroll.cpp.o
[3004/6914] Building CXX object tools/mlir/lib/Dialect/Affine/Transforms/CMakeFiles/obj.MLIRAffineTransforms.dir/LoopUnrollAndJam.cpp.o
[3005/6914] Linking CXX static library lib/libMLIRAsyncDialect.a
[3006/6914] Building CXX object tools/mlir/lib/Dialect/Affine/Transforms/CMakeFiles/obj.MLIRAffineTransforms.dir/LoopTiling.cpp.o
[3007/6914] Building CXX object tools/mlir/lib/Dialect/Affine/Transforms/CMakeFiles/obj.MLIRAffineTransforms.dir/LoopFusion.cpp.o
[3008/6914] Building CXX object tools/mlir/lib/Dialect/Affine/Transforms/CMakeFiles/obj.MLIRAffineTransforms.dir/PipelineDataTransfer.cpp.o
[3009/6914] Building CXX object tools/mlir/lib/Dialect/Affine/Transforms/CMakeFiles/obj.MLIRAffineTransforms.dir/SimplifyAffineStructures.cpp.o
[3010/6914] Building CXX object tools/mlir/lib/Dialect/GPU/CMakeFiles/obj.MLIRGPUTransforms.dir/Transforms/AsyncRegionRewriter.cpp.o
[3011/6914] Building CXX object tools/mlir/lib/Dialect/Affine/Transforms/CMakeFiles/obj.MLIRAffineTransforms.dir/SuperVectorize.cpp.o
[3012/6914] Building CXX object tools/mlir/lib/Dialect/GPU/CMakeFiles/obj.MLIRGPUTransforms.dir/Transforms/AllReduceLowering.cpp.o
[3013/6914] Building CXX object tools/mlir/lib/Dialect/GPU/CMakeFiles/obj.MLIRGPUTransforms.dir/Transforms/MemoryPromotion.cpp.o
[3014/6914] Building CXX object tools/mlir/lib/Dialect/GPU/CMakeFiles/obj.MLIRGPUTransforms.dir/Transforms/ParallelLoopMapper.cpp.o
[3015/6914] Linking CXX static library lib/libMLIRLinalgTransforms.a
[3016/6914] Building CXX object tools/mlir/lib/Dialect/GPU/CMakeFiles/obj.MLIRGPUTransforms.dir/Transforms/SerializeToCubin.cpp.o
[3017/6914] Building CXX object tools/mlir/lib/Dialect/GPU/CMakeFiles/obj.MLIRGPUTransforms.dir/Transforms/KernelOutlining.cpp.o
[3018/6914] Linking CXX static library lib/libMLIRQuantUtils.a
[3019/6914] Building CXX object tools/mlir/lib/Dialect/GPU/CMakeFiles/obj.MLIRGPUTransforms.dir/Transforms/SerializeToBlob.cpp.o
[3020/6914] Building CXX object tools/mlir/lib/Dialect/GPU/CMakeFiles/obj.MLIRGPUTransforms.dir/Transforms/LowerMemorySpaceAttributes.cpp.o
[3021/6914] Building CXX object tools/mlir/lib/Dialect/GPU/CMakeFiles/obj.MLIRGPUTransforms.dir/Transforms/SerializeToHsaco.cpp.o
[3022/6914] Building CXX object tools/mlir/lib/Dialect/SparseTensor/Transforms/CMakeFiles/obj.MLIRSparseTensorTransforms.dir/BufferizableOpInterfaceImpl.cpp.o
[3023/6914] Building CXX object tools/mlir/lib/Dialect/NVGPU/IR/CMakeFiles/obj.MLIRNVGPUDialect.dir/NVGPUDialect.cpp.o
[3024/6914] Building CXX object tools/mlir/lib/Dialect/SparseTensor/Transforms/CMakeFiles/obj.MLIRSparseTensorTransforms.dir/CodegenEnv.cpp.o
[3025/6914] Building CXX object tools/mlir/lib/Dialect/SparseTensor/Transforms/CMakeFiles/obj.MLIRSparseTensorTransforms.dir/LoopEmitter.cpp.o
[3026/6914] Building CXX object tools/mlir/lib/Dialect/SparseTensor/Transforms/CMakeFiles/obj.MLIRSparseTensorTransforms.dir/CodegenUtils.cpp.o
[3027/6914] Building CXX object tools/mlir/lib/Dialect/SparseTensor/Transforms/CMakeFiles/obj.MLIRSparseTensorTransforms.dir/SparseBufferRewriting.cpp.o
[3028/6914] Building CXX object tools/mlir/lib/Dialect/SparseTensor/Transforms/CMakeFiles/obj.MLIRSparseTensorTransforms.dir/SparseStorageSpecifierToLLVM.cpp.o
[3029/6914] Building CXX object tools/mlir/lib/Dialect/SparseTensor/Transforms/CMakeFiles/obj.MLIRSparseTensorTransforms.dir/SparseTensorCodegen.cpp.o
[3030/6914] Building CXX object tools/mlir/lib/Dialect/OpenMP/CMakeFiles/obj.MLIROpenMPDialect.dir/IR/OpenMPDialect.cpp.o
[3031/6914] Building CXX object tools/mlir/lib/Dialect/SparseTensor/Transforms/CMakeFiles/obj.MLIRSparseTensorTransforms.dir/SparseTensorConversion.cpp.o
[3032/6914] Building CXX object tools/mlir/lib/Dialect/Shape/IR/CMakeFiles/obj.MLIRShapeDialect.dir/Shape.cpp.o
[3033/6914] Building CXX object tools/mlir/lib/Dialect/SparseTensor/Transforms/CMakeFiles/obj.MLIRSparseTensorTransforms.dir/SparseTensorPasses.cpp.o
[3034/6914] Linking CXX static library lib/libMLIRSparseTensorUtils.a
[3035/6914] Linking CXX static library lib/libMLIRSPIRVDialect.a
[3036/6914] Building CXX object tools/mlir/lib/Dialect/SparseTensor/Transforms/CMakeFiles/obj.MLIRSparseTensorTransforms.dir/SparseTensorRewriting.cpp.o
[3037/6914] Building CXX object tools/mlir/lib/Dialect/SparseTensor/Transforms/CMakeFiles/obj.MLIRSparseTensorTransforms.dir/SparseTensorStorageLayout.cpp.o
[3038/6914] Building CXX object tools/mlir/lib/Dialect/SparseTensor/Transforms/CMakeFiles/obj.MLIRSparseTensorTransforms.dir/SparsificationAndBufferizationPass.cpp.o
[3039/6914] Building CXX object tools/mlir/lib/Dialect/SPIRV/Utils/CMakeFiles/obj.MLIRSPIRVUtils.dir/LayoutUtils.cpp.o
[3040/6914] Building CXX object tools/mlir/lib/Dialect/SPIRV/Transforms/CMakeFiles/obj.MLIRSPIRVConversion.dir/SPIRVConversion.cpp.o
[3041/6914] Building CXX object tools/mlir/lib/Dialect/SparseTensor/Transforms/CMakeFiles/obj.MLIRSparseTensorTransforms.dir/SparseVectorization.cpp.o
[3042/6914] Building CXX object tools/mlir/lib/Dialect/SparseTensor/Transforms/CMakeFiles/obj.MLIRSparseTensorTransforms.dir/Sparsification.cpp.o
[3043/6914] Building CXX object tools/mlir/lib/Dialect/Tosa/CMakeFiles/obj.MLIRTosaDialect.dir/Utils/ConversionUtils.cpp.o
[3044/6914] Building CXX object tools/mlir/lib/Dialect/Tosa/CMakeFiles/obj.MLIRTosaDialect.dir/Utils/QuantUtils.cpp.o
[3045/6914] Building CXX object tools/mlir/lib/Dialect/Tosa/CMakeFiles/obj.MLIRTosaDialect.dir/IR/TosaCanonicalizations.cpp.o
[3046/6914] Linking CXX static library lib/libMLIRTransformDialectUtils.a
[3047/6914] Linking CXX static library lib/libMLIRLLVMToLLVMIRTranslation.a
[3048/6914] Linking CXX static library lib/libMLIRROCDLToLLVMIRTranslation.a
[3049/6914] Linking CXX static library lib/libMLIRExecutionEngineUtils.a
[3050/6914] Linking CXX static library lib/libLLVMWindowsDriver.a
[3051/6914] Building CXX object tools/mlir/lib/Dialect/Transform/IR/CMakeFiles/obj.MLIRTransformDialect.dir/TransformTypes.cpp.o
[3052/6914] Building CXX object tools/mlir/lib/Dialect/Transform/IR/CMakeFiles/obj.MLIRTransformDialect.dir/TransformInterfaces.cpp.o
[3053/6914] Building CXX object tools/mlir/lib/Dialect/Transform/IR/CMakeFiles/obj.MLIRTransformDialect.dir/TransformDialect.cpp.o
[3054/6914] Building CXX object tools/mlir/lib/Dialect/Transform/IR/CMakeFiles/obj.MLIRTransformDialect.dir/TransformOps.cpp.o
[3055/6914] Building CXX object tools/clang/lib/Parse/CMakeFiles/obj.clangParse.dir/ParseAST.cpp.o
[3056/6914] Building CXX object tools/clang/lib/Parse/CMakeFiles/obj.clangParse.dir/ParseCXXInlineMethods.cpp.o
[3057/6914] Building CXX object tools/clang/lib/Parse/CMakeFiles/obj.clangParse.dir/ParseDeclCXX.cpp.o
[3058/6914] Building CXX object tools/clang/lib/Parse/CMakeFiles/obj.clangParse.dir/ParseDecl.cpp.o
[3059/6914] Building CXX object tools/clang/lib/Parse/CMakeFiles/obj.clangParse.dir/ParseExpr.cpp.o
[3060/6914] Building CXX object tools/clang/lib/Parse/CMakeFiles/obj.clangParse.dir/ParseExprCXX.cpp.o
[3061/6914] Building CXX object tools/clang/lib/Parse/CMakeFiles/obj.clangParse.dir/ParseHLSL.cpp.o
[3062/6914] Building CXX object tools/mlir/lib/Dialect/Tosa/CMakeFiles/obj.MLIRTosaDialect.dir/IR/TosaOps.cpp.o
[3063/6914] Building CXX object tools/clang/lib/Parse/CMakeFiles/obj.clangParse.dir/ParseInit.cpp.o
[3064/6914] Building CXX object tools/clang/lib/Parse/CMakeFiles/obj.clangParse.dir/ParseObjc.cpp.o
[3065/6914] Building CXX object tools/clang/lib/Parse/CMakeFiles/obj.clangParse.dir/ParseStmt.cpp.o
[3066/6914] Building CXX object tools/clang/lib/Parse/CMakeFiles/obj.clangParse.dir/ParsePragma.cpp.o
[3067/6914] Building CXX object tools/clang/lib/Parse/CMakeFiles/obj.clangParse.dir/ParseStmtAsm.cpp.o
[3068/6914] Linking CXX static library lib/libclangSema.a
[3069/6914] Building CXX object tools/clang/lib/Parse/CMakeFiles/obj.clangParse.dir/ParseOpenMP.cpp.o
[3070/6914] Building CXX object tools/clang/lib/Driver/CMakeFiles/obj.clangDriver.dir/Action.cpp.o
[3071/6914] Building CXX object tools/clang/lib/Driver/CMakeFiles/obj.clangDriver.dir/Distro.cpp.o
[3072/6914] Building CXX object tools/clang/lib/Driver/CMakeFiles/obj.clangDriver.dir/Compilation.cpp.o
[3073/6914] Building CXX object tools/clang/lib/Parse/CMakeFiles/obj.clangParse.dir/ParseTemplate.cpp.o
[3074/6914] Building CXX object tools/clang/lib/Driver/CMakeFiles/obj.clangDriver.dir/DriverOptions.cpp.o
[3075/6914] Building CXX object tools/clang/lib/Parse/CMakeFiles/obj.clangParse.dir/ParseTentative.cpp.o
[3076/6914] Building CXX object tools/clang/lib/Driver/CMakeFiles/obj.clangDriver.dir/Job.cpp.o
[3077/6914] Building CXX object tools/clang/lib/Driver/CMakeFiles/obj.clangDriver.dir/Phases.cpp.o
[3078/6914] Building CXX object tools/clang/lib/Driver/CMakeFiles/obj.clangDriver.dir/OptionUtils.cpp.o
[3079/6914] Building CXX object tools/clang/lib/Driver/CMakeFiles/obj.clangDriver.dir/Multilib.cpp.o
[3080/6914] Building CXX object tools/clang/lib/Driver/CMakeFiles/obj.clangDriver.dir/OffloadBundler.cpp.o
[3081/6914] Building CXX object tools/clang/lib/Driver/CMakeFiles/obj.clangDriver.dir/Tool.cpp.o
[3082/6914] Building CXX object tools/clang/lib/Driver/CMakeFiles/obj.clangDriver.dir/ToolChains/Arch/AArch64.cpp.o
[3083/6914] Building CXX object tools/clang/lib/Parse/CMakeFiles/obj.clangParse.dir/Parser.cpp.o
[3084/6914] Building CXX object tools/clang/lib/Driver/CMakeFiles/obj.clangDriver.dir/ToolChains/Arch/ARM.cpp.o
[3085/6914] Building CXX object tools/clang/lib/Driver/CMakeFiles/obj.clangDriver.dir/SanitizerArgs.cpp.o
[3086/6914] Building CXX object tools/clang/lib/Driver/CMakeFiles/obj.clangDriver.dir/ToolChains/Arch/LoongArch.cpp.o
[3087/6914] Building CXX object tools/clang/lib/Driver/CMakeFiles/obj.clangDriver.dir/ToolChains/Arch/CSKY.cpp.o
[3088/6914] Building CXX object tools/clang/lib/Driver/CMakeFiles/obj.clangDriver.dir/ToolChain.cpp.o
[3089/6914] Building CXX object tools/clang/lib/Driver/CMakeFiles/obj.clangDriver.dir/ToolChains/Arch/M68k.cpp.o
[3090/6914] Building CXX object tools/clang/lib/Driver/CMakeFiles/obj.clangDriver.dir/ToolChains/Arch/PPC.cpp.o
[3091/6914] Building CXX object tools/clang/lib/Driver/CMakeFiles/obj.clangDriver.dir/ToolChains/Arch/Sparc.cpp.o
[3092/6914] Building CXX object tools/clang/lib/Driver/CMakeFiles/obj.clangDriver.dir/ToolChains/Arch/Mips.cpp.o
[3093/6914] Building CXX object tools/clang/lib/Driver/CMakeFiles/obj.clangDriver.dir/ToolChains/Arch/RISCV.cpp.o
[3094/6914] Building CXX object tools/clang/lib/Driver/CMakeFiles/obj.clangDriver.dir/ToolChains/Arch/VE.cpp.o
[3095/6914] Building CXX object tools/clang/lib/Driver/CMakeFiles/obj.clangDriver.dir/ToolChains/Arch/SystemZ.cpp.o
[3096/6914] Building CXX object tools/clang/lib/Driver/CMakeFiles/obj.clangDriver.dir/Driver.cpp.o
[3097/6914] Building CXX object tools/clang/lib/Driver/CMakeFiles/obj.clangDriver.dir/ToolChains/Arch/X86.cpp.o
[3098/6914] Building CXX object tools/clang/lib/Driver/CMakeFiles/obj.clangDriver.dir/ToolChains/Ananas.cpp.o
[3099/6914] Building CXX object tools/clang/lib/Driver/CMakeFiles/obj.clangDriver.dir/ToolChains/AIX.cpp.o
[3100/6914] Building CXX object tools/clang/lib/Driver/CMakeFiles/obj.clangDriver.dir/ToolChains/AMDGPUOpenMP.cpp.o
[3101/6914] Building CXX object tools/clang/lib/Driver/CMakeFiles/obj.clangDriver.dir/ToolChains/AVR.cpp.o
[3102/6914] Building CXX object tools/clang/lib/Driver/CMakeFiles/obj.clangDriver.dir/ToolChains/CloudABI.cpp.o
[3103/6914] Building CXX object tools/clang/lib/Driver/CMakeFiles/obj.clangDriver.dir/ToolChains/BareMetal.cpp.o
[3104/6914] Building CXX object tools/clang/lib/Driver/CMakeFiles/obj.clangDriver.dir/ToolChains/AMDGPU.cpp.o
[3105/6914] Building CXX object tools/clang/lib/Driver/CMakeFiles/obj.clangDriver.dir/ToolChains/Contiki.cpp.o
[3106/6914] Building CXX object tools/clang/lib/Driver/CMakeFiles/obj.clangDriver.dir/ToolChains/CrossWindows.cpp.o
[3107/6914] Building CXX object tools/clang/lib/Driver/CMakeFiles/obj.clangDriver.dir/ToolChains/CSKYToolChain.cpp.o
[3108/6914] Building CXX object tools/clang/lib/Driver/CMakeFiles/obj.clangDriver.dir/ToolChains/CommonArgs.cpp.o
[3109/6914] Building CXX object tools/clang/lib/Driver/CMakeFiles/obj.clangDriver.dir/ToolChains/Cuda.cpp.o
[3110/6914] Building CXX object tools/clang/lib/Driver/CMakeFiles/obj.clangDriver.dir/ToolChains/DragonFly.cpp.o
[3111/6914] Building CXX object tools/clang/lib/Driver/CMakeFiles/obj.clangDriver.dir/ToolChains/Flang.cpp.o
[3112/6914] Building CXX object tools/clang/lib/Driver/CMakeFiles/obj.clangDriver.dir/ToolChains/Haiku.cpp.o
[3113/6914] Building CXX object tools/clang/lib/Driver/CMakeFiles/obj.clangDriver.dir/ToolChains/Darwin.cpp.o
[3114/6914] Building CXX object tools/clang/lib/Driver/CMakeFiles/obj.clangDriver.dir/ToolChains/FreeBSD.cpp.o
[3115/6914] Building CXX object tools/clang/lib/Driver/CMakeFiles/obj.clangDriver.dir/ToolChains/Fuchsia.cpp.o
[3116/6914] Building CXX object tools/clang/lib/Driver/CMakeFiles/obj.clangDriver.dir/ToolChains/Clang.cpp.o
[3117/6914] Building CXX object tools/clang/lib/Driver/CMakeFiles/obj.clangDriver.dir/ToolChains/HIPUtility.cpp.o
[3118/6914] Building CXX object tools/clang/lib/Driver/CMakeFiles/obj.clangDriver.dir/ToolChains/HIPAMD.cpp.o
[3119/6914] Building CXX object tools/clang/lib/Driver/CMakeFiles/obj.clangDriver.dir/ToolChains/HIPSPV.cpp.o
[3120/6914] Building CXX object tools/clang/lib/Driver/CMakeFiles/obj.clangDriver.dir/ToolChains/HLSL.cpp.o
[3121/6914] Building CXX object tools/clang/lib/Driver/CMakeFiles/obj.clangDriver.dir/ToolChains/Gnu.cpp.o
[3122/6914] Building CXX object tools/clang/lib/Driver/CMakeFiles/obj.clangDriver.dir/ToolChains/Hurd.cpp.o
[3123/6914] Building CXX object tools/clang/lib/Driver/CMakeFiles/obj.clangDriver.dir/ToolChains/MipsLinux.cpp.o
[3124/6914] Building CXX object tools/clang/lib/Driver/CMakeFiles/obj.clangDriver.dir/ToolChains/Hexagon.cpp.o
[3125/6914] Building CXX object tools/clang/lib/Driver/CMakeFiles/obj.clangDriver.dir/ToolChains/Minix.cpp.o
[3126/6914] Building CXX object tools/clang/lib/Driver/CMakeFiles/obj.clangDriver.dir/ToolChains/Linux.cpp.o
[3127/6914] Building CXX object tools/clang/lib/Driver/CMakeFiles/obj.clangDriver.dir/ToolChains/MSP430.cpp.o
[3128/6914] Building CXX object tools/clang/lib/Driver/CMakeFiles/obj.clangDriver.dir/ToolChains/MinGW.cpp.o
[3129/6914] Building CXX object tools/clang/lib/Driver/CMakeFiles/obj.clangDriver.dir/ToolChains/Myriad.cpp.o
[3130/6914] Building CXX object tools/clang/lib/Driver/CMakeFiles/obj.clangDriver.dir/ToolChains/MSVC.cpp.o
[3131/6914] Building CXX object tools/clang/lib/Driver/CMakeFiles/obj.clangDriver.dir/ToolChains/NaCl.cpp.o
[3132/6914] Building CXX object tools/clang/lib/Driver/CMakeFiles/obj.clangDriver.dir/ToolChains/NetBSD.cpp.o
[3133/6914] Building CXX object tools/clang/lib/Driver/CMakeFiles/obj.clangDriver.dir/ToolChains/OpenBSD.cpp.o
[3134/6914] Building CXX object tools/clang/lib/Driver/CMakeFiles/obj.clangDriver.dir/ToolChains/PS4CPU.cpp.o
[3135/6914] Building CXX object tools/clang/lib/Driver/CMakeFiles/obj.clangDriver.dir/ToolChains/RISCVToolchain.cpp.o
[3136/6914] Building CXX object tools/clang/lib/Driver/CMakeFiles/obj.clangDriver.dir/ToolChains/SPIRV.cpp.o
[3137/6914] Building CXX object tools/clang/lib/Driver/CMakeFiles/obj.clangDriver.dir/ToolChains/Solaris.cpp.o
[3138/6914] Building CXX object tools/clang/lib/Driver/CMakeFiles/obj.clangDriver.dir/ToolChains/TCE.cpp.o
[3139/6914] Building CXX object tools/clang/lib/Driver/CMakeFiles/obj.clangDriver.dir/ToolChains/VEToolchain.cpp.o
[3140/6914] Building CXX object tools/clang/lib/Driver/CMakeFiles/obj.clangDriver.dir/ToolChains/XCore.cpp.o
[3141/6914] Building CXX object tools/clang/lib/Driver/CMakeFiles/obj.clangDriver.dir/ToolChains/PPCFreeBSD.cpp.o
[3142/6914] Building CXX object tools/clang/lib/Driver/CMakeFiles/obj.clangDriver.dir/ToolChains/PPCLinux.cpp.o
[3143/6914] Building CXX object tools/clang/lib/Driver/CMakeFiles/obj.clangDriver.dir/ToolChains/InterfaceStubs.cpp.o
[3144/6914] Building CXX object tools/clang/lib/Driver/CMakeFiles/obj.clangDriver.dir/ToolChains/WebAssembly.cpp.o
[3145/6914] Building CXX object tools/clang/lib/Driver/CMakeFiles/obj.clangDriver.dir/Types.cpp.o
[3146/6914] Building CXX object tools/clang/lib/Driver/CMakeFiles/obj.clangDriver.dir/ToolChains/ZOS.cpp.o
[3147/6914] Building CXX object tools/clang/lib/Serialization/CMakeFiles/obj.clangSerialization.dir/ASTCommon.cpp.o
[3148/6914] Building CXX object tools/clang/lib/Driver/CMakeFiles/obj.clangDriver.dir/XRayArgs.cpp.o
[3149/6914] Building CXX object tools/clang/lib/Serialization/CMakeFiles/obj.clangSerialization.dir/ASTWriterStmt.cpp.o
[3150/6914] Building CXX object tools/clang/lib/Serialization/CMakeFiles/obj.clangSerialization.dir/ASTReaderStmt.cpp.o
[3151/6914] Building CXX object tools/clang/lib/Serialization/CMakeFiles/obj.clangSerialization.dir/ASTWriterDecl.cpp.o
[3152/6914] Building CXX object tools/clang/lib/Serialization/CMakeFiles/obj.clangSerialization.dir/InMemoryModuleCache.cpp.o
[3153/6914] Building CXX object tools/clang/lib/Serialization/CMakeFiles/obj.clangSerialization.dir/ModuleFile.cpp.o
[3154/6914] Building CXX object tools/clang/lib/Serialization/CMakeFiles/obj.clangSerialization.dir/ModuleFileExtension.cpp.o
[3155/6914] Building CXX object tools/clang/lib/Serialization/CMakeFiles/obj.clangSerialization.dir/GlobalModuleIndex.cpp.o
[3156/6914] Building CXX object tools/clang/lib/Serialization/CMakeFiles/obj.clangSerialization.dir/PCHContainerOperations.cpp.o
[3157/6914] Linking CXX static library lib/libclangToolingCore.a
[3158/6914] Building CXX object tools/clang/lib/Serialization/CMakeFiles/obj.clangSerialization.dir/GeneratePCH.cpp.o
[3159/6914] Building CXX object tools/clang/lib/Serialization/CMakeFiles/obj.clangSerialization.dir/ASTReaderDecl.cpp.o
[3160/6914] Building CXX object tools/clang/lib/Tooling/Inclusions/CMakeFiles/obj.clangToolingInclusions.dir/HeaderAnalysis.cpp.o
[3161/6914] Linking CXX static library lib/libMLIRAffineToStandard.a
[3162/6914] Linking CXX static library lib/libMLIRComplexToLLVM.a
[3163/6914] Linking CXX static library lib/libMLIRComplexToLibm.a
[3164/6914] Linking CXX static library lib/libMLIRComplexToStandard.a
[3165/6914] Linking CXX static library lib/libMLIRMathToLibm.a
[3166/6914] Linking CXX static library lib/libMLIRMathToLLVM.a
[3167/6914] Building CXX object tools/clang/lib/Tooling/Inclusions/CMakeFiles/obj.clangToolingInclusions.dir/IncludeStyle.cpp.o
[3168/6914] Linking CXX static library lib/libMLIRMemRefToLLVM.a
[3169/6914] Linking CXX static library lib/libMLIRReconcileUnrealizedCasts.a
[3170/6914] Linking CXX static library lib/libMLIRSCFToControlFlow.a
[3171/6914] Linking CXX static library lib/libMLIRAffineTransforms.a
[3172/6914] Building CXX object tools/clang/lib/Serialization/CMakeFiles/obj.clangSerialization.dir/ModuleManager.cpp.o
[3173/6914] Building CXX object tools/clang/lib/Tooling/Inclusions/CMakeFiles/obj.clangToolingInclusions.dir/HeaderIncludes.cpp.o
[3174/6914] Building CXX object tools/clang/lib/Serialization/CMakeFiles/obj.clangSerialization.dir/ASTWriter.cpp.o
[3175/6914] Building CXX object tools/mlir/lib/Dialect/Async/Transforms/CMakeFiles/obj.MLIRAsyncTransforms.dir/AsyncRuntimeRefCountingOpt.cpp.o
[3176/6914] Building CXX object tools/mlir/lib/Dialect/Async/Transforms/CMakeFiles/obj.MLIRAsyncTransforms.dir/AsyncRuntimeRefCounting.cpp.o
[3177/6914] Building CXX object tools/mlir/lib/Dialect/Affine/TransformOps/CMakeFiles/obj.MLIRAffineTransformOps.dir/AffineTransformOps.cpp.o
[3178/6914] Building CXX object tools/mlir/lib/Dialect/Async/Transforms/CMakeFiles/obj.MLIRAsyncTransforms.dir/AsyncParallelFor.cpp.o
[3179/6914] Building CXX object tools/mlir/lib/Dialect/AMDGPU/IR/CMakeFiles/obj.MLIRAMDGPUDialect.dir/AMDGPUDialect.cpp.o
[3180/6914] Linking CXX static library lib/libMLIRGPUTransforms.a
[3181/6914] Building CXX object tools/mlir/lib/Dialect/Async/Transforms/CMakeFiles/obj.MLIRAsyncTransforms.dir/PassDetail.cpp.o
[3182/6914] Building CXX object tools/clang/lib/Serialization/CMakeFiles/obj.clangSerialization.dir/ASTReader.cpp.o
[3183/6914] Building CXX object tools/mlir/lib/Dialect/Index/IR/CMakeFiles/obj.MLIRIndexDialect.dir/IndexDialect.cpp.o
[3184/6914] Building CXX object tools/mlir/lib/Dialect/Index/IR/CMakeFiles/obj.MLIRIndexDialect.dir/IndexAttrs.cpp.o
[3185/6914] Building CXX object tools/mlir/lib/Dialect/Bufferization/TransformOps/CMakeFiles/obj.MLIRBufferizationTransformOps.dir/BufferizationTransformOps.cpp.o
[3186/6914] Building CXX object tools/mlir/lib/Dialect/EmitC/IR/CMakeFiles/obj.MLIREmitCDialect.dir/EmitC.cpp.o
[3187/6914] Building CXX object tools/mlir/lib/Dialect/Async/Transforms/CMakeFiles/obj.MLIRAsyncTransforms.dir/AsyncToAsyncRuntime.cpp.o
[3188/6914] Building CXX object tools/mlir/lib/Dialect/Index/IR/CMakeFiles/obj.MLIRIndexDialect.dir/InferIntRangeInterfaceImpls.cpp.o
[3189/6914] Building CXX object tools/mlir/lib/Dialect/GPU/TransformOps/CMakeFiles/obj.MLIRGPUTransformOps.dir/GPUTransformOps.cpp.o
[3190/6914] Building CXX object tools/mlir/lib/Dialect/Math/Transforms/CMakeFiles/obj.MLIRMathTransforms.dir/ExpandPatterns.cpp.o
[3191/6914] Building CXX object tools/mlir/lib/Dialect/MemRef/Utils/CMakeFiles/obj.MLIRMemRefUtils.dir/MemRefUtils.cpp.o
[3192/6914] Building CXX object tools/mlir/lib/Dialect/Math/Transforms/CMakeFiles/obj.MLIRMathTransforms.dir/AlgebraicSimplification.cpp.o
[3193/6914] Building CXX object tools/mlir/lib/Dialect/Math/Transforms/CMakeFiles/obj.MLIRMathTransforms.dir/PolynomialApproximation.cpp.o
[3194/6914] Linking CXX static library lib/libMLIRNVGPUDialect.a
[3195/6914] Building CXX object tools/mlir/lib/Dialect/Index/IR/CMakeFiles/obj.MLIRIndexDialect.dir/IndexOps.cpp.o
[3196/6914] Building CXX object tools/mlir/lib/Dialect/MemRef/TransformOps/CMakeFiles/obj.MLIRMemRefTransformOps.dir/MemRefTransformOps.cpp.o
[3197/6914] Building CXX object tools/mlir/lib/Dialect/MLProgram/IR/CMakeFiles/obj.MLIRMLProgramDialect.dir/MLProgramOps.cpp.o
[3198/6914] Building CXX object tools/mlir/lib/Dialect/MLProgram/IR/CMakeFiles/obj.MLIRMLProgramDialect.dir/MLProgramDialect.cpp.o
[3199/6914] Linking CXX static library lib/libMLIROpenMPDialect.a
[3200/6914] Building CXX object tools/mlir/lib/Dialect/NVGPU/Transforms/CMakeFiles/obj.MLIRNVGPUTransforms.dir/MmaSyncTF32Transform.cpp.o
[3201/6914] Linking CXX static library lib/libMLIRShapeDialect.a
[3202/6914] Building CXX object tools/mlir/lib/Dialect/NVGPU/Utils/CMakeFiles/obj.MLIRNVGPUUtils.dir/MMAUtils.cpp.o
[3203/6914] Building CXX object tools/mlir/lib/Dialect/NVGPU/Transforms/CMakeFiles/obj.MLIRNVGPUTransforms.dir/OptimizeSharedMemory.cpp.o
[3204/6914] Building CXX object tools/mlir/lib/Dialect/Shape/Transforms/CMakeFiles/obj.MLIRShapeOpsTransforms.dir/BufferizableOpInterfaceImpl.cpp.o
[3205/6914] Building CXX object tools/mlir/lib/Dialect/Shape/Transforms/CMakeFiles/obj.MLIRShapeOpsTransforms.dir/Bufferize.cpp.o
[3206/6914] Building CXX object tools/mlir/lib/Dialect/SCF/TransformOps/CMakeFiles/obj.MLIRSCFTransformOps.dir/SCFTransformOps.cpp.o
[3207/6914] Linking CXX static library lib/libMLIRSparseTensorTransforms.a
[3208/6914] Building CXX object tools/mlir/lib/Dialect/Shape/Transforms/CMakeFiles/obj.MLIRShapeOpsTransforms.dir/RemoveShapeConstraints.cpp.o
[3209/6914] Building CXX object tools/mlir/lib/Dialect/Shape/Transforms/CMakeFiles/obj.MLIRShapeOpsTransforms.dir/OutlineShapeComputation.cpp.o
[3210/6914] Linking CXX static library lib/libMLIRSPIRVConversion.a
[3211/6914] Building CXX object tools/mlir/lib/Dialect/OpenACC/CMakeFiles/obj.MLIROpenACCDialect.dir/IR/OpenACC.cpp.o
[3212/6914] Building CXX object tools/mlir/lib/Dialect/Shape/Transforms/CMakeFiles/obj.MLIRShapeOpsTransforms.dir/ShapeToShapeLowering.cpp.o
[3213/6914] Building CXX object tools/mlir/lib/Dialect/Linalg/TransformOps/CMakeFiles/obj.MLIRLinalgTransformOps.dir/LinalgTransformOps.cpp.o
[3214/6914] Building CXX object tools/mlir/lib/Dialect/SPIRV/Linking/ModuleCombiner/CMakeFiles/obj.MLIRSPIRVModuleCombiner.dir/ModuleCombiner.cpp.o
[3215/6914] Building CXX object tools/mlir/lib/Dialect/SPIRV/Transforms/CMakeFiles/obj.MLIRSPIRVTransforms.dir/CanonicalizeGLPass.cpp.o
[3216/6914] Building CXX object tools/mlir/lib/Dialect/SPIRV/Transforms/CMakeFiles/obj.MLIRSPIRVTransforms.dir/DecorateCompositeTypeLayoutPass.cpp.o
[3217/6914] Building CXX object tools/mlir/lib/Dialect/SparseTensor/Pipelines/CMakeFiles/obj.MLIRSparseTensorPipelines.dir/SparseTensorPipelines.cpp.o
[3218/6914] Linking CXX static library lib/libMLIRSPIRVUtils.a
[3219/6914] Building CXX object tools/mlir/lib/Dialect/SPIRV/Transforms/CMakeFiles/obj.MLIRSPIRVTransforms.dir/LowerABIAttributesPass.cpp.o
[3220/6914] Linking CXX static library lib/libMLIRTosaDialect.a
[3221/6914] Building CXX object tools/mlir/lib/Dialect/SPIRV/Transforms/CMakeFiles/obj.MLIRSPIRVTransforms.dir/RewriteInsertsPass.cpp.o
[3222/6914] Building CXX object tools/mlir/lib/Dialect/SPIRV/Transforms/CMakeFiles/obj.MLIRSPIRVTransforms.dir/SPIRVWebGPUTransforms.cpp.o
[3223/6914] Building CXX object tools/mlir/lib/Dialect/Tensor/IR/CMakeFiles/obj.MLIRTensorInferTypeOpInterfaceImpl.dir/TensorInferTypeOpInterfaceImpl.cpp.o
[3224/6914] Building CXX object tools/mlir/lib/Dialect/SPIRV/Transforms/CMakeFiles/obj.MLIRSPIRVTransforms.dir/UpdateVCEPass.cpp.o
[3225/6914] Building CXX object tools/mlir/lib/Dialect/SPIRV/Transforms/CMakeFiles/obj.MLIRSPIRVTransforms.dir/UnifyAliasedResourcePass.cpp.o
[3226/6914] Building CXX object tools/mlir/lib/Dialect/Tosa/Transforms/CMakeFiles/obj.MLIRTosaTransforms.dir/TosaDecomposeTransposeConv.cpp.o
[3227/6914] Building CXX object tools/mlir/lib/Dialect/Tosa/Transforms/CMakeFiles/obj.MLIRTosaTransforms.dir/TosaDecomposeConv2D.cpp.o
[3228/6914] Building CXX object tools/mlir/lib/Dialect/Tosa/Transforms/CMakeFiles/obj.MLIRTosaTransforms.dir/TosaFoldConstantTranspose.cpp.o
[3229/6914] Building CXX object tools/mlir/lib/Dialect/Tosa/Transforms/CMakeFiles/obj.MLIRTosaTransforms.dir/TosaDecomposeDepthwise.cpp.o
[3230/6914] Linking CXX static library lib/libMLIRTransformDialect.a
[3231/6914] Building CXX object tools/mlir/lib/Dialect/Tosa/Transforms/CMakeFiles/obj.MLIRTosaTransforms.dir/TosaLayerwiseConstantFoldPass.cpp.o
[3232/6914] Building CXX object tools/mlir/lib/Dialect/Tosa/Transforms/CMakeFiles/obj.MLIRTosaTransforms.dir/TosaInferShapes.cpp.o
[3233/6914] Building CXX object tools/mlir/lib/Dialect/Tosa/Transforms/CMakeFiles/obj.MLIRTosaTransforms.dir/TosaOptionalDecompositions.cpp.o
[3234/6914] Building CXX object tools/mlir/lib/Dialect/Transform/Transforms/CMakeFiles/obj.MLIRTransformDialectTransforms.dir/CheckUses.cpp.o
[3235/6914] Building CXX object tools/mlir/lib/Dialect/Tosa/Transforms/CMakeFiles/obj.MLIRTosaTransforms.dir/TosaValidation.cpp.o
[3236/6914] Building FIRAttr.cpp.inc...
[3237/6914] Building FIRAttr.h.inc...
[3238/6914] Building FIREnumAttr.cpp.inc...
[3239/6914] Building FIREnumAttr.h.inc...
[3240/6914] Building FIROps.cpp.inc...
[3241/6914] Building FIROps.h.inc...
[3242/6914] Building FIROpsTypes.cpp.inc...
[3243/6914] Building FIROpsTypes.h.inc...
[3244/6914] Building HLFIRAttributes.cpp.inc...
[3245/6914] Building HLFIRAttributes.h.inc...
[3246/6914] Building HLFIRDialect.cpp.inc...
[3247/6914] Building HLFIRDialect.h.inc...
[3248/6914] Building HLFIROps.cpp.inc...
[3249/6914] Building HLFIROps.h.inc...
[3250/6914] Building HLFIRTypes.cpp.inc...
[3251/6914] Building HLFIRTypes.h.inc...
[3252/6914] Building Passes.h.inc...
[3253/6914] Building ACC.h.inc...
[3254/6914] Building ACC.inc...
[3255/6914] Building CXX object tools/mlir/lib/Dialect/Tosa/Transforms/CMakeFiles/obj.MLIRTosaTransforms.dir/TosaMakeBroadcastable.cpp.o
[3256/6914] Building HexagonGenAsmMatcher.inc...
[3257/6914] Building HexagonGenAsmWriter.inc...
[3258/6914] Building CXX object tools/mlir/test/lib/Dialect/TestDyn/CMakeFiles/MLIRTestDynDialect.dir/TestDynDialect.cpp.o
[3259/6914] Building HexagonGenCallingConv.inc...
[3260/6914] Building HexagonGenDFAPacketizer.inc...
[3261/6914] Building HexagonGenDisassemblerTables.inc...
[3262/6914] Building HexagonGenDAGISel.inc...
[3263/6914] Building HexagonGenMCCodeEmitter.inc...
[3264/6914] Building HexagonGenRegisterInfo.inc...
[3265/6914] Building LanaiGenAsmMatcher.inc...
[3266/6914] Building HexagonGenInstrInfo.inc...
[3267/6914] Building HexagonGenSubtargetInfo.inc...
[3268/6914] Building LanaiGenAsmWriter.inc...
[3269/6914] Building LanaiGenCallingConv.inc...
[3270/6914] Building LanaiGenDAGISel.inc...
[3271/6914] Building LanaiGenDisassemblerTables.inc...
[3272/6914] Building LanaiGenInstrInfo.inc...
[3273/6914] Building LanaiGenMCCodeEmitter.inc...
[3274/6914] Linking CXX static library lib/libclangParse.a
[3275/6914] Building LanaiGenRegisterInfo.inc...
[3276/6914] Building CXX object tools/mlir/lib/Dialect/Vector/TransformOps/CMakeFiles/obj.MLIRVectorTransformOps.dir/VectorTransformOps.cpp.o
[3277/6914] Linking CXX static library lib/libclangSerialization.a
[3278/6914] Linking CXX static library lib/libclangDriver.a
[3279/6914] Building LanaiGenSubtargetInfo.inc...
[3280/6914] Building CXX object tools/clang/lib/Frontend/CMakeFiles/obj.clangFrontend.dir/ChainedDiagnosticConsumer.cpp.o
[3281/6914] Building CXX object tools/mlir/test/lib/Dialect/Tosa/CMakeFiles/MLIRTosaTestPasses.dir/TosaTestPasses.cpp.o
[3282/6914] Building CXX object tools/mlir/lib/Target/LLVMIR/Dialect/OpenMP/CMakeFiles/obj.MLIROpenMPToLLVMIRTranslation.dir/OpenMPToLLVMIRTranslation.cpp.o
[3283/6914] Building CXX object tools/clang/lib/Frontend/CMakeFiles/obj.clangFrontend.dir/ASTMerge.cpp.o
[3284/6914] Building CXX object tools/clang/lib/Frontend/CMakeFiles/obj.clangFrontend.dir/ChainedIncludesSource.cpp.o
[3285/6914] Building CXX object tools/clang/lib/Frontend/CMakeFiles/obj.clangFrontend.dir/CreateInvocationFromCommandLine.cpp.o
[3286/6914] Building CXX object tools/clang/lib/Frontend/CMakeFiles/obj.clangFrontend.dir/ASTConsumers.cpp.o
[3287/6914] Building CXX object tools/clang/lib/Frontend/CMakeFiles/obj.clangFrontend.dir/CompilerInstance.cpp.o
[3288/6914] Building CXX object tools/clang/lib/Frontend/CMakeFiles/obj.clangFrontend.dir/ASTUnit.cpp.o
[3289/6914] Building CXX object tools/clang/lib/Frontend/CMakeFiles/obj.clangFrontend.dir/DependencyGraph.cpp.o
[3290/6914] Building CXX object tools/clang/lib/Frontend/CMakeFiles/obj.clangFrontend.dir/FrontendOptions.cpp.o
[3291/6914] Building CXX object tools/clang/lib/Frontend/CMakeFiles/obj.clangFrontend.dir/DiagnosticRenderer.cpp.o
[3292/6914] Building CXX object tools/clang/lib/Frontend/CMakeFiles/obj.clangFrontend.dir/HeaderIncludeGen.cpp.o
[3293/6914] Building CXX object tools/clang/lib/Frontend/CMakeFiles/obj.clangFrontend.dir/DependencyFile.cpp.o
[3294/6914] Building CXX object tools/clang/lib/Frontend/CMakeFiles/obj.clangFrontend.dir/LayoutOverrideSource.cpp.o
[3295/6914] Building CXX object tools/clang/lib/Frontend/CMakeFiles/obj.clangFrontend.dir/LogDiagnosticPrinter.cpp.o
[3296/6914] Building CXX object tools/clang/lib/Frontend/CMakeFiles/obj.clangFrontend.dir/MultiplexConsumer.cpp.o
[3297/6914] Building CXX object tools/clang/lib/Frontend/CMakeFiles/obj.clangFrontend.dir/InitPreprocessor.cpp.o
[3298/6914] Building CXX object tools/clang/lib/Frontend/CMakeFiles/obj.clangFrontend.dir/FrontendAction.cpp.o
[3299/6914] Building CXX object tools/clang/lib/Frontend/CMakeFiles/obj.clangFrontend.dir/FrontendActions.cpp.o
[3300/6914] Building CXX object tools/clang/lib/Frontend/CMakeFiles/obj.clangFrontend.dir/CompilerInvocation.cpp.o
[3301/6914] Building CXX object tools/clang/lib/Frontend/CMakeFiles/obj.clangFrontend.dir/SARIFDiagnostic.cpp.o
[3302/6914] Building CXX object tools/clang/lib/Frontend/CMakeFiles/obj.clangFrontend.dir/SARIFDiagnosticPrinter.cpp.o
[3303/6914] Building CXX object tools/clang/lib/Frontend/CMakeFiles/obj.clangFrontend.dir/PrintPreprocessedOutput.cpp.o
[3304/6914] Building CXX object tools/clang/lib/Frontend/CMakeFiles/obj.clangFrontend.dir/ModuleDependencyCollector.cpp.o
[3305/6914] Building CXX object tools/clang/lib/Frontend/CMakeFiles/obj.clangFrontend.dir/SerializedDiagnosticReader.cpp.o
[3306/6914] Building CXX object tools/clang/lib/Frontend/CMakeFiles/obj.clangFrontend.dir/TextDiagnosticBuffer.cpp.o
[3307/6914] Building CXX object tools/clang/lib/Frontend/CMakeFiles/obj.clangFrontend.dir/TextDiagnostic.cpp.o
[3308/6914] Building CXX object tools/clang/lib/Frontend/CMakeFiles/obj.clangFrontend.dir/TextDiagnosticPrinter.cpp.o
[3309/6914] Linking CXX static library lib/libclangToolingInclusions.a
[3310/6914] Building CXX object tools/clang/lib/Frontend/CMakeFiles/obj.clangFrontend.dir/SerializedDiagnosticPrinter.cpp.o
[3311/6914] Building CXX object tools/clang/lib/Frontend/CMakeFiles/obj.clangFrontend.dir/PrecompiledPreamble.cpp.o
[3312/6914] Building CXX object tools/clang/lib/Frontend/CMakeFiles/obj.clangFrontend.dir/VerifyDiagnosticConsumer.cpp.o
[3313/6914] Building CXX object tools/clang/lib/Format/CMakeFiles/obj.clangFormat.dir/AffectedRangeManager.cpp.o
[3314/6914] Building CXX object tools/clang/lib/Format/CMakeFiles/obj.clangFormat.dir/BreakableToken.cpp.o
[3315/6914] Building CXX object tools/clang/lib/Frontend/CMakeFiles/obj.clangFrontend.dir/TestModuleFileExtension.cpp.o
[3316/6914] Building CXX object tools/clang/lib/Format/CMakeFiles/obj.clangFormat.dir/DefinitionBlockSeparator.cpp.o
[3317/6914] Building CXX object tools/clang/lib/Format/CMakeFiles/obj.clangFormat.dir/FormatToken.cpp.o
[3318/6914] Building CXX object tools/clang/lib/Format/CMakeFiles/obj.clangFormat.dir/ContinuationIndenter.cpp.o
[3319/6914] Building CXX object tools/clang/lib/Format/CMakeFiles/obj.clangFormat.dir/IntegerLiteralSeparatorFixer.cpp.o
[3320/6914] Building CXX object tools/clang/lib/Format/CMakeFiles/obj.clangFormat.dir/MacroCallReconstructor.cpp.o
[3321/6914] Building CXX object tools/clang/lib/Format/CMakeFiles/obj.clangFormat.dir/FormatTokenLexer.cpp.o
[3322/6914] Building CXX object tools/clang/lib/Format/CMakeFiles/obj.clangFormat.dir/MacroExpander.cpp.o
[3323/6914] Building CXX object tools/clang/lib/Format/CMakeFiles/obj.clangFormat.dir/NamespaceEndCommentsFixer.cpp.o
[3324/6914] Building CXX object tools/clang/lib/Format/CMakeFiles/obj.clangFormat.dir/Format.cpp.o
[3325/6914] Building CXX object tools/clang/lib/Format/CMakeFiles/obj.clangFormat.dir/QualifierAlignmentFixer.cpp.o
[3326/6914] Building CXX object tools/clang/lib/Format/CMakeFiles/obj.clangFormat.dir/TokenAnalyzer.cpp.o
[3327/6914] Building CXX object tools/clang/lib/Frontend/CMakeFiles/obj.clangFrontend.dir/InterfaceStubFunctionsConsumer.cpp.o
[3328/6914] Building CXX object tools/clang/lib/Format/CMakeFiles/obj.clangFormat.dir/SortJavaScriptImports.cpp.o
[3329/6914] Building CXX object tools/clang/lib/Format/CMakeFiles/obj.clangFormat.dir/UnwrappedLineFormatter.cpp.o
[3330/6914] Linking CXX static library lib/libMLIRAffineTransformOps.a
[3331/6914] Linking CXX static library lib/libMLIRAMDGPUDialect.a
[3332/6914] Linking CXX static library lib/libMLIRAsyncTransforms.a
[3333/6914] Linking CXX static library lib/libMLIRBufferizationTransformOps.a
[3334/6914] Linking CXX static library lib/libMLIREmitCDialect.a
[3335/6914] Linking CXX static library lib/libMLIRGPUTransformOps.a
[3336/6914] Linking CXX static library lib/libMLIRIndexDialect.a
[3337/6914] Linking CXX static library lib/libMLIRLinalgTransformOps.a
[3338/6914] Linking CXX static library lib/libMLIRMathTransforms.a
[3339/6914] Linking CXX static library lib/libMLIRMemRefTransformOps.a
[3340/6914] Linking CXX static library lib/libMLIRMemRefUtils.a
[3341/6914] Linking CXX static library lib/libMLIRMLProgramDialect.a
[3342/6914] Linking CXX static library lib/libMLIRNVGPUUtils.a
[3343/6914] Linking CXX static library lib/libMLIRNVGPUTransforms.a
[3344/6914] Linking CXX static library lib/libMLIROpenACCDialect.a
[3345/6914] Linking CXX static library lib/libMLIRSCFTransformOps.a
[3346/6914] Linking CXX static library lib/libMLIRShapeOpsTransforms.a
[3347/6914] Linking CXX static library lib/libMLIRSparseTensorPipelines.a
[3348/6914] Linking CXX static library lib/libMLIRSPIRVModuleCombiner.a
[3349/6914] Linking CXX static library lib/libMLIRSPIRVTransforms.a
[3350/6914] Linking CXX static library lib/libMLIRTensorInferTypeOpInterfaceImpl.a
[3351/6914] Linking CXX static library lib/libMLIRTosaTransforms.a
[3352/6914] Linking CXX static library lib/libMLIRTransformDialectTransforms.a
[3353/6914] Linking CXX static library lib/libMLIRVectorTransformOps.a
[3354/6914] Linking CXX static library lib/libMLIROpenMPToLLVMIRTranslation.a
[3355/6914] Building CXX object tools/clang/lib/Format/CMakeFiles/obj.clangFormat.dir/TokenAnnotator.cpp.o
[3356/6914] Building CXX object tools/mlir/lib/Tools/PDLL/ODS/CMakeFiles/obj.MLIRPDLLODS.dir/Constraint.cpp.o
[3357/6914] Building CXX object tools/clang/lib/Format/CMakeFiles/obj.clangFormat.dir/UnwrappedLineParser.cpp.o
[3358/6914] Building CXX object tools/mlir/lib/Tools/PDLL/ODS/CMakeFiles/obj.MLIRPDLLODS.dir/Dialect.cpp.o
[3359/6914] Building CXX object tools/clang/lib/Format/CMakeFiles/obj.clangFormat.dir/UsingDeclarationsSorter.cpp.o
[3360/6914] Building TestAttrInterfaces.cpp.inc...
[3361/6914] Building TestAttrInterfaces.h.inc...
[3362/6914] Building TestOpInterfaces.cpp.inc...
[3363/6914] Building TestOpInterfaces.h.inc...
[3364/6914] Building TestTypeInterfaces.cpp.inc...
[3365/6914] Building TestTypeInterfaces.h.inc...
[3366/6914] Linking CXX static library lib/libMLIRTestDynDialect.a
[3367/6914] Linking CXX static library lib/libMLIRTosaTestPasses.a
[3368/6914] Building CXX object tools/mlir/lib/Tools/PDLL/ODS/CMakeFiles/obj.MLIRPDLLODS.dir/Operation.cpp.o
[3369/6914] Building FortranVariableInterface.cpp.inc...
[3370/6914] Building FortranVariableInterface.h.inc...
[3371/6914] Building CanonicalizationPatterns.inc...
[3372/6914] Building CXX object tools/clang/lib/Format/CMakeFiles/obj.clangFormat.dir/WhitespaceManager.cpp.o
[3373/6914] Building CXX object tools/mlir/lib/Tools/PDLL/ODS/CMakeFiles/obj.MLIRPDLLODS.dir/Context.cpp.o
[3374/6914] Building CXX object lib/Frontend/OpenACC/CMakeFiles/LLVMFrontendOpenACC.dir/ACC.cpp.o
[3375/6914] Building CXX object tools/flang/lib/Optimizer/Support/CMakeFiles/obj.FIRSupport.dir/InternalNames.cpp.o
[3376/6914] Building CXX object lib/MC/MCDisassembler/CMakeFiles/LLVMMCDisassembler.dir/MCDisassembler.cpp.o
[3377/6914] Building CXX object tools/mlir/lib/Conversion/OpenMPToLLVM/CMakeFiles/obj.MLIROpenMPToLLVM.dir/OpenMPToLLVM.cpp.o
[3378/6914] Building CXX object lib/MC/MCDisassembler/CMakeFiles/LLVMMCDisassembler.dir/Disassembler.cpp.o
[3379/6914] Building CXX object lib/MC/MCDisassembler/CMakeFiles/LLVMMCDisassembler.dir/MCRelocationInfo.cpp.o
[3380/6914] Building CXX object tools/flang/lib/Optimizer/Support/CMakeFiles/obj.FIRSupport.dir/FIRContext.cpp.o
[3381/6914] Building CXX object lib/MC/MCDisassembler/CMakeFiles/LLVMMCDisassembler.dir/MCSymbolizer.cpp.o
[3382/6914] Building CXX object lib/MC/MCDisassembler/CMakeFiles/LLVMMCDisassembler.dir/MCExternalSymbolizer.cpp.o
[3383/6914] Building CXX object lib/ExecutionEngine/Orc/Shared/CMakeFiles/LLVMOrcShared.dir/OrcError.cpp.o
[3384/6914] Building CXX object lib/ExecutionEngine/Orc/Shared/CMakeFiles/LLVMOrcShared.dir/AllocationActions.cpp.o
[3385/6914] Building CXX object lib/ExecutionEngine/Orc/Shared/CMakeFiles/LLVMOrcShared.dir/OrcRTBridge.cpp.o
[3386/6914] Building CXX object lib/ExecutionEngine/Orc/Shared/CMakeFiles/LLVMOrcShared.dir/SimpleRemoteEPCUtils.cpp.o
[3387/6914] Building AArch64GenAsmWriter.inc...
[3388/6914] Building CXX object tools/flang/lib/Optimizer/Support/CMakeFiles/obj.FIRSupport.dir/KindMapping.cpp.o
[3389/6914] Building AArch64GenAsmMatcher.inc...
[3390/6914] Building AArch64GenAsmWriter1.inc...
[3391/6914] Building AArch64GenCallingConv.inc...
[3392/6914] Building AArch64GenExegesis.inc...
[3393/6914] Building AArch64GenDisassemblerTables.inc...
[3394/6914] Building AArch64GenMCCodeEmitter.inc...
[3395/6914] Building AArch64GenFastISel.inc...
[3396/6914] Building AArch64GenGlobalISel.inc...
[3397/6914] Building AArch64GenMCPseudoLowering.inc...
[3398/6914] Building AArch64GenO0PreLegalizeGICombiner.inc...
[3399/6914] Building AArch64GenDAGISel.inc...
[3400/6914] Building AArch64GenPostLegalizeGICombiner.inc...
[3401/6914] Building AArch64GenPostLegalizeGILowering.inc...
[3402/6914] Building AArch64GenPreLegalizeGICombiner.inc...
[3403/6914] Building AArch64GenRegisterBank.inc...
[3404/6914] Building ARMGenAsmMatcher.inc...
[3405/6914] Building AArch64GenRegisterInfo.inc...
[3406/6914] Building AArch64GenSystemOperands.inc...
[3407/6914] Building ARMGenCallingConv.inc...
[3408/6914] Building ARMGenAsmWriter.inc...
[3409/6914] Building ARMGenDisassemblerTables.inc...
[3410/6914] Building ARMGenDAGISel.inc...
[3411/6914] Building ARMGenFastISel.inc...
[3412/6914] Building ARMGenMCCodeEmitter.inc...
[3413/6914] Building ARMGenGlobalISel.inc...
[3414/6914] Building ARMGenMCPseudoLowering.inc...
[3415/6914] Building ARMGenRegisterBank.inc...
[3416/6914] Building ARMGenInstrInfo.inc...
[3417/6914] Building ARMGenRegisterInfo.inc...
[3418/6914] Building ARMGenSystemRegister.inc...
[3419/6914] Building AVRGenAsmMatcher.inc...
[3420/6914] Building AVRGenAsmWriter.inc...
[3421/6914] Building AVRGenCallingConv.inc...
[3422/6914] Building AVRGenDisassemblerTables.inc...
[3423/6914] Building AVRGenDAGISel.inc...
[3424/6914] Building ARMGenSubtargetInfo.inc...
[3425/6914] Building AVRGenMCCodeEmitter.inc...
[3426/6914] Building AVRGenInstrInfo.inc...
[3427/6914] Building AVRGenRegisterInfo.inc...
[3428/6914] Building AVRGenSubtargetInfo.inc...
[3429/6914] Building BPFGenAsmMatcher.inc...
[3430/6914] Building BPFGenAsmWriter.inc...
[3431/6914] Building BPFGenCallingConv.inc...
[3432/6914] Building BPFGenDAGISel.inc...
[3433/6914] Building BPFGenDisassemblerTables.inc...
[3434/6914] Building BPFGenInstrInfo.inc...
[3435/6914] Building BPFGenMCCodeEmitter.inc...
[3436/6914] Building BPFGenRegisterInfo.inc...
[3437/6914] Building BPFGenSubtargetInfo.inc...
[3438/6914] Building LoongArchGenAsmMatcher.inc...
[3439/6914] Building LoongArchGenAsmWriter.inc...
[3440/6914] Building AArch64GenInstrInfo.inc...
[3441/6914] Building LoongArchGenDAGISel.inc...
[3442/6914] Building LoongArchGenDisassemblerTables.inc...
[3443/6914] Building CXX object lib/Target/Hexagon/TargetInfo/CMakeFiles/LLVMHexagonInfo.dir/HexagonTargetInfo.cpp.o
[3444/6914] Building CXX object lib/Target/Lanai/TargetInfo/CMakeFiles/LLVMLanaiInfo.dir/LanaiTargetInfo.cpp.o
[3445/6914] Building LoongArchGenMCCodeEmitter.inc...
[3446/6914] Building LoongArchGenMCPseudoLowering.inc...
[3447/6914] Building LoongArchGenRegisterInfo.inc...
[3448/6914] Building LoongArchGenInstrInfo.inc...
[3449/6914] Building LoongArchGenSubtargetInfo.inc...
[3450/6914] Building MipsGenCallingConv.inc...
[3451/6914] Building MipsGenAsmWriter.inc...
[3452/6914] Building MipsGenAsmMatcher.inc...
[3453/6914] Building MipsGenExegesis.inc...
[3454/6914] Building MipsGenDisassemblerTables.inc...
[3455/6914] Building MipsGenDAGISel.inc...
[3456/6914] Building CXX object tools/flang/lib/Optimizer/Support/CMakeFiles/obj.FIRSupport.dir/InitFIR.cpp.o
[3457/6914] Building MipsGenFastISel.inc...
[3458/6914] Building AArch64GenSubtargetInfo.inc...
[3459/6914] Building MipsGenMCCodeEmitter.inc...
[3460/6914] Building MipsGenMCPseudoLowering.inc...
[3461/6914] Building MipsGenPostLegalizeGICombiner.inc...
[3462/6914] Building MipsGenGlobalISel.inc...
[3463/6914] Building MipsGenRegisterBank.inc...
[3464/6914] Building MSP430GenAsmMatcher.inc...
[3465/6914] Building MipsGenRegisterInfo.inc...
[3466/6914] Building MSP430GenAsmWriter.inc...
[3467/6914] Building MSP430GenCallingConv.inc...
[3468/6914] Building MipsGenInstrInfo.inc...
[3469/6914] Building MSP430GenDisassemblerTables.inc...
[3470/6914] Building MSP430GenDAGISel.inc...
[3471/6914] Building MSP430GenMCCodeEmitter.inc...
[3472/6914] Building MSP430GenRegisterInfo.inc...
[3473/6914] Building MSP430GenInstrInfo.inc...
[3474/6914] Building MipsGenSubtargetInfo.inc...
[3475/6914] Building MSP430GenSubtargetInfo.inc...
[3476/6914] Building PPCGenCallingConv.inc...
[3477/6914] Building PPCGenAsmMatcher.inc...
[3478/6914] Building PPCGenAsmWriter.inc...
[3479/6914] Building PPCGenExegesis.inc...
[3480/6914] Building PPCGenDisassemblerTables.inc...
[3481/6914] Building PPCGenRegisterBank.inc...
[3482/6914] Building PPCGenMCCodeEmitter.inc...
[3483/6914] Building PPCGenDAGISel.inc...
[3484/6914] Building PPCGenRegisterInfo.inc...
[3485/6914] Building PPCGenFastISel.inc...
[3486/6914] Building PPCGenSubtargetInfo.inc...
[3487/6914] Building PPCGenGlobalISel.inc...
[3488/6914] Building PPCGenInstrInfo.inc...
[3489/6914] Building RISCVGenCompressInstEmitter.inc...
[3490/6914] Building RISCVGenAsmMatcher.inc...
[3491/6914] Building RISCVGenAsmWriter.inc...
[3492/6914] Building RISCVGenDisassemblerTables.inc...
[3493/6914] Building RISCVGenMCPseudoLowering.inc...
[3494/6914] Building RISCVGenRegisterBank.inc...
[3495/6914] Building RISCVGenMCCodeEmitter.inc...
[3496/6914] Building RISCVGenRegisterInfo.inc...
[3497/6914] Building SparcGenAsmMatcher.inc...
[3498/6914] Building SparcGenAsmWriter.inc...
[3499/6914] Building SparcGenCallingConv.inc...
[3500/6914] Building RISCVGenSearchableTables.inc...
[3501/6914] Building SparcGenDAGISel.inc...
[3502/6914] Building SparcGenDisassemblerTables.inc...
[3503/6914] Building SparcGenMCCodeEmitter.inc...
[3504/6914] Building SparcGenInstrInfo.inc...
[3505/6914] Building SparcGenRegisterInfo.inc...
[3506/6914] Building SparcGenSubtargetInfo.inc...
[3507/6914] Building SystemZGenAsmMatcher.inc...
[3508/6914] Building SystemZGenAsmWriter.inc...
[3509/6914] Building SystemZGenCallingConv.inc...
[3510/6914] Building SystemZGenDAGISel.inc...
[3511/6914] Building SystemZGenDisassemblerTables.inc...
[3512/6914] Building SystemZGenMCCodeEmitter.inc...
[3513/6914] Building SystemZGenRegisterInfo.inc...
[3514/6914] Building SystemZGenInstrInfo.inc...
[3515/6914] Building RISCVGenSubtargetInfo.inc...
[3516/6914] Building VEGenAsmMatcher.inc...
[3517/6914] Building SystemZGenSubtargetInfo.inc...
[3518/6914] Building VEGenAsmWriter.inc...
[3519/6914] Building VEGenCallingConv.inc...
[3520/6914] Building VEGenDisassemblerTables.inc...
[3521/6914] Building VEGenDAGISel.inc...
[3522/6914] Building VEGenRegisterInfo.inc...
[3523/6914] Building VEGenMCCodeEmitter.inc...
[3524/6914] Building VEGenInstrInfo.inc...
[3525/6914] Building WebAssemblyGenAsmMatcher.inc...
[3526/6914] Building WebAssemblyGenAsmWriter.inc...
[3527/6914] Building WebAssemblyGenDAGISel.inc...
[3528/6914] Building VEGenSubtargetInfo.inc...
[3529/6914] Building WebAssemblyGenDisassemblerTables.inc...
[3530/6914] Building WebAssemblyGenMCCodeEmitter.inc...
[3531/6914] Building WebAssemblyGenFastISel.inc...
[3532/6914] Building WebAssemblyGenInstrInfo.inc...
[3533/6914] Building WebAssemblyGenRegisterInfo.inc...
[3534/6914] Building WebAssemblyGenSubtargetInfo.inc...
[3535/6914] Building RISCVGenGlobalISel.inc...
[3536/6914] Building X86GenAsmWriter.inc...
[3537/6914] Building X86GenAsmWriter1.inc...
[3538/6914] Building X86GenAsmMatcher.inc...
[3539/6914] Building RISCVGenInstrInfo.inc...
[3540/6914] Building X86GenCallingConv.inc...
[3541/6914] Building X86GenExegesis.inc...
[3542/6914] Building X86GenEVEX2VEXTables.inc...
[3543/6914] Building X86GenDisassemblerTables.inc...
[3544/6914] Building X86GenMnemonicTables.inc...
[3545/6914] Building X86GenFastISel.inc...
[3546/6914] Building X86GenDAGISel.inc...
[3547/6914] Building RISCVGenDAGISel.inc...
[3548/6914] Building XCoreGenAsmWriter.inc...
[3549/6914] Building X86GenRegisterBank.inc...
[3550/6914] Building XCoreGenCallingConv.inc...
[3551/6914] Building XCoreGenDAGISel.inc...
[3552/6914] Building XCoreGenDisassemblerTables.inc...
[3553/6914] Building X86GenGlobalISel.inc...
[3554/6914] Building XCoreGenRegisterInfo.inc...
[3555/6914] Copying clang's __clang_cuda_builtin_vars.h...
[3556/6914] Copying clang's __clang_cuda_cmath.h...
[3557/6914] Copying clang's __clang_cuda_complex_builtins.h...
[3558/6914] Building XCoreGenInstrInfo.inc...
[3559/6914] Copying clang's __clang_cuda_device_functions.h...
[3560/6914] Building XCoreGenSubtargetInfo.inc...
[3561/6914] Copying clang's __clang_cuda_libdevice_declares.h...
[3562/6914] Copying clang's __clang_cuda_intrinsics.h...
[3563/6914] Copying clang's __clang_cuda_math.h...
[3564/6914] Copying clang's __clang_cuda_math_forward_declares.h...
[3565/6914] Copying clang's __clang_cuda_runtime_wrapper.h...
[3566/6914] Copying clang's __clang_cuda_texture_intrinsics.h...
[3567/6914] Copying clang's __clang_hip_cmath.h...
[3568/6914] Copying clang's __clang_hip_libdevice_declares.h...
[3569/6914] Copying clang's __clang_hip_math.h...
[3570/6914] Copying clang's __clang_hip_runtime_wrapper.h...
[3571/6914] Copying clang's __clang_hip_stdlib.h...
[3572/6914] Copying clang's __wmmintrin_aes.h...
[3573/6914] Copying clang's __wmmintrin_pclmul.h...
[3574/6914] Copying clang's adxintrin.h...
[3575/6914] Copying clang's altivec.h...
[3576/6914] Copying clang's ammintrin.h...
[3577/6914] Copying clang's amxfp16intrin.h...
[3578/6914] Copying clang's amxintrin.h...
[3579/6914] Copying clang's arm64intr.h...
[3580/6914] Copying clang's arm_acle.h...
[3581/6914] Copying clang's arm_cmse.h...
[3582/6914] Copying clang's arm_neon_sve_bridge.h...
[3583/6914] Copying clang's armintr.h...
[3584/6914] Copying clang's avx2intrin.h...
[3585/6914] Copying clang's avx512bf16intrin.h...
[3586/6914] Copying clang's avx512bitalgintrin.h...
[3587/6914] Copying clang's avx512bwintrin.h...
[3588/6914] Copying clang's avx512cdintrin.h...
[3589/6914] Copying clang's avx512dqintrin.h...
[3590/6914] Copying clang's avx512erintrin.h...
[3591/6914] Copying clang's avx512fintrin.h...
[3592/6914] Copying clang's avx512fp16intrin.h...
[3593/6914] Copying clang's avx512ifmaintrin.h...
[3594/6914] Copying clang's avx512ifmavlintrin.h...
[3595/6914] Copying clang's avx512pfintrin.h...
[3596/6914] Copying clang's avx512vbmi2intrin.h...
[3597/6914] Copying clang's avx512vbmiintrin.h...
[3598/6914] Copying clang's avx512vbmivlintrin.h...
[3599/6914] Copying clang's avx512vlbf16intrin.h...
[3600/6914] Copying clang's avx512vlbitalgintrin.h...
[3601/6914] Copying clang's avx512vlbwintrin.h...
[3602/6914] Copying clang's avx512vlcdintrin.h...
[3603/6914] Copying clang's avx512vldqintrin.h...
[3604/6914] Copying clang's avx512vlfp16intrin.h...
[3605/6914] Copying clang's avx512vlintrin.h...
[3606/6914] Copying clang's avx512vlvbmi2intrin.h...
[3607/6914] Copying clang's avx512vlvnniintrin.h...
[3608/6914] Copying clang's avx512vlvp2intersectintrin.h...
[3609/6914] Copying clang's avx512vnniintrin.h...
[3610/6914] Copying clang's avx512vp2intersectintrin.h...
[3611/6914] Copying clang's avx512vpopcntdqintrin.h...
[3612/6914] Copying clang's avx512vpopcntdqvlintrin.h...
[3613/6914] Copying clang's avxifmaintrin.h...
[3614/6914] Copying clang's avxintrin.h...
[3615/6914] Copying clang's avxneconvertintrin.h...
[3616/6914] Copying clang's avxvnniint8intrin.h...
[3617/6914] Copying clang's avxvnniintrin.h...
[3618/6914] Copying clang's bmi2intrin.h...
[3619/6914] Copying clang's bmiintrin.h...
[3620/6914] Copying clang's builtins.h...
[3621/6914] Copying clang's cet.h...
[3622/6914] Copying clang's cetintrin.h...
[3623/6914] Copying clang's cldemoteintrin.h...
[3624/6914] Copying clang's clflushoptintrin.h...
[3625/6914] Copying clang's clwbintrin.h...
[3626/6914] Copying clang's clzerointrin.h...
[3627/6914] Copying clang's cmpccxaddintrin.h...
[3628/6914] Copying clang's cpuid.h...
[3629/6914] Copying clang's crc32intrin.h...
[3630/6914] Copying clang's cuda_wrappers/algorithm...
[3631/6914] Copying clang's cuda_wrappers/cmath...
[3632/6914] Copying clang's cuda_wrappers/complex...
[3633/6914] Copying clang's cuda_wrappers/new...
[3634/6914] Copying clang's emmintrin.h...
[3635/6914] Copying clang's enqcmdintrin.h...
[3636/6914] Building X86GenRegisterInfo.inc...
[3637/6914] Copying clang's f16cintrin.h...
[3638/6914] Copying clang's fma4intrin.h...
[3639/6914] Copying clang's fmaintrin.h...
[3640/6914] Copying clang's fxsrintrin.h...
[3641/6914] Copying clang's gfniintrin.h...
[3642/6914] Copying clang's hexagon_circ_brev_intrinsics.h...
[3643/6914] Copying clang's hexagon_types.h...
[3644/6914] Copying clang's hexagon_protos.h...
[3645/6914] Copying clang's hlsl.h...
[3646/6914] Copying clang's hresetintrin.h...
[3647/6914] Copying clang's htmintrin.h...
[3648/6914] Copying clang's htmxlintrin.h...
[3649/6914] Copying clang's hvx_hexagon_protos.h...
[3650/6914] Copying clang's ia32intrin.h...
[3651/6914] Copying clang's immintrin.h...
[3652/6914] Copying clang's intrin.h...
[3653/6914] Copying clang's invpcidintrin.h...
[3654/6914] Copying clang's keylockerintrin.h...
[3655/6914] Copying clang's larchintrin.h...
[3656/6914] Copying clang's lwpintrin.h...
[3657/6914] Copying clang's lzcntintrin.h...
[3658/6914] Copying clang's mm3dnow.h...
[3659/6914] Copying clang's mm_malloc.h...
[3660/6914] Copying clang's mmintrin.h...
[3661/6914] Copying clang's movdirintrin.h...
[3662/6914] Copying clang's msa.h...
[3663/6914] Copying clang's mwaitxintrin.h...
[3664/6914] Copying clang's nmmintrin.h...
[3665/6914] Copying clang's opencl-c.h...
[3666/6914] Copying clang's openmp_wrappers/math.h...
[3667/6914] Copying clang's pconfigintrin.h...
[3668/6914] Copying clang's pkuintrin.h...
[3669/6914] Copying clang's pmmintrin.h...
[3670/6914] Copying clang's ppc_wrappers/bmi2intrin.h...
[3671/6914] Copying clang's popcntintrin.h...
[3672/6914] Copying clang's ppc_wrappers/bmiintrin.h...
[3673/6914] Copying clang's ppc_wrappers/emmintrin.h...
[3674/6914] Copying clang's ppc_wrappers/immintrin.h...
[3675/6914] Copying clang's ppc_wrappers/mm_malloc.h...
[3676/6914] Copying clang's ppc_wrappers/mmintrin.h...
[3677/6914] Copying clang's ppc_wrappers/pmmintrin.h...
[3678/6914] Copying clang's ppc_wrappers/smmintrin.h...
[3679/6914] Copying clang's ppc_wrappers/tmmintrin.h...
[3680/6914] Copying clang's ppc_wrappers/x86gprintrin.h...
[3681/6914] Copying clang's ppc_wrappers/x86intrin.h...
[3682/6914] Copying clang's ppc_wrappers/xmmintrin.h...
[3683/6914] Copying clang's prfchiintrin.h...
[3684/6914] Copying clang's prfchwintrin.h...
[3685/6914] Copying clang's ptwriteintrin.h...
[3686/6914] Copying clang's raointintrin.h...
[3687/6914] Copying clang's rdpruintrin.h...
[3688/6914] Copying clang's rdseedintrin.h...
[3689/6914] Copying clang's rtmintrin.h...
[3690/6914] Copying clang's s390intrin.h...
[3691/6914] Copying clang's serializeintrin.h...
[3692/6914] Copying clang's sgxintrin.h...
[3693/6914] Copying clang's shaintrin.h...
[3694/6914] Copying clang's tbmintrin.h...
[3695/6914] Copying clang's smmintrin.h...
[3696/6914] Copying clang's tmmintrin.h...
[3697/6914] Copying clang's tsxldtrkintrin.h...
[3698/6914] Copying clang's uintrintrin.h...
[3699/6914] Copying clang's vaesintrin.h...
[3700/6914] Copying clang's vecintrin.h...
[3701/6914] Copying clang's velintrin.h...
[3702/6914] Copying clang's velintrin_approx.h...
[3703/6914] Copying clang's velintrin_gen.h...
[3704/6914] Copying clang's vpclmulqdqintrin.h...
[3705/6914] Copying clang's waitpkgintrin.h...
[3706/6914] Copying clang's wasm_simd128.h...
[3707/6914] Copying clang's wbnoinvdintrin.h...
[3708/6914] Copying clang's wmmintrin.h...
[3709/6914] Copying clang's x86gprintrin.h...
[3710/6914] Copying clang's x86intrin.h...
[3711/6914] Copying clang's xmmintrin.h...
[3712/6914] Copying clang's xopintrin.h...
[3713/6914] Copying clang's xsaveintrin.h...
[3714/6914] Copying clang's xsavecintrin.h...
[3715/6914] Copying clang's xsaveoptintrin.h...
[3716/6914] Copying clang's xsavesintrin.h...
[3717/6914] Copying clang's xtestintrin.h...
[3718/6914] Building arm_bf16.h...
[3719/6914] Building arm_cde.h...
[3720/6914] Building arm_fp16.h...
[3721/6914] Building riscv_vector.h...
[3722/6914] Building arm_mve.h...
[3723/6914] Building arm_sve.h...
[3724/6914] Linking CXX static library lib/libclangFrontend.a
[3725/6914] Building arm_neon.h...
[3726/6914] Building X86GenInstrInfo.inc...
[3727/6914] Building X86GenSubtargetInfo.inc...
[3728/6914] Building CXX object tools/clang/lib/Index/CMakeFiles/obj.clangIndex.dir/FileIndexRecord.cpp.o
[3729/6914] Building CXX object tools/clang/lib/Index/CMakeFiles/obj.clangIndex.dir/CommentToXML.cpp.o
[3730/6914] Building CXX object tools/clang/lib/Index/CMakeFiles/obj.clangIndex.dir/IndexDecl.cpp.o
[3731/6914] Building CXX object tools/clang/lib/Index/CMakeFiles/obj.clangIndex.dir/IndexingContext.cpp.o
[3732/6914] Building CXX object tools/clang/lib/Tooling/DumpTool/CMakeFiles/clang-ast-dump.dir/ASTSrcLocProcessor.cpp.o
[3733/6914] Building CXX object tools/clang/lib/Index/CMakeFiles/obj.clangIndex.dir/IndexSymbol.cpp.o
[3734/6914] Linking CXX static library lib/libclangFormat.a
[3735/6914] Linking CXX static library lib/libMLIROpenMPToLLVM.a
[3736/6914] Building CXX object tools/clang/lib/Tooling/DumpTool/CMakeFiles/clang-ast-dump.dir/ClangSrcLocDump.cpp.o
[3737/6914] Building CXX object tools/clang/lib/Index/CMakeFiles/obj.clangIndex.dir/IndexBody.cpp.o
[3738/6914] Building CXX object tools/mlir/lib/Tools/PDLL/AST/CMakeFiles/obj.MLIRPDLLAST.dir/Context.cpp.o
[3739/6914] Building CXX object tools/mlir/lib/Tools/PDLL/AST/CMakeFiles/obj.MLIRPDLLAST.dir/Diagnostic.cpp.o
[3740/6914] Building CXX object tools/clang/lib/Index/CMakeFiles/obj.clangIndex.dir/IndexingAction.cpp.o
[3741/6914] Linking CXX static library lib/libMLIRPDLLODS.a
[3742/6914] Building TestAttrDefs.cpp.inc...
[3743/6914] Building TestAttrDefs.h.inc...
[3744/6914] Building CXX object tools/flang/lib/Common/CMakeFiles/obj.FortranCommon.dir/Fortran.cpp.o
[3745/6914] Building CXX object tools/mlir/lib/Tools/PDLL/AST/CMakeFiles/obj.MLIRPDLLAST.dir/Types.cpp.o
[3746/6914] Building CXX object tools/flang/lib/Common/CMakeFiles/obj.FortranCommon.dir/Fortran-features.cpp.o
[3747/6914] Building CXX object tools/mlir/lib/Tools/PDLL/AST/CMakeFiles/obj.MLIRPDLLAST.dir/NodePrinter.cpp.o
[3748/6914] Building CXX object tools/flang/lib/Common/CMakeFiles/obj.FortranCommon.dir/default-kinds.cpp.o
[3749/6914] Building CXX object tools/flang/lib/Common/CMakeFiles/obj.FortranCommon.dir/idioms.cpp.o
[3750/6914] Building CXX object tools/mlir/lib/Tools/PDLL/AST/CMakeFiles/obj.MLIRPDLLAST.dir/Nodes.cpp.o
[3751/6914] Building CXX object tools/clang/lib/Index/CMakeFiles/obj.clangIndex.dir/USRGeneration.cpp.o
[3752/6914] Building CXX object tools/flang/lib/Optimizer/Dialect/CMakeFiles/obj.FIRDialect.dir/FIRAttr.cpp.o
[3753/6914] Building CXX object tools/clang/lib/Index/CMakeFiles/obj.clangIndex.dir/IndexTypeSourceInfo.cpp.o
[3754/6914] Linking CXX static library lib/libFIRSupport.a
[3755/6914] Linking CXX static library lib/libLLVMFrontendOpenACC.a
[3756/6914] Linking CXX static library lib/libLLVMMCDisassembler.a
[3757/6914] Building COFFOptions.inc...
[3758/6914] Linking CXX static library lib/libLLVMOrcShared.a
[3759/6914] Building CXX object tools/flang/lib/Optimizer/Dialect/CMakeFiles/obj.FIRDialect.dir/FortranVariableInterface.cpp.o
[3760/6914] Building CXX object tools/flang/lib/Optimizer/Dialect/CMakeFiles/obj.FIRDialect.dir/Inliner.cpp.o
[3761/6914] Building CXX object lib/ExecutionEngine/Orc/TargetProcess/CMakeFiles/LLVMOrcTargetProcess.dir/JITLoaderGDB.cpp.o
[3762/6914] Building CXX object lib/ExecutionEngine/Orc/TargetProcess/CMakeFiles/LLVMOrcTargetProcess.dir/ExecutorSharedMemoryMapperService.cpp.o
[3763/6914] Building CXX object lib/ExecutionEngine/Orc/TargetProcess/CMakeFiles/LLVMOrcTargetProcess.dir/OrcRTBootstrap.cpp.o
[3764/6914] Building CXX object lib/ExecutionEngine/Orc/TargetProcess/CMakeFiles/LLVMOrcTargetProcess.dir/RegisterEHFrames.cpp.o
[3765/6914] Building CXX object tools/flang/lib/Optimizer/Dialect/CMakeFiles/obj.FIRDialect.dir/FIRType.cpp.o
[3766/6914] Building CXX object lib/ExecutionEngine/Orc/TargetProcess/CMakeFiles/LLVMOrcTargetProcess.dir/SimpleExecutorDylibManager.cpp.o
[3767/6914] Building CXX object lib/ExecutionEngine/Orc/TargetProcess/CMakeFiles/LLVMOrcTargetProcess.dir/TargetExecutionUtils.cpp.o
[3768/6914] Building CXX object lib/ExecutionEngine/Orc/TargetProcess/CMakeFiles/LLVMOrcTargetProcess.dir/SimpleExecutorMemoryManager.cpp.o
[3769/6914] Building CXX object lib/ExecutionEngine/Orc/TargetProcess/CMakeFiles/LLVMOrcTargetProcess.dir/SimpleRemoteEPCServer.cpp.o
[3770/6914] Building CXX object lib/ExecutionEngine/RuntimeDyld/CMakeFiles/LLVMRuntimeDyld.dir/RTDyldMemoryManager.cpp.o
[3771/6914] Building CXX object lib/ExecutionEngine/RuntimeDyld/CMakeFiles/LLVMRuntimeDyld.dir/JITSymbol.cpp.o
[3772/6914] Building CXX object lib/ExecutionEngine/RuntimeDyld/CMakeFiles/LLVMRuntimeDyld.dir/RuntimeDyldCOFF.cpp.o
[3773/6914] Building CXX object lib/ExecutionEngine/RuntimeDyld/CMakeFiles/LLVMRuntimeDyld.dir/RuntimeDyldChecker.cpp.o
[3774/6914] Building CXX object tools/flang/lib/Optimizer/Dialect/CMakeFiles/obj.FIRDialect.dir/FIRDialect.cpp.o
[3775/6914] Building CXX object lib/ExecutionEngine/RuntimeDyld/CMakeFiles/LLVMRuntimeDyld.dir/RuntimeDyld.cpp.o
[3776/6914] Building CXX object lib/ExecutionEngine/RuntimeDyld/CMakeFiles/LLVMRuntimeDyld.dir/Targets/RuntimeDyldELFMips.cpp.o
[3777/6914] Building CXX object lib/Target/AArch64/TargetInfo/CMakeFiles/LLVMAArch64Info.dir/AArch64TargetInfo.cpp.o
[3778/6914] Building CXX object lib/ExecutionEngine/RuntimeDyld/CMakeFiles/LLVMRuntimeDyld.dir/RuntimeDyldMachO.cpp.o
[3779/6914] Building CXX object lib/Target/ARM/TargetInfo/CMakeFiles/LLVMARMInfo.dir/ARMTargetInfo.cpp.o
[3780/6914] Building CXX object lib/Target/AArch64/Utils/CMakeFiles/LLVMAArch64Utils.dir/AArch64SMEAttributes.cpp.o
[3781/6914] Building CXX object lib/Target/ARM/Utils/CMakeFiles/LLVMARMUtils.dir/ARMBaseInfo.cpp.o
[3782/6914] Building CXX object lib/Target/AArch64/Utils/CMakeFiles/LLVMAArch64Utils.dir/AArch64BaseInfo.cpp.o
[3783/6914] Building CXX object lib/Target/AVR/TargetInfo/CMakeFiles/LLVMAVRInfo.dir/AVRTargetInfo.cpp.o
[3784/6914] Building CXX object lib/Target/BPF/TargetInfo/CMakeFiles/LLVMBPFInfo.dir/BPFTargetInfo.cpp.o
[3785/6914] Building CXX object lib/Target/Hexagon/MCTargetDesc/CMakeFiles/LLVMHexagonDesc.dir/HexagonMCAsmInfo.cpp.o
[3786/6914] Building CXX object lib/Target/Hexagon/MCTargetDesc/CMakeFiles/LLVMHexagonDesc.dir/HexagonELFObjectWriter.cpp.o
[3787/6914] Building CXX object lib/Target/Hexagon/MCTargetDesc/CMakeFiles/LLVMHexagonDesc.dir/HexagonAsmBackend.cpp.o
[3788/6914] Building CXX object lib/Target/Hexagon/MCTargetDesc/CMakeFiles/LLVMHexagonDesc.dir/HexagonInstPrinter.cpp.o
[3789/6914] Building CXX object lib/ExecutionEngine/RuntimeDyld/CMakeFiles/LLVMRuntimeDyld.dir/RuntimeDyldELF.cpp.o
[3790/6914] Building CXX object lib/Target/Hexagon/MCTargetDesc/CMakeFiles/LLVMHexagonDesc.dir/HexagonMCChecker.cpp.o
[3791/6914] Building CXX object lib/Target/Hexagon/MCTargetDesc/CMakeFiles/LLVMHexagonDesc.dir/HexagonMCDuplexInfo.cpp.o
[3792/6914] Building CXX object lib/Target/Hexagon/MCTargetDesc/CMakeFiles/LLVMHexagonDesc.dir/HexagonMCCompound.cpp.o
[3793/6914] Building CXX object lib/Target/Hexagon/MCTargetDesc/CMakeFiles/LLVMHexagonDesc.dir/HexagonMCCodeEmitter.cpp.o
[3794/6914] Building CXX object lib/Target/Hexagon/MCTargetDesc/CMakeFiles/LLVMHexagonDesc.dir/HexagonMCShuffler.cpp.o
[3795/6914] Building CXX object lib/Target/Hexagon/MCTargetDesc/CMakeFiles/LLVMHexagonDesc.dir/HexagonMCExpr.cpp.o
[3796/6914] Linking CXX static library lib/libLLVMHexagonInfo.a
[3797/6914] Building CXX object lib/Target/Hexagon/MCTargetDesc/CMakeFiles/LLVMHexagonDesc.dir/HexagonMCELFStreamer.cpp.o
[3798/6914] Building CXX object lib/Target/Hexagon/MCTargetDesc/CMakeFiles/LLVMHexagonDesc.dir/HexagonMCInstrInfo.cpp.o
[3799/6914] Building CXX object lib/Target/Lanai/MCTargetDesc/CMakeFiles/LLVMLanaiDesc.dir/LanaiELFObjectWriter.cpp.o
[3800/6914] Building CXX object lib/Target/Lanai/MCTargetDesc/CMakeFiles/LLVMLanaiDesc.dir/LanaiAsmBackend.cpp.o
[3801/6914] Building CXX object lib/Target/Lanai/MCTargetDesc/CMakeFiles/LLVMLanaiDesc.dir/LanaiInstPrinter.cpp.o
[3802/6914] Building CXX object tools/flang/lib/Optimizer/Dialect/CMakeFiles/obj.FIRDialect.dir/FIROps.cpp.o
[3803/6914] Building CXX object lib/Target/Lanai/MCTargetDesc/CMakeFiles/LLVMLanaiDesc.dir/LanaiMCAsmInfo.cpp.o
[3804/6914] Linking CXX static library lib/libLLVMLanaiInfo.a
[3805/6914] Building CXX object lib/Target/Hexagon/MCTargetDesc/CMakeFiles/LLVMHexagonDesc.dir/HexagonShuffler.cpp.o
[3806/6914] Building CXX object lib/Target/Hexagon/MCTargetDesc/CMakeFiles/LLVMHexagonDesc.dir/HexagonMCTargetDesc.cpp.o
[3807/6914] Building CXX object lib/Target/Lanai/MCTargetDesc/CMakeFiles/LLVMLanaiDesc.dir/LanaiMCCodeEmitter.cpp.o
[3808/6914] Building CXX object lib/Target/LoongArch/TargetInfo/CMakeFiles/LLVMLoongArchInfo.dir/LoongArchTargetInfo.cpp.o
[3809/6914] Building CXX object lib/Target/Mips/TargetInfo/CMakeFiles/LLVMMipsInfo.dir/MipsTargetInfo.cpp.o
[3810/6914] Building CXX object lib/Target/MSP430/TargetInfo/CMakeFiles/LLVMMSP430Info.dir/MSP430TargetInfo.cpp.o
[3811/6914] Building CXX object lib/Target/PowerPC/TargetInfo/CMakeFiles/LLVMPowerPCInfo.dir/PowerPCTargetInfo.cpp.o
[3812/6914] Building CXX object lib/Target/RISCV/TargetInfo/CMakeFiles/LLVMRISCVInfo.dir/RISCVTargetInfo.cpp.o
[3813/6914] Building CXX object lib/Target/Lanai/MCTargetDesc/CMakeFiles/LLVMLanaiDesc.dir/LanaiMCExpr.cpp.o
[3814/6914] Building CXX object lib/Target/Lanai/MCTargetDesc/CMakeFiles/LLVMLanaiDesc.dir/LanaiMCTargetDesc.cpp.o
[3815/6914] Building CXX object lib/Target/Sparc/TargetInfo/CMakeFiles/LLVMSparcInfo.dir/SparcTargetInfo.cpp.o
[3816/6914] Building CXX object lib/Target/SystemZ/TargetInfo/CMakeFiles/LLVMSystemZInfo.dir/SystemZTargetInfo.cpp.o
[3817/6914] Building CXX object lib/Target/VE/TargetInfo/CMakeFiles/LLVMVEInfo.dir/VETargetInfo.cpp.o
[3818/6914] Copying clang's __stddef_max_align_t.h...
[3819/6914] Copying clang's arm_bf16.h...
[3820/6914] Copying clang's arm_cde.h...
[3821/6914] Copying clang's arm_fp16.h...
[3822/6914] Copying clang's arm_mve.h...
[3823/6914] Copying clang's arm_neon.h...
[3824/6914] Copying clang's arm_sve.h...
[3825/6914] Copying clang's float.h...
[3826/6914] Copying clang's hlsl/hlsl_basic_types.h...
[3827/6914] Copying clang's hlsl/hlsl_intrinsics.h...
[3828/6914] Copying clang's inttypes.h...
[3829/6914] Copying clang's iso646.h...
[3830/6914] Copying clang's limits.h...
[3831/6914] Copying clang's module.modulemap...
[3832/6914] Copying clang's opencl-c-base.h...
[3833/6914] Copying clang's openmp_wrappers/__clang_openmp_device_functions.h...
[3834/6914] Copying clang's openmp_wrappers/cmath...
[3835/6914] Copying clang's openmp_wrappers/complex...
[3836/6914] Copying clang's openmp_wrappers/complex.h...
[3837/6914] Copying clang's openmp_wrappers/complex_cmath.h...
[3838/6914] Copying clang's openmp_wrappers/new...
[3839/6914] Copying clang's riscv_vector.h...
[3840/6914] Copying clang's stdalign.h...
[3841/6914] Copying clang's stdarg.h...
[3842/6914] Building CXX object lib/Target/WebAssembly/TargetInfo/CMakeFiles/LLVMWebAssemblyInfo.dir/WebAssemblyTargetInfo.cpp.o
[3843/6914] Copying clang's stdatomic.h...
[3844/6914] Copying clang's stdbool.h...
[3845/6914] Copying clang's stddef.h...
[3846/6914] Copying clang's stdint.h...
[3847/6914] Copying clang's stdnoreturn.h...
[3848/6914] Copying clang's tgmath.h...
[3849/6914] Copying clang's unwind.h...
[3850/6914] Copying clang's vadefs.h...
[3851/6914] Copying clang's varargs.h...
[3852/6914] Building CXX object lib/Target/X86/TargetInfo/CMakeFiles/LLVMX86Info.dir/X86TargetInfo.cpp.o
[3853/6914] Linking CXX static library lib/libclangIndex.a
[3854/6914] Building CXX object lib/Target/XCore/TargetInfo/CMakeFiles/LLVMXCoreInfo.dir/XCoreTargetInfo.cpp.o
[3855/6914] Building CXX object lib/Target/WebAssembly/Utils/CMakeFiles/LLVMWebAssemblyUtils.dir/WebAssemblyTypeUtilities.cpp.o
[3856/6914] Linking CXX static library lib/libMLIRPDLLAST.a
[3857/6914] Linking CXX executable bin/clang-ast-dump
[3858/6914] Building CXX object tools/mlir/lib/Tools/PDLL/CodeGen/CMakeFiles/obj.MLIRPDLLCodeGen.dir/CPPGen.cpp.o
[3859/6914] Building CXX object lib/Target/WebAssembly/Utils/CMakeFiles/LLVMWebAssemblyUtils.dir/WebAssemblyUtilities.cpp.o
[3860/6914] Building CXX object tools/mlir/lib/Tools/PDLL/Parser/CMakeFiles/MLIRPDLLParser.dir/CodeComplete.cpp.o
[3861/6914] Building CXX object tools/mlir/lib/Conversion/FuncToSPIRV/CMakeFiles/obj.MLIRFuncToSPIRV.dir/FuncToSPIRV.cpp.o
[3862/6914] Building TestTypeDefs.cpp.inc...
[3863/6914] Building TestTypeDefs.h.inc...
[3864/6914] Linking CXX static library lib/libFortranCommon.a
[3865/6914] Building CXX object tools/mlir/lib/Conversion/FuncToSPIRV/CMakeFiles/obj.MLIRFuncToSPIRV.dir/FuncToSPIRVPass.cpp.o
[3866/6914] Building CXX object tools/mlir/lib/Tools/PDLL/Parser/CMakeFiles/MLIRPDLLParser.dir/Lexer.cpp.o
[3867/6914] Building CXX object tools/mlir/lib/Tools/PDLL/CodeGen/CMakeFiles/obj.MLIRPDLLCodeGen.dir/MLIRGen.cpp.o
[3868/6914] Building CXX object tools/flang/lib/Parser/CMakeFiles/obj.FortranParser.dir/char-buffer.cpp.o
[3869/6914] Building CXX object tools/flang/lib/Decimal/CMakeFiles/obj.FortranDecimal.dir/decimal-to-binary.cpp.o
[3870/6914] Building CXX object tools/flang/lib/Parser/CMakeFiles/obj.FortranParser.dir/char-block.cpp.o
[3871/6914] Building CXX object tools/flang/lib/Parser/CMakeFiles/obj.FortranParser.dir/char-set.cpp.o
[3872/6914] Building CXX object tools/flang/lib/Decimal/CMakeFiles/obj.FortranDecimal.dir/binary-to-decimal.cpp.o
[3873/6914] Building CXX object tools/flang/lib/Parser/CMakeFiles/obj.FortranParser.dir/characters.cpp.o
[3874/6914] Building CXX object tools/clang/lib/CrossTU/CMakeFiles/obj.clangCrossTU.dir/CrossTranslationUnit.cpp.o
[3875/6914] Building CXX object tools/mlir/lib/Tools/PDLL/Parser/CMakeFiles/MLIRPDLLParser.dir/Parser.cpp.o
[3876/6914] Building CXX object tools/flang/lib/Parser/CMakeFiles/obj.FortranParser.dir/debug-parser.cpp.o
[3877/6914] Building CXX object tools/flang/lib/Parser/CMakeFiles/obj.FortranParser.dir/instrumented-parser.cpp.o
[3878/6914] Building CXX object tools/flang/lib/Parser/CMakeFiles/obj.FortranParser.dir/message.cpp.o
[3879/6914] Building CXX object tools/flang/lib/Parser/CMakeFiles/obj.FortranParser.dir/expr-parsers.cpp.o
[3880/6914] Building CXX object tools/flang/lib/Parser/CMakeFiles/obj.FortranParser.dir/io-parsers.cpp.o
[3881/6914] Building CXX object tools/flang/lib/Parser/CMakeFiles/obj.FortranParser.dir/parse-tree.cpp.o
[3882/6914] Building CXX object tools/flang/lib/Parser/CMakeFiles/obj.FortranParser.dir/preprocessor.cpp.o
[3883/6914] Building CXX object tools/flang/lib/Parser/CMakeFiles/obj.FortranParser.dir/prescan.cpp.o
[3884/6914] Building CXX object tools/flang/lib/Parser/CMakeFiles/obj.FortranParser.dir/openacc-parsers.cpp.o
[3885/6914] Building CXX object tools/flang/lib/Parser/CMakeFiles/obj.FortranParser.dir/executable-parsers.cpp.o
[3886/6914] Building CXX object tools/flang/lib/Parser/CMakeFiles/obj.FortranParser.dir/parsing.cpp.o
[3887/6914] Building CXX object tools/flang/lib/Parser/CMakeFiles/obj.FortranParser.dir/provenance.cpp.o
[3888/6914] Building CXX object tools/flang/lib/Parser/CMakeFiles/obj.FortranParser.dir/source.cpp.o
[3889/6914] Building CXX object tools/flang/lib/Parser/CMakeFiles/obj.FortranParser.dir/token-sequence.cpp.o
[3890/6914] Building CXX object tools/flang/lib/Parser/CMakeFiles/obj.FortranParser.dir/tools.cpp.o
[3891/6914] Linking CXX static library lib/libFIRDialect.a
[3892/6914] Building CXX object tools/flang/lib/Parser/CMakeFiles/obj.FortranParser.dir/Fortran-parsers.cpp.o
[3893/6914] Building CXX object tools/flang/lib/Parser/CMakeFiles/obj.FortranParser.dir/user-state.cpp.o
[3894/6914] Building CXX object lib/Extensions/CMakeFiles/LLVMExtensions.dir/Extensions.cpp.o
[3895/6914] Building CXX object tools/flang/lib/Parser/CMakeFiles/obj.FortranParser.dir/openmp-parsers.cpp.o
[3896/6914] Building CXX object tools/flang/lib/Optimizer/HLFIR/IR/CMakeFiles/obj.HLFIRDialect.dir/HLFIRDialect.cpp.o
[3897/6914] Building CXX object lib/Transforms/CFGuard/CMakeFiles/LLVMCFGuard.dir/CFGuard.cpp.o
[3898/6914] Building CXX object lib/ExecutionEngine/CMakeFiles/LLVMExecutionEngine.dir/GDBRegistrationListener.cpp.o
[3899/6914] Building CXX object lib/ExecutionEngine/CMakeFiles/LLVMExecutionEngine.dir/ExecutionEngineBindings.cpp.o
[3900/6914] Building CXX object lib/ExecutionEngine/CMakeFiles/LLVMExecutionEngine.dir/ExecutionEngine.cpp.o
[3901/6914] Building CXX object lib/ExecutionEngine/CMakeFiles/LLVMExecutionEngine.dir/SectionMemoryManager.cpp.o
[3902/6914] Building CXX object lib/ExecutionEngine/CMakeFiles/LLVMExecutionEngine.dir/TargetSelect.cpp.o
[3903/6914] Building CXX object tools/flang/lib/Optimizer/HLFIR/IR/CMakeFiles/obj.HLFIRDialect.dir/HLFIROps.cpp.o
[3904/6914] Building CXX object lib/ExecutionEngine/JITLink/CMakeFiles/LLVMJITLink.dir/DWARFRecordSectionSplitter.cpp.o
[3905/6914] Building CXX object lib/ExecutionEngine/JITLink/CMakeFiles/LLVMJITLink.dir/JITLinkGeneric.cpp.o
[3906/6914] Building CXX object lib/ExecutionEngine/JITLink/CMakeFiles/LLVMJITLink.dir/EHFrameSupport.cpp.o
[3907/6914] Building CXX object lib/ExecutionEngine/JITLink/CMakeFiles/LLVMJITLink.dir/JITLink.cpp.o
[3908/6914] Building CXX object lib/ExecutionEngine/JITLink/CMakeFiles/LLVMJITLink.dir/MachO.cpp.o
[3909/6914] Building CXX object lib/ExecutionEngine/JITLink/CMakeFiles/LLVMJITLink.dir/JITLinkMemoryManager.cpp.o
[3910/6914] Building CXX object lib/ExecutionEngine/JITLink/CMakeFiles/LLVMJITLink.dir/MachO_arm64.cpp.o
[3911/6914] Building CXX object lib/ExecutionEngine/JITLink/CMakeFiles/LLVMJITLink.dir/ELF.cpp.o
[3912/6914] Building CXX object lib/ExecutionEngine/JITLink/CMakeFiles/LLVMJITLink.dir/MachO_x86_64.cpp.o
[3913/6914] Building CXX object lib/ExecutionEngine/JITLink/CMakeFiles/LLVMJITLink.dir/ELFLinkGraphBuilder.cpp.o
[3914/6914] Building CXX object lib/ExecutionEngine/JITLink/CMakeFiles/LLVMJITLink.dir/MachOLinkGraphBuilder.cpp.o
[3915/6914] Building CXX object lib/ExecutionEngine/JITLink/CMakeFiles/LLVMJITLink.dir/ELF_aarch64.cpp.o
[3916/6914] Building CXX object lib/ExecutionEngine/JITLink/CMakeFiles/LLVMJITLink.dir/ELF_i386.cpp.o
[3917/6914] Building CXX object lib/ExecutionEngine/JITLink/CMakeFiles/LLVMJITLink.dir/COFF.cpp.o
[3918/6914] Building CXX object lib/ExecutionEngine/JITLink/CMakeFiles/LLVMJITLink.dir/ELF_loongarch.cpp.o
[3919/6914] Building CXX object lib/ExecutionEngine/JITLink/CMakeFiles/LLVMJITLink.dir/ELF_riscv.cpp.o
[3920/6914] Building CXX object lib/ExecutionEngine/JITLink/CMakeFiles/LLVMJITLink.dir/COFFDirectiveParser.cpp.o
[3921/6914] Building CXX object tools/flang/lib/Parser/CMakeFiles/obj.FortranParser.dir/unparse.cpp.o
[3922/6914] Building CXX object lib/ExecutionEngine/JITLink/CMakeFiles/LLVMJITLink.dir/ELF_x86_64.cpp.o
[3923/6914] Building CXX object lib/ExecutionEngine/JITLink/CMakeFiles/LLVMJITLink.dir/aarch64.cpp.o
[3924/6914] Building CXX object lib/ExecutionEngine/JITLink/CMakeFiles/LLVMJITLink.dir/i386.cpp.o
[3925/6914] Building CXX object lib/ExecutionEngine/JITLink/CMakeFiles/LLVMJITLink.dir/COFF_x86_64.cpp.o
[3926/6914] Linking CXX static library lib/libLLVMOrcTargetProcess.a
[3927/6914] Linking CXX static library lib/libLLVMRuntimeDyld.a
[3928/6914] Building CXX object lib/ExecutionEngine/JITLink/CMakeFiles/LLVMJITLink.dir/loongarch.cpp.o
[3929/6914] Building CXX object tools/flang/lib/Parser/CMakeFiles/obj.FortranParser.dir/program-parsers.cpp.o
[3930/6914] Building CXX object lib/ExecutionEngine/JITLink/CMakeFiles/LLVMJITLink.dir/COFFLinkGraphBuilder.cpp.o
[3931/6914] Building CXX object lib/ExecutionEngine/JITLink/CMakeFiles/LLVMJITLink.dir/riscv.cpp.o
[3932/6914] Building CXX object lib/ExecutionEngine/JITLink/CMakeFiles/LLVMJITLink.dir/x86_64.cpp.o
[3933/6914] Building CXX object lib/Target/AArch64/MCTargetDesc/CMakeFiles/LLVMAArch64Desc.dir/AArch64ELFObjectWriter.cpp.o
[3934/6914] Building CXX object lib/Target/AArch64/MCTargetDesc/CMakeFiles/LLVMAArch64Desc.dir/AArch64AsmBackend.cpp.o
[3935/6914] Building CXX object lib/Target/AArch64/MCTargetDesc/CMakeFiles/LLVMAArch64Desc.dir/AArch64MCAsmInfo.cpp.o
[3936/6914] Building CXX object lib/Target/AArch64/MCTargetDesc/CMakeFiles/LLVMAArch64Desc.dir/AArch64ELFStreamer.cpp.o
[3937/6914] Building CXX object lib/Target/AArch64/MCTargetDesc/CMakeFiles/LLVMAArch64Desc.dir/AArch64MCExpr.cpp.o
[3938/6914] Building CXX object lib/Target/AArch64/MCTargetDesc/CMakeFiles/LLVMAArch64Desc.dir/AArch64MachObjectWriter.cpp.o
[3939/6914] Building CXX object lib/Target/AArch64/MCTargetDesc/CMakeFiles/LLVMAArch64Desc.dir/AArch64InstPrinter.cpp.o
[3940/6914] Linking CXX static library lib/libLLVMAArch64Info.a
[3941/6914] Building CXX object lib/Target/AArch64/MCTargetDesc/CMakeFiles/LLVMAArch64Desc.dir/AArch64WinCOFFObjectWriter.cpp.o
[3942/6914] Linking CXX static library lib/libLLVMAArch64Utils.a
[3943/6914] Building CXX object lib/Target/AArch64/MCTargetDesc/CMakeFiles/LLVMAArch64Desc.dir/AArch64MCCodeEmitter.cpp.o
[3944/6914] Building CXX object lib/Target/AArch64/MCTargetDesc/CMakeFiles/LLVMAArch64Desc.dir/AArch64WinCOFFStreamer.cpp.o
[3945/6914] Building CXX object lib/Target/ARM/MCTargetDesc/CMakeFiles/LLVMARMDesc.dir/ARMELFObjectWriter.cpp.o
[3946/6914] Building CXX object lib/Target/AArch64/MCTargetDesc/CMakeFiles/LLVMAArch64Desc.dir/AArch64MCTargetDesc.cpp.o
[3947/6914] Building CXX object lib/Target/ARM/MCTargetDesc/CMakeFiles/LLVMARMDesc.dir/ARMMachORelocationInfo.cpp.o
[3948/6914] Building CXX object lib/Target/ARM/MCTargetDesc/CMakeFiles/LLVMARMDesc.dir/ARMAsmBackend.cpp.o
[3949/6914] Building CXX object lib/Target/ARM/MCTargetDesc/CMakeFiles/LLVMARMDesc.dir/ARMMCAsmInfo.cpp.o
[3950/6914] Building CXX object lib/Target/AArch64/MCTargetDesc/CMakeFiles/LLVMAArch64Desc.dir/AArch64TargetStreamer.cpp.o
[3951/6914] Building CXX object lib/Target/ARM/MCTargetDesc/CMakeFiles/LLVMARMDesc.dir/ARMMachObjectWriter.cpp.o
[3952/6914] Building CXX object lib/Target/ARM/MCTargetDesc/CMakeFiles/LLVMARMDesc.dir/ARMInstPrinter.cpp.o
[3953/6914] Building CXX object lib/Target/ARM/MCTargetDesc/CMakeFiles/LLVMARMDesc.dir/ARMUnwindOpAsm.cpp.o
[3954/6914] Building CXX object lib/Target/ARM/MCTargetDesc/CMakeFiles/LLVMARMDesc.dir/ARMMCExpr.cpp.o
[3955/6914] Building CXX object lib/Target/ARM/MCTargetDesc/CMakeFiles/LLVMARMDesc.dir/ARMELFStreamer.cpp.o
[3956/6914] Linking CXX static library lib/libLLVMARMInfo.a
[3957/6914] Linking CXX static library lib/libLLVMARMUtils.a
[3958/6914] Building CXX object lib/Target/ARM/MCTargetDesc/CMakeFiles/LLVMARMDesc.dir/ARMTargetStreamer.cpp.o
[3959/6914] Building CXX object lib/Target/ARM/MCTargetDesc/CMakeFiles/LLVMARMDesc.dir/ARMWinCOFFObjectWriter.cpp.o
[3960/6914] Building CXX object lib/Target/AVR/MCTargetDesc/CMakeFiles/LLVMAVRDesc.dir/AVRAsmBackend.cpp.o
[3961/6914] Building CXX object lib/Target/AVR/MCTargetDesc/CMakeFiles/LLVMAVRDesc.dir/AVRELFObjectWriter.cpp.o
[3962/6914] Building CXX object lib/Target/ARM/MCTargetDesc/CMakeFiles/LLVMARMDesc.dir/ARMWinCOFFStreamer.cpp.o
[3963/6914] Building CXX object lib/Target/AVR/MCTargetDesc/CMakeFiles/LLVMAVRDesc.dir/AVRMCAsmInfo.cpp.o
[3964/6914] Building CXX object lib/Target/ARM/MCTargetDesc/CMakeFiles/LLVMARMDesc.dir/ARMMCCodeEmitter.cpp.o
[3965/6914] Building CXX object lib/Target/AVR/MCTargetDesc/CMakeFiles/LLVMAVRDesc.dir/AVRInstPrinter.cpp.o
[3966/6914] Building CXX object lib/Target/ARM/MCTargetDesc/CMakeFiles/LLVMARMDesc.dir/ARMMCTargetDesc.cpp.o
[3967/6914] Building CXX object lib/Target/AVR/MCTargetDesc/CMakeFiles/LLVMAVRDesc.dir/AVRELFStreamer.cpp.o
[3968/6914] Linking CXX static library lib/libLLVMAVRInfo.a
[3969/6914] Building CXX object lib/Target/AVR/MCTargetDesc/CMakeFiles/LLVMAVRDesc.dir/AVRMCCodeEmitter.cpp.o
[3970/6914] Building CXX object lib/Target/AVR/MCTargetDesc/CMakeFiles/LLVMAVRDesc.dir/AVRTargetStreamer.cpp.o
[3971/6914] Building CXX object lib/Target/AVR/MCTargetDesc/CMakeFiles/LLVMAVRDesc.dir/AVRMCELFStreamer.cpp.o
[3972/6914] Building CXX object lib/Target/AVR/MCTargetDesc/CMakeFiles/LLVMAVRDesc.dir/AVRMCExpr.cpp.o
[3973/6914] Building CXX object lib/Target/AVR/MCTargetDesc/CMakeFiles/LLVMAVRDesc.dir/AVRMCTargetDesc.cpp.o
[3974/6914] Linking CXX static library lib/libLLVMBPFInfo.a
[3975/6914] Building CXX object lib/Target/BPF/MCTargetDesc/CMakeFiles/LLVMBPFDesc.dir/BPFMCTargetDesc.cpp.o
[3976/6914] Linking CXX static library lib/libLLVMHexagonDesc.a
[3977/6914] Building CXX object lib/Target/BPF/MCTargetDesc/CMakeFiles/LLVMBPFDesc.dir/BPFInstPrinter.cpp.o
[3978/6914] Linking CXX static library lib/libLLVMLanaiDesc.a
[3979/6914] Building CXX object lib/Target/BPF/MCTargetDesc/CMakeFiles/LLVMBPFDesc.dir/BPFAsmBackend.cpp.o
[3980/6914] Building CXX object lib/Target/BPF/MCTargetDesc/CMakeFiles/LLVMBPFDesc.dir/BPFELFObjectWriter.cpp.o
[3981/6914] Building CXX object lib/Target/BPF/MCTargetDesc/CMakeFiles/LLVMBPFDesc.dir/BPFMCCodeEmitter.cpp.o
[3982/6914] Building CXX object lib/Target/LoongArch/MCTargetDesc/CMakeFiles/LLVMLoongArchDesc.dir/LoongArchBaseInfo.cpp.o
[3983/6914] Building CXX object lib/Target/LoongArch/MCTargetDesc/CMakeFiles/LLVMLoongArchDesc.dir/LoongArchAsmBackend.cpp.o
[3984/6914] Building CXX object lib/Target/LoongArch/MCTargetDesc/CMakeFiles/LLVMLoongArchDesc.dir/LoongArchInstPrinter.cpp.o
[3985/6914] Building CXX object lib/Target/LoongArch/MCTargetDesc/CMakeFiles/LLVMLoongArchDesc.dir/LoongArchELFObjectWriter.cpp.o
[3986/6914] Building CXX object lib/Target/LoongArch/MCTargetDesc/CMakeFiles/LLVMLoongArchDesc.dir/LoongArchELFStreamer.cpp.o
[3987/6914] Building CXX object lib/Target/LoongArch/MCTargetDesc/CMakeFiles/LLVMLoongArchDesc.dir/LoongArchMCAsmInfo.cpp.o
[3988/6914] Building CXX object lib/Target/LoongArch/MCTargetDesc/CMakeFiles/LLVMLoongArchDesc.dir/LoongArchMCCodeEmitter.cpp.o
[3989/6914] Building CXX object lib/Target/LoongArch/MCTargetDesc/CMakeFiles/LLVMLoongArchDesc.dir/LoongArchMatInt.cpp.o
[3990/6914] Building CXX object lib/Target/Lanai/AsmParser/CMakeFiles/LLVMLanaiAsmParser.dir/LanaiAsmParser.cpp.o
[3991/6914] Linking CXX static library lib/libLLVMLoongArchInfo.a
[3992/6914] Building CXX object lib/Target/LoongArch/MCTargetDesc/CMakeFiles/LLVMLoongArchDesc.dir/LoongArchMCExpr.cpp.o
[3993/6914] Building CXX object lib/Target/Hexagon/AsmParser/CMakeFiles/LLVMHexagonAsmParser.dir/HexagonAsmParser.cpp.o
[3994/6914] Building CXX object lib/Target/Mips/MCTargetDesc/CMakeFiles/LLVMMipsDesc.dir/MipsABIFlagsSection.cpp.o
[3995/6914] Building CXX object lib/Target/LoongArch/MCTargetDesc/CMakeFiles/LLVMLoongArchDesc.dir/LoongArchTargetStreamer.cpp.o
[3996/6914] Building CXX object lib/Target/Mips/MCTargetDesc/CMakeFiles/LLVMMipsDesc.dir/MipsAsmBackend.cpp.o
[3997/6914] Building CXX object lib/Target/LoongArch/MCTargetDesc/CMakeFiles/LLVMLoongArchDesc.dir/LoongArchMCTargetDesc.cpp.o
[3998/6914] Building CXX object lib/Target/Mips/MCTargetDesc/CMakeFiles/LLVMMipsDesc.dir/MipsABIInfo.cpp.o
[3999/6914] Building CXX object lib/Target/Mips/MCTargetDesc/CMakeFiles/LLVMMipsDesc.dir/MipsMCAsmInfo.cpp.o
[4000/6914] Building CXX object lib/Target/Mips/MCTargetDesc/CMakeFiles/LLVMMipsDesc.dir/MipsELFObjectWriter.cpp.o
[4001/6914] Building CXX object lib/Target/Mips/MCTargetDesc/CMakeFiles/LLVMMipsDesc.dir/MipsELFStreamer.cpp.o
[4002/6914] Building CXX object lib/Target/Mips/MCTargetDesc/CMakeFiles/LLVMMipsDesc.dir/MipsMCExpr.cpp.o
[4003/6914] Building CXX object lib/Target/Mips/MCTargetDesc/CMakeFiles/LLVMMipsDesc.dir/MipsMCCodeEmitter.cpp.o
[4004/6914] Linking CXX static library lib/libLLVMMipsInfo.a
[4005/6914] Building CXX object lib/Target/Mips/MCTargetDesc/CMakeFiles/LLVMMipsDesc.dir/MipsInstPrinter.cpp.o
[4006/6914] Building CXX object lib/Target/Mips/MCTargetDesc/CMakeFiles/LLVMMipsDesc.dir/MipsMCTargetDesc.cpp.o
[4007/6914] Building CXX object lib/Target/Mips/MCTargetDesc/CMakeFiles/LLVMMipsDesc.dir/MipsNaClELFStreamer.cpp.o
[4008/6914] Building CXX object lib/Target/Mips/MCTargetDesc/CMakeFiles/LLVMMipsDesc.dir/MipsOptionRecord.cpp.o
[4009/6914] Building CXX object lib/Target/MSP430/MCTargetDesc/CMakeFiles/LLVMMSP430Desc.dir/MSP430ELFObjectWriter.cpp.o
[4010/6914] Building CXX object lib/Target/MSP430/MCTargetDesc/CMakeFiles/LLVMMSP430Desc.dir/MSP430MCAsmInfo.cpp.o
[4011/6914] Building CXX object lib/Target/MSP430/MCTargetDesc/CMakeFiles/LLVMMSP430Desc.dir/MSP430AsmBackend.cpp.o
[4012/6914] Linking CXX static library lib/libLLVMMSP430Info.a
[4013/6914] Building CXX object lib/Target/MSP430/MCTargetDesc/CMakeFiles/LLVMMSP430Desc.dir/MSP430ELFStreamer.cpp.o
[4014/6914] Building CXX object lib/Target/Mips/MCTargetDesc/CMakeFiles/LLVMMipsDesc.dir/MipsTargetStreamer.cpp.o
[4015/6914] Building CXX object lib/Target/MSP430/MCTargetDesc/CMakeFiles/LLVMMSP430Desc.dir/MSP430InstPrinter.cpp.o
[4016/6914] Building CXX object lib/Target/MSP430/MCTargetDesc/CMakeFiles/LLVMMSP430Desc.dir/MSP430MCTargetDesc.cpp.o
[4017/6914] Building CXX object lib/Target/PowerPC/MCTargetDesc/CMakeFiles/LLVMPowerPCDesc.dir/PPCMCAsmInfo.cpp.o
[4018/6914] Building CXX object lib/Target/PowerPC/MCTargetDesc/CMakeFiles/LLVMPowerPCDesc.dir/PPCAsmBackend.cpp.o
[4019/6914] Building CXX object lib/Target/PowerPC/MCTargetDesc/CMakeFiles/LLVMPowerPCDesc.dir/PPCPredicates.cpp.o
[4020/6914] Building CXX object lib/Target/MSP430/MCTargetDesc/CMakeFiles/LLVMMSP430Desc.dir/MSP430MCCodeEmitter.cpp.o
[4021/6914] Building CXX object lib/Target/PowerPC/MCTargetDesc/CMakeFiles/LLVMPowerPCDesc.dir/PPCXCOFFObjectWriter.cpp.o
[4022/6914] Building CXX object lib/Target/PowerPC/MCTargetDesc/CMakeFiles/LLVMPowerPCDesc.dir/PPCELFObjectWriter.cpp.o
[4023/6914] Building CXX object lib/Target/PowerPC/MCTargetDesc/CMakeFiles/LLVMPowerPCDesc.dir/PPCMCExpr.cpp.o
[4024/6914] Linking CXX static library lib/libLLVMPowerPCInfo.a
[4025/6914] Building CXX object lib/Target/PowerPC/MCTargetDesc/CMakeFiles/LLVMPowerPCDesc.dir/PPCInstPrinter.cpp.o
[4026/6914] Building CXX object lib/Target/PowerPC/MCTargetDesc/CMakeFiles/LLVMPowerPCDesc.dir/PPCMCTargetDesc.cpp.o
[4027/6914] Building CXX object lib/Target/PowerPC/MCTargetDesc/CMakeFiles/LLVMPowerPCDesc.dir/PPCXCOFFStreamer.cpp.o
[4028/6914] Building CXX object lib/Target/PowerPC/MCTargetDesc/CMakeFiles/LLVMPowerPCDesc.dir/PPCMCCodeEmitter.cpp.o
[4029/6914] Building CXX object lib/Target/RISCV/MCTargetDesc/CMakeFiles/LLVMRISCVDesc.dir/RISCVAsmBackend.cpp.o
[4030/6914] Building CXX object lib/Target/RISCV/MCTargetDesc/CMakeFiles/LLVMRISCVDesc.dir/RISCVBaseInfo.cpp.o
[4031/6914] Building CXX object lib/Target/RISCV/MCTargetDesc/CMakeFiles/LLVMRISCVDesc.dir/RISCVELFObjectWriter.cpp.o
[4032/6914] Building CXX object lib/Target/PowerPC/MCTargetDesc/CMakeFiles/LLVMPowerPCDesc.dir/PPCELFStreamer.cpp.o
[4033/6914] Building CXX object lib/Target/RISCV/MCTargetDesc/CMakeFiles/LLVMRISCVDesc.dir/RISCVMCAsmInfo.cpp.o
[4034/6914] Building CXX object lib/Target/RISCV/MCTargetDesc/CMakeFiles/LLVMRISCVDesc.dir/RISCVInstPrinter.cpp.o
[4035/6914] Building CXX object lib/Target/RISCV/MCTargetDesc/CMakeFiles/LLVMRISCVDesc.dir/RISCVMatInt.cpp.o
[4036/6914] Building CXX object lib/Target/RISCV/MCTargetDesc/CMakeFiles/LLVMRISCVDesc.dir/RISCVMCCodeEmitter.cpp.o
[4037/6914] Linking CXX static library lib/libLLVMRISCVInfo.a
[4038/6914] Building CXX object lib/Target/RISCV/MCTargetDesc/CMakeFiles/LLVMRISCVDesc.dir/RISCVMCObjectFileInfo.cpp.o
[4039/6914] Building CXX object lib/Target/RISCV/MCTargetDesc/CMakeFiles/LLVMRISCVDesc.dir/RISCVMCExpr.cpp.o
[4040/6914] Building CXX object lib/Target/Sparc/MCTargetDesc/CMakeFiles/LLVMSparcDesc.dir/SparcELFObjectWriter.cpp.o
[4041/6914] Building CXX object lib/Target/Sparc/MCTargetDesc/CMakeFiles/LLVMSparcDesc.dir/SparcAsmBackend.cpp.o
[4042/6914] Building CXX object lib/Target/RISCV/MCTargetDesc/CMakeFiles/LLVMRISCVDesc.dir/RISCVTargetStreamer.cpp.o
[4043/6914] Building CXX object lib/Target/Sparc/MCTargetDesc/CMakeFiles/LLVMSparcDesc.dir/SparcMCAsmInfo.cpp.o
[4044/6914] Building CXX object lib/Target/Sparc/MCTargetDesc/CMakeFiles/LLVMSparcDesc.dir/SparcInstPrinter.cpp.o
[4045/6914] Building CXX object lib/Target/Sparc/MCTargetDesc/CMakeFiles/LLVMSparcDesc.dir/SparcMCCodeEmitter.cpp.o
[4046/6914] Linking CXX static library lib/libLLVMSparcInfo.a
[4047/6914] Building CXX object lib/Target/RISCV/MCTargetDesc/CMakeFiles/LLVMRISCVDesc.dir/RISCVELFStreamer.cpp.o
[4048/6914] Building CXX object lib/Target/Sparc/MCTargetDesc/CMakeFiles/LLVMSparcDesc.dir/SparcMCTargetDesc.cpp.o
[4049/6914] Building CXX object lib/Target/RISCV/MCTargetDesc/CMakeFiles/LLVMRISCVDesc.dir/RISCVMCTargetDesc.cpp.o
[4050/6914] Building CXX object lib/Target/SystemZ/MCTargetDesc/CMakeFiles/LLVMSystemZDesc.dir/SystemZInstPrinter.cpp.o
[4051/6914] Building CXX object lib/Target/Sparc/MCTargetDesc/CMakeFiles/LLVMSparcDesc.dir/SparcTargetStreamer.cpp.o
[4052/6914] Building CXX object lib/Target/Sparc/MCTargetDesc/CMakeFiles/LLVMSparcDesc.dir/SparcMCExpr.cpp.o
[4053/6914] Linking CXX static library lib/libLLVMSystemZInfo.a
[4054/6914] Linking CXX static library lib/libLLVMVEInfo.a
[4055/6914] Building CXX object lib/Target/SystemZ/MCTargetDesc/CMakeFiles/LLVMSystemZDesc.dir/SystemZMCAsmInfo.cpp.o
[4056/6914] Building CXX object lib/Target/SystemZ/MCTargetDesc/CMakeFiles/LLVMSystemZDesc.dir/SystemZMCAsmBackend.cpp.o
[4057/6914] Building CXX object lib/Target/SystemZ/MCTargetDesc/CMakeFiles/LLVMSystemZDesc.dir/SystemZMCObjectWriter.cpp.o
[4058/6914] Building CXX object lib/Target/VE/MCTargetDesc/CMakeFiles/LLVMVEDesc.dir/VEAsmBackend.cpp.o
[4059/6914] Building CXX object lib/Target/VE/MCTargetDesc/CMakeFiles/LLVMVEDesc.dir/VEELFObjectWriter.cpp.o
[4060/6914] Building CXX object lib/Target/VE/MCTargetDesc/CMakeFiles/LLVMVEDesc.dir/VEMCAsmInfo.cpp.o
[4061/6914] Building CXX object lib/Target/SystemZ/MCTargetDesc/CMakeFiles/LLVMSystemZDesc.dir/SystemZMCTargetDesc.cpp.o
[4062/6914] Building CXX object lib/Target/VE/MCTargetDesc/CMakeFiles/LLVMVEDesc.dir/VEInstPrinter.cpp.o
[4063/6914] Building CXX object lib/Target/SystemZ/MCTargetDesc/CMakeFiles/LLVMSystemZDesc.dir/SystemZMCCodeEmitter.cpp.o
[4064/6914] Building CXX object lib/Target/VE/MCTargetDesc/CMakeFiles/LLVMVEDesc.dir/VEMCExpr.cpp.o
[4065/6914] Building CXX object lib/Target/VE/MCTargetDesc/CMakeFiles/LLVMVEDesc.dir/VETargetStreamer.cpp.o
[4066/6914] Building CXX object lib/Target/VE/MCTargetDesc/CMakeFiles/LLVMVEDesc.dir/VEMCCodeEmitter.cpp.o
[4067/6914] Building CXX object lib/Target/WebAssembly/MCTargetDesc/CMakeFiles/LLVMWebAssemblyDesc.dir/WebAssemblyMCAsmInfo.cpp.o
[4068/6914] Building CXX object lib/Target/VE/MCTargetDesc/CMakeFiles/LLVMVEDesc.dir/VEMCTargetDesc.cpp.o
[4069/6914] Building CXX object lib/Target/WebAssembly/MCTargetDesc/CMakeFiles/LLVMWebAssemblyDesc.dir/WebAssemblyAsmBackend.cpp.o
[4070/6914] Linking CXX static library lib/libLLVMWebAssemblyInfo.a
[4071/6914] Linking CXX static library lib/libLLVMWebAssemblyUtils.a
[4072/6914] Building CXX object lib/Target/WebAssembly/MCTargetDesc/CMakeFiles/LLVMWebAssemblyDesc.dir/WebAssemblyMCCodeEmitter.cpp.o
[4073/6914] Building CXX object lib/Target/WebAssembly/MCTargetDesc/CMakeFiles/LLVMWebAssemblyDesc.dir/WebAssemblyInstPrinter.cpp.o
[4074/6914] Building CXX object lib/Target/WebAssembly/MCTargetDesc/CMakeFiles/LLVMWebAssemblyDesc.dir/WebAssemblyWasmObjectWriter.cpp.o
[4075/6914] Building CXX object lib/Target/X86/MCTargetDesc/CMakeFiles/LLVMX86Desc.dir/X86ATTInstPrinter.cpp.o
[4076/6914] Building CXX object lib/Target/WebAssembly/MCTargetDesc/CMakeFiles/LLVMWebAssemblyDesc.dir/WebAssemblyTargetStreamer.cpp.o
[4077/6914] Building CXX object lib/Target/X86/MCTargetDesc/CMakeFiles/LLVMX86Desc.dir/X86IntelInstPrinter.cpp.o
[4078/6914] Building CXX object lib/Target/WebAssembly/MCTargetDesc/CMakeFiles/LLVMWebAssemblyDesc.dir/WebAssemblyMCTargetDesc.cpp.o
[4079/6914] Building CXX object lib/Target/X86/MCTargetDesc/CMakeFiles/LLVMX86Desc.dir/X86InstPrinterCommon.cpp.o
[4080/6914] Building CXX object lib/Target/X86/MCTargetDesc/CMakeFiles/LLVMX86Desc.dir/X86InstComments.cpp.o
[4081/6914] Building CXX object lib/Target/X86/MCTargetDesc/CMakeFiles/LLVMX86Desc.dir/X86ShuffleDecode.cpp.o
[4082/6914] Building CXX object lib/Target/X86/MCTargetDesc/CMakeFiles/LLVMX86Desc.dir/X86MCAsmInfo.cpp.o
[4083/6914] Building CXX object lib/Target/X86/MCTargetDesc/CMakeFiles/LLVMX86Desc.dir/X86InstrRelaxTables.cpp.o
[4084/6914] Building CXX object lib/Target/X86/MCTargetDesc/CMakeFiles/LLVMX86Desc.dir/X86MCCodeEmitter.cpp.o
[4085/6914] Building CXX object lib/Target/X86/MCTargetDesc/CMakeFiles/LLVMX86Desc.dir/X86MachObjectWriter.cpp.o
[4086/6914] Building CXX object lib/Target/X86/MCTargetDesc/CMakeFiles/LLVMX86Desc.dir/X86AsmBackend.cpp.o
[4087/6914] Building CXX object lib/Target/X86/MCTargetDesc/CMakeFiles/LLVMX86Desc.dir/X86ELFObjectWriter.cpp.o
[4088/6914] Linking CXX static library lib/libLLVMX86Info.a
[4089/6914] Building CXX object lib/Target/X86/MCTargetDesc/CMakeFiles/LLVMX86Desc.dir/X86WinCOFFObjectWriter.cpp.o
[4090/6914] Building CXX object lib/Target/XCore/MCTargetDesc/CMakeFiles/LLVMXCoreDesc.dir/XCoreInstPrinter.cpp.o
[4091/6914] Building CXX object lib/Target/X86/MCTargetDesc/CMakeFiles/LLVMX86Desc.dir/X86WinCOFFStreamer.cpp.o
[4092/6914] Linking CXX static library lib/libLLVMXCoreInfo.a
[4093/6914] Linking CXX static library lib/libclangCrossTU.a
[4094/6914] Building CXX object lib/Target/X86/MCTargetDesc/CMakeFiles/LLVMX86Desc.dir/X86MCTargetDesc.cpp.o
[4095/6914] Building CXX object tools/clang/lib/StaticAnalyzer/Core/CMakeFiles/obj.clangStaticAnalyzerCore.dir/APSIntType.cpp.o
[4096/6914] Building CXX object lib/Target/XCore/MCTargetDesc/CMakeFiles/LLVMXCoreDesc.dir/XCoreMCAsmInfo.cpp.o
[4097/6914] Building CXX object lib/Target/X86/MCTargetDesc/CMakeFiles/LLVMX86Desc.dir/X86WinCOFFTargetStreamer.cpp.o
[4098/6914] Building CXX object lib/Target/XCore/MCTargetDesc/CMakeFiles/LLVMXCoreDesc.dir/XCoreMCTargetDesc.cpp.o
[4099/6914] Building CXX object lib/Target/X86/MCTargetDesc/CMakeFiles/LLVMX86Desc.dir/X86MnemonicTables.cpp.o
[4100/6914] Building CXX object tools/clang/lib/StaticAnalyzer/Core/CMakeFiles/obj.clangStaticAnalyzerCore.dir/BlockCounter.cpp.o
[4101/6914] ASTNodeAPI.json
[4102/6914] Building CXX object tools/clang/lib/StaticAnalyzer/Core/CMakeFiles/obj.clangStaticAnalyzerCore.dir/AnalyzerOptions.cpp.o
[4103/6914] Building CXX object tools/clang/lib/StaticAnalyzer/Core/CMakeFiles/obj.clangStaticAnalyzerCore.dir/BasicValueFactory.cpp.o
[4104/6914] Building CXX object tools/clang/lib/StaticAnalyzer/Core/CMakeFiles/obj.clangStaticAnalyzerCore.dir/AnalysisManager.cpp.o
[4105/6914] Building CXX object tools/clang/lib/StaticAnalyzer/Core/CMakeFiles/obj.clangStaticAnalyzerCore.dir/Checker.cpp.o
[4106/6914] Building CXX object tools/clang/lib/StaticAnalyzer/Core/CMakeFiles/obj.clangStaticAnalyzerCore.dir/CallDescription.cpp.o
[4107/6914] Building CXX object tools/clang/lib/StaticAnalyzer/Core/CMakeFiles/obj.clangStaticAnalyzerCore.dir/CheckerContext.cpp.o
[4108/6914] Building CXX object tools/clang/lib/StaticAnalyzer/Core/CMakeFiles/obj.clangStaticAnalyzerCore.dir/CheckerHelpers.cpp.o
[4109/6914] Building CXX object tools/clang/lib/StaticAnalyzer/Core/CMakeFiles/obj.clangStaticAnalyzerCore.dir/CommonBugCategories.cpp.o
[4110/6914] Building CXX object tools/clang/lib/StaticAnalyzer/Core/CMakeFiles/obj.clangStaticAnalyzerCore.dir/CallEvent.cpp.o
[4111/6914] Building CXX object tools/clang/lib/StaticAnalyzer/Core/CMakeFiles/obj.clangStaticAnalyzerCore.dir/BugReporter.cpp.o
[4112/6914] Building CXX object tools/clang/lib/StaticAnalyzer/Core/CMakeFiles/obj.clangStaticAnalyzerCore.dir/CheckerRegistryData.cpp.o
[4113/6914] Building CXX object tools/clang/lib/StaticAnalyzer/Core/CMakeFiles/obj.clangStaticAnalyzerCore.dir/ConstraintManager.cpp.o
[4114/6914] Building CXX object tools/clang/lib/StaticAnalyzer/Core/CMakeFiles/obj.clangStaticAnalyzerCore.dir/DynamicExtent.cpp.o
[4115/6914] Building CXX object tools/clang/lib/StaticAnalyzer/Core/CMakeFiles/obj.clangStaticAnalyzerCore.dir/CheckerManager.cpp.o
[4116/6914] Building CXX object tools/clang/lib/StaticAnalyzer/Core/CMakeFiles/obj.clangStaticAnalyzerCore.dir/CoreEngine.cpp.o
[4117/6914] Building CXX object tools/clang/lib/StaticAnalyzer/Core/CMakeFiles/obj.clangStaticAnalyzerCore.dir/BugReporterVisitors.cpp.o
[4118/6914] Building CXX object tools/clang/lib/StaticAnalyzer/Core/CMakeFiles/obj.clangStaticAnalyzerCore.dir/Environment.cpp.o
[4119/6914] Building CXX object tools/clang/lib/StaticAnalyzer/Core/CMakeFiles/obj.clangStaticAnalyzerCore.dir/DynamicType.cpp.o
[4120/6914] Building CXX object tools/clang/lib/StaticAnalyzer/Core/CMakeFiles/obj.clangStaticAnalyzerCore.dir/ExplodedGraph.cpp.o
[4121/6914] Building CXX object tools/clang/lib/StaticAnalyzer/Core/CMakeFiles/obj.clangStaticAnalyzerCore.dir/FunctionSummary.cpp.o
[4122/6914] Building CXX object tools/clang/lib/StaticAnalyzer/Core/CMakeFiles/obj.clangStaticAnalyzerCore.dir/ExprEngineCXX.cpp.o
[4123/6914] Building CXX object tools/clang/lib/StaticAnalyzer/Core/CMakeFiles/obj.clangStaticAnalyzerCore.dir/ExprEngineC.cpp.o
[4124/6914] Building CXX object tools/clang/lib/StaticAnalyzer/Core/CMakeFiles/obj.clangStaticAnalyzerCore.dir/ExprEngineObjC.cpp.o
[4125/6914] Building CXX object tools/clang/lib/StaticAnalyzer/Core/CMakeFiles/obj.clangStaticAnalyzerCore.dir/ExprEngineCallAndReturn.cpp.o
[4126/6914] Building CXX object tools/clang/lib/StaticAnalyzer/Core/CMakeFiles/obj.clangStaticAnalyzerCore.dir/ExprEngine.cpp.o
[4127/6914] Building CXX object tools/clang/lib/StaticAnalyzer/Core/CMakeFiles/obj.clangStaticAnalyzerCore.dir/HTMLDiagnostics.cpp.o
[4128/6914] Building CXX object tools/clang/lib/StaticAnalyzer/Core/CMakeFiles/obj.clangStaticAnalyzerCore.dir/MemRegion.cpp.o
[4129/6914] Building CXX object tools/clang/lib/StaticAnalyzer/Core/CMakeFiles/obj.clangStaticAnalyzerCore.dir/PlistDiagnostics.cpp.o
[4130/6914] Building CXX object tools/clang/lib/StaticAnalyzer/Core/CMakeFiles/obj.clangStaticAnalyzerCore.dir/LoopWidening.cpp.o
[4131/6914] Building CXX object tools/clang/lib/StaticAnalyzer/Core/CMakeFiles/obj.clangStaticAnalyzerCore.dir/ProgramState.cpp.o
[4132/6914] Building CXX object tools/clang/lib/StaticAnalyzer/Core/CMakeFiles/obj.clangStaticAnalyzerCore.dir/RangedConstraintManager.cpp.o
[4133/6914] Building CXX object tools/clang/lib/StaticAnalyzer/Core/CMakeFiles/obj.clangStaticAnalyzerCore.dir/LoopUnrolling.cpp.o
[4134/6914] Building CXX object tools/clang/lib/StaticAnalyzer/Core/CMakeFiles/obj.clangStaticAnalyzerCore.dir/RangeConstraintManager.cpp.o
[4135/6914] Building CXX object tools/clang/lib/StaticAnalyzer/Core/CMakeFiles/obj.clangStaticAnalyzerCore.dir/SarifDiagnostics.cpp.o
[4136/6914] Building CXX object tools/clang/lib/StaticAnalyzer/Core/CMakeFiles/obj.clangStaticAnalyzerCore.dir/SimpleConstraintManager.cpp.o
[4137/6914] Building CXX object tools/clang/lib/StaticAnalyzer/Core/CMakeFiles/obj.clangStaticAnalyzerCore.dir/SimpleSValBuilder.cpp.o
[4138/6914] Building CXX object tools/clang/lib/StaticAnalyzer/Core/CMakeFiles/obj.clangStaticAnalyzerCore.dir/SMTConstraintManager.cpp.o
[4139/6914] Building CXX object tools/clang/lib/StaticAnalyzer/Core/CMakeFiles/obj.clangStaticAnalyzerCore.dir/Store.cpp.o
[4140/6914] Building CXX object tools/clang/lib/StaticAnalyzer/Core/CMakeFiles/obj.clangStaticAnalyzerCore.dir/SVals.cpp.o
[4141/6914] Building CXX object tools/clang/lib/StaticAnalyzer/Core/CMakeFiles/obj.clangStaticAnalyzerCore.dir/SymbolManager.cpp.o
[4142/6914] Building ArmNeonConversions.inc...
[4143/6914] Building Passes.h.inc...
[4144/6914] Building CXX object tools/clang/lib/StaticAnalyzer/Core/CMakeFiles/obj.clangStaticAnalyzerCore.dir/SValBuilder.cpp.o
[4145/6914] Building CXX object tools/clang/lib/StaticAnalyzer/Core/CMakeFiles/obj.clangStaticAnalyzerCore.dir/RegionStore.cpp.o
[4146/6914] Linking CXX static library lib/libMLIRFuncToSPIRV.a
[4147/6914] Building CXX object tools/mlir/tools/mlir-pdll/CMakeFiles/mlir-pdll.dir/mlir-pdll.cpp.o
[4148/6914] Building CXX object tools/clang/lib/StaticAnalyzer/Core/CMakeFiles/obj.clangStaticAnalyzerCore.dir/WorkList.cpp.o
[4149/6914] Building CXX object tools/clang/lib/StaticAnalyzer/Core/CMakeFiles/obj.clangStaticAnalyzerCore.dir/TextDiagnostics.cpp.o
[4150/6914] Building CXX object tools/mlir/lib/Conversion/MemRefToSPIRV/CMakeFiles/obj.MLIRMemRefToSPIRV.dir/MapMemRefStorageClassPass.cpp.o
[4151/6914] Building CXX object tools/mlir/lib/Target/SPIRV/CMakeFiles/obj.MLIRSPIRVBinaryUtils.dir/SPIRVBinaryUtils.cpp.o
[4152/6914] Building CXX object tools/mlir/lib/Conversion/MemRefToSPIRV/CMakeFiles/obj.MLIRMemRefToSPIRV.dir/MemRefToSPIRVPass.cpp.o
[4153/6914] Building CXX object tools/mlir/lib/Conversion/MemRefToSPIRV/CMakeFiles/obj.MLIRMemRefToSPIRV.dir/MemRefToSPIRV.cpp.o
[4154/6914] Building CXX object tools/mlir/lib/Conversion/OpenACCToLLVM/CMakeFiles/obj.MLIROpenACCToLLVM.dir/OpenACCToLLVM.cpp.o
[4155/6914] Linking CXX static library lib/libMLIRPDLLCodeGen.a
[4156/6914] Linking CXX static library lib/libMLIRPDLLParser.a
[4157/6914] Building CXX object tools/mlir/lib/Target/LLVMIR/CMakeFiles/obj.MLIRTargetLLVMIRImport.dir/TypeFromLLVM.cpp.o
[4158/6914] Building TestOpEnums.cpp.inc...
[4159/6914] Building TestOpEnums.h.inc...
[4160/6914] Building CGOps.cpp.inc...
[4161/6914] Building CXX object tools/mlir/lib/ExecutionEngine/CMakeFiles/mlir_float16_utils.dir/Float16bits.cpp.o
[4162/6914] Building CGOps.h.inc...
[4163/6914] Building CXX object tools/mlir/lib/Conversion/AsyncToLLVM/CMakeFiles/obj.MLIRAsyncToLLVM.dir/AsyncToLLVM.cpp.o
[4164/6914] Building Passes.h.inc...
[4165/6914] Building CXX object tools/mlir/lib/Target/LLVMIR/CMakeFiles/obj.MLIRTargetLLVMIRImport.dir/DebugImporter.cpp.o
[4166/6914] Building CXX object tools/flang/lib/Evaluate/CMakeFiles/obj.FortranEvaluate.dir/common.cpp.o
[4167/6914] Building CXX object tools/mlir/lib/Conversion/ArithToSPIRV/CMakeFiles/obj.MLIRArithToSPIRV.dir/ArithToSPIRV.cpp.o
[4168/6914] Building CXX object tools/flang/lib/Evaluate/CMakeFiles/obj.FortranEvaluate.dir/complex.cpp.o
[4169/6914] Building CXX object tools/mlir/lib/Target/LLVMIR/CMakeFiles/obj.MLIRTargetLLVMIRImport.dir/ModuleImport.cpp.o
[4170/6914] Building CXX object tools/flang/lib/Evaluate/CMakeFiles/obj.FortranEvaluate.dir/constant.cpp.o
[4171/6914] Building CXX object tools/flang/lib/Evaluate/CMakeFiles/obj.FortranEvaluate.dir/call.cpp.o
[4172/6914] Building CXX object tools/flang/lib/Evaluate/CMakeFiles/obj.FortranEvaluate.dir/characteristics.cpp.o
[4173/6914] Building CXX object tools/flang/lib/Evaluate/CMakeFiles/obj.FortranEvaluate.dir/expression.cpp.o
[4174/6914] Building CXX object tools/flang/lib/Evaluate/CMakeFiles/obj.FortranEvaluate.dir/fold.cpp.o
[4175/6914] Building CXX object tools/flang/lib/Evaluate/CMakeFiles/obj.FortranEvaluate.dir/check-expression.cpp.o
[4176/6914] Building CXX object tools/flang/lib/Evaluate/CMakeFiles/obj.FortranEvaluate.dir/fold-character.cpp.o
[4177/6914] Building CXX object tools/flang/lib/Evaluate/CMakeFiles/obj.FortranEvaluate.dir/fold-designator.cpp.o
[4178/6914] Building CXX object tools/flang/lib/Evaluate/CMakeFiles/obj.FortranEvaluate.dir/formatting.cpp.o
[4179/6914] Building CXX object tools/flang/lib/Evaluate/CMakeFiles/obj.FortranEvaluate.dir/fold-complex.cpp.o
[4180/6914] Building CXX object tools/flang/lib/Evaluate/CMakeFiles/obj.FortranEvaluate.dir/host.cpp.o
[4181/6914] Building CXX object tools/flang/lib/Evaluate/CMakeFiles/obj.FortranEvaluate.dir/fold-reduction.cpp.o
[4182/6914] Building CXX object tools/flang/lib/Evaluate/CMakeFiles/obj.FortranEvaluate.dir/integer.cpp.o
[4183/6914] Building CXX object tools/flang/lib/Evaluate/CMakeFiles/obj.FortranEvaluate.dir/fold-logical.cpp.o
[4184/6914] Building CXX object tools/flang/lib/Evaluate/CMakeFiles/obj.FortranEvaluate.dir/logical.cpp.o
[4185/6914] Building CXX object tools/flang/lib/Evaluate/CMakeFiles/obj.FortranEvaluate.dir/real.cpp.o
[4186/6914] Building CXX object tools/flang/lib/Evaluate/CMakeFiles/obj.FortranEvaluate.dir/initial-image.cpp.o
[4187/6914] Building CXX object tools/flang/lib/Evaluate/CMakeFiles/obj.FortranEvaluate.dir/fold-integer.cpp.o
[4188/6914] Building CXX object tools/flang/lib/Evaluate/CMakeFiles/obj.FortranEvaluate.dir/target.cpp.o
[4189/6914] Building CXX object tools/flang/lib/Evaluate/CMakeFiles/obj.FortranEvaluate.dir/static-data.cpp.o
[4190/6914] Building CXX object tools/flang/lib/Evaluate/CMakeFiles/obj.FortranEvaluate.dir/intrinsics-library.cpp.o
[4191/6914] Building CXX object tools/flang/lib/Evaluate/CMakeFiles/obj.FortranEvaluate.dir/intrinsics.cpp.o
[4192/6914] Linking CXX static library lib/libFortranDecimal.a
[4193/6914] Linking CXX static library lib/libFortranParser.a
[4194/6914] Building CXX object tools/flang/lib/Optimizer/Builder/CMakeFiles/obj.FIRBuilder.dir/BoxValue.cpp.o
[4195/6914] Building CXX object tools/flang/lib/Optimizer/Builder/CMakeFiles/obj.FIRBuilder.dir/Character.cpp.o
[4196/6914] Building CXX object tools/flang/lib/Optimizer/Builder/CMakeFiles/obj.FIRBuilder.dir/Complex.cpp.o
[4197/6914] Building CXX object tools/flang/lib/Evaluate/CMakeFiles/obj.FortranEvaluate.dir/fold-real.cpp.o
[4198/6914] Building CXX object tools/flang/lib/Optimizer/Builder/CMakeFiles/obj.FIRBuilder.dir/DoLoopHelper.cpp.o
[4199/6914] Building CXX object tools/flang/lib/Optimizer/Builder/CMakeFiles/obj.FIRBuilder.dir/HLFIRTools.cpp.o
[4200/6914] Building CXX object tools/flang/lib/Evaluate/CMakeFiles/obj.FortranEvaluate.dir/shape.cpp.o
[4201/6914] Building CXX object tools/flang/lib/Evaluate/CMakeFiles/obj.FortranEvaluate.dir/type.cpp.o
[4202/6914] Building CXX object tools/flang/lib/Optimizer/Builder/CMakeFiles/obj.FIRBuilder.dir/FIRBuilder.cpp.o
[4203/6914] Building CXX object tools/flang/lib/Optimizer/Builder/CMakeFiles/obj.FIRBuilder.dir/LowLevelIntrinsics.cpp.o
[4204/6914] Building CXX object tools/flang/lib/Optimizer/Builder/CMakeFiles/obj.FIRBuilder.dir/Runtime/Allocatable.cpp.o
[4205/6914] Building CXX object tools/flang/lib/Optimizer/Builder/CMakeFiles/obj.FIRBuilder.dir/Runtime/Assign.cpp.o
[4206/6914] Building CXX object tools/flang/lib/Optimizer/Builder/CMakeFiles/obj.FIRBuilder.dir/Runtime/Character.cpp.o
[4207/6914] Building CXX object tools/flang/lib/Optimizer/Builder/CMakeFiles/obj.FIRBuilder.dir/MutableBox.cpp.o
[4208/6914] Building CXX object tools/flang/lib/Optimizer/Builder/CMakeFiles/obj.FIRBuilder.dir/Runtime/Command.cpp.o
[4209/6914] Building CXX object tools/flang/lib/Optimizer/Builder/CMakeFiles/obj.FIRBuilder.dir/Runtime/Derived.cpp.o
[4210/6914] Building CXX object tools/flang/lib/Optimizer/Builder/CMakeFiles/obj.FIRBuilder.dir/Runtime/EnvironmentDefaults.cpp.o
[4211/6914] Building CXX object tools/flang/lib/Evaluate/CMakeFiles/obj.FortranEvaluate.dir/variable.cpp.o
[4212/6914] Building CXX object tools/flang/lib/Optimizer/Builder/CMakeFiles/obj.FIRBuilder.dir/Runtime/Inquiry.cpp.o
[4213/6914] Building CXX object tools/flang/lib/Optimizer/Builder/CMakeFiles/obj.FIRBuilder.dir/Runtime/Ragged.cpp.o
[4214/6914] Linking CXX static library lib/libHLFIRDialect.a
[4215/6914] Linking CXX static library lib/libLLVMExtensions.a
[4216/6914] Linking CXX static library lib/libLLVMCFGuard.a
[4217/6914] Building CXX object tools/flang/lib/Optimizer/Builder/CMakeFiles/obj.FIRBuilder.dir/Runtime/Numeric.cpp.o
[4218/6914] Building CXX object tools/flang/lib/Optimizer/Builder/CMakeFiles/obj.FIRBuilder.dir/Runtime/Stop.cpp.o
[4219/6914] Building CXX object tools/flang/lib/Optimizer/Builder/CMakeFiles/obj.FIRBuilder.dir/Runtime/Transformational.cpp.o
[4220/6914] Building CXX object tools/flang/lib/Optimizer/Builder/CMakeFiles/obj.FIRBuilder.dir/Runtime/Reduction.cpp.o
[4221/6914] Building CXX object lib/LTO/CMakeFiles/LLVMLTO.dir/SummaryBasedOptimizations.cpp.o
[4222/6914] Building CXX object lib/LTO/CMakeFiles/LLVMLTO.dir/LTOModule.cpp.o
[4223/6914] Building CXX object lib/LTO/CMakeFiles/LLVMLTO.dir/LTOBackend.cpp.o
[4224/6914] Linking CXX static library lib/libLLVMExecutionEngine.a
[4225/6914] Linking CXX static library lib/libLLVMJITLink.a
[4226/6914] Building CXX object lib/LTO/CMakeFiles/LLVMLTO.dir/UpdateCompilerUsed.cpp.o
[4227/6914] Building CXX object lib/LTO/CMakeFiles/LLVMLTO.dir/LTO.cpp.o
[4228/6914] Building CXX object lib/LTO/CMakeFiles/LLVMLTO.dir/LTOCodeGenerator.cpp.o
[4229/6914] Building CXX object lib/ExecutionEngine/Orc/CMakeFiles/LLVMOrcJIT.dir/COFFVCRuntimeSupport.cpp.o
[4230/6914] Building CXX object lib/ExecutionEngine/Orc/CMakeFiles/LLVMOrcJIT.dir/CompileUtils.cpp.o
[4231/6914] Building CXX object lib/ExecutionEngine/Orc/CMakeFiles/LLVMOrcJIT.dir/CompileOnDemandLayer.cpp.o
[4232/6914] Building CXX object lib/LTO/CMakeFiles/LLVMLTO.dir/ThinLTOCodeGenerator.cpp.o
[4233/6914] Building CXX object lib/ExecutionEngine/Orc/CMakeFiles/LLVMOrcJIT.dir/COFFPlatform.cpp.o
[4234/6914] Building CXX object lib/ExecutionEngine/Orc/CMakeFiles/LLVMOrcJIT.dir/DebuggerSupportPlugin.cpp.o
[4235/6914] Building CXX object lib/ExecutionEngine/Orc/CMakeFiles/LLVMOrcJIT.dir/DebugUtils.cpp.o
[4236/6914] Building CXX object lib/ExecutionEngine/Orc/CMakeFiles/LLVMOrcJIT.dir/EPCDynamicLibrarySearchGenerator.cpp.o
[4237/6914] Building CXX object lib/ExecutionEngine/Orc/CMakeFiles/LLVMOrcJIT.dir/DebugObjectManagerPlugin.cpp.o
[4238/6914] Building CXX object lib/ExecutionEngine/Orc/CMakeFiles/LLVMOrcJIT.dir/EPCDebugObjectRegistrar.cpp.o
[4239/6914] Building CXX object lib/ExecutionEngine/Orc/CMakeFiles/LLVMOrcJIT.dir/Core.cpp.o
[4240/6914] Building CXX object lib/ExecutionEngine/Orc/CMakeFiles/LLVMOrcJIT.dir/EPCEHFrameRegistrar.cpp.o
[4241/6914] Building CXX object lib/ExecutionEngine/Orc/CMakeFiles/LLVMOrcJIT.dir/EPCGenericDylibManager.cpp.o
[4242/6914] Building CXX object lib/ExecutionEngine/Orc/CMakeFiles/LLVMOrcJIT.dir/EPCGenericJITLinkMemoryManager.cpp.o
[4243/6914] Building CXX object lib/ExecutionEngine/Orc/CMakeFiles/LLVMOrcJIT.dir/EPCGenericRTDyldMemoryManager.cpp.o
[4244/6914] Building CXX object lib/ExecutionEngine/Orc/CMakeFiles/LLVMOrcJIT.dir/EPCIndirectionUtils.cpp.o
[4245/6914] Building CXX object lib/ExecutionEngine/Orc/CMakeFiles/LLVMOrcJIT.dir/ObjectFileInterface.cpp.o
[4246/6914] Building CXX object lib/ExecutionEngine/Orc/CMakeFiles/LLVMOrcJIT.dir/IRCompileLayer.cpp.o
[4247/6914] Building CXX object lib/ExecutionEngine/Orc/CMakeFiles/LLVMOrcJIT.dir/IRTransformLayer.cpp.o
[4248/6914] Building CXX object lib/ExecutionEngine/Orc/CMakeFiles/LLVMOrcJIT.dir/ExecutionUtils.cpp.o
[4249/6914] Building CXX object lib/ExecutionEngine/Orc/CMakeFiles/LLVMOrcJIT.dir/JITTargetMachineBuilder.cpp.o
[4250/6914] Building CXX object lib/ExecutionEngine/Orc/CMakeFiles/LLVMOrcJIT.dir/LookupAndRecordAddrs.cpp.o
[4251/6914] Building CXX object lib/ExecutionEngine/Orc/CMakeFiles/LLVMOrcJIT.dir/LazyReexports.cpp.o
[4252/6914] Building CXX object lib/ExecutionEngine/Orc/CMakeFiles/LLVMOrcJIT.dir/Layer.cpp.o
[4253/6914] Building CXX object lib/ExecutionEngine/Orc/CMakeFiles/LLVMOrcJIT.dir/IndirectionUtils.cpp.o
[4254/6914] Building CXX object tools/flang/lib/Evaluate/CMakeFiles/obj.FortranEvaluate.dir/tools.cpp.o
[4255/6914] Building CXX object lib/ExecutionEngine/Orc/CMakeFiles/LLVMOrcJIT.dir/LLJIT.cpp.o
[4256/6914] Building CXX object lib/ExecutionEngine/Orc/CMakeFiles/LLVMOrcJIT.dir/MapperJITLinkMemoryManager.cpp.o
[4257/6914] Building CXX object lib/ExecutionEngine/Orc/CMakeFiles/LLVMOrcJIT.dir/MemoryMapper.cpp.o
[4258/6914] Building CXX object lib/ExecutionEngine/Orc/CMakeFiles/LLVMOrcJIT.dir/OrcABISupport.cpp.o
[4259/6914] Building CXX object lib/ExecutionEngine/Orc/CMakeFiles/LLVMOrcJIT.dir/Mangling.cpp.o
[4260/6914] Building CXX object lib/ExecutionEngine/Orc/CMakeFiles/LLVMOrcJIT.dir/MachOPlatform.cpp.o
[4261/6914] Building CXX object lib/ExecutionEngine/Orc/CMakeFiles/LLVMOrcJIT.dir/ObjectTransformLayer.cpp.o
[4262/6914] Building CXX object lib/ExecutionEngine/Orc/CMakeFiles/LLVMOrcJIT.dir/ELFNixPlatform.cpp.o
[4263/6914] Building CXX object lib/ExecutionEngine/Orc/CMakeFiles/LLVMOrcJIT.dir/ObjectLinkingLayer.cpp.o
[4264/6914] Building CXX object lib/ExecutionEngine/Orc/CMakeFiles/LLVMOrcJIT.dir/SimpleRemoteEPC.cpp.o
[4265/6914] Building CXX object lib/ExecutionEngine/Orc/CMakeFiles/LLVMOrcJIT.dir/RTDyldObjectLinkingLayer.cpp.o
[4266/6914] Building CXX object lib/ExecutionEngine/Orc/CMakeFiles/LLVMOrcJIT.dir/TaskDispatch.cpp.o
[4267/6914] Building CXX object lib/ExecutionEngine/Orc/CMakeFiles/LLVMOrcJIT.dir/Speculation.cpp.o
[4268/6914] Building CXX object lib/ExecutionEngine/Orc/CMakeFiles/LLVMOrcJIT.dir/OrcV2CBindings.cpp.o
[4269/6914] Building CXX object lib/ExecutionEngine/Orc/CMakeFiles/LLVMOrcJIT.dir/ExecutorProcessControl.cpp.o
[4270/6914] Building CXX object lib/ExecutionEngine/Orc/CMakeFiles/LLVMOrcJIT.dir/ThreadSafeModule.cpp.o
[4271/6914] Building CXX object lib/ExecutionEngine/Orc/CMakeFiles/LLVMOrcJIT.dir/SpeculateAnalyses.cpp.o
[4272/6914] Building CXX object lib/Target/AArch64/CMakeFiles/LLVMAArch64CodeGen.dir/GISel/AArch64GlobalISelUtils.cpp.o
[4273/6914] Building CXX object lib/Target/AArch64/CMakeFiles/LLVMAArch64CodeGen.dir/GISel/AArch64CallLowering.cpp.o
[4274/6914] Building CXX object lib/Target/AArch64/CMakeFiles/LLVMAArch64CodeGen.dir/GISel/AArch64O0PreLegalizerCombiner.cpp.o
[4275/6914] Building CXX object lib/Target/AArch64/CMakeFiles/LLVMAArch64CodeGen.dir/GISel/AArch64LegalizerInfo.cpp.o
[4276/6914] Building CXX object lib/Target/AArch64/CMakeFiles/LLVMAArch64CodeGen.dir/GISel/AArch64PreLegalizerCombiner.cpp.o
[4277/6914] Building CXX object lib/Target/AArch64/CMakeFiles/LLVMAArch64CodeGen.dir/GISel/AArch64PostLegalizerCombiner.cpp.o
[4278/6914] Building CXX object lib/Target/AArch64/CMakeFiles/LLVMAArch64CodeGen.dir/GISel/AArch64RegisterBankInfo.cpp.o
[4279/6914] Building CXX object lib/Target/AArch64/CMakeFiles/LLVMAArch64CodeGen.dir/GISel/AArch64PostLegalizerLowering.cpp.o
[4280/6914] Building CXX object lib/Target/AArch64/CMakeFiles/LLVMAArch64CodeGen.dir/GISel/AArch64PostSelectOptimize.cpp.o
[4281/6914] Building CXX object lib/Target/AArch64/CMakeFiles/LLVMAArch64CodeGen.dir/GISel/AArch64InstructionSelector.cpp.o
[4282/6914] Building CXX object lib/Target/AArch64/CMakeFiles/LLVMAArch64CodeGen.dir/AArch64AdvSIMDScalarPass.cpp.o
[4283/6914] Building CXX object lib/Target/AArch64/CMakeFiles/LLVMAArch64CodeGen.dir/AArch64A57FPLoadBalancing.cpp.o
[4284/6914] Building CXX object lib/Target/AArch64/CMakeFiles/LLVMAArch64CodeGen.dir/AArch64CleanupLocalDynamicTLSPass.cpp.o
[4285/6914] Building CXX object lib/Target/AArch64/CMakeFiles/LLVMAArch64CodeGen.dir/AArch64CollectLOH.cpp.o
[4286/6914] Building CXX object lib/Target/AArch64/CMakeFiles/LLVMAArch64CodeGen.dir/AArch64BranchTargets.cpp.o
[4287/6914] Building CXX object lib/Target/AArch64/CMakeFiles/LLVMAArch64CodeGen.dir/AArch64CallingConvention.cpp.o
[4288/6914] Building CXX object lib/Target/AArch64/CMakeFiles/LLVMAArch64CodeGen.dir/AArch64ExpandImm.cpp.o
[4289/6914] Building CXX object lib/Target/AArch64/CMakeFiles/LLVMAArch64CodeGen.dir/AArch64CondBrTuning.cpp.o
[4290/6914] Building CXX object lib/Target/AArch64/CMakeFiles/LLVMAArch64CodeGen.dir/AArch64AsmPrinter.cpp.o
[4291/6914] Building CXX object lib/Target/AArch64/CMakeFiles/LLVMAArch64CodeGen.dir/AArch64ConditionalCompares.cpp.o
[4292/6914] Building CXX object lib/Target/AArch64/CMakeFiles/LLVMAArch64CodeGen.dir/AArch64DeadRegisterDefinitionsPass.cpp.o
[4293/6914] Building CXX object lib/Target/AArch64/CMakeFiles/LLVMAArch64CodeGen.dir/AArch64ExpandPseudoInsts.cpp.o
[4294/6914] Building CXX object lib/Target/AArch64/CMakeFiles/LLVMAArch64CodeGen.dir/AArch64A53Fix835769.cpp.o
[4295/6914] Building CXX object lib/Target/AArch64/CMakeFiles/LLVMAArch64CodeGen.dir/AArch64FalkorHWPFFix.cpp.o
[4296/6914] Building CXX object lib/Target/AArch64/CMakeFiles/LLVMAArch64CodeGen.dir/AArch64ConditionOptimizer.cpp.o
[4297/6914] Building CXX object lib/Target/AArch64/CMakeFiles/LLVMAArch64CodeGen.dir/AArch64CompressJumpTables.cpp.o
[4298/6914] Building CXX object lib/Target/AArch64/CMakeFiles/LLVMAArch64CodeGen.dir/AArch64RedundantCopyElimination.cpp.o
[4299/6914] Building CXX object lib/Target/AArch64/CMakeFiles/LLVMAArch64CodeGen.dir/AArch64FrameLowering.cpp.o
[4300/6914] Building CXX object lib/Target/AArch64/CMakeFiles/LLVMAArch64CodeGen.dir/AArch64FastISel.cpp.o
[4301/6914] Building CXX object lib/Target/AArch64/CMakeFiles/LLVMAArch64CodeGen.dir/AArch64KCFI.cpp.o
[4302/6914] Building CXX object lib/Target/AArch64/CMakeFiles/LLVMAArch64CodeGen.dir/AArch64LowerHomogeneousPrologEpilog.cpp.o
[4303/6914] Building CXX object lib/Target/AArch64/CMakeFiles/LLVMAArch64CodeGen.dir/AArch64LoadStoreOptimizer.cpp.o
[4304/6914] Building CXX object lib/Target/AArch64/CMakeFiles/LLVMAArch64CodeGen.dir/AArch64InstrInfo.cpp.o
[4305/6914] Building CXX object lib/Target/AArch64/CMakeFiles/LLVMAArch64CodeGen.dir/AArch64ISelDAGToDAG.cpp.o
[4306/6914] Building CXX object lib/Target/AArch64/CMakeFiles/LLVMAArch64CodeGen.dir/AArch64MachineFunctionInfo.cpp.o
[4307/6914] Building CXX object lib/Target/AArch64/CMakeFiles/LLVMAArch64CodeGen.dir/AArch64MachineScheduler.cpp.o
[4308/6914] Building CXX object lib/Target/AArch64/CMakeFiles/LLVMAArch64CodeGen.dir/AArch64MCInstLower.cpp.o
[4309/6914] Building CXX object lib/Target/AArch64/CMakeFiles/LLVMAArch64CodeGen.dir/AArch64MacroFusion.cpp.o
[4310/6914] Building CXX object lib/Target/AArch64/CMakeFiles/LLVMAArch64CodeGen.dir/AArch64MIPeepholeOpt.cpp.o
[4311/6914] Building CXX object lib/Target/AArch64/CMakeFiles/LLVMAArch64CodeGen.dir/AArch64PromoteConstant.cpp.o
[4312/6914] Building CXX object lib/Target/AArch64/CMakeFiles/LLVMAArch64CodeGen.dir/AArch64PBQPRegAlloc.cpp.o
[4313/6914] Building CXX object lib/Target/AArch64/CMakeFiles/LLVMAArch64CodeGen.dir/AArch64SelectionDAGInfo.cpp.o
[4314/6914] Building CXX object lib/Target/AArch64/CMakeFiles/LLVMAArch64CodeGen.dir/AArch64RegisterInfo.cpp.o
[4315/6914] Building CXX object lib/Target/AArch64/CMakeFiles/LLVMAArch64CodeGen.dir/AArch64SLSHardening.cpp.o
[4316/6914] Building CXX object lib/Target/AArch64/CMakeFiles/LLVMAArch64CodeGen.dir/AArch64SpeculationHardening.cpp.o
[4317/6914] Building CXX object lib/Target/AArch64/CMakeFiles/LLVMAArch64CodeGen.dir/AArch64ISelLowering.cpp.o
[4318/6914] Building CXX object lib/Target/AArch64/CMakeFiles/LLVMAArch64CodeGen.dir/AArch64StorePairSuppress.cpp.o
[4319/6914] Building CXX object lib/Target/AArch64/CMakeFiles/LLVMAArch64CodeGen.dir/AArch64StackTaggingPreRA.cpp.o
[4320/6914] Building CXX object lib/Target/AArch64/CMakeFiles/LLVMAArch64CodeGen.dir/AArch64StackTagging.cpp.o
[4321/6914] Building CXX object lib/Target/AArch64/CMakeFiles/LLVMAArch64CodeGen.dir/AArch64Subtarget.cpp.o
[4322/6914] Building CXX object lib/Target/AArch64/CMakeFiles/LLVMAArch64CodeGen.dir/AArch64TargetObjectFile.cpp.o
[4323/6914] Building CXX object lib/Target/AArch64/CMakeFiles/LLVMAArch64CodeGen.dir/SMEABIPass.cpp.o
[4324/6914] Building CXX object lib/Target/AArch64/CMakeFiles/LLVMAArch64CodeGen.dir/SVEIntrinsicOpts.cpp.o
[4325/6914] Building CXX object lib/Target/AArch64/Disassembler/CMakeFiles/LLVMAArch64Disassembler.dir/AArch64ExternalSymbolizer.cpp.o
[4326/6914] Linking CXX static library lib/libLLVMAArch64Desc.a
[4327/6914] Building CXX object lib/Target/AArch64/CMakeFiles/LLVMAArch64CodeGen.dir/AArch64TargetMachine.cpp.o
[4328/6914] Building CXX object lib/Target/AArch64/CMakeFiles/LLVMAArch64CodeGen.dir/AArch64SIMDInstrOpt.cpp.o
[4329/6914] Building CXX object lib/Target/AArch64/CMakeFiles/LLVMAArch64CodeGen.dir/AArch64TargetTransformInfo.cpp.o
[4330/6914] Building CXX object lib/Target/AArch64/Disassembler/CMakeFiles/LLVMAArch64Disassembler.dir/AArch64Disassembler.cpp.o
[4331/6914] Building CXX object lib/Target/ARM/CMakeFiles/LLVMARMCodeGen.dir/A15SDOptimizer.cpp.o
[4332/6914] Building CXX object lib/Target/ARM/CMakeFiles/LLVMARMCodeGen.dir/ARMBasicBlockInfo.cpp.o
[4333/6914] Building CXX object lib/Target/ARM/CMakeFiles/LLVMARMCodeGen.dir/ARMAsmPrinter.cpp.o
[4334/6914] Building CXX object lib/Target/AArch64/AsmParser/CMakeFiles/LLVMAArch64AsmParser.dir/AArch64AsmParser.cpp.o
[4335/6914] Building CXX object lib/Target/ARM/CMakeFiles/LLVMARMCodeGen.dir/ARMBaseRegisterInfo.cpp.o
[4336/6914] Building CXX object lib/Target/ARM/CMakeFiles/LLVMARMCodeGen.dir/ARMBranchTargets.cpp.o
[4337/6914] Building CXX object lib/Target/ARM/CMakeFiles/LLVMARMCodeGen.dir/ARMCallingConv.cpp.o
[4338/6914] Building CXX object lib/Target/ARM/CMakeFiles/LLVMARMCodeGen.dir/ARMBaseInstrInfo.cpp.o
[4339/6914] Building CXX object lib/Target/ARM/CMakeFiles/LLVMARMCodeGen.dir/ARMConstantPoolValue.cpp.o
[4340/6914] Building CXX object lib/Target/ARM/CMakeFiles/LLVMARMCodeGen.dir/ARMCallLowering.cpp.o
[4341/6914] Building CXX object lib/Target/ARM/CMakeFiles/LLVMARMCodeGen.dir/ARMConstantIslandPass.cpp.o
[4342/6914] Building CXX object lib/Target/ARM/CMakeFiles/LLVMARMCodeGen.dir/ARMFixCortexA57AES1742098Pass.cpp.o
[4343/6914] Building CXX object lib/Target/ARM/CMakeFiles/LLVMARMCodeGen.dir/ARMExpandPseudoInsts.cpp.o
[4344/6914] Building CXX object lib/Target/ARM/CMakeFiles/LLVMARMCodeGen.dir/ARMHazardRecognizer.cpp.o
[4345/6914] Building CXX object lib/Target/ARM/CMakeFiles/LLVMARMCodeGen.dir/ARMFastISel.cpp.o
[4346/6914] Building CXX object lib/Target/ARM/CMakeFiles/LLVMARMCodeGen.dir/ARMFrameLowering.cpp.o
[4347/6914] Building CXX object lib/Target/ARM/CMakeFiles/LLVMARMCodeGen.dir/ARMInstructionSelector.cpp.o
[4348/6914] Building CXX object lib/Target/ARM/CMakeFiles/LLVMARMCodeGen.dir/ARMInstrInfo.cpp.o
[4349/6914] Building CXX object lib/Target/ARM/CMakeFiles/LLVMARMCodeGen.dir/ARMLegalizerInfo.cpp.o
[4350/6914] Building CXX object lib/Target/ARM/CMakeFiles/LLVMARMCodeGen.dir/ARMISelDAGToDAG.cpp.o
[4351/6914] Building CXX object lib/Target/ARM/CMakeFiles/LLVMARMCodeGen.dir/ARMParallelDSP.cpp.o
[4352/6914] Building CXX object lib/Target/ARM/CMakeFiles/LLVMARMCodeGen.dir/ARMLoadStoreOptimizer.cpp.o
[4353/6914] Building CXX object lib/Target/ARM/CMakeFiles/LLVMARMCodeGen.dir/ARMLowOverheadLoops.cpp.o
[4354/6914] Building CXX object lib/Target/ARM/CMakeFiles/LLVMARMCodeGen.dir/ARMBlockPlacement.cpp.o
[4355/6914] Building CXX object lib/Target/ARM/CMakeFiles/LLVMARMCodeGen.dir/ARMRegisterInfo.cpp.o
[4356/6914] Building CXX object lib/Target/ARM/CMakeFiles/LLVMARMCodeGen.dir/ARMMCInstLower.cpp.o
[4357/6914] Building CXX object lib/Target/ARM/CMakeFiles/LLVMARMCodeGen.dir/ARMMachineFunctionInfo.cpp.o
[4358/6914] Building CXX object lib/Target/ARM/CMakeFiles/LLVMARMCodeGen.dir/ARMOptimizeBarriersPass.cpp.o
[4359/6914] Building CXX object lib/Target/ARM/CMakeFiles/LLVMARMCodeGen.dir/ARMMacroFusion.cpp.o
[4360/6914] Building CXX object lib/Target/ARM/CMakeFiles/LLVMARMCodeGen.dir/ARMISelLowering.cpp.o
[4361/6914] Building CXX object lib/Target/ARM/CMakeFiles/LLVMARMCodeGen.dir/ARMRegisterBankInfo.cpp.o
[4362/6914] Building CXX object lib/Target/ARM/CMakeFiles/LLVMARMCodeGen.dir/ARMSelectionDAGInfo.cpp.o
[4363/6914] Building CXX object lib/Target/ARM/CMakeFiles/LLVMARMCodeGen.dir/ARMSLSHardening.cpp.o
[4364/6914] Building CXX object lib/Target/ARM/CMakeFiles/LLVMARMCodeGen.dir/ARMSubtarget.cpp.o
[4365/6914] Building CXX object lib/Target/ARM/CMakeFiles/LLVMARMCodeGen.dir/ARMTargetObjectFile.cpp.o
[4366/6914] Building CXX object lib/Target/ARM/CMakeFiles/LLVMARMCodeGen.dir/MLxExpansionPass.cpp.o
[4367/6914] Building CXX object lib/Target/ARM/CMakeFiles/LLVMARMCodeGen.dir/ARMTargetMachine.cpp.o
[4368/6914] Building CXX object lib/Target/ARM/CMakeFiles/LLVMARMCodeGen.dir/MVEGatherScatterLowering.cpp.o
[4369/6914] Building CXX object lib/Target/ARM/CMakeFiles/LLVMARMCodeGen.dir/MVELaneInterleavingPass.cpp.o
[4370/6914] Building CXX object lib/Target/ARM/CMakeFiles/LLVMARMCodeGen.dir/ARMTargetTransformInfo.cpp.o
[4371/6914] Building CXX object lib/Target/ARM/CMakeFiles/LLVMARMCodeGen.dir/MVETailPredication.cpp.o
[4372/6914] Building CXX object lib/Target/ARM/CMakeFiles/LLVMARMCodeGen.dir/MVEVPTBlockPass.cpp.o
[4373/6914] Building CXX object lib/Target/AMDGPU/Disassembler/CMakeFiles/LLVMAMDGPUDisassembler.dir/AMDGPUDisassembler.cpp.o
[4374/6914] Building CXX object lib/Target/ARM/CMakeFiles/LLVMARMCodeGen.dir/MVETPAndVPTOptimisationsPass.cpp.o
[4375/6914] Building CXX object lib/Target/ARM/CMakeFiles/LLVMARMCodeGen.dir/Thumb1InstrInfo.cpp.o
[4376/6914] Building CXX object lib/Target/ARM/CMakeFiles/LLVMARMCodeGen.dir/Thumb1FrameLowering.cpp.o
[4377/6914] Building CXX object lib/Target/ARM/CMakeFiles/LLVMARMCodeGen.dir/Thumb2ITBlockPass.cpp.o
[4378/6914] Building CXX object lib/Target/ARM/CMakeFiles/LLVMARMCodeGen.dir/ThumbRegisterInfo.cpp.o
[4379/6914] Linking CXX static library lib/libLLVMARMDesc.a
[4380/6914] Building CXX object lib/Target/ARM/CMakeFiles/LLVMARMCodeGen.dir/Thumb2InstrInfo.cpp.o
[4381/6914] Building CXX object lib/Target/ARM/CMakeFiles/LLVMARMCodeGen.dir/Thumb2SizeReduction.cpp.o
[4382/6914] Building CXX object lib/Target/AVR/CMakeFiles/LLVMAVRCodeGen.dir/AVRAsmPrinter.cpp.o
[4383/6914] Building CXX object lib/Target/AVR/CMakeFiles/LLVMAVRCodeGen.dir/AVRExpandPseudoInsts.cpp.o
[4384/6914] Building CXX object lib/Target/AVR/CMakeFiles/LLVMAVRCodeGen.dir/AVRFrameLowering.cpp.o
[4385/6914] Building CXX object lib/Target/AVR/CMakeFiles/LLVMAVRCodeGen.dir/AVRInstrInfo.cpp.o
[4386/6914] Building CXX object lib/Target/AVR/CMakeFiles/LLVMAVRCodeGen.dir/AVRISelDAGToDAG.cpp.o
[4387/6914] Building CXX object lib/Target/ARM/AsmParser/CMakeFiles/LLVMARMAsmParser.dir/ARMAsmParser.cpp.o
[4388/6914] Building CXX object lib/Target/ARM/Disassembler/CMakeFiles/LLVMARMDisassembler.dir/ARMDisassembler.cpp.o
[4389/6914] Building CXX object lib/Target/AVR/CMakeFiles/LLVMAVRCodeGen.dir/AVRISelLowering.cpp.o
[4390/6914] Building CXX object lib/Target/AVR/CMakeFiles/LLVMAVRCodeGen.dir/AVRMCInstLower.cpp.o
[4391/6914] Building CXX object lib/Target/AVR/CMakeFiles/LLVMAVRCodeGen.dir/AVRShiftExpand.cpp.o
[4392/6914] Building CXX object lib/Target/AVR/CMakeFiles/LLVMAVRCodeGen.dir/AVRRegisterInfo.cpp.o
[4393/6914] Linking CXX static library lib/libLLVMAVRDesc.a
[4394/6914] Building CXX object lib/Target/AVR/CMakeFiles/LLVMAVRCodeGen.dir/AVRSubtarget.cpp.o
[4395/6914] Building CXX object lib/Target/AVR/CMakeFiles/LLVMAVRCodeGen.dir/AVRTargetMachine.cpp.o
[4396/6914] Building CXX object lib/Target/AVR/CMakeFiles/LLVMAVRCodeGen.dir/AVRTargetObjectFile.cpp.o
[4397/6914] Building CXX object lib/Target/AVR/AsmParser/CMakeFiles/LLVMAVRAsmParser.dir/AVRAsmParser.cpp.o
[4398/6914] Building CXX object lib/Target/AVR/Disassembler/CMakeFiles/LLVMAVRDisassembler.dir/AVRDisassembler.cpp.o
[4399/6914] Building CXX object lib/Target/BPF/CMakeFiles/LLVMBPFCodeGen.dir/BPFAbstractMemberAccess.cpp.o
[4400/6914] Building CXX object lib/Target/BPF/CMakeFiles/LLVMBPFCodeGen.dir/BPFAdjustOpt.cpp.o
[4401/6914] Building CXX object lib/Target/BPF/CMakeFiles/LLVMBPFCodeGen.dir/BPFCheckAndAdjustIR.cpp.o
[4402/6914] Building CXX object lib/Target/BPF/CMakeFiles/LLVMBPFCodeGen.dir/BPFInstrInfo.cpp.o
[4403/6914] Building CXX object lib/Target/BPF/CMakeFiles/LLVMBPFCodeGen.dir/BPFFrameLowering.cpp.o
[4404/6914] Building CXX object lib/Target/BPF/CMakeFiles/LLVMBPFCodeGen.dir/BPFAsmPrinter.cpp.o
[4405/6914] Building CXX object lib/Target/BPF/CMakeFiles/LLVMBPFCodeGen.dir/BPFIRPeephole.cpp.o
[4406/6914] Building CXX object lib/Target/BPF/CMakeFiles/LLVMBPFCodeGen.dir/BPFMCInstLower.cpp.o
[4407/6914] Building CXX object lib/Target/BPF/CMakeFiles/LLVMBPFCodeGen.dir/BPFPreserveDIType.cpp.o
[4408/6914] Building CXX object lib/Target/BPF/CMakeFiles/LLVMBPFCodeGen.dir/BPFISelDAGToDAG.cpp.o
[4409/6914] Building CXX object lib/Target/BPF/CMakeFiles/LLVMBPFCodeGen.dir/BPFRegisterInfo.cpp.o
[4410/6914] Building CXX object lib/Target/BPF/CMakeFiles/LLVMBPFCodeGen.dir/BPFSelectionDAGInfo.cpp.o
[4411/6914] Building CXX object lib/Target/BPF/CMakeFiles/LLVMBPFCodeGen.dir/BPFISelLowering.cpp.o
[4412/6914] Building CXX object lib/Target/BPF/CMakeFiles/LLVMBPFCodeGen.dir/BPFSubtarget.cpp.o
[4413/6914] Building CXX object lib/Target/BPF/AsmParser/CMakeFiles/LLVMBPFAsmParser.dir/BPFAsmParser.cpp.o
[4414/6914] Building CXX object lib/Target/BPF/CMakeFiles/LLVMBPFCodeGen.dir/BPFMIPeephole.cpp.o
[4415/6914] Linking CXX static library lib/libLLVMBPFDesc.a
[4416/6914] Building CXX object lib/Target/BPF/CMakeFiles/LLVMBPFCodeGen.dir/BPFMIChecking.cpp.o
[4417/6914] Building CXX object lib/Target/BPF/CMakeFiles/LLVMBPFCodeGen.dir/BPFMISimplifyPatchable.cpp.o
[4418/6914] Building CXX object lib/Target/BPF/Disassembler/CMakeFiles/LLVMBPFDisassembler.dir/BPFDisassembler.cpp.o
[4419/6914] Building CXX object lib/Target/BPF/CMakeFiles/LLVMBPFCodeGen.dir/BTFDebug.cpp.o
[4420/6914] Building CXX object lib/Target/BPF/CMakeFiles/LLVMBPFCodeGen.dir/BPFTargetMachine.cpp.o
[4421/6914] Building CXX object lib/Target/Hexagon/CMakeFiles/LLVMHexagonCodeGen.dir/BitTracker.cpp.o
[4422/6914] Building CXX object lib/Target/Hexagon/CMakeFiles/LLVMHexagonCodeGen.dir/HexagonAsmPrinter.cpp.o
[4423/6914] Building CXX object lib/Target/Hexagon/CMakeFiles/LLVMHexagonCodeGen.dir/HexagonCFGOptimizer.cpp.o
[4424/6914] Building CXX object lib/Target/Hexagon/CMakeFiles/LLVMHexagonCodeGen.dir/HexagonBitSimplify.cpp.o
[4425/6914] Building CXX object lib/Target/Hexagon/CMakeFiles/LLVMHexagonCodeGen.dir/HexagonBitTracker.cpp.o
[4426/6914] Building CXX object lib/Target/Hexagon/CMakeFiles/LLVMHexagonCodeGen.dir/HexagonBranchRelaxation.cpp.o
[4427/6914] Building CXX object lib/Target/Hexagon/CMakeFiles/LLVMHexagonCodeGen.dir/HexagonBlockRanges.cpp.o
[4428/6914] Building CXX object lib/Target/Hexagon/CMakeFiles/LLVMHexagonCodeGen.dir/HexagonCommonGEP.cpp.o
[4429/6914] Building CXX object lib/Target/Hexagon/CMakeFiles/LLVMHexagonCodeGen.dir/HexagonExpandCondsets.cpp.o
[4430/6914] Building CXX object lib/Target/Hexagon/CMakeFiles/LLVMHexagonCodeGen.dir/HexagonCopyToCombine.cpp.o
[4431/6914] Building CXX object lib/Target/Hexagon/CMakeFiles/LLVMHexagonCodeGen.dir/HexagonEarlyIfConv.cpp.o
[4432/6914] Building CXX object lib/Target/Hexagon/CMakeFiles/LLVMHexagonCodeGen.dir/HexagonConstExtenders.cpp.o
[4433/6914] Building CXX object lib/Target/Hexagon/CMakeFiles/LLVMHexagonCodeGen.dir/HexagonConstPropagation.cpp.o
[4434/6914] Building CXX object lib/Target/Hexagon/CMakeFiles/LLVMHexagonCodeGen.dir/HexagonFixupHwLoops.cpp.o
[4435/6914] Building CXX object lib/Target/Hexagon/CMakeFiles/LLVMHexagonCodeGen.dir/HexagonGenExtract.cpp.o
[4436/6914] Building CXX object lib/Target/Hexagon/CMakeFiles/LLVMHexagonCodeGen.dir/HexagonGenMux.cpp.o
[4437/6914] Building CXX object lib/Target/Hexagon/CMakeFiles/LLVMHexagonCodeGen.dir/HexagonGenPredicate.cpp.o
[4438/6914] Building CXX object lib/Target/Hexagon/CMakeFiles/LLVMHexagonCodeGen.dir/HexagonHardwareLoops.cpp.o
[4439/6914] Building CXX object lib/Target/Hexagon/CMakeFiles/LLVMHexagonCodeGen.dir/HexagonGenInsert.cpp.o
[4440/6914] Building CXX object lib/Target/Hexagon/CMakeFiles/LLVMHexagonCodeGen.dir/HexagonHazardRecognizer.cpp.o
[4441/6914] Building CXX object lib/Target/Hexagon/CMakeFiles/LLVMHexagonCodeGen.dir/HexagonFrameLowering.cpp.o
[4442/6914] Building CXX object lib/Target/Hexagon/CMakeFiles/LLVMHexagonCodeGen.dir/HexagonInstrInfo.cpp.o
[4443/6914] Building CXX object lib/Target/Hexagon/CMakeFiles/LLVMHexagonCodeGen.dir/HexagonISelDAGToDAG.cpp.o
[4444/6914] Building CXX object lib/Target/Hexagon/CMakeFiles/LLVMHexagonCodeGen.dir/HexagonISelLoweringHVX.cpp.o
[4445/6914] Building CXX object lib/Target/Hexagon/CMakeFiles/LLVMHexagonCodeGen.dir/HexagonISelDAGToDAGHVX.cpp.o
[4446/6914] Building CXX object lib/Target/Hexagon/CMakeFiles/LLVMHexagonCodeGen.dir/HexagonISelLowering.cpp.o
[4447/6914] Building CXX object lib/Target/Hexagon/CMakeFiles/LLVMHexagonCodeGen.dir/HexagonMachineFunctionInfo.cpp.o
[4448/6914] Building CXX object lib/Target/Hexagon/CMakeFiles/LLVMHexagonCodeGen.dir/HexagonLoopIdiomRecognition.cpp.o
[4449/6914] Building CXX object lib/Target/Hexagon/CMakeFiles/LLVMHexagonCodeGen.dir/HexagonOptimizeSZextends.cpp.o
[4450/6914] Building CXX object lib/Target/Hexagon/CMakeFiles/LLVMHexagonCodeGen.dir/HexagonMachineScheduler.cpp.o
[4451/6914] Building CXX object lib/Target/Hexagon/CMakeFiles/LLVMHexagonCodeGen.dir/HexagonNewValueJump.cpp.o
[4452/6914] Building CXX object lib/Target/Hexagon/CMakeFiles/LLVMHexagonCodeGen.dir/HexagonMCInstLower.cpp.o
[4453/6914] Building CXX object lib/Target/Hexagon/CMakeFiles/LLVMHexagonCodeGen.dir/HexagonPeephole.cpp.o
[4454/6914] Building CXX object lib/Target/Hexagon/CMakeFiles/LLVMHexagonCodeGen.dir/HexagonOptAddrMode.cpp.o
[4455/6914] Building CXX object lib/Target/Hexagon/CMakeFiles/LLVMHexagonCodeGen.dir/HexagonRegisterInfo.cpp.o
[4456/6914] Building CXX object lib/Target/Hexagon/CMakeFiles/LLVMHexagonCodeGen.dir/HexagonSelectionDAGInfo.cpp.o
[4457/6914] Building CXX object lib/Target/Hexagon/CMakeFiles/LLVMHexagonCodeGen.dir/HexagonRDFOpt.cpp.o
[4458/6914] Building CXX object lib/Target/Hexagon/CMakeFiles/LLVMHexagonCodeGen.dir/HexagonSplitConst32AndConst64.cpp.o
[4459/6914] Building CXX object lib/Target/Hexagon/CMakeFiles/LLVMHexagonCodeGen.dir/HexagonStoreWidening.cpp.o
[4460/6914] Building CXX object lib/Target/Hexagon/CMakeFiles/LLVMHexagonCodeGen.dir/HexagonSplitDouble.cpp.o
[4461/6914] Building CXX object lib/Target/Hexagon/CMakeFiles/LLVMHexagonCodeGen.dir/HexagonTargetObjectFile.cpp.o
[4462/6914] Building CXX object lib/Target/Hexagon/CMakeFiles/LLVMHexagonCodeGen.dir/HexagonSubtarget.cpp.o
[4463/6914] Building CXX object lib/Target/Hexagon/CMakeFiles/LLVMHexagonCodeGen.dir/HexagonVectorLoopCarriedReuse.cpp.o
[4464/6914] Building CXX object lib/Target/Hexagon/CMakeFiles/LLVMHexagonCodeGen.dir/HexagonVectorPrint.cpp.o
[4465/6914] Building CXX object lib/Target/Hexagon/CMakeFiles/LLVMHexagonCodeGen.dir/HexagonTargetTransformInfo.cpp.o
[4466/6914] Building CXX object lib/Target/Hexagon/CMakeFiles/LLVMHexagonCodeGen.dir/HexagonTargetMachine.cpp.o
[4467/6914] Linking CXX static library lib/libLLVMHexagonAsmParser.a
[4468/6914] Building CXX object lib/Target/Hexagon/CMakeFiles/LLVMHexagonCodeGen.dir/RDFCopy.cpp.o
[4469/6914] Building CXX object lib/Target/Hexagon/CMakeFiles/LLVMHexagonCodeGen.dir/RDFDeadCode.cpp.o
[4470/6914] Building CXX object lib/Target/Hexagon/CMakeFiles/LLVMHexagonCodeGen.dir/HexagonVExtract.cpp.o
[4471/6914] Building CXX object lib/Target/Hexagon/CMakeFiles/LLVMHexagonCodeGen.dir/HexagonVectorCombine.cpp.o
[4472/6914] Building CXX object lib/Target/Hexagon/CMakeFiles/LLVMHexagonCodeGen.dir/HexagonVLIWPacketizer.cpp.o
[4473/6914] Building CXX object lib/Target/Hexagon/Disassembler/CMakeFiles/LLVMHexagonDisassembler.dir/HexagonDisassembler.cpp.o
[4474/6914] Building CXX object lib/Target/Lanai/CMakeFiles/LLVMLanaiCodeGen.dir/LanaiInstrInfo.cpp.o
[4475/6914] Building CXX object lib/Target/Lanai/CMakeFiles/LLVMLanaiCodeGen.dir/LanaiFrameLowering.cpp.o
[4476/6914] Building CXX object lib/Target/Lanai/CMakeFiles/LLVMLanaiCodeGen.dir/LanaiDelaySlotFiller.cpp.o
[4477/6914] Building CXX object lib/Target/Lanai/CMakeFiles/LLVMLanaiCodeGen.dir/LanaiAsmPrinter.cpp.o
[4478/6914] Building CXX object lib/Target/Lanai/CMakeFiles/LLVMLanaiCodeGen.dir/LanaiMachineFunctionInfo.cpp.o
[4479/6914] Building CXX object lib/Target/Lanai/CMakeFiles/LLVMLanaiCodeGen.dir/LanaiISelDAGToDAG.cpp.o
[4480/6914] Building CXX object lib/Target/Lanai/CMakeFiles/LLVMLanaiCodeGen.dir/LanaiMCInstLower.cpp.o
[4481/6914] Building CXX object lib/Target/Lanai/CMakeFiles/LLVMLanaiCodeGen.dir/LanaiRegisterInfo.cpp.o
[4482/6914] Building CXX object lib/Target/Lanai/CMakeFiles/LLVMLanaiCodeGen.dir/LanaiMemAluCombiner.cpp.o
[4483/6914] Linking CXX static library lib/libLLVMLanaiAsmParser.a
[4484/6914] Building CXX object lib/Target/Lanai/CMakeFiles/LLVMLanaiCodeGen.dir/LanaiISelLowering.cpp.o
[4485/6914] Building CXX object lib/Target/Lanai/CMakeFiles/LLVMLanaiCodeGen.dir/LanaiSelectionDAGInfo.cpp.o
[4486/6914] Building CXX object lib/Target/Lanai/CMakeFiles/LLVMLanaiCodeGen.dir/LanaiSubtarget.cpp.o
[4487/6914] Building CXX object lib/Target/Lanai/Disassembler/CMakeFiles/LLVMLanaiDisassembler.dir/LanaiDisassembler.cpp.o
[4488/6914] Building CXX object lib/Target/Lanai/CMakeFiles/LLVMLanaiCodeGen.dir/LanaiTargetObjectFile.cpp.o
[4489/6914] Building CXX object lib/Target/LoongArch/CMakeFiles/LLVMLoongArchCodeGen.dir/LoongArchAsmPrinter.cpp.o
[4490/6914] Building CXX object lib/Target/Lanai/CMakeFiles/LLVMLanaiCodeGen.dir/LanaiTargetMachine.cpp.o
[4491/6914] Building CXX object lib/Target/LoongArch/CMakeFiles/LLVMLoongArchCodeGen.dir/LoongArchExpandAtomicPseudoInsts.cpp.o
[4492/6914] Building CXX object lib/Target/LoongArch/CMakeFiles/LLVMLoongArchCodeGen.dir/LoongArchExpandPseudoInsts.cpp.o
[4493/6914] Building CXX object lib/Target/LoongArch/CMakeFiles/LLVMLoongArchCodeGen.dir/LoongArchFrameLowering.cpp.o
[4494/6914] Building CXX object lib/Target/LoongArch/CMakeFiles/LLVMLoongArchCodeGen.dir/LoongArchInstrInfo.cpp.o
[4495/6914] Building CXX object lib/Target/LoongArch/CMakeFiles/LLVMLoongArchCodeGen.dir/LoongArchISelDAGToDAG.cpp.o
[4496/6914] Building CXX object lib/Target/LoongArch/CMakeFiles/LLVMLoongArchCodeGen.dir/LoongArchMCInstLower.cpp.o
[4497/6914] Building CXX object lib/Target/LoongArch/CMakeFiles/LLVMLoongArchCodeGen.dir/LoongArchRegisterInfo.cpp.o
[4498/6914] Linking CXX static library lib/libLLVMLoongArchDesc.a
[4499/6914] Building CXX object lib/Target/LoongArch/CMakeFiles/LLVMLoongArchCodeGen.dir/LoongArchSubtarget.cpp.o
[4500/6914] Building CXX object lib/Target/LoongArch/Disassembler/CMakeFiles/LLVMLoongArchDisassembler.dir/LoongArchDisassembler.cpp.o
[4501/6914] Building CXX object lib/Target/Mips/CMakeFiles/LLVMMipsCodeGen.dir/Mips16HardFloatInfo.cpp.o
[4502/6914] Building CXX object lib/Target/LoongArch/AsmParser/CMakeFiles/LLVMLoongArchAsmParser.dir/LoongArchAsmParser.cpp.o
[4503/6914] Building CXX object lib/Target/LoongArch/CMakeFiles/LLVMLoongArchCodeGen.dir/LoongArchTargetMachine.cpp.o
[4504/6914] Building CXX object lib/Target/LoongArch/CMakeFiles/LLVMLoongArchCodeGen.dir/LoongArchISelLowering.cpp.o
[4505/6914] Building CXX object lib/Target/Mips/CMakeFiles/LLVMMipsCodeGen.dir/Mips16InstrInfo.cpp.o
[4506/6914] Building CXX object lib/Target/Mips/CMakeFiles/LLVMMipsCodeGen.dir/Mips16FrameLowering.cpp.o
[4507/6914] Building CXX object lib/Target/Mips/CMakeFiles/LLVMMipsCodeGen.dir/Mips16HardFloat.cpp.o
[4508/6914] Building CXX object lib/Target/Mips/CMakeFiles/LLVMMipsCodeGen.dir/MipsAnalyzeImmediate.cpp.o
[4509/6914] Building CXX object lib/Target/Mips/CMakeFiles/LLVMMipsCodeGen.dir/Mips16RegisterInfo.cpp.o
[4510/6914] Building CXX object lib/Target/Mips/CMakeFiles/LLVMMipsCodeGen.dir/Mips16ISelDAGToDAG.cpp.o
[4511/6914] Building CXX object lib/Target/Mips/CMakeFiles/LLVMMipsCodeGen.dir/Mips16ISelLowering.cpp.o
[4512/6914] Building CXX object lib/Target/Mips/CMakeFiles/LLVMMipsCodeGen.dir/MipsCallLowering.cpp.o
[4513/6914] Building CXX object lib/Target/Mips/CMakeFiles/LLVMMipsCodeGen.dir/MipsCCState.cpp.o
[4514/6914] Building CXX object lib/Target/Mips/CMakeFiles/LLVMMipsCodeGen.dir/MipsConstantIslandPass.cpp.o
[4515/6914] Building CXX object lib/Target/Mips/CMakeFiles/LLVMMipsCodeGen.dir/MipsAsmPrinter.cpp.o
[4516/6914] Building CXX object lib/Target/Mips/CMakeFiles/LLVMMipsCodeGen.dir/MipsExpandPseudo.cpp.o
[4517/6914] Building CXX object lib/Target/Mips/CMakeFiles/LLVMMipsCodeGen.dir/MipsDelaySlotFiller.cpp.o
[4518/6914] Building CXX object lib/Target/Mips/CMakeFiles/LLVMMipsCodeGen.dir/MipsInstrInfo.cpp.o
[4519/6914] Building CXX object lib/Target/Mips/CMakeFiles/LLVMMipsCodeGen.dir/MipsISelDAGToDAG.cpp.o
[4520/6914] Building CXX object lib/Target/Mips/CMakeFiles/LLVMMipsCodeGen.dir/MipsFastISel.cpp.o
[4521/6914] Building CXX object lib/Target/Mips/CMakeFiles/LLVMMipsCodeGen.dir/MipsFrameLowering.cpp.o
[4522/6914] Building CXX object lib/Target/Mips/CMakeFiles/LLVMMipsCodeGen.dir/MipsInstructionSelector.cpp.o
[4523/6914] Building CXX object lib/Target/Mips/CMakeFiles/LLVMMipsCodeGen.dir/MipsLegalizerInfo.cpp.o
[4524/6914] Building CXX object lib/Target/Mips/CMakeFiles/LLVMMipsCodeGen.dir/MipsISelLowering.cpp.o
[4525/6914] Building CXX object lib/Target/Mips/CMakeFiles/LLVMMipsCodeGen.dir/MipsMachineFunction.cpp.o
[4526/6914] Building CXX object lib/Target/Mips/CMakeFiles/LLVMMipsCodeGen.dir/MipsMCInstLower.cpp.o
[4527/6914] Building CXX object lib/Target/Mips/CMakeFiles/LLVMMipsCodeGen.dir/MipsBranchExpansion.cpp.o
[4528/6914] Building CXX object lib/Target/Mips/CMakeFiles/LLVMMipsCodeGen.dir/MipsModuleISelDAGToDAG.cpp.o
[4529/6914] Building CXX object lib/Target/Mips/CMakeFiles/LLVMMipsCodeGen.dir/MipsOs16.cpp.o
[4530/6914] Building CXX object lib/Target/Mips/CMakeFiles/LLVMMipsCodeGen.dir/MipsOptimizePICCall.cpp.o
[4531/6914] Building CXX object lib/Target/Mips/CMakeFiles/LLVMMipsCodeGen.dir/MipsPreLegalizerCombiner.cpp.o
[4532/6914] Building CXX object lib/Target/Mips/CMakeFiles/LLVMMipsCodeGen.dir/MipsRegisterInfo.cpp.o
[4533/6914] Building CXX object lib/Target/Mips/CMakeFiles/LLVMMipsCodeGen.dir/MipsPostLegalizerCombiner.cpp.o
[4534/6914] Building CXX object lib/Target/Mips/CMakeFiles/LLVMMipsCodeGen.dir/MipsRegisterBankInfo.cpp.o
[4535/6914] Building CXX object lib/Target/Mips/CMakeFiles/LLVMMipsCodeGen.dir/MipsSEFrameLowering.cpp.o
[4536/6914] Building CXX object lib/Target/Mips/CMakeFiles/LLVMMipsCodeGen.dir/MipsSEInstrInfo.cpp.o
[4537/6914] Building CXX object lib/Target/Mips/CMakeFiles/LLVMMipsCodeGen.dir/MipsSERegisterInfo.cpp.o
[4538/6914] Building CXX object lib/Target/Mips/CMakeFiles/LLVMMipsCodeGen.dir/MipsSEISelDAGToDAG.cpp.o
[4539/6914] Building CXX object lib/Target/Mips/CMakeFiles/LLVMMipsCodeGen.dir/MipsSubtarget.cpp.o
[4540/6914] Building CXX object lib/Target/Mips/CMakeFiles/LLVMMipsCodeGen.dir/MipsSEISelLowering.cpp.o
[4541/6914] Building CXX object lib/Target/Mips/CMakeFiles/LLVMMipsCodeGen.dir/MipsTargetObjectFile.cpp.o
[4542/6914] Building CXX object lib/Target/Mips/CMakeFiles/LLVMMipsCodeGen.dir/MipsTargetTransformInfo.cpp.o
[4543/6914] Linking CXX static library lib/libLLVMMipsDesc.a
[4544/6914] Building CXX object lib/Target/Mips/CMakeFiles/LLVMMipsCodeGen.dir/MicroMipsSizeReduction.cpp.o
[4545/6914] Building CXX object lib/Target/Mips/CMakeFiles/LLVMMipsCodeGen.dir/MipsTargetMachine.cpp.o
[4546/6914] Building CXX object lib/Target/Mips/CMakeFiles/LLVMMipsCodeGen.dir/MipsMulMulBugPass.cpp.o
[4547/6914] Building CXX object lib/Target/Mips/Disassembler/CMakeFiles/LLVMMipsDisassembler.dir/MipsDisassembler.cpp.o
[4548/6914] Building CXX object lib/Target/Mips/AsmParser/CMakeFiles/LLVMMipsAsmParser.dir/MipsAsmParser.cpp.o
[4549/6914] Building CXX object lib/Target/MSP430/CMakeFiles/LLVMMSP430CodeGen.dir/MSP430BranchSelector.cpp.o
[4550/6914] Building CXX object lib/Target/MSP430/CMakeFiles/LLVMMSP430CodeGen.dir/MSP430ISelDAGToDAG.cpp.o
[4551/6914] Building CXX object lib/Target/MSP430/CMakeFiles/LLVMMSP430CodeGen.dir/MSP430MachineFunctionInfo.cpp.o
[4552/6914] Building CXX object lib/Target/MSP430/CMakeFiles/LLVMMSP430CodeGen.dir/MSP430InstrInfo.cpp.o
[4553/6914] Building CXX object lib/Target/MSP430/CMakeFiles/LLVMMSP430CodeGen.dir/MSP430ISelLowering.cpp.o
[4554/6914] Building CXX object lib/Target/MSP430/CMakeFiles/LLVMMSP430CodeGen.dir/MSP430FrameLowering.cpp.o
[4555/6914] Linking CXX static library lib/libLLVMMSP430Desc.a
[4556/6914] Building CXX object lib/Target/MSP430/CMakeFiles/LLVMMSP430CodeGen.dir/MSP430RegisterInfo.cpp.o
[4557/6914] Building CXX object lib/Target/MSP430/CMakeFiles/LLVMMSP430CodeGen.dir/MSP430Subtarget.cpp.o
[4558/6914] Building CXX object lib/Target/MSP430/CMakeFiles/LLVMMSP430CodeGen.dir/MSP430MCInstLower.cpp.o
[4559/6914] Building CXX object lib/Target/MSP430/CMakeFiles/LLVMMSP430CodeGen.dir/MSP430TargetMachine.cpp.o
[4560/6914] Building CXX object lib/Target/MSP430/CMakeFiles/LLVMMSP430CodeGen.dir/MSP430AsmPrinter.cpp.o
[4561/6914] Building CXX object lib/Target/MSP430/Disassembler/CMakeFiles/LLVMMSP430Disassembler.dir/MSP430Disassembler.cpp.o
[4562/6914] Building CXX object lib/Target/MSP430/AsmParser/CMakeFiles/LLVMMSP430AsmParser.dir/MSP430AsmParser.cpp.o
[4563/6914] Building CXX object lib/Target/PowerPC/CMakeFiles/LLVMPowerPCCodeGen.dir/PPCBranchCoalescing.cpp.o
[4564/6914] Building CXX object lib/Target/PowerPC/CMakeFiles/LLVMPowerPCCodeGen.dir/PPCBoolRetToInt.cpp.o
[4565/6914] Building CXX object lib/Target/PowerPC/CMakeFiles/LLVMPowerPCCodeGen.dir/PPCBranchSelector.cpp.o
[4566/6914] Building CXX object lib/Target/PowerPC/CMakeFiles/LLVMPowerPCCodeGen.dir/PPCCTRLoopsVerify.cpp.o
[4567/6914] Building CXX object lib/Target/PowerPC/CMakeFiles/LLVMPowerPCCodeGen.dir/GISel/PPCInstructionSelector.cpp.o
[4568/6914] Building CXX object lib/Target/PowerPC/CMakeFiles/LLVMPowerPCCodeGen.dir/PPCCallingConv.cpp.o
[4569/6914] Building CXX object lib/Target/PowerPC/CMakeFiles/LLVMPowerPCCodeGen.dir/PPCAsmPrinter.cpp.o
[4570/6914] Building CXX object lib/Target/PowerPC/CMakeFiles/LLVMPowerPCCodeGen.dir/PPCCCState.cpp.o
[4571/6914] Building CXX object lib/Target/PowerPC/CMakeFiles/LLVMPowerPCCodeGen.dir/PPCCTRLoops.cpp.o
[4572/6914] Building CXX object lib/Target/PowerPC/CMakeFiles/LLVMPowerPCCodeGen.dir/PPCHazardRecognizers.cpp.o
[4573/6914] Building CXX object lib/Target/PowerPC/CMakeFiles/LLVMPowerPCCodeGen.dir/PPCExpandAtomicPseudoInsts.cpp.o
[4574/6914] Building CXX object lib/Target/PowerPC/CMakeFiles/LLVMPowerPCCodeGen.dir/PPCEarlyReturn.cpp.o
[4575/6914] Building CXX object lib/Target/PowerPC/CMakeFiles/LLVMPowerPCCodeGen.dir/PPCInstrInfo.cpp.o
[4576/6914] Building CXX object lib/Target/PowerPC/CMakeFiles/LLVMPowerPCCodeGen.dir/PPCFrameLowering.cpp.o
[4577/6914] Building CXX object lib/Target/PowerPC/CMakeFiles/LLVMPowerPCCodeGen.dir/PPCFastISel.cpp.o
[4578/6914] Building CXX object lib/Target/PowerPC/CMakeFiles/LLVMPowerPCCodeGen.dir/PPCISelDAGToDAG.cpp.o
[4579/6914] Building CXX object lib/Target/PowerPC/CMakeFiles/LLVMPowerPCCodeGen.dir/PPCMachineFunctionInfo.cpp.o
[4580/6914] Building CXX object lib/Target/PowerPC/CMakeFiles/LLVMPowerPCCodeGen.dir/PPCMCInstLower.cpp.o
[4581/6914] Building CXX object lib/Target/PowerPC/CMakeFiles/LLVMPowerPCCodeGen.dir/PPCLoopInstrFormPrep.cpp.o
[4582/6914] Building CXX object lib/Target/PowerPC/CMakeFiles/LLVMPowerPCCodeGen.dir/PPCMachineScheduler.cpp.o
[4583/6914] Building CXX object lib/Target/PowerPC/CMakeFiles/LLVMPowerPCCodeGen.dir/PPCMacroFusion.cpp.o
[4584/6914] Building CXX object lib/Target/PowerPC/CMakeFiles/LLVMPowerPCCodeGen.dir/PPCTargetObjectFile.cpp.o
[4585/6914] Building CXX object lib/Target/PowerPC/CMakeFiles/LLVMPowerPCCodeGen.dir/PPCMIPeephole.cpp.o
[4586/6914] Building CXX object lib/Target/PowerPC/CMakeFiles/LLVMPowerPCCodeGen.dir/PPCISelLowering.cpp.o
[4587/6914] Building CXX object lib/Target/PowerPC/CMakeFiles/LLVMPowerPCCodeGen.dir/PPCRegisterInfo.cpp.o
[4588/6914] Building CXX object lib/Target/PowerPC/CMakeFiles/LLVMPowerPCCodeGen.dir/PPCSubtarget.cpp.o
[4589/6914] Building CXX object lib/Target/PowerPC/CMakeFiles/LLVMPowerPCCodeGen.dir/PPCTargetMachine.cpp.o
[4590/6914] Building CXX object lib/Target/PowerPC/CMakeFiles/LLVMPowerPCCodeGen.dir/PPCTOCRegDeps.cpp.o
[4591/6914] Building CXX object lib/Target/PowerPC/CMakeFiles/LLVMPowerPCCodeGen.dir/PPCTLSDynamicCall.cpp.o
[4592/6914] Building CXX object lib/Target/PowerPC/CMakeFiles/LLVMPowerPCCodeGen.dir/PPCVSXCopy.cpp.o
[4593/6914] Building CXX object lib/Target/PowerPC/CMakeFiles/LLVMPowerPCCodeGen.dir/PPCReduceCRLogicals.cpp.o
[4594/6914] Building CXX object lib/Target/PowerPC/CMakeFiles/LLVMPowerPCCodeGen.dir/PPCTargetTransformInfo.cpp.o
[4595/6914] Building CXX object lib/Target/PowerPC/CMakeFiles/LLVMPowerPCCodeGen.dir/PPCVSXFMAMutate.cpp.o
[4596/6914] Building CXX object lib/Target/PowerPC/CMakeFiles/LLVMPowerPCCodeGen.dir/PPCVSXSwapRemoval.cpp.o
[4597/6914] Building CXX object lib/Target/PowerPC/CMakeFiles/LLVMPowerPCCodeGen.dir/PPCExpandISEL.cpp.o
[4598/6914] Building CXX object lib/Target/PowerPC/CMakeFiles/LLVMPowerPCCodeGen.dir/PPCPreEmitPeephole.cpp.o
[4599/6914] Building CXX object lib/Target/PowerPC/CMakeFiles/LLVMPowerPCCodeGen.dir/PPCLowerMASSVEntries.cpp.o
[4600/6914] Building CXX object lib/Target/PowerPC/CMakeFiles/LLVMPowerPCCodeGen.dir/GISel/PPCLegalizerInfo.cpp.o
[4601/6914] Linking CXX static library lib/libLLVMPowerPCDesc.a
[4602/6914] Building CXX object lib/Target/PowerPC/CMakeFiles/LLVMPowerPCCodeGen.dir/GISel/PPCRegisterBankInfo.cpp.o
[4603/6914] Building CXX object lib/Target/PowerPC/CMakeFiles/LLVMPowerPCCodeGen.dir/PPCGenScalarMASSEntries.cpp.o
[4604/6914] Building CXX object lib/Target/PowerPC/CMakeFiles/LLVMPowerPCCodeGen.dir/GISel/PPCCallLowering.cpp.o
[4605/6914] Building CXX object lib/Target/PowerPC/Disassembler/CMakeFiles/LLVMPowerPCDisassembler.dir/PPCDisassembler.cpp.o
[4606/6914] Building CXX object lib/Target/PowerPC/AsmParser/CMakeFiles/LLVMPowerPCAsmParser.dir/PPCAsmParser.cpp.o
[4607/6914] Building CXX object lib/Target/RISCV/CMakeFiles/LLVMRISCVCodeGen.dir/RISCVCodeGenPrepare.cpp.o
[4608/6914] Building CXX object lib/Target/RISCV/CMakeFiles/LLVMRISCVCodeGen.dir/RISCVMakeCompressible.cpp.o
[4609/6914] Building CXX object lib/Target/RISCV/CMakeFiles/LLVMRISCVCodeGen.dir/RISCVAsmPrinter.cpp.o
[4610/6914] Building CXX object lib/Target/RISCV/CMakeFiles/LLVMRISCVCodeGen.dir/RISCVExpandAtomicPseudoInsts.cpp.o
[4611/6914] Building CXX object lib/Target/RISCV/CMakeFiles/LLVMRISCVCodeGen.dir/RISCVExpandPseudoInsts.cpp.o
[4612/6914] Building CXX object lib/Target/RISCV/CMakeFiles/LLVMRISCVCodeGen.dir/RISCVFrameLowering.cpp.o
[4613/6914] Building CXX object lib/Target/RISCV/CMakeFiles/LLVMRISCVCodeGen.dir/RISCVGatherScatterLowering.cpp.o
[4614/6914] Building CXX object lib/Target/RISCV/CMakeFiles/LLVMRISCVCodeGen.dir/RISCVInsertVSETVLI.cpp.o
[4615/6914] Building CXX object lib/Target/RISCV/CMakeFiles/LLVMRISCVCodeGen.dir/RISCVMachineFunctionInfo.cpp.o
[4616/6914] Building CXX object lib/Target/RISCV/CMakeFiles/LLVMRISCVCodeGen.dir/RISCVInstrInfo.cpp.o
[4617/6914] Building CXX object lib/Target/RISCV/CMakeFiles/LLVMRISCVCodeGen.dir/RISCVMacroFusion.cpp.o
[4618/6914] Building CXX object lib/Target/RISCV/CMakeFiles/LLVMRISCVCodeGen.dir/RISCVMCInstLower.cpp.o
[4619/6914] Building CXX object lib/Target/RISCV/CMakeFiles/LLVMRISCVCodeGen.dir/RISCVRedundantCopyElimination.cpp.o
[4620/6914] Building CXX object lib/Target/RISCV/CMakeFiles/LLVMRISCVCodeGen.dir/RISCVMergeBaseOffset.cpp.o
[4621/6914] Building CXX object lib/Target/RISCV/CMakeFiles/LLVMRISCVCodeGen.dir/RISCVRegisterInfo.cpp.o
[4622/6914] Building CXX object lib/Target/RISCV/CMakeFiles/LLVMRISCVCodeGen.dir/RISCVSExtWRemoval.cpp.o
[4623/6914] Building CXX object lib/Target/RISCV/CMakeFiles/LLVMRISCVCodeGen.dir/RISCVISelDAGToDAG.cpp.o
[4624/6914] Building CXX object lib/Target/RISCV/CMakeFiles/LLVMRISCVCodeGen.dir/RISCVISelLowering.cpp.o
[4625/6914] Building CXX object lib/Target/RISCV/CMakeFiles/LLVMRISCVCodeGen.dir/RISCVStripWSuffix.cpp.o
[4626/6914] Building CXX object lib/Target/RISCV/CMakeFiles/LLVMRISCVCodeGen.dir/RISCVSubtarget.cpp.o
[4627/6914] Building CXX object lib/Target/RISCV/CMakeFiles/LLVMRISCVCodeGen.dir/GISel/RISCVLegalizerInfo.cpp.o
[4628/6914] Building CXX object lib/Target/RISCV/CMakeFiles/LLVMRISCVCodeGen.dir/GISel/RISCVCallLowering.cpp.o
[4629/6914] Building CXX object lib/Target/RISCV/CMakeFiles/LLVMRISCVCodeGen.dir/RISCVTargetObjectFile.cpp.o
[4630/6914] Building CXX object lib/Target/RISCV/CMakeFiles/LLVMRISCVCodeGen.dir/GISel/RISCVRegisterBankInfo.cpp.o
[4631/6914] Linking CXX static library lib/libLLVMRISCVDesc.a
[4632/6914] Building CXX object lib/Target/RISCV/CMakeFiles/LLVMRISCVCodeGen.dir/GISel/RISCVInstructionSelector.cpp.o
[4633/6914] Building CXX object lib/Target/RISCV/Disassembler/CMakeFiles/LLVMRISCVDisassembler.dir/RISCVDisassembler.cpp.o
[4634/6914] Building CXX object lib/Target/RISCV/CMakeFiles/LLVMRISCVCodeGen.dir/RISCVTargetTransformInfo.cpp.o
[4635/6914] Building CXX object lib/Target/RISCV/CMakeFiles/LLVMRISCVCodeGen.dir/RISCVTargetMachine.cpp.o
[4636/6914] Building CXX object lib/Target/RISCV/AsmParser/CMakeFiles/LLVMRISCVAsmParser.dir/RISCVAsmParser.cpp.o
[4637/6914] Building CXX object lib/Target/Sparc/CMakeFiles/LLVMSparcCodeGen.dir/DelaySlotFiller.cpp.o
[4638/6914] Building CXX object lib/Target/Sparc/CMakeFiles/LLVMSparcCodeGen.dir/LeonPasses.cpp.o
[4639/6914] Building CXX object lib/Target/Sparc/CMakeFiles/LLVMSparcCodeGen.dir/SparcISelDAGToDAG.cpp.o
[4640/6914] Building CXX object lib/Target/Sparc/CMakeFiles/LLVMSparcCodeGen.dir/SparcAsmPrinter.cpp.o
[4641/6914] Building CXX object lib/Target/Sparc/CMakeFiles/LLVMSparcCodeGen.dir/SparcInstrInfo.cpp.o
[4642/6914] Building CXX object lib/Target/Sparc/CMakeFiles/LLVMSparcCodeGen.dir/SparcMachineFunctionInfo.cpp.o
[4643/6914] Building CXX object lib/Target/Sparc/CMakeFiles/LLVMSparcCodeGen.dir/SparcFrameLowering.cpp.o
[4644/6914] Building CXX object lib/Target/Sparc/CMakeFiles/LLVMSparcCodeGen.dir/SparcMCInstLower.cpp.o
[4645/6914] Building CXX object lib/Target/Sparc/CMakeFiles/LLVMSparcCodeGen.dir/SparcRegisterInfo.cpp.o
[4646/6914] Building CXX object lib/Target/Sparc/CMakeFiles/LLVMSparcCodeGen.dir/SparcISelLowering.cpp.o
[4647/6914] Linking CXX static library lib/libLLVMSparcDesc.a
[4648/6914] Building CXX object lib/Target/Sparc/CMakeFiles/LLVMSparcCodeGen.dir/SparcSubtarget.cpp.o
[4649/6914] Building CXX object lib/Target/Sparc/CMakeFiles/LLVMSparcCodeGen.dir/SparcTargetMachine.cpp.o
[4650/6914] Building CXX object lib/Target/SystemZ/CMakeFiles/LLVMSystemZCodeGen.dir/SystemZConstantPoolValue.cpp.o
[4651/6914] Building CXX object lib/Target/Sparc/Disassembler/CMakeFiles/LLVMSparcDisassembler.dir/SparcDisassembler.cpp.o
[4652/6914] Building CXX object lib/Target/Sparc/CMakeFiles/LLVMSparcCodeGen.dir/SparcTargetObjectFile.cpp.o
[4653/6914] Building CXX object lib/Target/Sparc/AsmParser/CMakeFiles/LLVMSparcAsmParser.dir/SparcAsmParser.cpp.o
[4654/6914] Building CXX object lib/Target/SystemZ/CMakeFiles/LLVMSystemZCodeGen.dir/SystemZCallingConv.cpp.o
[4655/6914] Building CXX object lib/Target/SystemZ/CMakeFiles/LLVMSystemZCodeGen.dir/SystemZCopyPhysRegs.cpp.o
[4656/6914] Building CXX object lib/Target/SystemZ/CMakeFiles/LLVMSystemZCodeGen.dir/SystemZAsmPrinter.cpp.o
[4657/6914] Building CXX object lib/Target/SystemZ/CMakeFiles/LLVMSystemZCodeGen.dir/SystemZElimCompare.cpp.o
[4658/6914] Building CXX object lib/Target/SystemZ/CMakeFiles/LLVMSystemZCodeGen.dir/SystemZHazardRecognizer.cpp.o
[4659/6914] Building CXX object lib/Target/SystemZ/CMakeFiles/LLVMSystemZCodeGen.dir/SystemZFrameLowering.cpp.o
[4660/6914] Building CXX object lib/Target/SystemZ/CMakeFiles/LLVMSystemZCodeGen.dir/SystemZMachineFunctionInfo.cpp.o
[4661/6914] Building CXX object lib/Target/SystemZ/CMakeFiles/LLVMSystemZCodeGen.dir/SystemZISelDAGToDAG.cpp.o
[4662/6914] Building CXX object lib/Target/SystemZ/CMakeFiles/LLVMSystemZCodeGen.dir/SystemZLDCleanup.cpp.o
[4663/6914] Building CXX object lib/Target/SystemZ/CMakeFiles/LLVMSystemZCodeGen.dir/SystemZLongBranch.cpp.o
[4664/6914] Building CXX object lib/Target/SystemZ/CMakeFiles/LLVMSystemZCodeGen.dir/SystemZInstrInfo.cpp.o
[4665/6914] Building CXX object lib/Target/SystemZ/CMakeFiles/LLVMSystemZCodeGen.dir/SystemZMachineScheduler.cpp.o
[4666/6914] Building CXX object lib/Target/SystemZ/CMakeFiles/LLVMSystemZCodeGen.dir/SystemZMCInstLower.cpp.o
[4667/6914] Building CXX object lib/Target/SystemZ/CMakeFiles/LLVMSystemZCodeGen.dir/SystemZPostRewrite.cpp.o
[4668/6914] Building CXX object lib/Target/SystemZ/CMakeFiles/LLVMSystemZCodeGen.dir/SystemZRegisterInfo.cpp.o
[4669/6914] Building CXX object lib/Target/SystemZ/CMakeFiles/LLVMSystemZCodeGen.dir/SystemZSelectionDAGInfo.cpp.o
[4670/6914] Building CXX object lib/Target/SystemZ/CMakeFiles/LLVMSystemZCodeGen.dir/SystemZISelLowering.cpp.o
[4671/6914] Building CXX object lib/Target/SystemZ/CMakeFiles/LLVMSystemZCodeGen.dir/SystemZShortenInst.cpp.o
[4672/6914] Building CXX object lib/Target/SystemZ/CMakeFiles/LLVMSystemZCodeGen.dir/SystemZSubtarget.cpp.o
[4673/6914] Linking CXX static library lib/libLLVMSystemZDesc.a
[4674/6914] Building CXX object lib/Target/SystemZ/AsmParser/CMakeFiles/LLVMSystemZAsmParser.dir/SystemZAsmParser.cpp.o
[4675/6914] Building CXX object lib/Target/SystemZ/CMakeFiles/LLVMSystemZCodeGen.dir/SystemZTDC.cpp.o
[4676/6914] Building CXX object lib/Target/SystemZ/Disassembler/CMakeFiles/LLVMSystemZDisassembler.dir/SystemZDisassembler.cpp.o
[4677/6914] Building CXX object lib/Target/SystemZ/CMakeFiles/LLVMSystemZCodeGen.dir/SystemZTargetMachine.cpp.o
[4678/6914] Building CXX object lib/Target/SystemZ/CMakeFiles/LLVMSystemZCodeGen.dir/SystemZTargetTransformInfo.cpp.o
[4679/6914] Building CXX object lib/Target/VE/CMakeFiles/LLVMVECodeGen.dir/LVLGen.cpp.o
[4680/6914] Building CXX object lib/Target/VE/CMakeFiles/LLVMVECodeGen.dir/VECustomDAG.cpp.o
[4681/6914] Building CXX object lib/Target/VE/CMakeFiles/LLVMVECodeGen.dir/VEAsmPrinter.cpp.o
[4682/6914] Building CXX object lib/Target/VE/CMakeFiles/LLVMVECodeGen.dir/VEFrameLowering.cpp.o
[4683/6914] Building CXX object lib/Target/VE/CMakeFiles/LLVMVECodeGen.dir/VEMachineFunctionInfo.cpp.o
[4684/6914] Building CXX object lib/Target/VE/CMakeFiles/LLVMVECodeGen.dir/VEISelDAGToDAG.cpp.o
[4685/6914] Building CXX object lib/Target/VE/CMakeFiles/LLVMVECodeGen.dir/VEInstrInfo.cpp.o
[4686/6914] Building CXX object lib/Target/VE/CMakeFiles/LLVMVECodeGen.dir/VEMCInstLower.cpp.o
[4687/6914] Building CXX object lib/Target/VE/CMakeFiles/LLVMVECodeGen.dir/VESubtarget.cpp.o
[4688/6914] Building CXX object lib/Target/VE/CMakeFiles/LLVMVECodeGen.dir/VEISelLowering.cpp.o
[4689/6914] Building CXX object lib/Target/VE/CMakeFiles/LLVMVECodeGen.dir/VERegisterInfo.cpp.o
[4690/6914] Linking CXX static library lib/libLLVMVEDesc.a
[4691/6914] Building CXX object lib/Target/VE/CMakeFiles/LLVMVECodeGen.dir/VVPISelLowering.cpp.o
[4692/6914] Building CXX object lib/Target/VE/AsmParser/CMakeFiles/LLVMVEAsmParser.dir/VEAsmParser.cpp.o
[4693/6914] Building CXX object lib/Target/WebAssembly/CMakeFiles/LLVMWebAssemblyCodeGen.dir/WebAssemblyAddMissingPrototypes.cpp.o
[4694/6914] Building CXX object lib/Target/VE/CMakeFiles/LLVMVECodeGen.dir/VETargetMachine.cpp.o
[4695/6914] Building CXX object lib/Target/VE/Disassembler/CMakeFiles/LLVMVEDisassembler.dir/VEDisassembler.cpp.o
[4696/6914] Building CXX object lib/Target/WebAssembly/CMakeFiles/LLVMWebAssemblyCodeGen.dir/WebAssemblyArgumentMove.cpp.o
[4697/6914] Building CXX object lib/Target/WebAssembly/CMakeFiles/LLVMWebAssemblyCodeGen.dir/WebAssemblyCFGSort.cpp.o
[4698/6914] Building CXX object lib/Target/WebAssembly/CMakeFiles/LLVMWebAssemblyCodeGen.dir/WebAssemblyAsmPrinter.cpp.o
[4699/6914] Building CXX object lib/Target/WebAssembly/CMakeFiles/LLVMWebAssemblyCodeGen.dir/WebAssemblyDebugFixup.cpp.o
[4700/6914] Building CXX object lib/Target/WebAssembly/CMakeFiles/LLVMWebAssemblyCodeGen.dir/WebAssemblyDebugValueManager.cpp.o
[4701/6914] Building CXX object lib/Target/WebAssembly/CMakeFiles/LLVMWebAssemblyCodeGen.dir/WebAssemblyLateEHPrepare.cpp.o
[4702/6914] Building CXX object lib/Target/WebAssembly/CMakeFiles/LLVMWebAssemblyCodeGen.dir/WebAssemblyCFGStackify.cpp.o
[4703/6914] Building CXX object lib/Target/WebAssembly/CMakeFiles/LLVMWebAssemblyCodeGen.dir/WebAssemblyFixFunctionBitcasts.cpp.o
[4704/6914] Building CXX object lib/Target/WebAssembly/CMakeFiles/LLVMWebAssemblyCodeGen.dir/WebAssemblyExceptionInfo.cpp.o
[4705/6914] Building CXX object lib/Target/WebAssembly/CMakeFiles/LLVMWebAssemblyCodeGen.dir/WebAssemblyExplicitLocals.cpp.o
[4706/6914] Building CXX object lib/Target/WebAssembly/CMakeFiles/LLVMWebAssemblyCodeGen.dir/WebAssemblyFixBrTableDefaults.cpp.o
[4707/6914] Building CXX object lib/Target/WebAssembly/CMakeFiles/LLVMWebAssemblyCodeGen.dir/WebAssemblyFixIrreducibleControlFlow.cpp.o
[4708/6914] Building CXX object lib/Target/WebAssembly/CMakeFiles/LLVMWebAssemblyCodeGen.dir/WebAssemblyFastISel.cpp.o
[4709/6914] Building CXX object lib/Target/WebAssembly/CMakeFiles/LLVMWebAssemblyCodeGen.dir/WebAssemblyFrameLowering.cpp.o
[4710/6914] Building CXX object lib/Target/WebAssembly/CMakeFiles/LLVMWebAssemblyCodeGen.dir/WebAssemblyISelDAGToDAG.cpp.o
[4711/6914] Building CXX object lib/Target/WebAssembly/CMakeFiles/LLVMWebAssemblyCodeGen.dir/WebAssemblyInstrInfo.cpp.o
[4712/6914] Building CXX object lib/Target/WebAssembly/CMakeFiles/LLVMWebAssemblyCodeGen.dir/WebAssemblyLowerBrUnless.cpp.o
[4713/6914] Building CXX object lib/Target/WebAssembly/CMakeFiles/LLVMWebAssemblyCodeGen.dir/WebAssemblyISelLowering.cpp.o
[4714/6914] Building CXX object lib/Target/WebAssembly/CMakeFiles/LLVMWebAssemblyCodeGen.dir/WebAssemblyLowerRefTypesIntPtrConv.cpp.o
[4715/6914] Building CXX object lib/Target/WebAssembly/CMakeFiles/LLVMWebAssemblyCodeGen.dir/WebAssemblyLowerEmscriptenEHSjLj.cpp.o
[4716/6914] Building CXX object lib/Target/WebAssembly/CMakeFiles/LLVMWebAssemblyCodeGen.dir/WebAssemblyMachineFunctionInfo.cpp.o
[4717/6914] Building CXX object lib/Target/WebAssembly/CMakeFiles/LLVMWebAssemblyCodeGen.dir/WebAssemblyMCInstLower.cpp.o
[4718/6914] Building CXX object lib/Target/WebAssembly/CMakeFiles/LLVMWebAssemblyCodeGen.dir/WebAssemblyMCLowerPrePass.cpp.o
[4719/6914] Building CXX object lib/Target/WebAssembly/CMakeFiles/LLVMWebAssemblyCodeGen.dir/WebAssemblyOptimizeReturned.cpp.o
[4720/6914] Building CXX object lib/Target/WebAssembly/CMakeFiles/LLVMWebAssemblyCodeGen.dir/WebAssemblyNullifyDebugValueLists.cpp.o
[4721/6914] Building CXX object lib/Target/WebAssembly/CMakeFiles/LLVMWebAssemblyCodeGen.dir/WebAssemblyOptimizeLiveIntervals.cpp.o
[4722/6914] Building CXX object lib/Target/WebAssembly/CMakeFiles/LLVMWebAssemblyCodeGen.dir/WebAssemblyPeephole.cpp.o
[4723/6914] Building CXX object lib/Target/WebAssembly/CMakeFiles/LLVMWebAssemblyCodeGen.dir/WebAssemblyRegisterInfo.cpp.o
[4724/6914] Building CXX object lib/Target/WebAssembly/CMakeFiles/LLVMWebAssemblyCodeGen.dir/WebAssemblyRegColoring.cpp.o
[4725/6914] Building CXX object lib/Target/WebAssembly/CMakeFiles/LLVMWebAssemblyCodeGen.dir/WebAssemblyRegNumbering.cpp.o
[4726/6914] Building CXX object lib/Target/WebAssembly/CMakeFiles/LLVMWebAssemblyCodeGen.dir/WebAssemblyReplacePhysRegs.cpp.o
[4727/6914] Building CXX object lib/Target/WebAssembly/CMakeFiles/LLVMWebAssemblyCodeGen.dir/WebAssemblyRegStackify.cpp.o
[4728/6914] Building CXX object lib/Target/WebAssembly/CMakeFiles/LLVMWebAssemblyCodeGen.dir/WebAssemblyRuntimeLibcallSignatures.cpp.o
[4729/6914] Building CXX object lib/Target/WebAssembly/CMakeFiles/LLVMWebAssemblyCodeGen.dir/WebAssemblySelectionDAGInfo.cpp.o
[4730/6914] Building CXX object lib/Target/WebAssembly/CMakeFiles/LLVMWebAssemblyCodeGen.dir/WebAssemblySortRegion.cpp.o
[4731/6914] Building CXX object lib/Target/WebAssembly/CMakeFiles/LLVMWebAssemblyCodeGen.dir/WebAssemblySetP2AlignOperands.cpp.o
[4732/6914] Building CXX object lib/Target/WebAssembly/CMakeFiles/LLVMWebAssemblyCodeGen.dir/WebAssemblySubtarget.cpp.o
[4733/6914] Building CXX object lib/Target/WebAssembly/CMakeFiles/LLVMWebAssemblyCodeGen.dir/WebAssemblyMemIntrinsicResults.cpp.o
[4734/6914] Building CXX object lib/Target/WebAssembly/CMakeFiles/LLVMWebAssemblyCodeGen.dir/WebAssemblyTargetObjectFile.cpp.o
[4735/6914] Linking CXX static library lib/libLLVMWebAssemblyDesc.a
[4736/6914] Building CXX object lib/Target/WebAssembly/CMakeFiles/LLVMWebAssemblyCodeGen.dir/WebAssemblyTargetTransformInfo.cpp.o
[4737/6914] Building CXX object lib/Target/WebAssembly/AsmParser/CMakeFiles/LLVMWebAssemblyAsmParser.dir/WebAssemblyAsmParser.cpp.o
[4738/6914] Building CXX object lib/Target/WebAssembly/Disassembler/CMakeFiles/LLVMWebAssemblyDisassembler.dir/WebAssemblyDisassembler.cpp.o
[4739/6914] Building CXX object lib/Target/WebAssembly/CMakeFiles/LLVMWebAssemblyCodeGen.dir/WebAssemblyTargetMachine.cpp.o
[4740/6914] Building CXX object lib/Target/WebAssembly/AsmParser/CMakeFiles/LLVMWebAssemblyAsmParser.dir/WebAssemblyAsmTypeCheck.cpp.o
[4741/6914] Building CXX object lib/Target/X86/CMakeFiles/LLVMX86CodeGen.dir/X86AvoidTrailingCall.cpp.o
[4742/6914] Building CXX object lib/Target/X86/CMakeFiles/LLVMX86CodeGen.dir/X86AsmPrinter.cpp.o
[4743/6914] Building CXX object lib/Target/X86/CMakeFiles/LLVMX86CodeGen.dir/X86CallLowering.cpp.o
[4744/6914] Building CXX object lib/Target/X86/CMakeFiles/LLVMX86CodeGen.dir/X86CallFrameOptimization.cpp.o
[4745/6914] Building CXX object lib/Target/X86/CMakeFiles/LLVMX86CodeGen.dir/X86CmovConversion.cpp.o
[4746/6914] Building CXX object lib/Target/X86/CMakeFiles/LLVMX86CodeGen.dir/X86CallingConv.cpp.o
[4747/6914] Building CXX object lib/Target/X86/CMakeFiles/LLVMX86CodeGen.dir/X86DomainReassignment.cpp.o
[4748/6914] Building CXX object lib/Target/X86/CMakeFiles/LLVMX86CodeGen.dir/X86DiscriminateMemOps.cpp.o
[4749/6914] Building CXX object lib/Target/X86/CMakeFiles/LLVMX86CodeGen.dir/X86PreAMXConfig.cpp.o
[4750/6914] Building CXX object lib/Target/X86/CMakeFiles/LLVMX86CodeGen.dir/X86LowerTileCopy.cpp.o
[4751/6914] Building CXX object lib/Target/X86/CMakeFiles/LLVMX86CodeGen.dir/X86LowerAMXType.cpp.o
[4752/6914] Building CXX object lib/Target/X86/CMakeFiles/LLVMX86CodeGen.dir/X86LowerAMXIntrinsics.cpp.o
[4753/6914] Building CXX object lib/Target/X86/CMakeFiles/LLVMX86CodeGen.dir/X86TileConfig.cpp.o
[4754/6914] Building CXX object lib/Target/X86/CMakeFiles/LLVMX86CodeGen.dir/X86FastTileConfig.cpp.o
[4755/6914] Building CXX object lib/Target/X86/CMakeFiles/LLVMX86CodeGen.dir/X86FastPreTileConfig.cpp.o
[4756/6914] Building CXX object lib/Target/X86/CMakeFiles/LLVMX86CodeGen.dir/X86ExpandPseudo.cpp.o
[4757/6914] Building CXX object lib/Target/X86/CMakeFiles/LLVMX86CodeGen.dir/X86PreTileConfig.cpp.o
[4758/6914] Building CXX object lib/Target/X86/CMakeFiles/LLVMX86CodeGen.dir/X86FixupBWInsts.cpp.o
[4759/6914] Building CXX object lib/Target/X86/CMakeFiles/LLVMX86CodeGen.dir/X86FixupLEAs.cpp.o
[4760/6914] Building CXX object lib/Target/X86/CMakeFiles/LLVMX86CodeGen.dir/X86AvoidStoreForwardingBlocks.cpp.o
[4761/6914] Building CXX object lib/Target/X86/CMakeFiles/LLVMX86CodeGen.dir/X86FixupSetCC.cpp.o
[4762/6914] Building CXX object lib/Target/X86/CMakeFiles/LLVMX86CodeGen.dir/X86DynAllocaExpander.cpp.o
[4763/6914] Building CXX object lib/Target/X86/CMakeFiles/LLVMX86CodeGen.dir/X86FastISel.cpp.o
[4764/6914] Building CXX object lib/Target/X86/CMakeFiles/LLVMX86CodeGen.dir/X86FloatingPoint.cpp.o
[4765/6914] Building CXX object lib/Target/X86/CMakeFiles/LLVMX86CodeGen.dir/X86FlagsCopyLowering.cpp.o
[4766/6914] Building CXX object lib/Target/X86/CMakeFiles/LLVMX86CodeGen.dir/X86FrameLowering.cpp.o
[4767/6914] Building CXX object lib/Target/X86/CMakeFiles/LLVMX86CodeGen.dir/X86IndirectBranchTracking.cpp.o
[4768/6914] Building CXX object lib/Target/X86/CMakeFiles/LLVMX86CodeGen.dir/X86InstructionSelector.cpp.o
[4769/6914] Building CXX object lib/Target/X86/CMakeFiles/LLVMX86CodeGen.dir/X86IndirectThunks.cpp.o
[4770/6914] Building CXX object lib/Target/X86/CMakeFiles/LLVMX86CodeGen.dir/X86InstrFMA3Info.cpp.o
[4771/6914] Building CXX object lib/Target/X86/CMakeFiles/LLVMX86CodeGen.dir/X86InterleavedAccess.cpp.o
[4772/6914] Building CXX object lib/Target/X86/CMakeFiles/LLVMX86CodeGen.dir/X86ISelDAGToDAG.cpp.o
[4773/6914] Building CXX object lib/Target/X86/CMakeFiles/LLVMX86CodeGen.dir/X86InstrFoldTables.cpp.o
[4774/6914] Building CXX object lib/Target/X86/CMakeFiles/LLVMX86CodeGen.dir/X86InsertPrefetch.cpp.o
[4775/6914] Building CXX object lib/Target/X86/CMakeFiles/LLVMX86CodeGen.dir/X86InstCombineIntrinsic.cpp.o
[4776/6914] Building CXX object lib/Target/X86/CMakeFiles/LLVMX86CodeGen.dir/X86EvexToVex.cpp.o
[4777/6914] Building CXX object lib/Target/X86/CMakeFiles/LLVMX86CodeGen.dir/X86KCFI.cpp.o
[4778/6914] Building CXX object lib/Target/X86/CMakeFiles/LLVMX86CodeGen.dir/X86LegalizerInfo.cpp.o
[4779/6914] Building CXX object lib/Target/X86/CMakeFiles/LLVMX86CodeGen.dir/X86LoadValueInjectionRetHardening.cpp.o
[4780/6914] Building CXX object lib/Target/X86/CMakeFiles/LLVMX86CodeGen.dir/X86MachineFunctionInfo.cpp.o
[4781/6914] Building CXX object lib/Target/X86/CMakeFiles/LLVMX86CodeGen.dir/X86LoadValueInjectionLoadHardening.cpp.o
[4782/6914] Building CXX object lib/Target/X86/CMakeFiles/LLVMX86CodeGen.dir/X86InstrInfo.cpp.o
[4783/6914] Building CXX object lib/Target/X86/CMakeFiles/LLVMX86CodeGen.dir/X86MCInstLower.cpp.o
[4784/6914] Building CXX object lib/Target/X86/CMakeFiles/LLVMX86CodeGen.dir/X86MacroFusion.cpp.o
[4785/6914] Building CXX object lib/Target/X86/CMakeFiles/LLVMX86CodeGen.dir/X86PadShortFunction.cpp.o
[4786/6914] Building CXX object lib/Target/X86/CMakeFiles/LLVMX86CodeGen.dir/X86OptimizeLEAs.cpp.o
[4787/6914] Building CXX object lib/Target/X86/CMakeFiles/LLVMX86CodeGen.dir/X86PartialReduction.cpp.o
[4788/6914] Building CXX object lib/Target/X86/CMakeFiles/LLVMX86CodeGen.dir/X86RegisterBankInfo.cpp.o
[4789/6914] Building CXX object lib/Target/X86/CMakeFiles/LLVMX86CodeGen.dir/X86ShuffleDecodeConstantPool.cpp.o
[4790/6914] Building CXX object lib/Target/X86/CMakeFiles/LLVMX86CodeGen.dir/X86RegisterInfo.cpp.o
[4791/6914] Building CXX object lib/Target/X86/CMakeFiles/LLVMX86CodeGen.dir/X86ReturnThunks.cpp.o
[4792/6914] Building CXX object lib/Target/X86/CMakeFiles/LLVMX86CodeGen.dir/X86SelectionDAGInfo.cpp.o
[4793/6914] Building CXX object lib/Target/X86/CMakeFiles/LLVMX86CodeGen.dir/X86SpeculativeExecutionSideEffectSuppression.cpp.o
[4794/6914] Building CXX object lib/Target/X86/CMakeFiles/LLVMX86CodeGen.dir/X86TargetObjectFile.cpp.o
[4795/6914] Building CXX object lib/Target/X86/CMakeFiles/LLVMX86CodeGen.dir/X86SpeculativeLoadHardening.cpp.o
[4796/6914] Building CXX object lib/Target/X86/CMakeFiles/LLVMX86CodeGen.dir/X86Subtarget.cpp.o
[4797/6914] Building CXX object lib/Target/X86/CMakeFiles/LLVMX86CodeGen.dir/X86VZeroUpper.cpp.o
[4798/6914] Building CXX object lib/Target/X86/CMakeFiles/LLVMX86CodeGen.dir/X86WinEHState.cpp.o
[4799/6914] Building CXX object lib/Target/X86/CMakeFiles/LLVMX86CodeGen.dir/X86TargetMachine.cpp.o
[4800/6914] Linking CXX static library lib/libLLVMX86Desc.a
[4801/6914] Building CXX object lib/Target/X86/CMakeFiles/LLVMX86CodeGen.dir/X86InsertWait.cpp.o
[4802/6914] Building CXX object lib/Target/X86/CMakeFiles/LLVMX86CodeGen.dir/X86TargetTransformInfo.cpp.o
[4803/6914] Building CXX object lib/Target/X86/Disassembler/CMakeFiles/LLVMX86Disassembler.dir/X86Disassembler.cpp.o
[4804/6914] Building CXX object lib/Target/XCore/CMakeFiles/LLVMXCoreCodeGen.dir/XCoreAsmPrinter.cpp.o
[4805/6914] Building CXX object lib/Target/X86/AsmParser/CMakeFiles/LLVMX86AsmParser.dir/X86AsmParser.cpp.o
[4806/6914] Building CXX object lib/Target/XCore/CMakeFiles/LLVMXCoreCodeGen.dir/XCoreInstrInfo.cpp.o
[4807/6914] Building CXX object lib/Target/XCore/CMakeFiles/LLVMXCoreCodeGen.dir/XCoreFrameLowering.cpp.o
[4808/6914] Building CXX object lib/Target/XCore/CMakeFiles/LLVMXCoreCodeGen.dir/XCoreISelDAGToDAG.cpp.o
[4809/6914] Building CXX object lib/Target/XCore/CMakeFiles/LLVMXCoreCodeGen.dir/XCoreMachineFunctionInfo.cpp.o
[4810/6914] Building CXX object lib/Target/XCore/CMakeFiles/LLVMXCoreCodeGen.dir/XCoreLowerThreadLocal.cpp.o
[4811/6914] Building CXX object lib/Target/XCore/CMakeFiles/LLVMXCoreCodeGen.dir/XCoreMCInstLower.cpp.o
[4812/6914] Building CXX object lib/Target/X86/CMakeFiles/LLVMX86CodeGen.dir/X86ISelLowering.cpp.o
[4813/6914] Building CXX object lib/Target/XCore/CMakeFiles/LLVMXCoreCodeGen.dir/XCoreISelLowering.cpp.o
[4814/6914] Building CXX object lib/Target/XCore/CMakeFiles/LLVMXCoreCodeGen.dir/XCoreRegisterInfo.cpp.o
[4815/6914] Building CXX object lib/Target/XCore/CMakeFiles/LLVMXCoreCodeGen.dir/XCoreSubtarget.cpp.o
[4816/6914] Linking CXX static library lib/libLLVMXCoreDesc.a
[4817/6914] Building CXX object lib/Target/XCore/CMakeFiles/LLVMXCoreCodeGen.dir/XCoreTargetObjectFile.cpp.o
[4818/6914] Building CXX object lib/Target/XCore/CMakeFiles/LLVMXCoreCodeGen.dir/XCoreSelectionDAGInfo.cpp.o
[4819/6914] Building CXX object lib/ProfileData/Coverage/CMakeFiles/LLVMCoverage.dir/CoverageMappingWriter.cpp.o
[4820/6914] Building Options.inc...
[4821/6914] NodeIntrospection.inc
[4822/6914] Building CXX object lib/Target/XCore/Disassembler/CMakeFiles/LLVMXCoreDisassembler.dir/XCoreDisassembler.cpp.o
[4823/6914] Linking CXX static library lib/libclangStaticAnalyzerCore.a
[4824/6914] Building CXX object lib/Target/XCore/CMakeFiles/LLVMXCoreCodeGen.dir/XCoreFrameToArgsOffsetElim.cpp.o
[4825/6914] Building CXX object lib/Target/XCore/CMakeFiles/LLVMXCoreCodeGen.dir/XCoreTargetMachine.cpp.o
[4826/6914] Building CXX object lib/ProfileData/Coverage/CMakeFiles/LLVMCoverage.dir/CoverageMapping.cpp.o
[4827/6914] Building CXX object lib/ProfileData/Coverage/CMakeFiles/LLVMCoverage.dir/CoverageMappingReader.cpp.o
[4828/6914] Building CXX object tools/clang/lib/StaticAnalyzer/Checkers/CMakeFiles/obj.clangStaticAnalyzerCheckers.dir/AnalyzerStatsChecker.cpp.o
[4829/6914] Building CXX object tools/clang/lib/StaticAnalyzer/Checkers/CMakeFiles/obj.clangStaticAnalyzerCheckers.dir/ArrayBoundChecker.cpp.o
[4830/6914] Building CXX object tools/clang/lib/StaticAnalyzer/Checkers/CMakeFiles/obj.clangStaticAnalyzerCheckers.dir/AnalysisOrderChecker.cpp.o
[4831/6914] Building CXX object tools/clang/lib/StaticAnalyzer/Checkers/CMakeFiles/obj.clangStaticAnalyzerCheckers.dir/ArrayBoundCheckerV2.cpp.o
[4832/6914] Building CXX object tools/clang/lib/StaticAnalyzer/Checkers/CMakeFiles/obj.clangStaticAnalyzerCheckers.dir/BasicObjCFoundationChecks.cpp.o
[4833/6914] Building CXX object tools/clang/lib/StaticAnalyzer/Checkers/CMakeFiles/obj.clangStaticAnalyzerCheckers.dir/BlockInCriticalSectionChecker.cpp.o
[4834/6914] Building CXX object tools/clang/lib/StaticAnalyzer/Checkers/CMakeFiles/obj.clangStaticAnalyzerCheckers.dir/BoolAssignmentChecker.cpp.o
[4835/6914] Building CXX object tools/clang/lib/StaticAnalyzer/Checkers/CMakeFiles/obj.clangStaticAnalyzerCheckers.dir/BuiltinFunctionChecker.cpp.o
[4836/6914] Building CXX object tools/clang/lib/StaticAnalyzer/Checkers/CMakeFiles/obj.clangStaticAnalyzerCheckers.dir/CStringSyntaxChecker.cpp.o
[4837/6914] Building CXX object tools/clang/lib/StaticAnalyzer/Checkers/CMakeFiles/obj.clangStaticAnalyzerCheckers.dir/CStringChecker.cpp.o
[4838/6914] Building CXX object tools/clang/lib/StaticAnalyzer/Checkers/CMakeFiles/obj.clangStaticAnalyzerCheckers.dir/CastSizeChecker.cpp.o
[4839/6914] Building CXX object tools/clang/lib/StaticAnalyzer/Checkers/CMakeFiles/obj.clangStaticAnalyzerCheckers.dir/CallAndMessageChecker.cpp.o
[4840/6914] Building CXX object tools/clang/lib/StaticAnalyzer/Checkers/CMakeFiles/obj.clangStaticAnalyzerCheckers.dir/CastValueChecker.cpp.o
[4841/6914] Building CXX object tools/clang/lib/StaticAnalyzer/Checkers/CMakeFiles/obj.clangStaticAnalyzerCheckers.dir/CheckObjCInstMethSignature.cpp.o
[4842/6914] Building CXX object tools/clang/lib/StaticAnalyzer/Checkers/CMakeFiles/obj.clangStaticAnalyzerCheckers.dir/CheckObjCDealloc.cpp.o
[4843/6914] Building CXX object tools/clang/lib/StaticAnalyzer/Checkers/CMakeFiles/obj.clangStaticAnalyzerCheckers.dir/CheckPlacementNew.cpp.o
[4844/6914] Building CXX object tools/clang/lib/StaticAnalyzer/Checkers/CMakeFiles/obj.clangStaticAnalyzerCheckers.dir/CastToStructChecker.cpp.o
[4845/6914] Building CXX object tools/clang/lib/StaticAnalyzer/Checkers/CMakeFiles/obj.clangStaticAnalyzerCheckers.dir/CheckSizeofPointer.cpp.o
[4846/6914] Building CXX object tools/clang/lib/StaticAnalyzer/Checkers/CMakeFiles/obj.clangStaticAnalyzerCheckers.dir/CheckSecuritySyntaxOnly.cpp.o
[4847/6914] Building CXX object tools/clang/lib/StaticAnalyzer/Checkers/CMakeFiles/obj.clangStaticAnalyzerCheckers.dir/CheckerDocumentation.cpp.o
[4848/6914] Building CXX object tools/clang/lib/StaticAnalyzer/Checkers/CMakeFiles/obj.clangStaticAnalyzerCheckers.dir/ChrootChecker.cpp.o
[4849/6914] Building CXX object tools/clang/lib/StaticAnalyzer/Checkers/CMakeFiles/obj.clangStaticAnalyzerCheckers.dir/CloneChecker.cpp.o
[4850/6914] Building CXX object tools/clang/lib/StaticAnalyzer/Checkers/CMakeFiles/obj.clangStaticAnalyzerCheckers.dir/ConversionChecker.cpp.o
[4851/6914] Building CXX object tools/clang/lib/StaticAnalyzer/Checkers/CMakeFiles/obj.clangStaticAnalyzerCheckers.dir/CXXSelfAssignmentChecker.cpp.o
[4852/6914] Building CXX object tools/clang/lib/StaticAnalyzer/Checkers/CMakeFiles/obj.clangStaticAnalyzerCheckers.dir/ContainerModeling.cpp.o
[4853/6914] Building CXX object tools/clang/lib/StaticAnalyzer/Checkers/CMakeFiles/obj.clangStaticAnalyzerCheckers.dir/DebugContainerModeling.cpp.o
[4854/6914] Building CXX object tools/clang/lib/StaticAnalyzer/Checkers/CMakeFiles/obj.clangStaticAnalyzerCheckers.dir/DebugIteratorModeling.cpp.o
[4855/6914] Building CXX object tools/clang/lib/StaticAnalyzer/Checkers/CMakeFiles/obj.clangStaticAnalyzerCheckers.dir/DeleteWithNonVirtualDtorChecker.cpp.o
[4856/6914] Building CXX object tools/clang/lib/StaticAnalyzer/Checkers/CMakeFiles/obj.clangStaticAnalyzerCheckers.dir/DereferenceChecker.cpp.o
[4857/6914] Building CXX object tools/clang/lib/StaticAnalyzer/Checkers/CMakeFiles/obj.clangStaticAnalyzerCheckers.dir/DeadStoresChecker.cpp.o
[4858/6914] Building CXX object tools/clang/lib/StaticAnalyzer/Checkers/CMakeFiles/obj.clangStaticAnalyzerCheckers.dir/DebugCheckers.cpp.o
[4859/6914] Building CXX object tools/clang/lib/StaticAnalyzer/Checkers/CMakeFiles/obj.clangStaticAnalyzerCheckers.dir/DirectIvarAssignment.cpp.o
[4860/6914] Building CXX object tools/clang/lib/StaticAnalyzer/Checkers/CMakeFiles/obj.clangStaticAnalyzerCheckers.dir/DivZeroChecker.cpp.o
[4861/6914] Building CXX object tools/clang/lib/StaticAnalyzer/Checkers/CMakeFiles/obj.clangStaticAnalyzerCheckers.dir/DynamicTypeChecker.cpp.o
[4862/6914] Building CXX object tools/clang/lib/StaticAnalyzer/Checkers/CMakeFiles/obj.clangStaticAnalyzerCheckers.dir/EnumCastOutOfRangeChecker.cpp.o
[4863/6914] Building CXX object tools/clang/lib/StaticAnalyzer/Checkers/CMakeFiles/obj.clangStaticAnalyzerCheckers.dir/ErrnoChecker.cpp.o
[4864/6914] Building CXX object tools/clang/lib/StaticAnalyzer/Checkers/CMakeFiles/obj.clangStaticAnalyzerCheckers.dir/ErrnoTesterChecker.cpp.o
[4865/6914] Building CXX object tools/clang/lib/StaticAnalyzer/Checkers/CMakeFiles/obj.clangStaticAnalyzerCheckers.dir/ErrnoModeling.cpp.o
[4866/6914] Building CXX object tools/clang/lib/StaticAnalyzer/Checkers/CMakeFiles/obj.clangStaticAnalyzerCheckers.dir/FixedAddressChecker.cpp.o
[4867/6914] Building CXX object tools/clang/lib/StaticAnalyzer/Checkers/CMakeFiles/obj.clangStaticAnalyzerCheckers.dir/DynamicTypePropagation.cpp.o
[4868/6914] Building CXX object tools/clang/lib/StaticAnalyzer/Checkers/CMakeFiles/obj.clangStaticAnalyzerCheckers.dir/ExprInspectionChecker.cpp.o
[4869/6914] Building CXX object tools/clang/lib/StaticAnalyzer/Checkers/CMakeFiles/obj.clangStaticAnalyzerCheckers.dir/FuchsiaHandleChecker.cpp.o
[4870/6914] Building CXX object tools/clang/lib/StaticAnalyzer/Checkers/CMakeFiles/obj.clangStaticAnalyzerCheckers.dir/GTestChecker.cpp.o
[4871/6914] Building CXX object tools/clang/lib/StaticAnalyzer/Checkers/CMakeFiles/obj.clangStaticAnalyzerCheckers.dir/GenericTaintChecker.cpp.o
[4872/6914] Building CXX object tools/clang/lib/StaticAnalyzer/Checkers/CMakeFiles/obj.clangStaticAnalyzerCheckers.dir/InvalidatedIteratorChecker.cpp.o
[4873/6914] Building CXX object tools/clang/lib/StaticAnalyzer/Checkers/CMakeFiles/obj.clangStaticAnalyzerCheckers.dir/InnerPointerChecker.cpp.o
[4874/6914] Building CXX object tools/clang/lib/StaticAnalyzer/Checkers/CMakeFiles/obj.clangStaticAnalyzerCheckers.dir/GCDAntipatternChecker.cpp.o
[4875/6914] Building CXX object tools/clang/lib/StaticAnalyzer/Checkers/CMakeFiles/obj.clangStaticAnalyzerCheckers.dir/IdenticalExprChecker.cpp.o
[4876/6914] Building CXX object tools/clang/lib/StaticAnalyzer/Checkers/CMakeFiles/obj.clangStaticAnalyzerCheckers.dir/cert/InvalidPtrChecker.cpp.o
[4877/6914] Building CXX object tools/clang/lib/StaticAnalyzer/Checkers/CMakeFiles/obj.clangStaticAnalyzerCheckers.dir/Iterator.cpp.o
[4878/6914] Building CXX object tools/clang/lib/StaticAnalyzer/Checkers/CMakeFiles/obj.clangStaticAnalyzerCheckers.dir/IteratorRangeChecker.cpp.o
[4879/6914] Building CXX object tools/clang/lib/StaticAnalyzer/Checkers/CMakeFiles/obj.clangStaticAnalyzerCheckers.dir/IvarInvalidationChecker.cpp.o
[4880/6914] Building CXX object tools/clang/lib/StaticAnalyzer/Checkers/CMakeFiles/obj.clangStaticAnalyzerCheckers.dir/IteratorModeling.cpp.o
[4881/6914] Building CXX object tools/clang/lib/StaticAnalyzer/Checkers/CMakeFiles/obj.clangStaticAnalyzerCheckers.dir/LLVMConventionsChecker.cpp.o
[4882/6914] Building CXX object tools/clang/lib/StaticAnalyzer/Checkers/CMakeFiles/obj.clangStaticAnalyzerCheckers.dir/MacOSKeychainAPIChecker.cpp.o
[4883/6914] Building CXX object tools/clang/lib/StaticAnalyzer/Checkers/CMakeFiles/obj.clangStaticAnalyzerCheckers.dir/MacOSXAPIChecker.cpp.o
[4884/6914] Building CXX object tools/clang/lib/StaticAnalyzer/Checkers/CMakeFiles/obj.clangStaticAnalyzerCheckers.dir/MallocOverflowSecurityChecker.cpp.o
[4885/6914] Building CXX object tools/clang/lib/StaticAnalyzer/Checkers/CMakeFiles/obj.clangStaticAnalyzerCheckers.dir/MallocSizeofChecker.cpp.o
[4886/6914] Building CXX object tools/clang/lib/StaticAnalyzer/Checkers/CMakeFiles/obj.clangStaticAnalyzerCheckers.dir/LocalizationChecker.cpp.o
[4887/6914] Building CXX object tools/clang/lib/StaticAnalyzer/Checkers/CMakeFiles/obj.clangStaticAnalyzerCheckers.dir/MismatchedIteratorChecker.cpp.o
[4888/6914] Building CXX object tools/clang/lib/StaticAnalyzer/Checkers/CMakeFiles/obj.clangStaticAnalyzerCheckers.dir/MmapWriteExecChecker.cpp.o
[4889/6914] Building CXX object tools/clang/lib/StaticAnalyzer/Checkers/CMakeFiles/obj.clangStaticAnalyzerCheckers.dir/MallocChecker.cpp.o
[4890/6914] Building CXX object tools/clang/lib/StaticAnalyzer/Checkers/CMakeFiles/obj.clangStaticAnalyzerCheckers.dir/MIGChecker.cpp.o
[4891/6914] Building CXX object tools/clang/lib/StaticAnalyzer/Checkers/CMakeFiles/obj.clangStaticAnalyzerCheckers.dir/MPI-Checker/MPIBugReporter.cpp.o
[4892/6914] Building CXX object tools/clang/lib/StaticAnalyzer/Checkers/CMakeFiles/obj.clangStaticAnalyzerCheckers.dir/MPI-Checker/MPIFunctionClassifier.cpp.o
[4893/6914] Building CXX object tools/clang/lib/StaticAnalyzer/Checkers/CMakeFiles/obj.clangStaticAnalyzerCheckers.dir/MoveChecker.cpp.o
[4894/6914] Building CXX object tools/clang/lib/StaticAnalyzer/Checkers/CMakeFiles/obj.clangStaticAnalyzerCheckers.dir/MPI-Checker/MPIChecker.cpp.o
[4895/6914] Building CXX object tools/clang/lib/StaticAnalyzer/Checkers/CMakeFiles/obj.clangStaticAnalyzerCheckers.dir/NSAutoreleasePoolChecker.cpp.o
[4896/6914] Building CXX object tools/clang/lib/StaticAnalyzer/Checkers/CMakeFiles/obj.clangStaticAnalyzerCheckers.dir/NoReturnFunctionChecker.cpp.o
[4897/6914] Building CXX object tools/clang/lib/StaticAnalyzer/Checkers/CMakeFiles/obj.clangStaticAnalyzerCheckers.dir/NonnullGlobalConstantsChecker.cpp.o
[4898/6914] Building CXX object tools/clang/lib/StaticAnalyzer/Checkers/CMakeFiles/obj.clangStaticAnalyzerCheckers.dir/NSErrorChecker.cpp.o
[4899/6914] Building CXX object tools/clang/lib/StaticAnalyzer/Checkers/CMakeFiles/obj.clangStaticAnalyzerCheckers.dir/NonNullParamChecker.cpp.o
[4900/6914] Building CXX object tools/clang/lib/StaticAnalyzer/Checkers/CMakeFiles/obj.clangStaticAnalyzerCheckers.dir/NullabilityChecker.cpp.o
[4901/6914] Building CXX object tools/clang/lib/StaticAnalyzer/Checkers/CMakeFiles/obj.clangStaticAnalyzerCheckers.dir/ObjCAtSyncChecker.cpp.o
[4902/6914] Building CXX object tools/clang/lib/StaticAnalyzer/Checkers/CMakeFiles/obj.clangStaticAnalyzerCheckers.dir/ObjCContainersASTChecker.cpp.o
[4903/6914] Building CXX object tools/clang/lib/StaticAnalyzer/Checkers/CMakeFiles/obj.clangStaticAnalyzerCheckers.dir/ObjCContainersChecker.cpp.o
[4904/6914] Building CXX object tools/clang/lib/StaticAnalyzer/Checkers/CMakeFiles/obj.clangStaticAnalyzerCheckers.dir/ObjCPropertyChecker.cpp.o
[4905/6914] Building CXX object tools/clang/lib/StaticAnalyzer/Checkers/CMakeFiles/obj.clangStaticAnalyzerCheckers.dir/NumberObjectConversionChecker.cpp.o
[4906/6914] Building CXX object tools/clang/lib/StaticAnalyzer/Checkers/CMakeFiles/obj.clangStaticAnalyzerCheckers.dir/ObjCAutoreleaseWriteChecker.cpp.o
[4907/6914] Building CXX object tools/clang/lib/StaticAnalyzer/Checkers/CMakeFiles/obj.clangStaticAnalyzerCheckers.dir/ObjCSelfInitChecker.cpp.o
[4908/6914] Building CXX object tools/clang/lib/StaticAnalyzer/Checkers/CMakeFiles/obj.clangStaticAnalyzerCheckers.dir/ObjCMissingSuperCallChecker.cpp.o
[4909/6914] Building CXX object tools/clang/lib/StaticAnalyzer/Checkers/CMakeFiles/obj.clangStaticAnalyzerCheckers.dir/ObjCSuperDeallocChecker.cpp.o
[4910/6914] Building CXX object tools/clang/lib/StaticAnalyzer/Checkers/CMakeFiles/obj.clangStaticAnalyzerCheckers.dir/ObjCUnusedIVarsChecker.cpp.o
[4911/6914] Building CXX object tools/clang/lib/StaticAnalyzer/Checkers/CMakeFiles/obj.clangStaticAnalyzerCheckers.dir/PointerArithChecker.cpp.o
[4912/6914] Building CXX object tools/clang/lib/StaticAnalyzer/Checkers/CMakeFiles/obj.clangStaticAnalyzerCheckers.dir/PointerSubChecker.cpp.o
[4913/6914] Building CXX object tools/clang/lib/StaticAnalyzer/Checkers/CMakeFiles/obj.clangStaticAnalyzerCheckers.dir/OSObjectCStyleCast.cpp.o
[4914/6914] Building CXX object tools/clang/lib/StaticAnalyzer/Checkers/CMakeFiles/obj.clangStaticAnalyzerCheckers.dir/PaddingChecker.cpp.o
[4915/6914] Building CXX object tools/clang/lib/StaticAnalyzer/Checkers/CMakeFiles/obj.clangStaticAnalyzerCheckers.dir/PointerIterationChecker.cpp.o
[4916/6914] Building CXX object tools/clang/lib/StaticAnalyzer/Checkers/CMakeFiles/obj.clangStaticAnalyzerCheckers.dir/PointerSortingChecker.cpp.o
[4917/6914] Building CXX object tools/clang/lib/StaticAnalyzer/Checkers/CMakeFiles/obj.clangStaticAnalyzerCheckers.dir/cert/PutenvWithAutoChecker.cpp.o
[4918/6914] Building CXX object tools/clang/lib/StaticAnalyzer/Checkers/CMakeFiles/obj.clangStaticAnalyzerCheckers.dir/PthreadLockChecker.cpp.o
[4919/6914] Building CXX object tools/clang/lib/StaticAnalyzer/Checkers/CMakeFiles/obj.clangStaticAnalyzerCheckers.dir/RetainCountChecker/RetainCountDiagnostics.cpp.o
[4920/6914] Building CXX object tools/clang/lib/StaticAnalyzer/Checkers/CMakeFiles/obj.clangStaticAnalyzerCheckers.dir/RetainCountChecker/RetainCountChecker.cpp.o
[4921/6914] Building CXX object tools/clang/lib/StaticAnalyzer/Checkers/CMakeFiles/obj.clangStaticAnalyzerCheckers.dir/ReturnPointerRangeChecker.cpp.o
[4922/6914] Building CXX object tools/clang/lib/StaticAnalyzer/Checkers/CMakeFiles/obj.clangStaticAnalyzerCheckers.dir/ReturnUndefChecker.cpp.o
[4923/6914] Building CXX object tools/clang/lib/StaticAnalyzer/Checkers/CMakeFiles/obj.clangStaticAnalyzerCheckers.dir/ReturnValueChecker.cpp.o
[4924/6914] Building CXX object tools/clang/lib/StaticAnalyzer/Checkers/CMakeFiles/obj.clangStaticAnalyzerCheckers.dir/SmartPtrChecker.cpp.o
[4925/6914] Building CXX object tools/clang/lib/StaticAnalyzer/Checkers/CMakeFiles/obj.clangStaticAnalyzerCheckers.dir/SimpleStreamChecker.cpp.o
[4926/6914] Building CXX object tools/clang/lib/StaticAnalyzer/Checkers/CMakeFiles/obj.clangStaticAnalyzerCheckers.dir/StackAddrEscapeChecker.cpp.o
[4927/6914] Building CXX object tools/clang/lib/StaticAnalyzer/Checkers/CMakeFiles/obj.clangStaticAnalyzerCheckers.dir/SmartPtrModeling.cpp.o
[4928/6914] Building CXX object tools/clang/lib/StaticAnalyzer/Checkers/CMakeFiles/obj.clangStaticAnalyzerCheckers.dir/RunLoopAutoreleaseLeakChecker.cpp.o
[4929/6914] Building CXX object tools/clang/lib/StaticAnalyzer/Checkers/CMakeFiles/obj.clangStaticAnalyzerCheckers.dir/STLAlgorithmModeling.cpp.o
[4930/6914] Building CXX object tools/clang/lib/StaticAnalyzer/Checkers/CMakeFiles/obj.clangStaticAnalyzerCheckers.dir/StringChecker.cpp.o
[4931/6914] Building CXX object tools/clang/lib/StaticAnalyzer/Checkers/CMakeFiles/obj.clangStaticAnalyzerCheckers.dir/TaintTesterChecker.cpp.o
[4932/6914] Building CXX object tools/clang/lib/StaticAnalyzer/Checkers/CMakeFiles/obj.clangStaticAnalyzerCheckers.dir/StreamChecker.cpp.o
[4933/6914] Building CXX object tools/clang/lib/StaticAnalyzer/Checkers/CMakeFiles/obj.clangStaticAnalyzerCheckers.dir/Taint.cpp.o
[4934/6914] Building CXX object tools/clang/lib/StaticAnalyzer/Checkers/CMakeFiles/obj.clangStaticAnalyzerCheckers.dir/StdLibraryFunctionsChecker.cpp.o
[4935/6914] Building CXX object tools/clang/lib/StaticAnalyzer/Checkers/CMakeFiles/obj.clangStaticAnalyzerCheckers.dir/TraversalChecker.cpp.o
[4936/6914] Building CXX object tools/clang/lib/StaticAnalyzer/Checkers/CMakeFiles/obj.clangStaticAnalyzerCheckers.dir/TestAfterDivZeroChecker.cpp.o
[4937/6914] Building CXX object tools/clang/lib/StaticAnalyzer/Checkers/CMakeFiles/obj.clangStaticAnalyzerCheckers.dir/TrustReturnsNonnullChecker.cpp.o
[4938/6914] Building CXX object tools/clang/lib/StaticAnalyzer/Checkers/CMakeFiles/obj.clangStaticAnalyzerCheckers.dir/UndefBranchChecker.cpp.o
[4939/6914] Building CXX object tools/clang/lib/StaticAnalyzer/Checkers/CMakeFiles/obj.clangStaticAnalyzerCheckers.dir/TrustNonnullChecker.cpp.o
[4940/6914] Building CXX object tools/clang/lib/StaticAnalyzer/Checkers/CMakeFiles/obj.clangStaticAnalyzerCheckers.dir/UndefCapturedBlockVarChecker.cpp.o
[4941/6914] Building CXX object tools/clang/lib/StaticAnalyzer/Checkers/CMakeFiles/obj.clangStaticAnalyzerCheckers.dir/UndefResultChecker.cpp.o
[4942/6914] Building CXX object tools/clang/lib/StaticAnalyzer/Checkers/CMakeFiles/obj.clangStaticAnalyzerCheckers.dir/UndefinedArraySubscriptChecker.cpp.o
[4943/6914] Building CXX object tools/clang/lib/StaticAnalyzer/Checkers/CMakeFiles/obj.clangStaticAnalyzerCheckers.dir/UndefinedAssignmentChecker.cpp.o
[4944/6914] Building CXX object tools/clang/lib/StaticAnalyzer/Checkers/CMakeFiles/obj.clangStaticAnalyzerCheckers.dir/UndefinedNewArraySizeChecker.cpp.o
[4945/6914] Building CXX object tools/clang/lib/StaticAnalyzer/Checkers/CMakeFiles/obj.clangStaticAnalyzerCheckers.dir/UninitializedObject/UninitializedPointee.cpp.o
[4946/6914] Building CXX object tools/clang/lib/StaticAnalyzer/Checkers/CMakeFiles/obj.clangStaticAnalyzerCheckers.dir/UnreachableCodeChecker.cpp.o
[4947/6914] Building CXX object tools/clang/lib/StaticAnalyzer/Checkers/CMakeFiles/obj.clangStaticAnalyzerCheckers.dir/UnixAPIChecker.cpp.o
[4948/6914] Building CXX object tools/clang/lib/StaticAnalyzer/Checkers/CMakeFiles/obj.clangStaticAnalyzerCheckers.dir/VforkChecker.cpp.o
[4949/6914] Building CXX object tools/clang/lib/StaticAnalyzer/Checkers/CMakeFiles/obj.clangStaticAnalyzerCheckers.dir/VLASizeChecker.cpp.o
[4950/6914] Building CXX object tools/clang/lib/StaticAnalyzer/Checkers/CMakeFiles/obj.clangStaticAnalyzerCheckers.dir/UninitializedObject/UninitializedObjectChecker.cpp.o
[4951/6914] Building CXX object tools/clang/lib/StaticAnalyzer/Checkers/CMakeFiles/obj.clangStaticAnalyzerCheckers.dir/ValistChecker.cpp.o
[4952/6914] Building CXX object tools/clang/lib/StaticAnalyzer/Checkers/CMakeFiles/obj.clangStaticAnalyzerCheckers.dir/WebKit/ASTUtils.cpp.o
[4953/6914] Building CXX object tools/clang/lib/StaticAnalyzer/Checkers/CMakeFiles/obj.clangStaticAnalyzerCheckers.dir/WebKit/PtrTypesSemantics.cpp.o
[4954/6914] Building CXX object tools/clang/lib/StaticAnalyzer/Checkers/CMakeFiles/obj.clangStaticAnalyzerCheckers.dir/VirtualCallChecker.cpp.o
[4955/6914] Building LinkerWrapperOpts.inc...
[4956/6914] Generating VCSVersion.inc
[4957/6914] Linking CXX executable bin/mlir-pdll
[4958/6914] Building CXX object tools/clang/lib/StaticAnalyzer/Checkers/CMakeFiles/obj.clangStaticAnalyzerCheckers.dir/WebKit/NoUncountedMembersChecker.cpp.o
[4959/6914] Building CXX object tools/mlir/lib/Conversion/AMDGPUToROCDL/CMakeFiles/obj.MLIRAMDGPUToROCDL.dir/Chipset.cpp.o
[4960/6914] Linking CXX static library lib/libMLIRArithToSPIRV.a
[4961/6914] Linking CXX static library lib/libMLIRAsyncToLLVM.a
[4962/6914] Building CXX object tools/clang/lib/StaticAnalyzer/Checkers/CMakeFiles/obj.clangStaticAnalyzerCheckers.dir/WebKit/RefCntblBaseVirtualDtorChecker.cpp.o
[4963/6914] Building CXX object tools/mlir/lib/Conversion/AMDGPUToROCDL/CMakeFiles/obj.MLIRAMDGPUToROCDL.dir/AMDGPUToROCDL.cpp.o
[4964/6914] Building GPUToNVVM.cpp.inc...
[4965/6914] Building GPUToROCDL.cpp.inc...
[4966/6914] Building CXX object tools/clang/lib/StaticAnalyzer/Checkers/CMakeFiles/obj.clangStaticAnalyzerCheckers.dir/WebKit/UncountedCallArgsChecker.cpp.o
[4967/6914] Linking CXX static library lib/libMLIRMemRefToSPIRV.a
[4968/6914] Linking CXX static library lib/libMLIROpenACCToLLVM.a
[4969/6914] Building CXX object tools/clang/lib/StaticAnalyzer/Checkers/CMakeFiles/obj.clangStaticAnalyzerCheckers.dir/WebKit/UncountedLambdaCapturesChecker.cpp.o
[4970/6914] Building CXX object tools/clang/lib/StaticAnalyzer/Checkers/CMakeFiles/obj.clangStaticAnalyzerCheckers.dir/WebKit/UncountedLocalVarsChecker.cpp.o
[4971/6914] Building ShapeToStandard.cpp.inc...
[4972/6914] Building CXX object tools/mlir/lib/Interfaces/CMakeFiles/obj.MLIRDerivedAttributeOpInterface.dir/DerivedAttributeOpInterface.cpp.o
[4973/6914] Building CXX object tools/mlir/lib/Conversion/GPUCommon/CMakeFiles/obj.MLIRGPUToGPURuntimeTransforms.dir/GPUOpsLowering.cpp.o
[4974/6914] Building CXX object tools/mlir/lib/Conversion/SCFToSPIRV/CMakeFiles/obj.MLIRSCFToSPIRV.dir/SCFToSPIRVPass.cpp.o
[4975/6914] Building CXX object tools/mlir/lib/Conversion/SCFToSPIRV/CMakeFiles/obj.MLIRSCFToSPIRV.dir/SCFToSPIRV.cpp.o
[4976/6914] Building CXX object tools/mlir/lib/Conversion/GPUCommon/CMakeFiles/obj.MLIRGPUToGPURuntimeTransforms.dir/GPUToLLVMConversion.cpp.o
[4977/6914] Linking CXX static library lib/libMLIRSPIRVBinaryUtils.a
[4978/6914] Building CXX object tools/mlir/lib/Reducer/CMakeFiles/obj.MLIRReduce.dir/OptReductionPass.cpp.o
[4979/6914] Building CXX object tools/mlir/lib/Reducer/CMakeFiles/obj.MLIRReduce.dir/ReductionNode.cpp.o
[4980/6914] Building CXX object tools/mlir/lib/Conversion/MathToFuncs/CMakeFiles/obj.MLIRMathToFuncs.dir/MathToFuncs.cpp.o
[4981/6914] Building CXX object tools/mlir/lib/Reducer/CMakeFiles/obj.MLIRReduce.dir/Tester.cpp.o
[4982/6914] Building CXX object tools/mlir/lib/Reducer/CMakeFiles/obj.MLIRReduce.dir/ReductionTreePass.cpp.o
[4983/6914] Building CXX object tools/mlir/lib/Target/SPIRV/Serialization/CMakeFiles/obj.MLIRSPIRVSerialization.dir/Serialization.cpp.o
[4984/6914] Linking CXX static library lib/libMLIRTargetLLVMIRImport.a
[4985/6914] Building CXX object tools/mlir/lib/Target/SPIRV/Deserialization/CMakeFiles/obj.MLIRSPIRVDeserialization.dir/Deserialization.cpp.o
[4986/6914] Building CXX object tools/mlir/lib/Target/SPIRV/Serialization/CMakeFiles/obj.MLIRSPIRVSerialization.dir/Serializer.cpp.o
[4987/6914] Building CXX object tools/mlir/lib/Target/SPIRV/Deserialization/CMakeFiles/obj.MLIRSPIRVDeserialization.dir/Deserializer.cpp.o
[4988/6914] Building CXX object tools/mlir/lib/Target/LLVMIR/Dialect/ArmNeon/CMakeFiles/obj.MLIRArmNeonToLLVMIRTranslation.dir/ArmNeonToLLVMIRTranslation.cpp.o
[4989/6914] Building CXX object tools/mlir/lib/Target/LLVMIR/Dialect/ArmSVE/CMakeFiles/obj.MLIRArmSVEToLLVMIRTranslation.dir/ArmSVEToLLVMIRTranslation.cpp.o
[4990/6914] Building CXX object tools/mlir/lib/Target/SPIRV/Deserialization/CMakeFiles/obj.MLIRSPIRVDeserialization.dir/DeserializeOps.cpp.o
[4991/6914] Building CXX object tools/mlir/lib/Target/LLVMIR/Dialect/AMX/CMakeFiles/obj.MLIRAMXToLLVMIRTranslation.dir/AMXToLLVMIRTranslation.cpp.o
[4992/6914] Linking CXX shared library lib/libmlir_float16_utils.so.16
[4993/6914] Building CXX object tools/mlir/lib/Target/SPIRV/Serialization/CMakeFiles/obj.MLIRSPIRVSerialization.dir/SerializeOps.cpp.o
[4994/6914] Building TestOps.cpp.inc...
[4995/6914] Building TestOpsDialect.cpp.inc...
[4996/6914] Building TestOps.h.inc...
[4997/6914] Building TestOpsDialect.h.inc...
[4998/6914] Building lib/PythonTestAttributes.cpp.inc...
[4999/6914] Building lib/PythonTestAttributes.h.inc...
[5000/6914] Building lib/PythonTestDialect.cpp.inc...
[5001/6914] Building TestPatterns.inc...
[5002/6914] Building lib/PythonTestDialect.h.inc...
[5003/6914] Building lib/PythonTestOps.cpp.inc...
[5004/6914] Building lib/PythonTestOps.h.inc...
[5005/6914] Building lib/PythonTestTypes.cpp.inc...
[5006/6914] Building lib/PythonTestTypes.h.inc...
[5007/6914] Building CGPasses.h.inc...
[5008/6914] Linking CXX static library lib/libFortranEvaluate.a
[5009/6914] Building CXX object tools/flang/lib/Semantics/CMakeFiles/obj.FortranSemantics.dir/attr.cpp.o
[5010/6914] Building CXX object tools/mlir/lib/Target/LLVMIR/Dialect/X86Vector/CMakeFiles/obj.MLIRX86VectorToLLVMIRTranslation.dir/X86VectorToLLVMIRTranslation.cpp.o
[5011/6914] Building CXX object tools/mlir/lib/Target/LLVMIR/Dialect/OpenACC/CMakeFiles/obj.MLIROpenACCToLLVMIRTranslation.dir/OpenACCToLLVMIRTranslation.cpp.o
[5012/6914] Building CXX object tools/mlir/lib/Target/LLVMIR/Dialect/NVVM/CMakeFiles/obj.MLIRNVVMToLLVMIRTranslation.dir/NVVMToLLVMIRTranslation.cpp.o
[5013/6914] Building CXX object tools/mlir/lib/Target/LLVMIR/Dialect/LLVMIR/CMakeFiles/obj.MLIRLLVMIRToLLVMTranslation.dir/LLVMIRToLLVMTranslation.cpp.o
[5014/6914] Building CXX object tools/flang/lib/Semantics/CMakeFiles/obj.FortranSemantics.dir/canonicalize-omp.cpp.o
[5015/6914] Building CXX object tools/flang/lib/Semantics/CMakeFiles/obj.FortranSemantics.dir/canonicalize-do.cpp.o
[5016/6914] Building CXX object tools/flang/lib/Semantics/CMakeFiles/obj.FortranSemantics.dir/check-allocate.cpp.o
[5017/6914] Building CXX object tools/flang/lib/Semantics/CMakeFiles/obj.FortranSemantics.dir/assignment.cpp.o
[5018/6914] Building CXX object tools/flang/lib/Semantics/CMakeFiles/obj.FortranSemantics.dir/check-acc-structure.cpp.o
[5019/6914] Building CXX object tools/flang/lib/Semantics/CMakeFiles/obj.FortranSemantics.dir/canonicalize-acc.cpp.o
[5020/6914] Building CXX object tools/flang/lib/Semantics/CMakeFiles/obj.FortranSemantics.dir/check-arithmeticif.cpp.o
[5021/6914] Building CXX object tools/flang/lib/Semantics/CMakeFiles/obj.FortranSemantics.dir/check-deallocate.cpp.o
[5022/6914] Building CXX object tools/flang/lib/Semantics/CMakeFiles/obj.FortranSemantics.dir/check-data.cpp.o
[5023/6914] Building CXX object tools/flang/lib/Semantics/CMakeFiles/obj.FortranSemantics.dir/check-case.cpp.o
[5024/6914] Building CXX object tools/flang/lib/Semantics/CMakeFiles/obj.FortranSemantics.dir/check-declarations.cpp.o
[5025/6914] Building CXX object tools/flang/lib/Semantics/CMakeFiles/obj.FortranSemantics.dir/check-coarray.cpp.o
[5026/6914] Building CXX object tools/flang/lib/Semantics/CMakeFiles/obj.FortranSemantics.dir/check-call.cpp.o
[5027/6914] Building CXX object tools/flang/lib/Semantics/CMakeFiles/obj.FortranSemantics.dir/check-if-stmt.cpp.o
[5028/6914] Building CXX object tools/flang/lib/Semantics/CMakeFiles/obj.FortranSemantics.dir/check-namelist.cpp.o
[5029/6914] Building CXX object tools/flang/lib/Semantics/CMakeFiles/obj.FortranSemantics.dir/check-nullify.cpp.o
[5030/6914] Building CXX object tools/flang/lib/Semantics/CMakeFiles/obj.FortranSemantics.dir/check-io.cpp.o
[5031/6914] Building CXX object tools/flang/lib/Semantics/CMakeFiles/obj.FortranSemantics.dir/check-purity.cpp.o
[5032/6914] Building CXX object tools/flang/lib/Semantics/CMakeFiles/obj.FortranSemantics.dir/check-do-forall.cpp.o
[5033/6914] Building CXX object tools/flang/lib/Semantics/CMakeFiles/obj.FortranSemantics.dir/check-return.cpp.o
[5034/6914] Building CXX object tools/flang/lib/Semantics/CMakeFiles/obj.FortranSemantics.dir/check-select-rank.cpp.o
[5035/6914] Building CXX object tools/flang/lib/Semantics/CMakeFiles/obj.FortranSemantics.dir/check-select-type.cpp.o
[5036/6914] Building CXX object tools/flang/lib/Semantics/CMakeFiles/obj.FortranSemantics.dir/check-stop.cpp.o
[5037/6914] Building CXX object tools/flang/lib/Semantics/CMakeFiles/obj.FortranSemantics.dir/check-omp-structure.cpp.o
[5038/6914] Building CXX object tools/flang/lib/Semantics/CMakeFiles/obj.FortranSemantics.dir/compute-offsets.cpp.o
[5039/6914] Building CXX object tools/flang/lib/Semantics/CMakeFiles/obj.FortranSemantics.dir/program-tree.cpp.o
[5040/6914] Building CXX object tools/flang/lib/Semantics/CMakeFiles/obj.FortranSemantics.dir/definable.cpp.o
[5041/6914] Building CXX object tools/flang/lib/Semantics/CMakeFiles/obj.FortranSemantics.dir/data-to-inits.cpp.o
[5042/6914] Building CXX object tools/flang/lib/Semantics/CMakeFiles/obj.FortranSemantics.dir/pointer-assignment.cpp.o
[5043/6914] Building CXX object tools/flang/lib/Semantics/CMakeFiles/obj.FortranSemantics.dir/mod-file.cpp.o
[5044/6914] Building CXX object tools/flang/lib/Semantics/CMakeFiles/obj.FortranSemantics.dir/resolve-labels.cpp.o
[5045/6914] Building CXX object tools/flang/lib/Semantics/CMakeFiles/obj.FortranSemantics.dir/resolve-names-utils.cpp.o
[5046/6914] Building CXX object tools/flang/lib/Semantics/CMakeFiles/obj.FortranSemantics.dir/rewrite-parse-tree.cpp.o
[5047/6914] Building CXX object tools/flang/lib/Semantics/CMakeFiles/obj.FortranSemantics.dir/expression.cpp.o
[5048/6914] Building CXX object tools/flang/lib/Semantics/CMakeFiles/obj.FortranSemantics.dir/resolve-directives.cpp.o
[5049/6914] Building CXX object tools/flang/lib/Semantics/CMakeFiles/obj.FortranSemantics.dir/scope.cpp.o
[5050/6914] Building CXX object tools/flang/lib/Semantics/CMakeFiles/obj.FortranSemantics.dir/runtime-type-info.cpp.o
[5051/6914] Building CXX object tools/flang/lib/Semantics/CMakeFiles/obj.FortranSemantics.dir/tools.cpp.o
[5052/6914] Linking CXX static library lib/libFIRBuilder.a
[5053/6914] Building CXX object tools/flang/lib/Semantics/CMakeFiles/obj.FortranSemantics.dir/symbol.cpp.o
[5054/6914] Building CXX object tools/flang/lib/Semantics/CMakeFiles/obj.FortranSemantics.dir/resolve-names.cpp.o
[5055/6914] Building CXX object tools/flang/lib/Optimizer/Transforms/CMakeFiles/obj.FIRTransforms.dir/AffinePromotion.cpp.o
[5056/6914] Building CXX object tools/flang/lib/Optimizer/Transforms/CMakeFiles/obj.FIRTransforms.dir/AbstractResult.cpp.o
[5057/6914] Building CXX object tools/flang/lib/Optimizer/Transforms/CMakeFiles/obj.FIRTransforms.dir/AffineDemotion.cpp.o
[5058/6914] Building CXX object tools/flang/lib/Semantics/CMakeFiles/obj.FortranSemantics.dir/semantics.cpp.o
[5059/6914] Building CXX object tools/flang/lib/Optimizer/Transforms/CMakeFiles/obj.FIRTransforms.dir/AnnotateConstant.cpp.o
[5060/6914] Building CXX object tools/flang/lib/Optimizer/Transforms/CMakeFiles/obj.FIRTransforms.dir/CharacterConversion.cpp.o
[5061/6914] Building CXX object tools/flang/lib/Semantics/CMakeFiles/obj.FortranSemantics.dir/unparse-with-symbols.cpp.o
[5062/6914] Building CXX object tools/flang/lib/Optimizer/Transforms/CMakeFiles/obj.FIRTransforms.dir/ControlFlowConverter.cpp.o
[5063/6914] Building CXX object tools/flang/lib/Optimizer/Transforms/CMakeFiles/obj.FIRTransforms.dir/MemRefDataFlowOpt.cpp.o
[5064/6914] Building CXX object tools/flang/lib/Optimizer/Transforms/CMakeFiles/obj.FIRTransforms.dir/MemoryAllocation.cpp.o
[5065/6914] Building CXX object tools/flang/lib/Optimizer/Transforms/CMakeFiles/obj.FIRTransforms.dir/ExternalNameConversion.cpp.o
[5066/6914] Building CXX object tools/flang/lib/Optimizer/Transforms/CMakeFiles/obj.FIRTransforms.dir/ArrayValueCopy.cpp.o
[5067/6914] Linking CXX static library lib/libLLVMLTO.a
[5068/6914] Building CXX object tools/flang/lib/Optimizer/Transforms/CMakeFiles/obj.FIRTransforms.dir/SimplifyRegionLite.cpp.o
[5069/6914] Building CXX object lib/MCA/CMakeFiles/LLVMMCA.dir/CodeEmitter.cpp.o
[5070/6914] Building CXX object lib/MCA/CMakeFiles/LLVMMCA.dir/CustomBehaviour.cpp.o
[5071/6914] Building CXX object lib/MCA/CMakeFiles/LLVMMCA.dir/Context.cpp.o
[5072/6914] Building CXX object lib/MCA/CMakeFiles/LLVMMCA.dir/HardwareUnits/HardwareUnit.cpp.o
[5073/6914] Building CXX object tools/flang/lib/Optimizer/Transforms/CMakeFiles/obj.FIRTransforms.dir/AlgebraicSimplification.cpp.o
[5074/6914] Building CXX object lib/MCA/CMakeFiles/LLVMMCA.dir/HWEventListener.cpp.o
[5075/6914] Building CXX object lib/MCA/CMakeFiles/LLVMMCA.dir/HardwareUnits/LSUnit.cpp.o
[5076/6914] Building CXX object lib/MCA/CMakeFiles/LLVMMCA.dir/HardwareUnits/RegisterFile.cpp.o
[5077/6914] Building CXX object lib/MCA/CMakeFiles/LLVMMCA.dir/HardwareUnits/RetireControlUnit.cpp.o
[5078/6914] Building CXX object lib/MCA/CMakeFiles/LLVMMCA.dir/HardwareUnits/ResourceManager.cpp.o
[5079/6914] Building CXX object lib/MCA/CMakeFiles/LLVMMCA.dir/IncrementalSourceMgr.cpp.o
[5080/6914] Building CXX object tools/flang/lib/Optimizer/Transforms/CMakeFiles/obj.FIRTransforms.dir/AddDebugFoundation.cpp.o
[5081/6914] Building CXX object lib/MCA/CMakeFiles/LLVMMCA.dir/HardwareUnits/Scheduler.cpp.o
[5082/6914] Building CXX object lib/MCA/CMakeFiles/LLVMMCA.dir/Instruction.cpp.o
[5083/6914] Building CXX object lib/MCA/CMakeFiles/LLVMMCA.dir/Pipeline.cpp.o
[5084/6914] Building CXX object tools/flang/lib/Semantics/CMakeFiles/obj.FortranSemantics.dir/type.cpp.o
[5085/6914] Building CXX object lib/MCA/CMakeFiles/LLVMMCA.dir/Stages/DispatchStage.cpp.o
[5086/6914] Building CXX object tools/flang/lib/Optimizer/Transforms/CMakeFiles/obj.FIRTransforms.dir/SimplifyIntrinsics.cpp.o
[5087/6914] Building CXX object lib/MCA/CMakeFiles/LLVMMCA.dir/InstrBuilder.cpp.o
[5088/6914] Building CXX object lib/MCA/CMakeFiles/LLVMMCA.dir/Stages/EntryStage.cpp.o
[5089/6914] Building CXX object lib/MCA/CMakeFiles/LLVMMCA.dir/Stages/ExecuteStage.cpp.o
[5090/6914] Building CXX object lib/MCA/CMakeFiles/LLVMMCA.dir/Stages/InstructionTables.cpp.o
[5091/6914] Building CXX object lib/MCA/CMakeFiles/LLVMMCA.dir/Stages/MicroOpQueueStage.cpp.o
[5092/6914] Building CXX object lib/MCA/CMakeFiles/LLVMMCA.dir/Stages/Stage.cpp.o
[5093/6914] Building CXX object lib/MCA/CMakeFiles/LLVMMCA.dir/Stages/RetireStage.cpp.o
[5094/6914] Building CXX object lib/MCA/CMakeFiles/LLVMMCA.dir/Support.cpp.o
[5095/6914] Building CXX object lib/MCA/CMakeFiles/LLVMMCA.dir/Stages/InOrderIssueStage.cpp.o
[5096/6914] Building CXX object lib/ObjectYAML/CMakeFiles/LLVMObjectYAML.dir/ArchiveEmitter.cpp.o
[5097/6914] Building CXX object lib/MCA/CMakeFiles/LLVMMCA.dir/View.cpp.o
[5098/6914] Building CXX object lib/ObjectYAML/CMakeFiles/LLVMObjectYAML.dir/ArchiveYAML.cpp.o
[5099/6914] Building CXX object lib/ObjectYAML/CMakeFiles/LLVMObjectYAML.dir/CodeViewYAMLTypeHashing.cpp.o
[5100/6914] Building CXX object lib/ObjectYAML/CMakeFiles/LLVMObjectYAML.dir/COFFEmitter.cpp.o
[5101/6914] Building CXX object lib/ObjectYAML/CMakeFiles/LLVMObjectYAML.dir/COFFYAML.cpp.o
[5102/6914] Building CXX object lib/ObjectYAML/CMakeFiles/LLVMObjectYAML.dir/DWARFEmitter.cpp.o
[5103/6914] Building CXX object lib/ObjectYAML/CMakeFiles/LLVMObjectYAML.dir/CodeViewYAMLDebugSections.cpp.o
[5104/6914] Building CXX object lib/ObjectYAML/CMakeFiles/LLVMObjectYAML.dir/CodeViewYAMLTypes.cpp.o
[5105/6914] Building CXX object lib/ObjectYAML/CMakeFiles/LLVMObjectYAML.dir/DXContainerYAML.cpp.o
[5106/6914] Building CXX object lib/ObjectYAML/CMakeFiles/LLVMObjectYAML.dir/CodeViewYAMLSymbols.cpp.o
[5107/6914] Building CXX object lib/ObjectYAML/CMakeFiles/LLVMObjectYAML.dir/DXContainerEmitter.cpp.o
[5108/6914] Building CXX object lib/ObjectYAML/CMakeFiles/LLVMObjectYAML.dir/MachOEmitter.cpp.o
[5109/6914] Building CXX object lib/ObjectYAML/CMakeFiles/LLVMObjectYAML.dir/DWARFYAML.cpp.o
[5110/6914] Building CXX object lib/ObjectYAML/CMakeFiles/LLVMObjectYAML.dir/ObjectYAML.cpp.o
[5111/6914] Building CXX object lib/ObjectYAML/CMakeFiles/LLVMObjectYAML.dir/MachOYAML.cpp.o
[5112/6914] Building CXX object lib/ObjectYAML/CMakeFiles/LLVMObjectYAML.dir/OffloadEmitter.cpp.o
[5113/6914] Building CXX object lib/ObjectYAML/CMakeFiles/LLVMObjectYAML.dir/MinidumpEmitter.cpp.o
[5114/6914] Building CXX object lib/ObjectYAML/CMakeFiles/LLVMObjectYAML.dir/OffloadYAML.cpp.o
[5115/6914] Building CXX object lib/ObjectYAML/CMakeFiles/LLVMObjectYAML.dir/MinidumpYAML.cpp.o
[5116/6914] Building CXX object lib/ObjectYAML/CMakeFiles/LLVMObjectYAML.dir/ELFEmitter.cpp.o
[5117/6914] Building CXX object lib/ObjectYAML/CMakeFiles/LLVMObjectYAML.dir/YAML.cpp.o
[5118/6914] Building CXX object lib/ObjectYAML/CMakeFiles/LLVMObjectYAML.dir/WasmEmitter.cpp.o
[5119/6914] Building CXX object lib/ObjectYAML/CMakeFiles/LLVMObjectYAML.dir/WasmYAML.cpp.o
[5120/6914] Building CXX object lib/ObjectYAML/CMakeFiles/LLVMObjectYAML.dir/XCOFFYAML.cpp.o
[5121/6914] Linking CXX static library lib/libLLVMOrcJIT.a
[5122/6914] Linking CXX static library lib/libLLVMAArch64AsmParser.a
[5123/6914] Linking CXX static library lib/libLLVMAArch64CodeGen.a
[5124/6914] Linking CXX static library lib/libLLVMAArch64Disassembler.a
[5125/6914] Linking CXX static library lib/libLLVMAMDGPUDisassembler.a
[5126/6914] Linking CXX static library lib/libLLVMARMAsmParser.a
[5127/6914] Linking CXX static library lib/libLLVMARMDisassembler.a
[5128/6914] Linking CXX static library lib/libLLVMAVRCodeGen.a
[5129/6914] Linking CXX static library lib/libLLVMARMCodeGen.a
[5130/6914] Linking CXX static library lib/libLLVMAVRAsmParser.a
[5131/6914] Linking CXX static library lib/libLLVMAVRDisassembler.a
[5132/6914] Linking CXX static library lib/libLLVMBPFAsmParser.a
[5133/6914] Linking CXX static library lib/libLLVMBPFDisassembler.a
[5134/6914] Linking CXX static library lib/libLLVMBPFCodeGen.a
[5135/6914] Linking CXX static library lib/libLLVMHexagonDisassembler.a
[5136/6914] Linking CXX static library lib/libLLVMLanaiCodeGen.a
[5137/6914] Linking CXX static library lib/libLLVMLanaiDisassembler.a
[5138/6914] Linking CXX static library lib/libLLVMLoongArchCodeGen.a
[5139/6914] Linking CXX static library lib/libLLVMHexagonCodeGen.a
[5140/6914] Linking CXX static library lib/libLLVMLoongArchAsmParser.a
[5141/6914] Linking CXX static library lib/libLLVMLoongArchDisassembler.a
[5142/6914] Linking CXX static library lib/libLLVMMipsAsmParser.a
[5143/6914] Linking CXX static library lib/libLLVMMipsDisassembler.a
[5144/6914] Building CXX object lib/ObjectYAML/CMakeFiles/LLVMObjectYAML.dir/XCOFFEmitter.cpp.o
[5145/6914] Linking CXX static library lib/libLLVMMSP430CodeGen.a
[5146/6914] Linking CXX static library lib/libLLVMMipsCodeGen.a
[5147/6914] Linking CXX static library lib/libLLVMMSP430AsmParser.a
[5148/6914] Linking CXX static library lib/libLLVMMSP430Disassembler.a
[5149/6914] Linking CXX static library lib/libLLVMPowerPCAsmParser.a
[5150/6914] Linking CXX static library lib/libLLVMPowerPCDisassembler.a
[5151/6914] Linking CXX static library lib/libLLVMRISCVAsmParser.a
[5152/6914] Linking CXX static library lib/libLLVMRISCVDisassembler.a
[5153/6914] Linking CXX static library lib/libLLVMPowerPCCodeGen.a
[5154/6914] Linking CXX static library lib/libLLVMRISCVCodeGen.a
[5155/6914] Linking CXX static library lib/libLLVMSparcCodeGen.a
[5156/6914] Linking CXX static library lib/libLLVMSparcDisassembler.a
[5157/6914] Linking CXX static library lib/libLLVMSparcAsmParser.a
[5158/6914] Linking CXX static library lib/libLLVMSystemZDisassembler.a
[5159/6914] Linking CXX static library lib/libLLVMSystemZAsmParser.a
[5160/6914] Linking CXX static library lib/libLLVMVEAsmParser.a
[5161/6914] Linking CXX static library lib/libLLVMSystemZCodeGen.a
[5162/6914] Linking CXX static library lib/libLLVMVEDisassembler.a
[5163/6914] Linking CXX static library lib/libLLVMVECodeGen.a
[5164/6914] Linking CXX static library lib/libLLVMWebAssemblyAsmParser.a
[5165/6914] Linking CXX static library lib/libLLVMWebAssemblyDisassembler.a
[5166/6914] Linking CXX static library lib/libLLVMX86AsmParser.a
[5167/6914] Linking CXX static library lib/libLLVMWebAssemblyCodeGen.a
[5168/6914] Linking CXX static library lib/libLLVMX86Disassembler.a
[5169/6914] Linking CXX static library lib/libLLVMXCoreDisassembler.a
[5170/6914] Linking CXX static library lib/libLLVMXCoreCodeGen.a
[5171/6914] Linking CXX static library lib/libLLVMCoverage.a
[5172/6914] Linking CXX static library lib/libLLVMX86CodeGen.a
[5173/6914] Creating export file for LTO
[5174/6914] Building CXX object lib/ObjectYAML/CMakeFiles/LLVMObjectYAML.dir/ELFYAML.cpp.o
[5175/6914] Building CXX object lib/WindowsManifest/CMakeFiles/LLVMWindowsManifest.dir/WindowsManifestMerger.cpp.o
[5176/6914] Building CXX object lib/ObjectYAML/CMakeFiles/LLVMObjectYAML.dir/yaml2obj.cpp.o
[5177/6914] Building CXX object lib/ToolDrivers/llvm-lib/CMakeFiles/LLVMLibDriver.dir/LibDriver.cpp.o
[5178/6914] Building CXX object lib/ExecutionEngine/MCJIT/CMakeFiles/LLVMMCJIT.dir/MCJIT.cpp.o
[5179/6914] Building CXX object tools/clang/lib/CodeGen/CMakeFiles/obj.clangCodeGen.dir/CGCUDARuntime.cpp.o
[5180/6914] Building CXX object tools/clang/lib/CodeGen/CMakeFiles/obj.clangCodeGen.dir/CGAtomic.cpp.o
[5181/6914] Building CXX object tools/clang/lib/CodeGen/CMakeFiles/obj.clangCodeGen.dir/BackendUtil.cpp.o
[5182/6914] Building CXX object tools/clang/lib/CodeGen/CMakeFiles/obj.clangCodeGen.dir/CGBlocks.cpp.o
[5183/6914] Building CXX object tools/clang/lib/CodeGen/CMakeFiles/obj.clangCodeGen.dir/CGCUDANV.cpp.o
[5184/6914] Building CXX object tools/clang/lib/CodeGen/CMakeFiles/obj.clangCodeGen.dir/CGCXXABI.cpp.o
[5185/6914] Building CXX object tools/clang/lib/CodeGen/CMakeFiles/obj.clangCodeGen.dir/CGCXX.cpp.o
[5186/6914] Building CXX object tools/clang/lib/CodeGen/CMakeFiles/obj.clangCodeGen.dir/CGCleanup.cpp.o
[5187/6914] Building CXX object tools/clang/lib/CodeGen/CMakeFiles/obj.clangCodeGen.dir/CGClass.cpp.o
[5188/6914] Building CXX object tools/clang/lib/CodeGen/CMakeFiles/obj.clangCodeGen.dir/CGCall.cpp.o
[5189/6914] Building CXX object tools/clang/lib/CodeGen/CMakeFiles/obj.clangCodeGen.dir/CGCoroutine.cpp.o
[5190/6914] Building CXX object tools/clang/lib/CodeGen/CMakeFiles/obj.clangCodeGen.dir/CGDeclCXX.cpp.o
[5191/6914] Building CXX object tools/clang/lib/CodeGen/CMakeFiles/obj.clangCodeGen.dir/CGDecl.cpp.o
[5192/6914] Building CXX object tools/clang/lib/CodeGen/CMakeFiles/obj.clangCodeGen.dir/CGException.cpp.o
[5193/6914] Building CXX object tools/clang/lib/CodeGen/CMakeFiles/obj.clangCodeGen.dir/CGExpr.cpp.o
[5194/6914] Building CXX object tools/clang/lib/CodeGen/CMakeFiles/obj.clangCodeGen.dir/CGExprAgg.cpp.o
[5195/6914] Building CXX object tools/clang/lib/CodeGen/CMakeFiles/obj.clangCodeGen.dir/CGDebugInfo.cpp.o
[5196/6914] Building CXX object tools/clang/lib/CodeGen/CMakeFiles/obj.clangCodeGen.dir/CGExprCXX.cpp.o
[5197/6914] Building CXX object tools/clang/lib/CodeGen/CMakeFiles/obj.clangCodeGen.dir/CGExprComplex.cpp.o
[5198/6914] Building CXX object tools/clang/lib/CodeGen/CMakeFiles/obj.clangCodeGen.dir/CGBuiltin.cpp.o
[5199/6914] Building CXX object tools/clang/lib/CodeGen/CMakeFiles/obj.clangCodeGen.dir/CGLoopInfo.cpp.o
[5200/6914] Building CXX object tools/clang/lib/CodeGen/CMakeFiles/obj.clangCodeGen.dir/CGHLSLRuntime.cpp.o
[5201/6914] Building CXX object tools/clang/lib/CodeGen/CMakeFiles/obj.clangCodeGen.dir/CGGPUBuiltin.cpp.o
[5202/6914] Building CXX object tools/clang/lib/CodeGen/CMakeFiles/obj.clangCodeGen.dir/CGExprConstant.cpp.o
[5203/6914] Building CXX object tools/clang/lib/CodeGen/CMakeFiles/obj.clangCodeGen.dir/CGExprScalar.cpp.o
[5204/6914] Building CXX object tools/clang/lib/CodeGen/CMakeFiles/obj.clangCodeGen.dir/CGNonTrivialStruct.cpp.o
[5205/6914] Building CXX object tools/clang/lib/CodeGen/CMakeFiles/obj.clangCodeGen.dir/CGObjCRuntime.cpp.o
[5206/6914] Building CXX object tools/clang/lib/CodeGen/CMakeFiles/obj.clangCodeGen.dir/CGObjC.cpp.o
[5207/6914] Building CXX object tools/clang/lib/CodeGen/CMakeFiles/obj.clangCodeGen.dir/CGOpenCLRuntime.cpp.o
[5208/6914] Building CXX object tools/clang/lib/CodeGen/CMakeFiles/obj.clangCodeGen.dir/CGObjCGNU.cpp.o
[5209/6914] Building CXX object tools/clang/lib/CodeGen/CMakeFiles/obj.clangCodeGen.dir/CGObjCMac.cpp.o
[5210/6914] Building CXX object tools/clang/lib/CodeGen/CMakeFiles/obj.clangCodeGen.dir/CGRecordLayoutBuilder.cpp.o
[5211/6914] Building CXX object tools/clang/lib/CodeGen/CMakeFiles/obj.clangCodeGen.dir/CGVTT.cpp.o
[5212/6914] Building CXX object tools/clang/lib/CodeGen/CMakeFiles/obj.clangCodeGen.dir/CGOpenMPRuntimeGPU.cpp.o
[5213/6914] Building CXX object tools/clang/lib/CodeGen/CMakeFiles/obj.clangCodeGen.dir/CGStmt.cpp.o
[5214/6914] Building CXX object tools/clang/lib/CodeGen/CMakeFiles/obj.clangCodeGen.dir/CGVTables.cpp.o
[5215/6914] Building CXX object tools/clang/lib/CodeGen/CMakeFiles/obj.clangCodeGen.dir/CodeGenABITypes.cpp.o
[5216/6914] Building CXX object tools/clang/lib/CodeGen/CMakeFiles/obj.clangCodeGen.dir/CGStmtOpenMP.cpp.o
[5217/6914] Building CXX object tools/clang/lib/CodeGen/CMakeFiles/obj.clangCodeGen.dir/CGOpenMPRuntime.cpp.o
[5218/6914] Building CXX object tools/clang/lib/CodeGen/CMakeFiles/obj.clangCodeGen.dir/CodeGenFunction.cpp.o
[5219/6914] Building CXX object tools/clang/lib/CodeGen/CMakeFiles/obj.clangCodeGen.dir/CodeGenAction.cpp.o
[5220/6914] Building CXX object tools/clang/lib/CodeGen/CMakeFiles/obj.clangCodeGen.dir/CodeGenTBAA.cpp.o
[5221/6914] Building CXX object tools/clang/lib/CodeGen/CMakeFiles/obj.clangCodeGen.dir/ConstantInitBuilder.cpp.o
[5222/6914] Building CXX object tools/clang/lib/CodeGen/CMakeFiles/obj.clangCodeGen.dir/CodeGenTypes.cpp.o
[5223/6914] Building CXX object tools/clang/lib/CodeGen/CMakeFiles/obj.clangCodeGen.dir/MacroPPCallbacks.cpp.o
[5224/6914] Building CXX object tools/clang/lib/CodeGen/CMakeFiles/obj.clangCodeGen.dir/CodeGenPGO.cpp.o
[5225/6914] Building CXX object tools/clang/lib/CodeGen/CMakeFiles/obj.clangCodeGen.dir/CoverageMappingGen.cpp.o
[5226/6914] Building CXX object tools/clang/lib/CodeGen/CMakeFiles/obj.clangCodeGen.dir/ItaniumCXXABI.cpp.o
[5227/6914] Building CXX object tools/clang/lib/CodeGen/CMakeFiles/obj.clangCodeGen.dir/PatternInit.cpp.o
[5228/6914] Building CXX object tools/clang/lib/CodeGen/CMakeFiles/obj.clangCodeGen.dir/ModuleBuilder.cpp.o
[5229/6914] Building CXX object tools/clang/lib/CodeGen/CMakeFiles/obj.clangCodeGen.dir/SanitizerMetadata.cpp.o
[5230/6914] Building CXX object tools/clang/lib/CodeGen/CMakeFiles/obj.clangCodeGen.dir/MicrosoftCXXABI.cpp.o
[5231/6914] Building CXX object tools/clang/lib/CodeGen/CMakeFiles/obj.clangCodeGen.dir/CodeGenModule.cpp.o
[5232/6914] Building CXX object tools/clang/lib/CodeGen/CMakeFiles/obj.clangCodeGen.dir/VarBypassDetector.cpp.o
[5233/6914] Building CXX object tools/clang/lib/ExtractAPI/CMakeFiles/obj.clangExtractAPI.dir/APIIgnoresList.cpp.o
[5234/6914] Building CXX object tools/clang/lib/ExtractAPI/CMakeFiles/obj.clangExtractAPI.dir/AvailabilityInfo.cpp.o
[5235/6914] Building CXX object tools/clang/lib/CodeGen/CMakeFiles/obj.clangCodeGen.dir/SwiftCallingConv.cpp.o
[5236/6914] Building CXX object tools/clang/lib/ExtractAPI/CMakeFiles/obj.clangExtractAPI.dir/API.cpp.o
[5237/6914] Building CXX object tools/clang/lib/CodeGen/CMakeFiles/obj.clangCodeGen.dir/ObjectFilePCHContainerOperations.cpp.o
[5238/6914] Building CXX object tools/clang/lib/ExtractAPI/CMakeFiles/obj.clangExtractAPI.dir/Serialization/SerializerBase.cpp.o
[5239/6914] Building CXX object tools/clang/lib/ExtractAPI/CMakeFiles/obj.clangExtractAPI.dir/DeclarationFragments.cpp.o
[5240/6914] Building CXX object tools/clang/lib/ExtractAPI/CMakeFiles/obj.clangExtractAPI.dir/ExtractAPIVisitor.cpp.o
[5241/6914] Building CXX object tools/clang/lib/ExtractAPI/CMakeFiles/obj.clangExtractAPI.dir/TypedefUnderlyingTypeResolver.cpp.o
[5242/6914] Building CXX object tools/clang/lib/ExtractAPI/CMakeFiles/obj.clangExtractAPI.dir/Serialization/SymbolGraphSerializer.cpp.o
[5243/6914] Building CXX object tools/clang/lib/ARCMigrate/CMakeFiles/obj.clangARCMigrate.dir/FileRemapper.cpp.o
[5244/6914] Building CXX object tools/clang/lib/CodeGen/CMakeFiles/obj.clangCodeGen.dir/TargetInfo.cpp.o
[5245/6914] Building CXX object tools/clang/lib/ARCMigrate/CMakeFiles/obj.clangARCMigrate.dir/ARCMTActions.cpp.o
[5246/6914] Building CXX object tools/clang/lib/ARCMigrate/CMakeFiles/obj.clangARCMigrate.dir/PlistReporter.cpp.o
[5247/6914] Building CXX object tools/clang/lib/ExtractAPI/CMakeFiles/obj.clangExtractAPI.dir/ExtractAPIConsumer.cpp.o
[5248/6914] Building CXX object tools/clang/lib/ARCMigrate/CMakeFiles/obj.clangARCMigrate.dir/ARCMT.cpp.o
[5249/6914] Building CXX object tools/clang/lib/ARCMigrate/CMakeFiles/obj.clangARCMigrate.dir/TransAPIUses.cpp.o
[5250/6914] Building CXX object tools/clang/lib/ARCMigrate/CMakeFiles/obj.clangARCMigrate.dir/TransARCAssign.cpp.o
[5251/6914] Building CXX object tools/clang/lib/ARCMigrate/CMakeFiles/obj.clangARCMigrate.dir/TransEmptyStatementsAndDealloc.cpp.o
[5252/6914] Building CXX object tools/clang/lib/ARCMigrate/CMakeFiles/obj.clangARCMigrate.dir/TransGCCalls.cpp.o
[5253/6914] Building CXX object tools/clang/lib/ARCMigrate/CMakeFiles/obj.clangARCMigrate.dir/TransBlockObjCVariable.cpp.o
[5254/6914] Building CXX object tools/clang/lib/ARCMigrate/CMakeFiles/obj.clangARCMigrate.dir/TransGCAttrs.cpp.o
[5255/6914] Building CXX object tools/clang/lib/ARCMigrate/CMakeFiles/obj.clangARCMigrate.dir/TransAutoreleasePool.cpp.o
[5256/6914] Building CXX object tools/clang/lib/ARCMigrate/CMakeFiles/obj.clangARCMigrate.dir/ObjCMT.cpp.o
[5257/6914] Building CXX object tools/clang/lib/ARCMigrate/CMakeFiles/obj.clangARCMigrate.dir/TransProperties.cpp.o
[5258/6914] Building CXX object tools/clang/lib/ARCMigrate/CMakeFiles/obj.clangARCMigrate.dir/TransformActions.cpp.o
[5259/6914] Building CXX object tools/clang/lib/ARCMigrate/CMakeFiles/obj.clangARCMigrate.dir/TransZeroOutPropsInDealloc.cpp.o
[5260/6914] Building CXX object tools/clang/lib/ARCMigrate/CMakeFiles/obj.clangARCMigrate.dir/TransRetainReleaseDealloc.cpp.o
[5261/6914] Building CXX object tools/clang/lib/ARCMigrate/CMakeFiles/obj.clangARCMigrate.dir/TransUnusedInitDelegate.cpp.o
[5262/6914] Building CXX object tools/clang/lib/Frontend/Rewrite/CMakeFiles/obj.clangRewriteFrontend.dir/FixItRewriter.cpp.o
[5263/6914] Building CXX object tools/clang/lib/ARCMigrate/CMakeFiles/obj.clangARCMigrate.dir/TransProtectedScope.cpp.o
[5264/6914] Building CXX object tools/clang/lib/ARCMigrate/CMakeFiles/obj.clangARCMigrate.dir/TransUnbridgedCasts.cpp.o
[5265/6914] Building CXX object tools/clang/lib/Frontend/Rewrite/CMakeFiles/obj.clangRewriteFrontend.dir/RewriteMacros.cpp.o
[5266/6914] Building CXX object tools/clang/lib/Frontend/Rewrite/CMakeFiles/obj.clangRewriteFrontend.dir/HTMLPrint.cpp.o
[5267/6914] Building CXX object tools/clang/lib/Frontend/Rewrite/CMakeFiles/obj.clangRewriteFrontend.dir/InclusionRewriter.cpp.o
[5268/6914] Building CXX object tools/clang/lib/Frontend/Rewrite/CMakeFiles/obj.clangRewriteFrontend.dir/RewriteTest.cpp.o
[5269/6914] Building CXX object tools/clang/lib/Tooling/CMakeFiles/obj.clangTooling.dir/ArgumentsAdjusters.cpp.o
[5270/6914] Building CXX object tools/clang/lib/Tooling/CMakeFiles/obj.clangTooling.dir/AllTUsExecution.cpp.o
[5271/6914] Building CXX object tools/clang/lib/Frontend/Rewrite/CMakeFiles/obj.clangRewriteFrontend.dir/FrontendActions.cpp.o
[5272/6914] Building CXX object tools/clang/lib/Frontend/Rewrite/CMakeFiles/obj.clangRewriteFrontend.dir/RewriteModernObjC.cpp.o
[5273/6914] Building CXX object tools/clang/lib/Tooling/CMakeFiles/obj.clangTooling.dir/CommonOptionsParser.cpp.o
[5274/6914] Building CXX object tools/clang/lib/Frontend/Rewrite/CMakeFiles/obj.clangRewriteFrontend.dir/RewriteObjC.cpp.o
[5275/6914] Building CXX object tools/clang/lib/Tooling/CMakeFiles/obj.clangTooling.dir/ExpandResponseFilesCompilationDatabase.cpp.o
[5276/6914] Building CXX object tools/clang/lib/Tooling/CMakeFiles/obj.clangTooling.dir/FileMatchTrie.cpp.o
[5277/6914] Building CXX object tools/clang/lib/Tooling/CMakeFiles/obj.clangTooling.dir/Execution.cpp.o
[5278/6914] Building CXX object tools/clang/lib/Tooling/CMakeFiles/obj.clangTooling.dir/FixIt.cpp.o
[5279/6914] Building CXX object tools/clang/lib/Tooling/CMakeFiles/obj.clangTooling.dir/CompilationDatabase.cpp.o
[5280/6914] Building CXX object tools/clang/lib/Tooling/CMakeFiles/obj.clangTooling.dir/InterpolatingCompilationDatabase.cpp.o
[5281/6914] Building CXX object tools/clang/lib/Tooling/CMakeFiles/obj.clangTooling.dir/GuessTargetAndModeCompilationDatabase.cpp.o
[5282/6914] Building CXX object tools/clang/lib/Tooling/CMakeFiles/obj.clangTooling.dir/Refactoring.cpp.o
[5283/6914] Building CXX object tools/clang/lib/Tooling/CMakeFiles/obj.clangTooling.dir/JSONCompilationDatabase.cpp.o
[5284/6914] Linking CXX static library lib/libclangStaticAnalyzerCheckers.a
[5285/6914] Building CXX object tools/clang/lib/ARCMigrate/CMakeFiles/obj.clangARCMigrate.dir/Transforms.cpp.o
[5286/6914] Building CXX object tools/clang/lib/Tooling/CMakeFiles/obj.clangTooling.dir/StandaloneExecution.cpp.o
[5287/6914] Building CXX object tools/clang/lib/Tooling/CMakeFiles/obj.clangTooling.dir/RefactoringCallbacks.cpp.o
[5288/6914] Building CXX object tools/clang/lib/Tooling/CMakeFiles/obj.clangTooling.dir/NodeIntrospection.cpp.o
[5289/6914] Building CXX object tools/clang/lib/StaticAnalyzer/Frontend/CMakeFiles/obj.clangStaticAnalyzerFrontend.dir/AnalyzerHelpFlags.cpp.o
[5290/6914] Building CXX object tools/clang/lib/Tooling/CMakeFiles/obj.clangTooling.dir/Tooling.cpp.o
[5291/6914] Building CXX object tools/clang/lib/StaticAnalyzer/Frontend/CMakeFiles/obj.clangStaticAnalyzerFrontend.dir/CheckerRegistry.cpp.o
[5292/6914] Building CXX object tools/clang/lib/StaticAnalyzer/Frontend/CMakeFiles/obj.clangStaticAnalyzerFrontend.dir/ModelConsumer.cpp.o
[5293/6914] Building CXX object tools/clang/lib/StaticAnalyzer/Frontend/CMakeFiles/obj.clangStaticAnalyzerFrontend.dir/CreateCheckerManager.cpp.o
[5294/6914] Building CXX object tools/clang/tools/clang-linker-wrapper/CMakeFiles/clang-linker-wrapper.dir/OffloadWrapper.cpp.o
[5295/6914] Building CXX object tools/clang/lib/StaticAnalyzer/Frontend/CMakeFiles/obj.clangStaticAnalyzerFrontend.dir/FrontendActions.cpp.o
[5296/6914] Building CXX object tools/lld/Common/CMakeFiles/lldCommon.dir/Args.cpp.o
[5297/6914] Building CXX object tools/clang/tools/clang-offload-packager/CMakeFiles/clang-offload-packager.dir/ClangOffloadPackager.cpp.o
[5298/6914] Building CXX object tools/lld/Common/CMakeFiles/lldCommon.dir/CommonLinkerContext.cpp.o
[5299/6914] Building CXX object tools/clang/tools/clang-offload-bundler/CMakeFiles/clang-offload-bundler.dir/ClangOffloadBundler.cpp.o
[5300/6914] Building CXX object tools/lld/Common/CMakeFiles/lldCommon.dir/DWARF.cpp.o
[5301/6914] Building CXX object tools/lld/Common/CMakeFiles/lldCommon.dir/Filesystem.cpp.o
[5302/6914] Building CXX object tools/lld/Common/CMakeFiles/lldCommon.dir/Memory.cpp.o
[5303/6914] Building CXX object tools/lld/Common/CMakeFiles/lldCommon.dir/Reproduce.cpp.o
[5304/6914] Building CXX object tools/clang/lib/StaticAnalyzer/Frontend/CMakeFiles/obj.clangStaticAnalyzerFrontend.dir/AnalysisConsumer.cpp.o
[5305/6914] Building CXX object tools/lld/Common/CMakeFiles/lldCommon.dir/Strings.cpp.o
[5306/6914] Building CXX object tools/lld/Common/CMakeFiles/lldCommon.dir/TargetOptionsCommandFlags.cpp.o
[5307/6914] Building Options.inc...
[5308/6914] Building CXX object tools/lld/Common/CMakeFiles/lldCommon.dir/Version.cpp.o
[5309/6914] Building CXX object tools/lld/Common/CMakeFiles/lldCommon.dir/Timer.cpp.o
[5310/6914] Linking CXX static library lib/libMLIRAMDGPUToROCDL.a
[5311/6914] Building CXX object tools/clang/lib/StaticAnalyzer/Frontend/CMakeFiles/obj.clangStaticAnalyzerFrontend.dir/ModelInjector.cpp.o
[5312/6914] Building CXX object tools/lld/Common/CMakeFiles/lldCommon.dir/ErrorHandler.cpp.o
[5313/6914] Building CXX object tools/clang/tools/clang-linker-wrapper/CMakeFiles/clang-linker-wrapper.dir/ClangLinkerWrapper.cpp.o
[5314/6914] Building CXX object tools/mlir/lib/Conversion/ArmNeon2dToIntr/CMakeFiles/obj.MLIRArmNeon2dToIntr.dir/ArmNeon2dToIntr.cpp.o
[5315/6914] Linking CXX static library lib/libMLIRGPUToGPURuntimeTransforms.a
[5316/6914] Building CXX object tools/mlir/lib/Conversion/BufferizationToMemRef/CMakeFiles/obj.MLIRBufferizationToMemRef.dir/BufferizationToMemRef.cpp.o
[5317/6914] Building CXX object tools/mlir/lib/Bytecode/Writer/CMakeFiles/obj.MLIRBytecodeWriter.dir/BytecodeWriter.cpp.o
[5318/6914] Building CXX object tools/mlir/lib/Bytecode/Writer/CMakeFiles/obj.MLIRBytecodeWriter.dir/IRNumbering.cpp.o
[5319/6914] Building CXX object tools/mlir/lib/Conversion/ControlFlowToSPIRV/CMakeFiles/obj.MLIRControlFlowToSPIRV.dir/ControlFlowToSPIRV.cpp.o
[5320/6914] Building CXX object tools/mlir/lib/Conversion/ControlFlowToSPIRV/CMakeFiles/obj.MLIRControlFlowToSPIRV.dir/ControlFlowToSPIRVPass.cpp.o
[5321/6914] Building CXX object tools/mlir/lib/Conversion/GPUToNVVM/CMakeFiles/obj.MLIRGPUToNVVMTransforms.dir/WmmaOpsToNvvm.cpp.o
[5322/6914] Building CXX object tools/mlir/lib/Conversion/GPUToSPIRV/CMakeFiles/obj.MLIRGPUToSPIRV.dir/GPUToSPIRVPass.cpp.o
[5323/6914] Building CXX object tools/mlir/lib/Conversion/GPUToSPIRV/CMakeFiles/obj.MLIRGPUToSPIRV.dir/GPUToSPIRV.cpp.o
[5324/6914] Building CXX object tools/mlir/lib/Conversion/GPUToSPIRV/CMakeFiles/obj.MLIRGPUToSPIRV.dir/WmmaOpsToSPIRV.cpp.o
[5325/6914] Building CXX object tools/mlir/lib/Conversion/GPUToVulkan/CMakeFiles/obj.MLIRGPUToVulkanTransforms.dir/ConvertLaunchFuncToVulkanCalls.cpp.o
[5326/6914] Building CXX object tools/mlir/lib/Conversion/GPUToVulkan/CMakeFiles/obj.MLIRGPUToVulkanTransforms.dir/ConvertGPULaunchFuncToVulkanLaunchFunc.cpp.o
[5327/6914] Linking CXX static library lib/libMLIRMathToFuncs.a
[5328/6914] Building CXX object tools/mlir/lib/Conversion/GPUToNVVM/CMakeFiles/obj.MLIRGPUToNVVMTransforms.dir/LowerGpuOpsToNVVMOps.cpp.o
[5329/6914] Building CXX object tools/mlir/lib/Conversion/GPUToROCDL/CMakeFiles/obj.MLIRGPUToROCDLTransforms.dir/LowerGpuOpsToROCDLOps.cpp.o
[5330/6914] Building CXX object tools/mlir/lib/Conversion/LinalgToLLVM/CMakeFiles/obj.MLIRLinalgToLLVM.dir/LinalgToLLVM.cpp.o
[5331/6914] Building CXX object tools/mlir/lib/Conversion/IndexToLLVM/CMakeFiles/obj.MLIRIndexToLLVM.dir/IndexToLLVM.cpp.o
[5332/6914] Building CXX object tools/mlir/lib/Conversion/MathToSPIRV/CMakeFiles/obj.MLIRMathToSPIRV.dir/MathToSPIRVPass.cpp.o
[5333/6914] Building CXX object tools/mlir/lib/Conversion/LinalgToStandard/CMakeFiles/obj.MLIRLinalgToStandard.dir/LinalgToStandard.cpp.o
[5334/6914] Building CXX object tools/mlir/lib/Conversion/OpenACCToSCF/CMakeFiles/obj.MLIROpenACCToSCF.dir/OpenACCToSCF.cpp.o
[5335/6914] Linking CXX static library lib/libMLIRSCFToSPIRV.a
[5336/6914] Building CXX object tools/mlir/lib/Conversion/NVGPUToNVVM/CMakeFiles/obj.MLIRNVGPUToNVVM.dir/NVGPUToNVVM.cpp.o
[5337/6914] Building CXX object tools/mlir/lib/Conversion/MathToSPIRV/CMakeFiles/obj.MLIRMathToSPIRV.dir/MathToSPIRV.cpp.o
[5338/6914] Building CXX object tools/mlir/lib/Conversion/SCFToGPU/CMakeFiles/obj.MLIRSCFToGPU.dir/SCFToGPU.cpp.o
[5339/6914] Building CXX object tools/mlir/lib/Conversion/SCFToGPU/CMakeFiles/obj.MLIRSCFToGPU.dir/SCFToGPUPass.cpp.o
[5340/6914] Building CXX object tools/mlir/lib/Conversion/ShapeToStandard/CMakeFiles/obj.MLIRShapeToStandard.dir/ConvertShapeConstraints.cpp.o
[5341/6914] Building CXX object tools/mlir/lib/Conversion/SCFToOpenMP/CMakeFiles/obj.MLIRSCFToOpenMP.dir/SCFToOpenMP.cpp.o
[5342/6914] Building CXX object tools/mlir/lib/Conversion/SPIRVToLLVM/CMakeFiles/obj.MLIRSPIRVToLLVM.dir/SPIRVToLLVMPass.cpp.o
[5343/6914] Building CXX object tools/mlir/lib/Conversion/TensorToLinalg/CMakeFiles/obj.MLIRTensorToLinalg.dir/TensorToLinalg.cpp.o
[5344/6914] Building CXX object tools/mlir/lib/Conversion/ShapeToStandard/CMakeFiles/obj.MLIRShapeToStandard.dir/ShapeToStandard.cpp.o
[5345/6914] Building CXX object tools/mlir/lib/Conversion/SPIRVToLLVM/CMakeFiles/obj.MLIRSPIRVToLLVM.dir/ConvertLaunchFuncToLLVMCalls.cpp.o
[5346/6914] Building CXX object tools/mlir/lib/Conversion/TensorToLinalg/CMakeFiles/obj.MLIRTensorToLinalg.dir/TensorToLinalgPass.cpp.o
[5347/6914] Building CXX object tools/mlir/lib/Conversion/TensorToSPIRV/CMakeFiles/obj.MLIRTensorToSPIRV.dir/TensorToSPIRV.cpp.o
[5348/6914] Building CXX object tools/mlir/lib/Conversion/TosaToArith/CMakeFiles/obj.MLIRTosaToArith.dir/TosaToArith.cpp.o
[5349/6914] Building CXX object tools/mlir/lib/Conversion/TensorToSPIRV/CMakeFiles/obj.MLIRTensorToSPIRV.dir/TensorToSPIRVPass.cpp.o
[5350/6914] Building CXX object tools/mlir/lib/Conversion/TosaToArith/CMakeFiles/obj.MLIRTosaToArith.dir/TosaToArithPass.cpp.o
[5351/6914] Building CXX object tools/mlir/lib/Conversion/TosaToLinalg/CMakeFiles/obj.MLIRTosaToLinalg.dir/TosaToLinalgNamedPass.cpp.o
[5352/6914] Building CXX object tools/mlir/lib/Conversion/TosaToSCF/CMakeFiles/obj.MLIRTosaToSCF.dir/TosaToSCF.cpp.o
[5353/6914] Building CXX object tools/mlir/lib/Conversion/TosaToLinalg/CMakeFiles/obj.MLIRTosaToLinalg.dir/TosaToLinalgPass.cpp.o
[5354/6914] Building CXX object tools/mlir/lib/Conversion/TosaToLinalg/CMakeFiles/obj.MLIRTosaToLinalg.dir/TosaToLinalgNamed.cpp.o
[5355/6914] Building CXX object tools/mlir/lib/Conversion/SPIRVToLLVM/CMakeFiles/obj.MLIRSPIRVToLLVM.dir/SPIRVToLLVM.cpp.o
[5356/6914] Building CXX object tools/mlir/lib/Conversion/TosaToSCF/CMakeFiles/obj.MLIRTosaToSCF.dir/TosaToSCFPass.cpp.o
[5357/6914] Building CXX object tools/mlir/lib/Conversion/TosaToTensor/CMakeFiles/obj.MLIRTosaToTensor.dir/TosaToTensorPass.cpp.o
[5358/6914] Linking CXX static library lib/libMLIRDerivedAttributeOpInterface.a
[5359/6914] Linking CXX static library lib/libMLIRReduce.a
[5360/6914] Building CXX object tools/mlir/lib/Conversion/TosaToTensor/CMakeFiles/obj.MLIRTosaToTensor.dir/TosaToTensor.cpp.o
[5361/6914] Building CXX object tools/mlir/lib/Conversion/TosaToLinalg/CMakeFiles/obj.MLIRTosaToLinalg.dir/TosaToLinalg.cpp.o
[5362/6914] Building CXX object tools/mlir/lib/Target/Cpp/CMakeFiles/obj.MLIRTargetCpp.dir/TranslateRegistration.cpp.o
[5363/6914] Linking CXX static library lib/libMLIRSPIRVDeserialization.a
[5364/6914] Linking CXX static library lib/libMLIRSPIRVSerialization.a
[5365/6914] Building CXX object tools/mlir/lib/Conversion/VectorToSPIRV/CMakeFiles/obj.MLIRVectorToSPIRV.dir/VectorToSPIRVPass.cpp.o
[5366/6914] Building CXX object tools/mlir/lib/Conversion/VectorToSPIRV/CMakeFiles/obj.MLIRVectorToSPIRV.dir/VectorToSPIRV.cpp.o
[5367/6914] Linking CXX static library lib/libMLIRArmNeonToLLVMIRTranslation.a
[5368/6914] Linking CXX static library lib/libMLIRArmSVEToLLVMIRTranslation.a
[5369/6914] Linking CXX static library lib/libMLIRAMXToLLVMIRTranslation.a
[5370/6914] Linking CXX static library lib/libMLIRLLVMIRToLLVMTranslation.a
[5371/6914] Linking CXX static library lib/libMLIRNVVMToLLVMIRTranslation.a
[5372/6914] Linking CXX static library lib/libMLIROpenACCToLLVMIRTranslation.a
[5373/6914] Linking CXX static library lib/libMLIRX86VectorToLLVMIRTranslation.a
[5374/6914] Building CXX object tools/mlir/lib/Target/Cpp/CMakeFiles/obj.MLIRTargetCpp.dir/TranslateToCpp.cpp.o
[5375/6914] Creating library symlink lib/libmlir_float16_utils.so
[5376/6914] Building CXX object tools/mlir/lib/ExecutionEngine/SparseTensor/CMakeFiles/MLIRSparseTensorRuntime.dir/File.cpp.o
[5377/6914] Building CXX object tools/mlir/lib/Target/LLVMIR/CMakeFiles/obj.MLIRToLLVMIRTranslationRegistration.dir/ConvertToLLVMIR.cpp.o
[5378/6914] Building CXX object tools/mlir/lib/Conversion/VectorToGPU/CMakeFiles/obj.MLIRVectorToGPU.dir/VectorToGPU.cpp.o
[5379/6914] Building CXX object tools/mlir/lib/ExecutionEngine/SparseTensor/CMakeFiles/MLIRSparseTensorRuntime.dir/PermutationRef.cpp.o
[5380/6914] Building CXX object tools/mlir/lib/ExecutionEngine/SparseTensor/CMakeFiles/MLIRSparseTensorRuntime.dir/NNZ.cpp.o
[5381/6914] Building CXX object tools/mlir/lib/ExecutionEngine/SparseTensor/CMakeFiles/MLIRSparseTensorRuntime.dir/Storage.cpp.o
[5382/6914] Building CXX object tools/mlir/lib/Target/SPIRV/CMakeFiles/obj.MLIRSPIRVTranslateRegistration.dir/TranslateRegistration.cpp.o
[5383/6914] Building CXX object tools/mlir/lib/Target/LLVMIR/CMakeFiles/obj.MLIRFromLLVMIRTranslationRegistration.dir/ConvertFromLLVMIR.cpp.o
[5384/6914] Building CXX object tools/mlir/test/lib/Dialect/Test/CMakeFiles/MLIRTestDialect.dir/TestInterfaces.cpp.o
[5385/6914] Building CXX object tools/mlir/test/lib/Dialect/Test/CMakeFiles/MLIRTestDialect.dir/TestTraits.cpp.o
[5386/6914] Building TestTransformDialectExtension.cpp.inc...
[5387/6914] Building TestTransformDialectExtension.h.inc...
[5388/6914] Building TestTransformDialectExtensionTypes.cpp.inc...
[5389/6914] Building TestTransformDialectExtensionTypes.h.inc...
[5390/6914] Building TestPDLLPatterns.h.inc...
[5391/6914] Building TestDialectConversionPDLLPatterns.h.inc...
[5392/6914] Building CXX object tools/mlir/lib/ExecutionEngine/CMakeFiles/MLIRExecutionEngine.dir/ExecutionEngine.cpp.o
[5393/6914] Building CXX object tools/mlir/test/lib/Dialect/Test/CMakeFiles/MLIRTestDialect.dir/TestAttributes.cpp.o
[5394/6914] Building CXX object tools/mlir/test/python/lib/CMakeFiles/MLIRPythonTestDialect.dir/PythonTestDialect.cpp.o
[5395/6914] Building CXX object tools/mlir/test/lib/Dialect/Test/CMakeFiles/MLIRTestDialect.dir/TestTypes.cpp.o
[5396/6914] Building CXX object tools/mlir/test/lib/Dialect/Test/CMakeFiles/MLIRTestDialect.dir/TestPatterns.cpp.o
[5397/6914] Building CXX object tools/flang/lib/Lower/CMakeFiles/obj.FortranLower.dir/Coarray.cpp.o
[5398/6914] Building CXX object tools/flang/lib/Lower/CMakeFiles/obj.FortranLower.dir/ConvertCall.cpp.o
[5399/6914] Building CXX object tools/flang/lib/Lower/CMakeFiles/obj.FortranLower.dir/Allocatable.cpp.o
[5400/6914] Building CXX object tools/flang/lib/Lower/CMakeFiles/obj.FortranLower.dir/CallInterface.cpp.o
[5401/6914] Building CXX object tools/flang/lib/Lower/CMakeFiles/obj.FortranLower.dir/ConvertConstant.cpp.o
[5402/6914] Building CXX object tools/flang/lib/Lower/CMakeFiles/obj.FortranLower.dir/Bridge.cpp.o
[5403/6914] Building CXX object tools/flang/lib/Lower/CMakeFiles/obj.FortranLower.dir/ComponentPath.cpp.o
[5404/6914] Building CXX object tools/mlir/test/lib/Dialect/Test/CMakeFiles/MLIRTestDialect.dir/TestDialect.cpp.o
[5405/6914] Building CXX object tools/flang/lib/Lower/CMakeFiles/obj.FortranLower.dir/ConvertType.cpp.o
[5406/6914] Building CXX object tools/flang/lib/Lower/CMakeFiles/obj.FortranLower.dir/ConvertExprToHLFIR.cpp.o
[5407/6914] Building CXX object tools/flang/lib/Lower/CMakeFiles/obj.FortranLower.dir/CustomIntrinsicCall.cpp.o
[5408/6914] Building CXX object tools/flang/lib/Lower/CMakeFiles/obj.FortranLower.dir/DumpEvaluateExpr.cpp.o
[5409/6914] Building CXX object tools/flang/lib/Lower/CMakeFiles/obj.FortranLower.dir/IntrinsicCall.cpp.o
[5410/6914] Building CXX object tools/flang/lib/Lower/CMakeFiles/obj.FortranLower.dir/LoweringOptions.cpp.o
[5411/6914] Building CXX object tools/flang/lib/Lower/CMakeFiles/obj.FortranLower.dir/ConvertVariable.cpp.o
[5412/6914] Building CXX object tools/flang/lib/Lower/CMakeFiles/obj.FortranLower.dir/ConvertExpr.cpp.o
FAILED: [code=1] tools/flang/lib/Lower/CMakeFiles/obj.FortranLower.dir/ConvertExpr.cpp.o 
/home/tim911004/miniconda3/envs/cuda-quantum/bin/x86_64-conda-linux-gnu-c++ -DFLANG_INCLUDE_TESTS=1 -DFLANG_LITTLE_ENDIAN=1 -DGTEST_HAS_RTTI=0 -D_GNU_SOURCE -D__STDC_CONSTANT_MACROS -D__STDC_FORMAT_MACROS -D__STDC_LIMIT_MACROS -I/home/tim911004/.llvm-project/build/tools/flang/lib/Lower -I/home/tim911004/.llvm-project/flang/lib/Lower -I/home/tim911004/.llvm-project/flang/include -I/home/tim911004/.llvm-project/build/tools/flang/include -I/home/tim911004/.llvm-project/build/include -I/home/tim911004/.llvm-project/llvm/include -I/home/tim911004/miniconda3/envs/cuda-quantum/include -isystem /home/tim911004/.llvm-project/llvm/../mlir/include -isystem /home/tim911004/.llvm-project/build/tools/mlir/include -isystem /home/tim911004/.llvm-project/build/tools/clang/include -isystem /home/tim911004/.llvm-project/llvm/../clang/include -w -fPIC -fno-semantic-interposition -fvisibility-inlines-hidden -Werror=date-time -Wall -Wextra -Wno-unused-parameter -Wwrite-strings -Wcast-qual -Wno-missing-field-initializers -pedantic -Wno-long-long -Wimplicit-fallthrough -Wno-maybe-uninitialized -Wno-class-memaccess -Wno-redundant-move -Wno-pessimizing-move -Wno-noexcept-type -Wnon-virtual-dtor -Wdelete-non-virtual-dtor -Wsuggest-override -Wno-comment -Wno-misleading-indentation -Wctad-maybe-unsupported -fdiagnostics-color -ffunction-sections -fdata-sections -Wno-deprecated-copy -Wno-ctad-maybe-unsupported -fno-strict-aliasing -fno-semantic-interposition -O3 -DNDEBUG -std=c++17  -fno-exceptions -fno-rtti -MD -MT tools/flang/lib/Lower/CMakeFiles/obj.FortranLower.dir/ConvertExpr.cpp.o -MF tools/flang/lib/Lower/CMakeFiles/obj.FortranLower.dir/ConvertExpr.cpp.o.d -o tools/flang/lib/Lower/CMakeFiles/obj.FortranLower.dir/ConvertExpr.cpp.o -c /home/tim911004/.llvm-project/flang/lib/Lower/ConvertExpr.cpp
x86_64-conda-linux-gnu-c++: fatal error: Killed signal terminated program cc1plus
compilation terminated.
[5413/6914] Building CXX object tools/flang/lib/Lower/CMakeFiles/obj.FortranLower.dir/HostAssociations.cpp.o
[5414/6914] Building CXX object tools/flang/lib/Lower/CMakeFiles/obj.FortranLower.dir/IO.cpp.o
[5415/6914] Building CXX object tools/flang/lib/Lower/CMakeFiles/obj.FortranLower.dir/Mangler.cpp.o
[5416/6914] Building CXX object tools/flang/lib/Lower/CMakeFiles/obj.FortranLower.dir/OpenACC.cpp.o
[5417/6914] Building CXX object tools/flang/lib/Lower/CMakeFiles/obj.FortranLower.dir/IterationSpace.cpp.o
ninja: build stopped: subcommand failed.
Failed to build compiler components. Please check the files in the /home/tim911004/.llvm-project/build/logs/logs directory.
